id,name_vi,name_ru,name_en,region_name_vi,categories,lat,lon,rating_value,rating_count,rating_source,duration,ticket,hours,best_time,yandex_map,google_map,official_site,status,short_presentation
adygea-lago-naki-plateau,Cao nguyên Lago-Naki (La-gô Na-ki),плато Лаго-Наки,Lago-Naki Plateau,Cộng hoà Adygea,park_garden,44.0833,40.0,,,,"Từ nửa ngày (ngắm cảnh, đi bộ ngắn) đến trọn ngày hoặc nhiều ngày nếu trekking.",Phần nằm trong Khu bảo tồn thiên nhiên Kavkaz thu phí vào cửa từ khoảng 300 RUB/người; tour có hướng dẫn từ khoảng 1.200 RUB.,Khu vực mở quanh năm; các cung đường đi bộ trong khu bảo tồn thường mở đến khoảng tháng 11. Nên khởi hành ban ngày.,Tháng 6–9 cho đồng cỏ hoa và trekking; tháng 12–3 cho trượt tuyết.,"https://yandex.com/maps/?pt=40.0,44.0833&z=17&l=map","https://www.google.com/maps/search/?api=1&query=44.0833,40.0",,enriched,"Cao nguyên Lago-Naki là một trong những biểu tượng thiên nhiên nổi tiếng nhất của Cộng hòa Adygea, trải rộng ở độ cao khoảng 2.000 mét giữa vùng Tây Kavkaz. Nơi đây quyến rũ du khách bằng những đồng cỏ núi cao ngập hoa vào mùa hè và khung cảnh tuyết trắng huyền ảo vào mùa đông."
adygea-guam-gorge,Hẻm núi Guam (Gu-am),Гуамское ущелье,Guam Gorge,Cộng hoà Adygea,park_garden,44.236944,39.928889,,,,Khoảng 2–4 giờ tùy đi tàu hay đi bộ.,Vé tàu khoảng 500 RUB/lượt hoặc 1.000 RUB khứ hồi; đi bộ dọc hẻm vực miễn phí.,"Tàu chạy hằng ngày khoảng 8:30–18:30, nghỉ thứ Ba; du khách vẫn có thể đi bộ vào hẻm vực ngoài khung giờ tàu.",Tháng 5–10 cho cây xanh và lá thu; mùa đông có băng tuyết đẹp nhưng cần chú ý đường trơn.,"https://yandex.com/maps/?pt=39.928889,44.236944&z=17&l=map","https://www.google.com/maps/search/?api=1&query=44.236944,39.928889",https://guamka-kuban.ru,enriched,"Hẻm núi Guam là một hẻm vực ngoạn mục do sông Kurdzhips bào mòn qua hàng triệu năm, nổi tiếng với tuyến đường sắt khổ hẹp chạy men theo vách đá dựng đứng. Đây là một trong những điểm đến được yêu thích nhất ở vùng chân núi Kavkaz, ngay sát ranh giới Adygea."
adygea-rufabgo-waterfalls,Thác Rufabgo (Ru-phắp-gô),водопады Руфабго,Rufabgo Waterfalls,Cộng hoà Adygea,park_garden,44.270026,40.18793,,,,"Khoảng 1,5–2 giờ cho cung đường thác chính.","Vé tuyến có đầu tư khoảng 500 RUB/người lớn, 200 RUB/trẻ em; ngoài ra có tuyến đi bộ miễn phí dài hơn.","Mở cửa hằng ngày, khoảng 9:00–18:00 vào mùa đông và 9:00–20:00 vào mùa hè.",Tháng 5 và tháng 10 nước nhiều và đẹp nhất; mùa hè để tắm suối; giữa tháng 12–1 để ngắm thác băng.,"https://yandex.com/maps/?pt=40.18793,44.270026&z=17&l=map","https://www.google.com/maps/search/?api=1&query=44.270026,40.18793",,enriched,"Thác Rufabgo là chuỗi hơn chục thác nước lớn nhỏ nối tiếp nhau dọc theo dòng suối cùng tên, ẩn mình giữa cánh rừng rậm và những vách đá phủ rêu. Đây là một trong những điểm dạo bộ thiên nhiên được yêu thích nhất của Adygea."
adygea-khadzhokh-gorge,Hẻm vực Khadzhokh (Kha-giốc),Хаджохская теснина,Khadzhokh Gorge,Cộng hoà Adygea,park_garden,44.287661,40.174389,,,,Khoảng 40–60 phút để đi hết hẻm vực.,"Khoảng 300 RUB/người lớn, 150 RUB/trẻ em; trẻ dưới 7 tuổi miễn phí.","Mở cửa hằng ngày, thường từ khoảng 9:00 đến chiều tối (giờ đóng cửa thay đổi theo mùa).",Mùa xuân và đầu hè khi sông Belaya nhiều nước và chảy mạnh nhất; mùa thu cảnh sắc rực rỡ.,"https://yandex.com/maps/?pt=40.174389,44.287661&z=17&l=map","https://www.google.com/maps/search/?api=1&query=44.287661,40.174389",,enriched,"Hẻm vực Khadzhokh là một khe núi hẹp và sâu, nơi dòng sông Belaya cuộn chảy dữ dội giữa hai vách đá vôi dựng đứng. Dài khoảng 400 mét và sâu tới 35 mét, đây là một trong những kỳ quan địa chất ấn tượng nhất của Adygea."
adygea-bolshaya-azishskaya-cave,Hang động Bolshaya Azishskaya (Hang Azish Lớn),Большая Азишская пещера,Bolshaya Azishskaya Cave (Big Azish Cave),Cộng hoà Adygea,other,44.121432,40.02884,,,,Khoảng 30–40 phút cho một lượt tham quan.,"Khoảng 600 RUB/người lớn, 300 RUB/trẻ em; trẻ dưới 7 tuổi miễn phí.","Mở cửa hằng ngày, khoảng 9:00–18:00.",Quanh năm vì nhiệt độ trong hang ổn định; kết hợp lên Lago-Naki vào mùa hè hoặc mùa đông đều được.,"https://yandex.com/maps/?pt=40.02884,44.121432&z=17&l=map","https://www.google.com/maps/search/?api=1&query=44.121432,40.02884",,enriched,"Hang Azish Lớn (Bolshaya Azishskaya) là một trong những hang động karst đẹp và nổi tiếng nhất vùng Tây Kavkaz, nằm trên cao nguyên Lago-Naki. Hang gây ấn tượng với những khối thạch nhũ, măng đá kỳ vĩ và một dòng suối ngầm chảy trong lòng đất."
adygea-svyato-mikhailovsky-monastery-adygea,Tu viện Thánh Mikhail (Svyato-Mikhailovsky),Свято-Михайловский монастырь,Svyato-Mikhailovsky Monastery (St. Michael's Athos Monastery),Cộng hoà Adygea,church,44.290744,40.318092,,,,Khoảng 1–2 giờ.,"Vào khuôn viên miễn phí (nhận quyên góp tùy tâm); tham quan tu viện ngầm khoảng 200 RUB/người lớn, 100 RUB/trẻ em.",Khuôn viên mở cửa hằng ngày cho khách tham quan và hành hương; tour xuống hầm ngầm theo giờ và có hướng dẫn.,Quanh năm; mùa xuân đến mùa thu thời tiết dễ chịu và cảnh quan xanh tươi nhất.,"https://yandex.com/maps/?pt=40.318092,44.290744&z=17&l=map","https://www.google.com/maps/search/?api=1&query=44.290744,40.318092",http://mihailov-monastir.narod.ru/,enriched,"Tu viện Thánh Mikhail (Svyato-Mikhailovsky) là tu viện Chính thống giáo lớn và nổi tiếng nhất vùng Bắc Kavkaz, tọa lạc dưới chân núi Fiziabgo. Được các tu sĩ từ núi thánh Athos lập nên năm 1877, nơi đây thu hút cả khách hành hương lẫn du khách yêu lịch sử."
adygea-mezmay,Làng Mezmay (Mét-dơ-mai),Мезмай,Mezmay,Cộng hoà Adygea,other,44.2,39.966667,,,,Từ 1 đến vài ngày nếu dùng làm căn cứ trekking.,Miễn phí vào làng; một số điểm tham quan lân cận có thể thu phí riêng.,Là làng dân cư nên có thể ghé thăm bất kỳ lúc nào; các dịch vụ du lịch hoạt động theo mùa.,Tháng 5–10 cho trekking và cảnh xanh; mùa thu lá vàng rất đẹp.,"https://yandex.com/maps/?pt=39.966667,44.2&z=17&l=map","https://www.google.com/maps/search/?api=1&query=44.2,39.966667",,enriched,"Mezmay là một ngôi làng miền núi nhỏ nằm giữa vùng thiên nhiên hoang sơ của dãy Kavkaz, được ví như 'ốc đảo' của giới yêu trekking và nghệ sĩ. Đây là điểm xuất phát lý tưởng để khám phá hẻm núi Guam, thác nước và các vách đá nổi tiếng quanh vùng."
adygea-maykop-city,Thành phố Maykop (Mai-kốp),Майкоп,Maykop,Cộng hoà Adygea,other,44.609722,40.106111,,,,Khoảng 1 ngày để tham quan các điểm chính.,"Dạo chơi trong thành phố miễn phí; vé vào bảo tàng và một số điểm tham quan thu phí riêng, thường không đáng kể.","Là thành phố nên tham quan được quanh năm, mọi thời điểm; bảo tàng và các điểm riêng có giờ mở cửa riêng.",Tháng 5–10 thời tiết đẹp nhất; mùa xuân và mùa thu dễ chịu để dạo bộ.,"https://yandex.com/maps/?pt=40.106111,44.609722&z=17&l=map","https://www.google.com/maps/search/?api=1&query=44.609722,40.106111",,enriched,"Maykop là thủ phủ của Cộng hòa Adygea, một thành phố xanh mát và yên bình bên dòng sông Belaya dưới chân dãy Kavkaz. Thành phố nổi tiếng với sự giao thoa văn hóa Nga – Adyghe, những công viên rợp bóng cây và nhà thờ Hồi giáo lớn đầy màu sắc."
altai-krai-belokurikha-resort,Khu nghỉ dưỡng suối khoáng Belokurikha (Bêlôkurikha),Белокуриха,Belokurikha Resort,Vùng Altai,park_garden|other,51.9833,84.9833,4.7,272,Tripadvisor (núi Tserkovka),1-3 ngày (lý tưởng để nghỉ dưỡng nhiều ngày).,Vào thị trấn miễn phí. Vé cáp treo lên núi Tserkovka khoảng 500 rúp/lượt; trị liệu tại các viện điều dưỡng tính phí riêng theo gói.,"Thị trấn mở cửa tự do quanh năm; cáp treo lên núi Tserkovka thường hoạt động ban ngày (khoảng 9:00-18:00, thay đổi theo mùa và thời tiết).","Đẹp quanh năm; mùa hè (tháng 6-8) để đi bộ và cáp treo, mùa đông cho trượt tuyết và nghỉ dưỡng.","https://yandex.com/maps/?pt=84.9833,51.9833&z=17&l=map","https://www.google.com/maps/search/?api=1&query=51.9833,84.9833",,enriched,"Belokurikha là khu nghỉ dưỡng suối khoáng nổi tiếng nhất Siberia, nằm dưới chân núi Tserkovka ở vùng Altai. Nơi đây được ví như 'Thụy Sĩ của nước Nga' nhờ khí hậu ôn hòa, hơn 260 ngày nắng mỗi năm và nguồn nước khoáng radon quý hiếm."
altai-krai-barnaul-historic-center,Trung tâm lịch sử Barnaul (Barnaul),Барнаул (исторический центр),Barnaul Historic Center,Vùng Altai,square_street|monument,53.32872,83.784157,,,,1-2 giờ đi bộ tham quan; nửa ngày nếu ghép thêm bảo tàng.,"Miễn phí. Các bảo tàng lân cận (Bảo tàng Mỹ thuật, Bảo tàng địa phương Altai) thu vé riêng.","Không gian công cộng ngoài trời, tham quan tự do mọi lúc; đẹp nhất vào ban ngày và buổi tối khi lên đèn.",Tháng 5-9 khi thời tiết ấm; buổi chiều tối mùa hè rất dễ chịu để tản bộ.,"https://yandex.com/maps/?pt=83.784157,53.32872&z=17&l=map","https://www.google.com/maps/search/?api=1&query=53.32872,83.784157",,enriched,"Trung tâm lịch sử Barnaul, với Quảng trường Demidov và đại lộ Lenin, là trái tim cổ kính của thủ phủ vùng Altai. Quần thể kiến trúc tân cổ điển thế kỷ 19 nơi đây từng được ví như 'một góc Sankt-Peterburg' giữa lòng Siberia."
altai-krai-denisova-cave,Hang Denisova (Denisova),Денисова пещера,Denisova Cave,Vùng Altai,other,51.397329,84.676544,4.5,79,2GIS,1-2 giờ tại hang; cả ngày nếu tính đường di chuyển.,Tham quan hang miễn phí; một số tour hướng dẫn hoặc khu cắm trại gần đó có thể thu phí riêng.,"Hang mở tự do ngoài trời, nên tham quan vào ban ngày; đường vào xa và hoang sơ.","Tháng 5 đến tháng 9, khi đường khô ráo và thời tiết thuận lợi.","https://yandex.com/maps/?pt=84.676544,51.397329&z=17&l=map","https://www.google.com/maps/search/?api=1&query=51.397329,84.676544",,enriched,"Hang Denisova ở thung lũng sông Anuy là một trong những di chỉ khảo cổ quan trọng nhất thế giới. Chính tại đây, các nhà khoa học đã phát hiện 'người Denisova' - một nhánh người cổ hoàn toàn mới trong lịch sử tiến hóa loài người."
altai-krai-srostki-shukshin-museum,"Bảo tàng - Khu bảo tồn Shukshin ở làng Srostki (Srostki, Shukshin)",Всероссийский музей-заповедник В. М. Шукшина (Сростки),"Shukshin Museum-Reserve, Srostki",Vùng Altai,museum|monument,52.415629,85.70164,4.9,296,2GIS,2-3 giờ để thăm cả ba khu và đồi Piket.,"Vé vào khoảng 150 rúp/người lớn, ưu đãi 60-100 rúp; trẻ dưới 7 tuổi miễn phí; tour hướng dẫn 50-300 rúp.",Mở cửa 9:00-18:00 (tháng 5-9) và 9:00-17:00 (tháng 10-4); Nhà-điền trang của mẹ Shukshin nghỉ thứ Hai và thứ Ba.,"Mùa hè, đặc biệt cuối tháng 7 dịp lễ hội 'Những bài đọc Shukshin' (Shukshinskie chteniya).","https://yandex.com/maps/?pt=85.70164,52.415629&z=17&l=map","https://www.google.com/maps/search/?api=1&query=52.415629,85.70164",https://shukshin-museum.ru/,enriched,"Làng Srostki là quê hương của Vasily Shukshin - nhà văn, đạo diễn và diễn viên huyền thoại của nước Nga. Bảo tàng - khu bảo tồn mang tên ông tái hiện sống động cuộc đời và di sản của người nghệ sĩ tài hoa này."
altai-krai-kolyvan-lake,Hồ Kolyvanskoye (Kolyvanskoye / Savvushka),Колыванское озеро,Kolyvanskoye Lake,Vùng Altai,park_garden,51.363889,82.191667,3.6,7,Tripadvisor,Nửa ngày đến 1 ngày; hoặc nghỉ qua đêm nếu cắm trại.,"Vào hồ miễn phí; các khu nghỉ (turbaza) quanh hồ thu phí gửi xe, cắm trại hoặc lưu trú riêng.","Hồ tự nhiên, tham quan tự do quanh năm; các bãi tắm sôi động nhất vào mùa hè.","Tháng 6 đến tháng 8, khi nước đủ ấm để tắm.","https://yandex.com/maps/?pt=82.191667,51.363889&z=17&l=map","https://www.google.com/maps/search/?api=1&query=51.363889,82.191667",,enriched,Hồ Kolyvanskoye (hay hồ Savvushka) nổi tiếng với những khối đá granit bị phong hóa thành hình thù kỳ lạ vây quanh mặt nước trong xanh. Cảnh quan độc đáo khiến nơi đây được ví như một 'tấm gương khổng lồ' lồng trong khung đá thiên nhiên.
altai-krai-lake-yarovoye,Hồ nước mặn Bolshoye Yarovoye (Bolshoye Yarovoye),Озеро Большое Яровое,Lake Bolshoye Yarovoye,Vùng Altai,park_garden,52.870278,78.6125,3.5,104,Tripadvisor,1 ngày để tắm và trị liệu; 2-3 ngày nếu nghỉ dưỡng.,"Xuống hồ miễn phí; bãi tắm trang bị đầy đủ, công viên nước và dịch vụ trị liệu bùn thu phí riêng.",Hồ và bãi công cộng mở tự do; các bãi tắm dịch vụ và công viên nước hoạt động ban ngày đến tối trong mùa hè.,"Tháng 6 đến tháng 8, cao điểm là tháng 7 khi nước ấm và lễ hội bãi biển sôi động nhất.","https://yandex.com/maps/?pt=78.6125,52.870278&z=17&l=map","https://www.google.com/maps/search/?api=1&query=52.870278,78.6125",,enriched,"Hồ Bolshoye Yarovoye là hồ nước mặn lớn nhất vùng Altai, mặn tới mức du khách có thể nổi bồng bềnh như trên Biển Chết. Nước khoáng và bùn đen chữa bệnh biến nơi đây thành khu nghỉ dưỡng - tắm 'biển' sôi động bậc nhất Siberia."
altai-krai-biysk-local-lore-museum,"Bảo tàng Địa phương học Biysk mang tên V. V. Bianki (Biysk, Bianki)",Бийский краеведческий музей имени В. В. Бианки,Biysk Museum of Local Lore named after V.V. Bianki,Vùng Altai,museum,52.539022,85.223027,4.8,377,2GIS,1-2 giờ mỗi khu; khoảng nửa ngày nếu thăm cả hai cơ sở.,"Có thu phí; vé bán tại quầy hoặc trực tuyến qua vmuzey.com, giá thay đổi theo từng khu trưng bày.",Mở cửa 10:00-17:00 từ thứ Tư đến Chủ nhật; nghỉ thứ Hai và thứ Ba.,Quanh năm; thuận tiện ghép vào hành trình trước khi đi Chuysky Trakt hoặc lên núi Altai.,"https://yandex.com/maps/?pt=85.223027,52.539022&z=17&l=map","https://www.google.com/maps/search/?api=1&query=52.539022,85.223027",https://biyskmuseum.ru/,enriched,"Bảo tàng Địa phương học Biysk mang tên nhà tự nhiên học V. V. Bianki là bảo tàng lâu đời và phong phú bậc nhất vùng Altai. Nơi đây kể trọn câu chuyện về thiên nhiên, lịch sử và con đường huyền thoại Chuysky Trakt."
altai-republic-lake-teletskoye,Hồ Teletskoye,Телецкое озеро,Lake Teletskoye,Cộng hoà Altai,park_garden,51.52917,87.71472,4.6,130,Tripadvisor,Nửa ngày cho một chuyến thuyền cơ bản; trọn ngày nếu muốn đi xa tới nam hồ.,"Ngắm hồ miễn phí; tour thuyền máy tính phí, thường khoảng 1.000–2.500 RUB/người tùy hành trình và số điểm thác.",Hồ mở tự do quanh năm; các tour thuyền chủ yếu hoạt động từ tháng 5 đến tháng 10.,"Tháng 6 đến tháng 9, khi thời tiết ấm và ổn định nhất.","https://yandex.com/maps/?pt=87.71472,51.52917&z=17&l=map","https://www.google.com/maps/search/?api=1&query=51.52917,87.71472",,enriched,"Hồ Teletskoye, người Altai gọi là Altyn-Köl (Hồ Vàng), là một trong những hồ nước ngọt sâu và đẹp nhất nước Nga. Nằm giữa những dãy núi taiga rậm rạp, mặt hồ dài gần 80 km như một dải lụa xanh thẳm ôm lấy các thác nước và vịnh nhỏ hoang sơ."
altai-republic-katu-yaryk-pass,Đèo Katu-Yaryk,Перевал Кату-Ярык,Katu-Yaryk Pass,Cộng hoà Altai,park_garden,50.9088,88.2212,5.0,73,Tripadvisor,Khoảng 30–60 phút để ngắm cảnh trên đỉnh; trọn ngày nếu đổ đèo xuống khám phá thung lũng Chulyshman.,Miễn phí.,Đường mở tự do quanh năm nhưng thực tế chỉ nên đi vào mùa khô; đèo có thể đóng tạm khi sạt lở sau mưa.,"Từ tháng 6 đến tháng 9, khi đường khô ráo.","https://yandex.com/maps/?pt=88.2212,50.9088&z=17&l=map","https://www.google.com/maps/search/?api=1&query=50.9088,88.2212",,enriched,"Đèo Katu-Yaryk là con đường đèo ngoạn mục và đầy thử thách dẫn xuống thung lũng sông Chulyshman. Chỉ dài 3,5 km nhưng đổ dốc gần 800 mét qua chín khúc cua tay áo dựng đứng, đây được xem là một trong những cung đường hiểm trở và đẹp nhất vùng Altai."
altai-republic-multinskiye-lakes,Cụm hồ Multinskiye,Мультинские озёра,Multinskiye Lakes,Cộng hoà Altai,park_garden,49.999259,85.830765,4.9,31,Tripadvisor,Một ngày dài cho hồ Hạ; 2–4 ngày nếu trekking và cắm trại tới hồ Trung và hồ Thượng.,"Ngắm hồ Hạ và hồ Trung cơ bản không mất vé, nhưng phải trả phí xe việt dã đưa đón (thường khoảng 1.500–2.000 RUB) và phí vào vùng sinh thái của khu dự trữ Katunsky; mức phí cụ thể nên hỏi tại chỗ.","Tiếp cận theo mùa (chủ yếu tháng 6–9); khu vực hồ Thượng nằm trong khu bảo tồn, cần xin phép/đăng ký với kiểm lâm.","Tháng 7 đến tháng 9, khi đường mòn khô và hoa cỏ núi nở rộ.","https://yandex.com/maps/?pt=85.830765,49.999259&z=17&l=map","https://www.google.com/maps/search/?api=1&query=49.999259,85.830765",,enriched,"Cụm hồ Multinskiye là chuỗi hồ băng hà xanh biếc nối tiếp nhau trên thượng nguồn sông Multa, giữa dãy Katunsky hùng vĩ. Được ví như 'chuỗi ngọc của Altai', nơi đây quyến rũ dân trekking bằng làn nước trong vắt phản chiếu núi tuyết và rừng tuyết tùng cổ thụ."
altai-republic-mount-belukha,Núi Belukha,Гора Белуха,Mount Belukha,Cộng hoà Altai,park_garden,49.8075,86.59,4.9,52,Tripadvisor,5–10 ngày cho chuyến trekking tới hồ Akkem và quanh núi; có tùy chọn bay trực thăng để rút ngắn.,"Ngắm núi miễn phí; cần giấy phép vùng biên (khách nước ngoài xin trước qua cơ quan biên phòng FSB), chi phí hướng dẫn viên và tour leo núi tính riêng.","Không có giờ mở cửa; là hành trình dã ngoại/leo núi nhiều ngày, khả thi chủ yếu vào mùa hè.","Tháng 7 đến đầu tháng 9, thời tiết ổn định nhất cho trekking và leo núi.","https://yandex.com/maps/?pt=86.59,49.8075&z=17&l=map","https://www.google.com/maps/search/?api=1&query=49.8075,86.59",,enriched,"Belukha là đỉnh núi cao nhất Siberia (4.509 m), sừng sững trên biên giới Nga - Kazakhstan với hai chóp tuyết song sinh. Được người Altai tôn kính như ngọn núi thiêng, Belukha là biểu tượng và giấc mơ chinh phục của giới leo núi khắp nước Nga."
altai-republic-chemal-patmos-island,Đảo Patmos (Chemal),Остров Патмос (Чемал),Patmos Island (Chemal),Cộng hoà Altai,church,51.398606,86.000556,4.6,217,Tripadvisor,Khoảng 1 giờ; nửa ngày nếu đi thêm 'lối mòn dê' và nhà máy thủy điện Chemal.,Miễn phí (khuyến khích quyên góp tùy tâm).,"Đảo mở tự do, chủ yếu tham quan vào ban ngày; giờ lễ ở nhà thờ thay đổi theo lịch.",Tháng 5 đến tháng 9; mùa đông cầu trơn băng nên hạn chế.,"https://yandex.com/maps/?pt=86.000556,51.398606&z=17&l=map","https://www.google.com/maps/search/?api=1&query=51.398606,86.000556",,enriched,"Đảo Patmos là một mỏm đá nhỏ nhô lên giữa dòng Katun cuộn xanh, trên đỉnh là ngôi nhà thờ gỗ Thánh Gioan Thần học. Nối với bờ bằng cây cầu treo lắc lư, hòn đảo tí hon này là biểu tượng tâm linh và điểm check-in nổi tiếng nhất của làng Chemal."
altai-republic-blue-geyser-lake,Hồ Geyser (Hồ Mạch Nước Xanh),Гейзерное озеро,Geyser Lake (Blue Geyser Lake),Cộng hoà Altai,park_garden,50.290252,87.673044,4.7,82,Tripadvisor,Khoảng 30–60 phút.,Khoảng 100 RUB cho lối đi sinh thái qua cơ sở du lịch địa phương.,Tham quan ban ngày; có thể ghé quanh năm vì hồ không đóng băng hoàn toàn.,"Quanh năm; đẹp nhất vào mùa hè và mùa thu lá vàng, nên đi buổi sáng khi mặt nước lặng.","https://yandex.com/maps/?pt=87.673044,50.290252&z=17&l=map","https://www.google.com/maps/search/?api=1&query=50.290252,87.673044",,enriched,"Hồ Geyser là một hồ nhỏ nhưng kỳ ảo gần làng Aktash, nổi tiếng với làn nước xanh lam và những vòng tròn đồng tâm đổi hình liên tục dưới đáy. Các mạch nước ngầm đẩy lớp bùn sét xanh xám lên, vẽ nên những hoa văn tự nhiên như tranh trừu tượng."
altai-republic-kalbak-tash-petroglyphs,Bãi đá khắc cổ Kalbak-Tash,Калбак-Таш,Kalbak-Tash Petroglyphs,Cộng hoà Altai,monument,50.40102,86.81821,4.8,6,Tripadvisor,Khoảng 1 giờ.,Vé vào khoảng 200 RUB; thuê hướng dẫn viên thêm khoảng 250 RUB.,Khoảng 8:00–21:00 trong mùa tham quan (chủ yếu tháng 5–10).,Tháng 5 đến tháng 9; sáng sớm hoặc chiều muộn khi ánh nắng xiên làm hình khắc hiện rõ.,"https://yandex.com/maps/?pt=86.81821,50.40102&z=17&l=map","https://www.google.com/maps/search/?api=1&query=50.40102,86.81821",,enriched,"Kalbak-Tash là một trong những quần thể tranh khắc đá (petroglyph) lớn nhất vùng Altai, với hàng nghìn hình khắc trải dài nhiều thiên niên kỷ. Trên những phiến đá bên đường Chuysky Trakt, người xưa để lại hình thú, thợ săn, chiến binh và cả chữ Turk cổ."
altai-republic-aya-lake,Hồ Aya,Айское озеро (Озеро Ая),Lake Aya,Cộng hoà Altai,park_garden,51.904794,85.853738,4.0,81,Tripadvisor,Nửa ngày để tắm và dạo quanh hồ.,"Vào các khu bãi tắm/công viên thường mất phí (khoảng vài trăm RUB tùy khu), vẫn có một số điểm tiếp cận miễn phí nhưng không tiện nghi; mức giá thay đổi theo mùa, nên hỏi tại chỗ.",Các khu bãi tắm hoạt động theo mùa (chủ yếu mùa hè); công viên tự nhiên mở ban ngày.,"Tháng 7 và tháng 8, khi nước ấm nhất để bơi.","https://yandex.com/maps/?pt=85.853738,51.904794&z=17&l=map","https://www.google.com/maps/search/?api=1&query=51.904794,85.853738",,enriched,"Hồ Aya là một hồ nhỏ nước ấm hiếm hoi ở vùng Altai, nơi du khách có thể thoải mái bơi lội giữa mùa hè. Nằm bên tả ngạn sông Katun gần Gorno-Altaysk, hồ là khu nghỉ dưỡng và tắm mát nổi tiếng với bãi biển và 'chòi Tình Yêu' giữa hồ."
amur-blagoveshchensk-embankment,Bờ kè sông Amur (Naberezhnaya Blagoveshchenska),Набережная Благовещенска,Amur River Embankment,Tỉnh Amur,square_street|park_garden,50.257301,127.53471,4.6,240,Tripadvisor,"Khoảng 1–2 giờ đi dạo, có thể lâu hơn nếu ghé các tượng đài và quán ven bờ.",Miễn phí.,"Mở cửa tự do 24/7, cả bốn mùa.",Buổi chiều tối mùa hè để ngắm hoàng hôn và đèn đêm bên bờ Trung Quốc; mùa đông có thể đi bộ trên sông Amur đóng băng.,"https://yandex.com/maps/?pt=127.53471,50.257301&z=17&l=map","https://www.google.com/maps/search/?api=1&query=50.257301,127.53471",,enriched,Bờ kè sông Amur là biểu tượng và không gian dạo chơi được yêu thích nhất của Blagoveshchensk. Điều làm nên sự độc đáo là vị trí ngay sát biên giới: chỉ cách khoảng 750 mét qua dòng sông là thành phố Hắc Hà của Trung Quốc. Đây là một trong số ít nơi trên thế giới hai thành phố của hai quốc gia nhìn thẳng vào nhau qua một dòng sông.
amur-vostochny-cosmodrome,Sân bay vũ trụ Vostochny (Kosmodrom Vostochny),Космодром Восточный,Vostochny Cosmodrome,Tỉnh Amur,other,51.884553,128.334778,,,,Tour tham quan thường kéo dài nửa ngày đến trọn ngày; các tour trọn gói từ Blagoveshchensk hoặc Khabarovsk có thể 1–3 ngày.,Không bán vé lẻ tại chỗ; tham quan qua công ty du lịch với chi phí tùy chương trình (thường từ vài nghìn đến hàng chục nghìn rúp cho tour trọn gói).,Không mở cửa tự do; chỉ vào được theo tour có tổ chức và phải đăng ký trước.,Mùa hè (tháng 6–9) thời tiết thuận lợi nhất; lý tưởng nếu trùng lịch một vụ phóng được công bố trước.,"https://yandex.com/maps/?pt=128.334778,51.884553&z=17&l=map","https://www.google.com/maps/search/?api=1&query=51.884553,128.334778",https://www.roscosmos.ru,enriched,"Vostochny là sân bay vũ trụ dân sự mới nhất của nước Nga, được xây dựng để giảm phụ thuộc vào Baikonur ở Kazakhstan. Nằm giữa vùng rừng taiga Viễn Đông, tổ hợp phóng hiện đại này đã đưa vệ tinh và tàu vũ trụ lên quỹ đạo từ năm 2016. Đây là một trong những công trình hạ tầng tham vọng nhất của nước Nga đương đại."
amur-triumphal-arch-blagoveshchensk,Khải Hoàn Môn Blagoveshchensk (Triumfalnaya Arka),Триумфальная арка (Благовещенск),Triumphal Arch (Blagoveshchensk),Tỉnh Amur,monument,50.256763,127.52156,4.8,78,Tripadvisor,Khoảng 15–30 phút.,Miễn phí.,"Là công trình ngoài trời trên bờ kè, tham quan tự do mọi lúc.","Buổi tối khi cổng chào được chiếu sáng, kết hợp dạo bờ kè lúc hoàng hôn.","https://yandex.com/maps/?pt=127.52156,50.256763&z=17&l=map","https://www.google.com/maps/search/?api=1&query=50.256763,127.52156",,enriched,"Khải Hoàn Môn là một trong những biểu tượng kiến trúc đẹp nhất của Blagoveshchensk, đứng uy nghi ngay trên bờ kè sông Amur. Công trình nguyên bản được dựng năm 1891 để chào đón Hoàng thái tử Nikolai – vị Sa hoàng tương lai Nikolai II. Sau khi bị phá hủy dưới thời Xô Viết, cổng chào được phục dựng vào các năm 2003–2005."
amur-kundur-dinosaur-site,Địa điểm hóa thạch khủng long Kundur (Kundurskoye mestonakhozhdeniye dinozavrov),Кундурское местонахождение динозавров,Kundur dinosaur locality,Tỉnh Amur,park_garden,49.106762,130.830846,,,,Khoảng 30–60 phút tại điểm khai quật.,Miễn phí (không có cổng bán vé tại chỗ).,"Địa điểm ngoài trời, có thể ghé thăm tự do; hoạt động khai quật chủ yếu vào mùa hè.","Mùa hè (tháng 6–8), khô ráo và có thể trùng mùa khai quật của các nhà khoa học.","https://yandex.com/maps/?pt=130.830846,49.106762&z=17&l=map","https://www.google.com/maps/search/?api=1&query=49.106762,130.830846",,enriched,"Kundur là một trong những mỏ hóa thạch khủng long quan trọng nhất nước Nga, nằm ven quốc lộ nối Chita và Khabarovsk. Tại đây, các nhà cổ sinh vật học đã phát hiện nhiều bộ xương khủng long thời kỳ cuối kỷ Phấn Trắng, nổi tiếng nhất là loài Olorotitan arharensis. Địa điểm được công nhận là di tích thiên nhiên của tỉnh Amur."
amur-norsky-reserve,Khu bảo tồn thiên nhiên Norsky (Norskiy zapovednik),Норский заповедник,Norsky Nature Reserve,Tỉnh Amur,park_garden,52.50111,130.2925,,,,Tour đi thuyền hoặc chương trình sinh thái thường kéo dài từ vài giờ đến vài ngày.,Không bán vé tham quan đại trà; chi phí tùy theo tour hoặc giấy phép được sắp xếp riêng.,Không mở cửa tự do; vào khu bảo tồn phải xin phép trước qua ban quản lý (văn phòng tại Fevralsk).,Tháng Chín để chứng kiến mùa di cư của hoẵng; mùa hè thuận lợi cho các chuyến thuyền quan sát chim.,"https://yandex.com/maps/?pt=130.2925,52.50111&z=17&l=map","https://www.google.com/maps/search/?api=1&query=52.50111,130.2925",,enriched,"Norsky là khu bảo tồn thiên nhiên nghiêm ngặt (zapovednik) rộng lớn ở phía bắc tỉnh Amur, thành lập năm 1998. Nơi đây nổi tiếng với đàn hoẵng Siberia di cư lớn nhất thế giới, mỗi tháng Chín có tới 5.000–7.000 con vượt sông. Đây là thiên đường hoang dã dành cho thú lớn và các loài chim nước."
amur-albazino-fortress-site,Pháo đài Albazin (Albazinskiy ostrog),Албазинский острог,Albazino Fort (Albazinsky Ostrog),Tỉnh Amur,fortress|museum,53.39056,124.0775,,,,Khoảng 1–2 giờ cho cả di tích và bảo tàng.,Khu lũy đất ngoài trời miễn phí; vé vào bảo tàng có mức phí nhỏ (nên hỏi tại chỗ).,"Khu di tích ngoài trời (lũy đất) có thể tham quan tự do; bảo tàng địa phương mở cửa giới hạn trong tuần, nên hỏi trước giờ mở cửa.",Cuối xuân đến đầu thu (tháng 5–9) khi đường sá thuận lợi và thời tiết dễ chịu.,"https://yandex.com/maps/?pt=124.0775,53.39056&z=17&l=map","https://www.google.com/maps/search/?api=1&query=53.39056,124.0775",https://museumamur.org,enriched,"Albazin là pháo đài Cossack đầu tiên của người Nga trên sông Amur, được lập năm 1651. Đây là nơi diễn ra những cuộc vây hãm khốc liệt giữa quân Cossack và nhà Thanh vào các năm 1685–1686, trước khi bị bỏ hoang theo Hiệp ước Nerchinsk năm 1689. Ngày nay, di tích còn lại các lũy đất và một bảo tàng lịch sử địa phương."
arkhangelsk-solovetsky-monastery,Tu viện và Quần đảo Solovetsky (Solovetsky monastyr),Соловецкий монастырь,Solovetsky Monastery,Tỉnh Arkhangelsk,church|fortress,65.02444,35.71056,4.7,178,Tripadvisor,Nên dành tối thiểu 2-3 ngày cho cả quần đảo; riêng tham quan tu viện khoảng 2-3 giờ.,Vào khuôn viên tu viện thường miễn phí; các tour hướng dẫn và vé bảo tàng thu phí riêng. Chi phí lớn nhất thường là vé tàu hoặc máy bay ra đảo.,Đảo mở quanh năm; khuôn viên tu viện có thể vào tham quan ban ngày. Các tour do bảo tàng - khu bảo tồn tổ chức theo khung giờ cố định. Mùa du lịch chính là tháng 6 đến tháng 9.,"Từ giữa tháng 6 đến tháng 8, khi Biển Trắng ấm hơn, có 'đêm trắng' và tàu chạy đều đặn.","https://yandex.com/maps/?pt=35.71056,65.02444&z=17&l=map","https://www.google.com/maps/search/?api=1&query=65.02444,35.71056",http://www.solovki-monastyr.ru/,enriched,"Nằm giữa Biển Trắng lạnh giá, Tu viện Solovetsky là pháo đài tu viện nổi tiếng bậc nhất miền Bắc nước Nga, được UNESCO công nhận Di sản Thế giới năm 1992. Quần thể vừa là thánh địa Chính thống giáo hơn 500 năm tuổi, vừa là nơi ghi dấu bi kịch trại giam thời Xô Viết."
arkhangelsk-malye-korely,Bảo tàng Kiến trúc Gỗ Malye Korely (Malye Korely),Малые Корелы,Malye Korely Museum of Wooden Architecture,Tỉnh Arkhangelsk,museum|church,64.45444,40.93833,4.8,2000,Google,Khoảng 3-4 giờ; muốn đi hết bốn khu nên dành nửa ngày đến trọn ngày.,"Có bán vé vào cửa với mức phí phải chăng (khoảng vài trăm rúp cho người lớn); giá thay đổi theo mùa và các chương trình sự kiện, một số đối tượng được ưu tiên.","Mở cửa hằng ngày, thường khoảng 10:00-20:00 (giờ mùa đông có thể ngắn hơn). Nên kiểm tra lịch trước khi đi vì có ngày vệ sinh định kỳ.",Cuối tháng 12 đến tháng 2 để trải nghiệm không khí Giáng sinh và trượt tuyết; hoặc tháng 6-9 khi thời tiết dễ chịu.,"https://yandex.com/maps/?pt=40.93833,64.45444&z=17&l=map","https://www.google.com/maps/search/?api=1&query=64.45444,40.93833",https://korely.ru,enriched,"Cách Arkhangelsk chừng 25 km, Malye Korely là bảo tàng ngoài trời về kiến trúc gỗ miền Bắc nước Nga, rộng 140 ha bên bờ sông Bắc Dvina. Hơn 100 công trình gỗ - từ nhà thờ, tháp chuông đến cối xay gió và nhà nông dân - được sưu tầm và dựng lại tại đây."
arkhangelsk-arkhangelsk-embankment,Thành phố Arkhangelsk và bờ kè sông Bắc Dvina (Naberezhnaya Severnoy Dviny),"Набережная Северной Двины, Архангельск",Arkhangelsk and the Northern Dvina Embankment,Tỉnh Arkhangelsk,square_street|monument,64.534,40.5228,4.4,96,Tripadvisor,"Khoảng 1-2 giờ dạo bộ, có thể lâu hơn nếu ghé các bảo tàng lân cận.",Miễn phí.,"Không gian công cộng ngoài trời, mở cửa tự do suốt cả ngày, quanh năm.",Tháng 6-8 với 'đêm trắng' và thời tiết dễ chịu; hoàng hôn là thời điểm đẹp nhất.,"https://yandex.com/maps/?pt=40.5228,64.534&z=17&l=map","https://www.google.com/maps/search/?api=1&query=64.534,40.5228",,enriched,"Arkhangelsk là hải cảng lớn đầu tiên của nước Nga, 'cửa ngõ ra Bắc Cực' bên cửa sông Bắc Dvina đổ vào Biển Trắng. Trái tim thành phố là con đường dạo bộ ven sông dài nhiều cây số, nơi tập trung tượng đài, công trình lịch sử và những khung cảnh hoàng hôn tuyệt đẹp."
arkhangelsk-kargopol,Thị trấn cổ Kargopol (Kargopol),Каргополь,Kargopol,Tỉnh Arkhangelsk,church|museum|monument,61.5036,38.9486,,,,Khoảng nửa ngày đến trọn một ngày.,"Dạo phố miễn phí; vé vào từng nhà thờ - khu trưng bày của bảo tàng thu phí riêng, thường vài trăm rúp.","Thị trấn tham quan tự do; các nhà thờ - bảo tàng thuộc Bảo tàng Kargopol thường mở khoảng 9:00/10:00-17:00/18:00, có thể nghỉ một số ngày trong tuần.",Mùa hè (tháng 6-8) thời tiết thuận lợi; có thể kết hợp lễ hội chuông truyền thống nếu trùng dịp.,"https://yandex.com/maps/?pt=38.9486,61.5036&z=17&l=map","https://www.google.com/maps/search/?api=1&query=61.5036,38.9486",,enriched,"Kargopol là thị trấn cổ bên bờ sông Onega, được nhắc đến lần đầu năm 1146 và nay là một 'Thành phố Lịch sử' của nước Nga. Nơi đây nổi tiếng với những nhà thờ bằng đá trắng thế kỷ 16-18 và nghề nặn đồ chơi đất nung truyền thống."
arkhangelsk-kenozero-national-park,Vườn quốc gia Kenozero (Kenozersky natsionalny park),Кенозерский национальный парк,Kenozero National Park,Tỉnh Arkhangelsk,park_garden|church,62.0775,38.19417,,,,Lý tưởng là 2-4 ngày; có thể tham quan ngắn trong ngày nếu ở gần.,"Cần mua giấy phép/vé tham quan vào vườn quốc gia; các tour đi thuyền, lưu trú và trải nghiệm tính phí riêng. Nên liên hệ ban quản lý để biết mức phí hiện hành.",Vườn mở quanh năm; có các trung tâm đón khách ở Vershinino (khu Plesetsk) và Morshchikhinskaya (khu Kargopol). Cần đăng ký trước khi vào vùng bảo tồn.,Tháng 6-9 cho hoạt động đi thuyền và đi bộ; cuối đông cho cảnh tuyết và trượt tuyết.,"https://yandex.com/maps/?pt=38.19417,62.0775&z=17&l=map","https://www.google.com/maps/search/?api=1&query=62.0775,38.19417",https://www.kenozero.ru/en,enriched,"Vườn quốc gia Kenozero là vùng hồ - rừng taiga hoang sơ ở miền Bắc nước Nga, nơi lưu giữ hàng chục nhà thờ và nhà nguyện gỗ cổ. Cảnh quan văn hóa độc đáo này đã được UNESCO công nhận Di sản Thế giới năm 2024."
arkhangelsk-golubino-pinega-caves,"Hang động Pinega và khu Golubino (Pinezhskiye peshchery, Golubino)",Пинежские пещеры (Голубино),Pinega Caves / Golubino,Tỉnh Arkhangelsk,park_garden|other,64.5411,43.2836,,,,Tour hang khoảng 1-2 giờ; nên lưu trú tại Golubino 1-2 đêm để kết hợp các hoạt động khác.,Tour thám hiểm hang có thu phí (theo chương trình của Golubino); mức giá tùy loại hang và độ dài tour.,Tour hang do khu nghỉ Golubino tổ chức quanh năm theo lịch cố định trong ngày; cần đặt trước.,Cuối đông đến đầu xuân cho băng đẹp nhất; mùa hè dễ di chuyển nhưng vẫn cần áo ấm khi vào hang.,"https://yandex.com/maps/?pt=43.2836,64.5411&z=17&l=map","https://www.google.com/maps/search/?api=1&query=64.5411,43.2836",https://golubino.org,enriched,"Vùng Pinega là 'vương quốc hang động' của miền Bắc nước Nga với gần 400 hang karst thạch cao. Nổi tiếng và dễ tiếp cận nhất là hang Golubinsky Proval bên khu nghỉ Golubino, nơi băng và tinh thể tuyết đọng quanh năm."
arkhangelsk-northern-maritime-museum,Bảo tàng Hàng hải Phương Bắc (Severny morskoy muzey),Северный морской музей,Northern Maritime Museum,Tỉnh Arkhangelsk,museum,64.5391,40.5104,4.4,99,Tripadvisor,"Khoảng 1-1,5 giờ.",Vé vào cửa khoảng 180 RUB; tour có hướng dẫn khoảng 1.200 RUB cho nhóm tới 20 người.,Thứ Ba - Thứ Sáu 10:00-18:00; Thứ Bảy - Chủ Nhật 11:00-19:00; nghỉ Thứ Hai (và một ngày vệ sinh vào thứ Năm cuối tháng).,Quanh năm; hợp lý nhất là ghé vào buổi chiều rồi dạo bờ kè lúc hoàng hôn.,"https://yandex.com/maps/?pt=40.5104,64.5391&z=17&l=map","https://www.google.com/maps/search/?api=1&query=64.5391,40.5104",https://northernmaritime.ru,enriched,"Nằm ngay trên bờ kè sông Bắc Dvina, Bảo tàng Hàng hải Phương Bắc kể câu chuyện hàng thế kỷ đi biển của người Pomor và hành trình chinh phục Bắc Cực của nước Nga. Bộ sưu tập khoảng 25.000 hiện vật gồm mô hình tàu, hải đồ, la bàn và thiết bị hàng hải."
arkhangelsk-antoniev-siysky-monastery,Tu viện Antoniev-Siysky (Antoniyevo-Siysky monastyr),Антониево-Сийский монастырь,Antoniev-Siysky Monastery,Tỉnh Arkhangelsk,church|monument,63.552086,41.557636,,,,"Khoảng 1-1,5 giờ.",Vào tu viện miễn phí (khuyến khích quyên góp tùy tâm); một số hoạt động hoặc chỗ lưu trú hành hương có thể thu phí.,"Tu viện đang hoạt động, mở đón khách và người hành hương ban ngày; nên tránh giờ cử hành nghi lễ khi tham quan nội thất.","Mùa hè (tháng 6-8) khi mặt hồ và rừng đẹp nhất, đường đi thuận lợi.","https://yandex.com/maps/?pt=41.557636,63.552086&z=17&l=map","https://www.google.com/maps/search/?api=1&query=63.552086,41.557636",http://www.siyamon.ru,enriched,"Tu viện Antoniev-Siysky là một trong những tu viện cổ và quan trọng nhất của miền Bắc nước Nga, do Thánh Antony vùng Siya lập năm 1520. Quần thể nằm biệt lập trên một bán đảo giữa hồ Mikhailovskoye, giữa rừng taiga tĩnh lặng."
astrakhan-astrakhan-kremlin,Điện Kremlin Astrakhan (A-xtra-khan-xki Krem-lơ),Астраханский кремль,Astrakhan Kremlin,Tỉnh Astrakhan,fortress|church,46.349444,48.032222,4.8,8580,Google,"Khoảng 1,5–2 giờ.","Vào tham quan khuôn viên miễn phí; vé các bảo tàng, tháp và khu trưng bày bên trong thu phí riêng (thường vài trăm rúp mỗi điểm); tour có hướng dẫn viên tính giá riêng.","Khuôn viên Kremlin mở cửa hằng ngày, khoảng 7:00–21:00 (mùa hè có thể muộn hơn); các bảo tàng và khu trưng bày bên trong mở theo giờ riêng, thường 10:00–18:00 và nghỉ một ngày đầu tuần.",Cuối xuân đến đầu thu; buổi sáng mát và vắng hơn.,"https://yandex.com/maps/?pt=48.032222,46.349444&z=17&l=map","https://www.google.com/maps/search/?api=1&query=46.349444,48.032222",https://astmuseum.ru,enriched,"Điện Kremlin Astrakhan là pháo đài đá trắng cực nam của nước Nga, dựng cuối thế kỷ 16 để trấn giữ cửa ngõ sông Volga ra biển Caspi. Bên trong quần thể là Nhà thờ Uspenski nguy nga, tháp chuông cao vút cùng những bức tường thành và tháp canh soi bóng lịch sử vùng hạ lưu Volga."
astrakhan-volga-delta-lotus-fields,Cánh đồng hoa sen ở châu thổ sông Volga (Lô-tô-xô-vưi Pô-lya),Лотосовые поля (дельта Волги),Volga Delta Lotus Fields,Tỉnh Astrakhan,park_garden,45.82553,47.77756,,,,Nửa ngày đến trọn ngày (kể cả di chuyển và đi thuyền).,Không có vé vào; chi phí chính là tour thuyền (khoảng 1.000–3.000 ₽/người tùy hành trình) hoặc thuê thuyền riêng từ ~2.500 ₽/ngày.,"Không có giờ đóng/mở cố định; tham quan chủ yếu theo tour thuyền ban ngày, thường khởi hành buổi sáng.","Giữa tháng 7 đến đầu tháng 9, đẹp nhất vào sáng sớm khi hoa nở và trời dịu nắng.","https://yandex.com/maps/?pt=47.77756,45.82553&z=17&l=map","https://www.google.com/maps/search/?api=1&query=45.82553,47.77756",,enriched,"Mỗi độ giữa hè, hạ lưu châu thổ sông Volga biến thành một biển hoa sen hồng mênh mông – một trong những cánh đồng sen lớn và ngoạn mục bậc nhất châu Âu. Du khách đi thuyền máy len lỏi qua các lạch nước để đắm mình giữa hương sen, cánh cò và đàn bồ nông của vùng đồng bằng trù phú này."
astrakhan-lake-baskunchak,Hồ muối Baskunchak (Ba-xkun-chak),Озеро Баскунчак,Lake Baskunchak,Tỉnh Astrakhan,park_garden,48.167,46.883,4.4,154,Tripadvisor,Khoảng 2–3 giờ (hoặc nửa ngày nếu kết hợp núi Bogdo).,"Ra bãi hồ thường không mất phí; một số bãi tắm/dịch vụ có thu phí nhỏ, và các tuyến trong khu bảo tồn lân cận thu phí sinh thái riêng.","Khu vực hồ ngoài trời, tham quan ban ngày; đi trong ngày, không có giờ đóng/mở cố định.",Mùa hè (tháng 6–9) để tắm nổi và ngâm bùn; nắng nhất vào giữa trưa.,"https://yandex.com/maps/?pt=46.883,48.167&z=17&l=map","https://www.google.com/maps/search/?api=1&query=48.167,46.883",,enriched,"Hồ Baskunchak là một hồ muối siêu mặn giữa thảo nguyên phía bắc Astrakhan, nơi nước đặc tới mức có thể nâng người nổi bồng bềnh như ở Biển Chết. Với độ tinh khiết gần như tuyệt đối, hồ cung cấp phần lớn sản lượng muối của nước Nga và thu hút du khách tới tắm khoáng, ngâm bùn trị liệu giữa khung cảnh trắng xóa kỳ ảo."
astrakhan-mount-bogdo,Núi Đại Bogdo (Bôn-sôi-e Bốc-đô),Гора Большое Богдо,Mount Bolshoye Bogdo (Big Bogdo),Tỉnh Astrakhan,park_garden,48.135,46.833,4.7,48,Tripadvisor,"Khoảng 1,5–2 giờ cho tuyến đường mòn và đài ngắm cảnh.",Thu phí sinh thái tượng trưng khi vào khu bảo tồn; nên hỏi trước ban quản lý về vé và hướng dẫn viên.,Tham quan ban ngày theo tuyến đường sinh thái của khu bảo tồn; nên đi vào mùa ấm.,Cuối xuân đến đầu thu; tránh nắng gắt giữa trưa hè.,"https://yandex.com/maps/?pt=46.833,48.135&z=17&l=map","https://www.google.com/maps/search/?api=1&query=48.135,46.833",,enriched,"Núi Đại Bogdo là điểm cao nhất của vùng trũng Caspi và là ngọn núi thiêng của người Kalmyk theo đạo Phật. Nổi bật với sườn đá sa thạch đỏ rực và những vách đá rỗ tổ ong 'biết hát' trong gió, ngọn núi cô độc giữa thảo nguyên này là biểu tượng thiên nhiên của phía bắc Astrakhan."
astrakhan-sarai-batu,Sarai-Batu – phim trường 'Đại Trướng' (Xa-rai Ba-tu),Сарай-Бату (декорации),Sarai-Batu (film set),Tỉnh Astrakhan,other,47.174444,47.454722,4.2,160,Tripadvisor,"Khoảng 1,5–2 giờ.","Vé vào khoảng 450 ₽/người lớn; trẻ dưới 7 tuổi miễn phí, trẻ 7–12 tuổi ~200–250 ₽; dịch vụ hướng dẫn viên từ ~2.000 ₽.","Mở cửa hằng ngày, khoảng 9:00–18:00 (giờ địa phương, sớm hơn Moskva 1 giờ).",Cuối xuân và đầu thu để tránh nắng nóng; buổi sáng đẹp và mát hơn.,"https://yandex.com/maps/?pt=47.454722,47.174444&z=17&l=map","https://www.google.com/maps/search/?api=1&query=47.174444,47.454722",https://saray-batu.ru,enriched,"Sarai-Batu là khu phim trường tái hiện kinh đô Sarai của Kim Trướng hãn quốc, được dựng bên sông Akhtuba để quay bộ phim Nga 'Đại Trướng' (Orda) năm 2012. Sau khi đóng máy, 'thành phố Trung cổ' bằng đất sét này được giữ lại thành một khu du lịch lịch sử độc đáo giữa thảo nguyên Astrakhan."
astrakhan-astrakhan-embankment,Bờ kè sông Volga ở Astrakhan (Na-bê-rê-giơ-nai-a Vôn-ghi),Набережная Волги (Астрахань),Volga Embankment (Astrakhan),Tỉnh Astrakhan,square_street|park_garden,46.347,48.043,4.5,278,Tripadvisor,"Khoảng 1–1,5 giờ.",Miễn phí.,Mở cửa tự do suốt ngày đêm; là không gian công cộng ngoài trời.,"Chiều tối mùa hè, đặc biệt lúc hoàng hôn; cuối xuân đến đầu thu dễ chịu nhất.","https://yandex.com/maps/?pt=48.043,46.347&z=17&l=map","https://www.google.com/maps/search/?api=1&query=46.347,48.043",,enriched,"Bờ kè sông Volga là dải đi bộ khang trang bên dòng sông lớn, nơi người dân Astrakhan ra hóng gió, dạo chơi và ngắm hoàng hôn. Với đài phun nước, tượng đài, vòm cổng và những hàng cây rợp bóng, đây là không gian công cộng sống động và lãng mạn bậc nhất thành phố."
astrakhan-astrakhan-nature-reserve,Khu bảo tồn sinh quyển Astrakhan (A-xtra-khan-xki Za-pô-ved-nik),Астраханский биосферный заповедник,Astrakhan Nature Reserve (Biosphere Reserve),Tỉnh Astrakhan,park_garden,45.58111,47.91639,,,,Nửa ngày đến trọn ngày (kể cả di chuyển và đi thuyền).,Có thu phí tham quan/tuyến sinh thái cùng dịch vụ thuyền và hướng dẫn; nên đặt trước qua kênh chính thức.,Vào khu bảo tồn cần giấy phép và thường theo tour sinh thái có hướng dẫn (ban ngày); nên liên hệ ban quản lý trước.,Cuối xuân đến đầu thu; mùa sen (giữa tháng 7–đầu tháng 9) và mùa chim di cư đẹp nhất.,"https://yandex.com/maps/?pt=47.91639,45.58111&z=17&l=map","https://www.google.com/maps/search/?api=1&query=45.58111,47.91639",,enriched,"Thành lập năm 1919, Khu bảo tồn sinh quyển Astrakhan là một trong những khu bảo tồn thiên nhiên đầu tiên của nước Nga, bảo vệ hệ sinh thái đất ngập nước độc đáo ở hạ lưu châu thổ Volga. Đây là mái nhà của hàng trăm loài chim, đầm sen bạt ngàn và loài cá tầm quý, được UNESCO công nhận là khu dự trữ sinh quyển thế giới."
bashkortostan-shulgan-tash-cave,Hang động Shulgan-Tash (Hang Kapova),Капова пещера (Шульган-Таш),Shulgan-Tash Cave (Kapova Cave),Cộng hoà Bashkortostan,other|park_garden,53.044417,57.06389,,,Yandex Карты,Riêng tham quan hang khoảng 2–3 giờ; trọn chuyến từ Ufa thường mất cả ngày.,Khoảng 240–500 RUB tùy mùa và ngày trong tuần; tour dài đặc biệt tới 4.500–5.000 RUB; trẻ nhỏ và người cao tuổi được giảm giá.,"Mở cửa quanh năm, các tour thường bắt đầu từ 11:00; nên đặt trước qua ban quản lý khu bảo tồn.",Mùa hè (tháng 6–9) khi đường vào thuận lợi và có thêm tour dài.,"https://yandex.com/maps/?pt=57.06389,53.044417&z=17&l=map","https://www.google.com/maps/search/?api=1&query=53.044417,57.06389",https://shulgan-tash.ru,enriched,"Hang Shulgan-Tash, còn gọi là hang Kapova, là hang đá vôi nổi tiếng bên sông Belaya, nơi lưu giữ những bức tranh trong hang có niên đại tới hàng chục nghìn năm. Năm 2025, di sản này được UNESCO công nhận là Di sản Thế giới nhờ bộ tranh thời kỳ đồ đá cũ hiếm có."
bashkortostan-salavat-yulaev-monument,Tượng đài Salavat Yulaev,Памятник Салавату Юлаеву,Monument to Salavat Yulaev,Cộng hoà Bashkortostan,monument,54.719444,55.923889,,,Tripadvisor,Khoảng 20–40 phút.,Miễn phí.,"Ngoài trời, tham quan tự do mọi thời điểm trong ngày.",Chiều muộn và hoàng hôn khi ánh sáng đẹp; mùa ấm dễ dạo bộ bên bờ sông.,"https://yandex.com/maps/?pt=55.923889,54.719444&z=17&l=map","https://www.google.com/maps/search/?api=1&query=54.719444,55.923889",,enriched,"Tượng đài Salavat Yulaev là biểu tượng của thành phố Ufa và cả Cộng hòa Bashkortostan, khắc họa người anh hùng dân tộc Bashkir cưỡi ngựa hiên ngang. Đây được xem là một trong những tượng kỵ sĩ lớn nhất nước Nga, dựng trên bờ cao nhìn ra sông Belaya."
bashkortostan-toratau-shikhan,Núi Toratau (shikhan Toratau),Шихан Торатау (Тратау),Toratau Shikhan,Cộng hoà Bashkortostan,other|park_garden,53.554444,56.098889,,,Tripadvisor,"Khoảng 2–3 giờ, gồm leo lên đỉnh và nghỉ ngắm cảnh.",Miễn phí.,"Ngoài trời, tự do tham quan cả ngày.",Cuối xuân đến đầu thu; nên leo vào sáng sớm hoặc chiều mát.,"https://yandex.com/maps/?pt=56.098889,53.554444&z=17&l=map","https://www.google.com/maps/search/?api=1&query=53.554444,56.098889",,enriched,"Toratau là ngọn núi đơn độc hình chóp nổi bật giữa đồng bằng Bashkiria, thực chất là dấu tích của một rạn san hô cổ hàng trăm triệu năm. Với hình dáng độc đáo và ý nghĩa thiêng liêng, đây là một trong những biểu tượng thiên nhiên được yêu mến nhất vùng."
bashkortostan-iremel-mountain,Núi Iremel,Гора Иремель,Mount Iremel,Cộng hoà Bashkortostan,other|park_garden,54.515,58.84,,,Yandex Карты,Cả ngày (khoảng 8–12 giờ khứ hồi theo tuyến Tyulyuk); có thể cắm trại qua đêm.,Phí vào công viên nhỏ tại các trạm (khoảng vài trăm RUB); một số tuyến cần giấy phép.,"Là công viên thiên nhiên; leo núi vào ban ngày, cần đăng ký hoặc qua trạm kiểm soát.",Tháng 6–9 khô ráo; mùa đông chỉ dành cho người có kinh nghiệm.,"https://yandex.com/maps/?pt=58.84,54.515&z=17&l=map","https://www.google.com/maps/search/?api=1&query=54.515,58.84",,enriched,"Iremel là đỉnh núi cao thứ hai của dãy Nam Ural, được người Bashkir tôn kính như một ngọn núi thiêng. Cảnh quan hùng vĩ với rừng taiga, đồng cỏ núi cao và biển đá trên đỉnh khiến nơi đây trở thành điểm leo núi được yêu thích."
bashkortostan-askynskaya-ice-cave,Hang băng Askynskaya (Hang băng Askinskaya),Аскинская ледяная пещера,Askynskaya Ice Cave,Cộng hoà Bashkortostan,other|park_garden,54.235694,56.902833,,,Yandex Карты,Tham quan hang khoảng 30–60 phút; trọn chuyến từ Ufa mất cả ngày.,Miễn phí nếu tự tham quan; tour trọn gói từ Ufa có tính phí riêng.,"Ngoài trời, không có gác cổng; nên đi ban ngày và theo tour có hướng dẫn.",Cuối đông đến đầu xuân (tháng 2–5) khi băng dày và đẹp nhất.,"https://yandex.com/maps/?pt=56.902833,54.235694&z=17&l=map","https://www.google.com/maps/search/?api=1&query=54.235694,56.902833",,enriched,"Hang băng Askynskaya là một hang đá vôi độc đáo, nơi quanh năm lạnh âm độ và lưu giữ những cột băng khổng lồ cổ xưa. Đây được xem là hang băng lớn nhất vùng Ural, với cột băng cao tới hơn chục mét như trong xứ sở thần tiên."
bashkortostan-lala-tulpan-mosque,Thánh đường Hồi giáo Lyalya-Tyulpan (Lala Tulpan),Мечеть Ляля-Тюльпан,Lala Tulpan Mosque,Cộng hoà Bashkortostan,church,54.81972,56.05583,,,Tripadvisor,Khoảng 30–45 phút.,Miễn phí.,"Mở cửa hằng ngày; khách tham quan nên đến ngoài giờ hành lễ, thường vào ban ngày.",Ban ngày; mùa xuân khi ý tưởng 'hoa tulip nở' càng thêm ý nghĩa; tránh trưa thứ Sáu.,"https://yandex.com/maps/?pt=56.05583,54.81972&z=17&l=map","https://www.google.com/maps/search/?api=1&query=54.81972,56.05583",,enriched,"Lyalya-Tyulpan, nghĩa là 'đóa uất kim hương đang nở', là thánh đường Hồi giáo hiện đại nổi bật nhất Ufa với hai tháp minaret hình nụ hoa tulip. Hoàn thành năm 1998, công trình là biểu tượng cho sự hồi sinh của đạo Hồi ở Bashkortostan."
bashkortostan-pavlovka-reservoir,Hồ chứa Pavlovka (Hồ Pavlovskoye),Павловское водохранилище,Pavlovka Reservoir,Cộng hoà Bashkortostan,other|park_garden,55.4167,56.6333,,,Yandex Карты,Từ một ngày đến vài ngày nếu nghỉ dưỡng.,"Vào khu vực hồ miễn phí; lưu trú, thuê thuyền và câu cá tại turbaza có tính phí.","Khu vực ngoài trời, tham quan tự do; các khu nghỉ có giờ giấc và dịch vụ riêng.","Mùa hè để tắm, chèo thuyền, câu cá; mùa đông cho câu cá trên băng.","https://yandex.com/maps/?pt=56.6333,55.4167&z=17&l=map","https://www.google.com/maps/search/?api=1&query=55.4167,56.6333",,enriched,"Hồ chứa Pavlovka là hồ nhân tạo dài hơn 150 km trên sông Ufa, hình thành từ đập thủy điện Pavlovka. Với mặt nước rộng giữa những sườn đồi rừng, đây là thiên đường nghỉ dưỡng, câu cá và chèo thuyền được người dân Bashkiria ưa chuộng."
bashkortostan-sterlitamak-shikhans,Cụm núi shikhan Sterlitamak,Стерлитамакские шиханы,Sterlitamak Shikhans,Cộng hoà Bashkortostan,other|park_garden,53.689781,56.077161,,,Yandex Карты,Nửa ngày đến cả ngày để thăm 2–3 shikhan.,Miễn phí (Kushtau có khu trượt tuyết thu phí dịch vụ vào mùa đông).,"Ngoài trời, tự do tham quan cả ngày.",Cuối xuân đến đầu thu để leo núi; mùa đông trượt tuyết ở Kushtau.,"https://yandex.com/maps/?pt=56.077161,53.689781&z=17&l=map","https://www.google.com/maps/search/?api=1&query=53.689781,56.077161",,enriched,"Các shikhan Sterlitamak là chuỗi những ngọn đồi đơn độc kỳ lạ nhô lên bên sông Belaya, vốn là tàn tích của rạn san hô cổ gần 300 triệu năm. Bốn ngọn nổi tiếng — Toratau, Yuraktau, Kushtau và Shakhtau — là biểu tượng địa chất và tinh thần của vùng."
belgorod-prokhorovka-field,Cánh đồng Prokhorovka và Tháp chuông Chiến thắng (Pro-khô-rốp-ka),Прохоровское поле (Звонница),Prokhorovka Field (Third Military Field of Russia) with the Belfry,Tỉnh Belgorod,monument|museum,51.017747,36.671485,4.8,100,Tripadvisor,Khoảng 2–4 giờ cho toàn khu phức hợp.,Tham quan cánh đồng và tượng đài miễn phí; vé vào các bảo tàng khoảng 250–400 rúp (thay đổi theo từng bảo tàng và chương trình).,"Cánh đồng và Tháp chuông mở tự do cả ngày; các bảo tàng trong khu bảo tồn mở thứ Ba đến Chủ nhật, khoảng 10:00–18:00, đóng cửa thứ Hai.",Tháng 5 dịp Ngày Chiến thắng hoặc mùa hè khi cánh đồng nở hoa; nên đi buổi sáng để tránh nắng gắt.,"https://yandex.com/maps/?pt=36.671485,51.017747&z=17&l=map","https://www.google.com/maps/search/?api=1&query=51.017747,36.671485",https://прохоровское-поле.рф,enriched,"Nơi diễn ra một trong những trận đấu tăng lớn nhất lịch sử vào ngày 12/7/1943, Prokhorovka được tôn vinh là “Cánh đồng binh nghiệp thứ ba của nước Nga”, sánh ngang với Kulikovo và Borodino. Trung tâm cánh đồng là Tháp chuông Chiến thắng cao gần 59 mét, ngân vang tiếng chuông tưởng niệm những người lính đã ngã xuống."
belgorod-diorama-kursk-battle-belgorod,Bảo tàng Diorama “Trận vòng cung Kursk – Hướng Belgorod” (Đi-ô-ra-ma),Музей-диорама «Курская битва. Белгородское направление»,Museum-Diorama “Battle of Kursk. Belgorod Direction”,Tỉnh Belgorod,museum,50.595556,36.585833,4.7,198,Tripadvisor,"Khoảng 1–1,5 giờ.","Vé người lớn khoảng 150–300 rúp, khách nước ngoài cao hơn; có thể phụ thu phí chụp ảnh (giá thay đổi theo thời điểm).","Thứ Ba đến Chủ nhật khoảng 10:00–18:00, thứ Năm mở muộn hơn (đến 21:00); đóng cửa thứ Hai.",Buổi sáng các ngày trong tuần để tránh đông và các đoàn học sinh.,"https://yandex.com/maps/?pt=36.585833,50.595556&z=17&l=map","https://www.google.com/maps/search/?api=1&query=50.595556,36.585833",http://31md.ru,enriched,"Tọa lạc bên bờ sông Vezelka gần Công viên Chiến thắng, bảo tàng lưu giữ bức tranh toàn cảnh (diorama) khổng lồ tái hiện trận đấu tăng Prokhorovka, được xem là một trong những diorama lớn nhất châu Âu. Đứng trước bức tranh dài hơn 60 mét, du khách như bị cuốn vào khói lửa của mùa hè năm 1943."
belgorod-marfo-mariinsky-convent-belgorod,"Tu viện nữ Marfo-Mariinsky, Belgorod (Mác-phô Ma-ri-in-xki)",Марфо-Мариинский женский монастырь,"Marfo-Mariinsky Convent, Belgorod",Tỉnh Belgorod,church,50.596604,36.576018,,,,Khoảng 30–45 phút.,Miễn phí (hoan nghênh đóng góp tùy tâm).,"Mở cửa hằng ngày, thường từ khoảng 7:00 đến 19:00 theo giờ lễ.",Buổi sáng giờ lễ hoặc chiều muộn khi khuôn viên vắng lặng.,"https://yandex.com/maps/?pt=36.576018,50.596604&z=17&l=map","https://www.google.com/maps/search/?api=1&query=50.596604,36.576018",https://belmonastery.ru,enriched,"Tu viện nữ được lập năm 1992 nhưng ôm trong lòng công trình cổ nhất Belgorod: nhà thờ Uspensko-Nikolsky khởi dựng từ đầu thế kỷ 18, mà chính Sa hoàng Pyotr Đại đế từng góp tiền xây. Quần thể trắng với những mái vòm vàng là ốc đảo bình yên giữa lòng thành phố."
belgorod-kholkovsky-caves-monastery,Tu viện hang động Kholkovsky Chúa Ba Ngôi (Khôn-cốp-xki),Свято-Троицкий Холковский монастырь,Holy Trinity Kholkovsky Cave Monastery,Tỉnh Belgorod,church,50.864435,37.755964,,,,"Khoảng 1–1,5 giờ.",Vào tu viện miễn phí; tour tham quan hang động theo đóng góp tùy tâm hoặc một khoản phí nhỏ.,Mở cửa hằng ngày; tham quan hang động thường theo giờ khoảng 9:00–17:00 (nên hỏi trước vì có thể nghỉ trưa).,"Mùa xuân đến mùa thu, trời ấm; nên đi buổi sáng.","https://yandex.com/maps/?pt=37.755964,50.864435&z=17&l=map","https://www.google.com/maps/search/?api=1&query=50.864435,37.755964",http://holkovskiy-monastyre.ru,enriched,"Tu viện hang động duy nhất còn hoạt động ở tỉnh Belgorod, với nhà thờ và phòng tu được khoét sâu vào lòng đồi đá phấn trắng. Nhiệt độ trong hang quanh năm chỉ 8–10°C, gắn với giai thoại về cuộc gặp của công tước Igor trước chiến dịch năm 1185."
belgorod-belgorod-museum-local-lore,Bảo tàng Địa phương học Quốc gia Belgorod (Krai-e-vét-che-xki),Белгородский государственный историко-краеведческий музей,Belgorod State Museum of History and Local Lore,Tỉnh Belgorod,museum,50.5959,36.587,4.4,19,Tripadvisor,"Khoảng 1–1,5 giờ.","Vé người lớn khoảng 150–250 rúp, có giảm giá cho học sinh, sinh viên (giá thay đổi theo triển lãm).",Thứ Ba đến Chủ nhật khoảng 10:00–18:00 (một số ngày mở muộn hơn); đóng cửa thứ Hai.,"Các ngày trong tuần, buổi sáng.","https://yandex.com/maps/?pt=36.587,50.5959&z=17&l=map","https://www.google.com/maps/search/?api=1&query=50.5959,36.587",http://xn--90aepik.xn--p1ai,enriched,"Bảo tàng lâu đời của thành phố (thành lập năm 1924), kể trọn câu chuyện về vùng đất Belgorod từ thiên nhiên, khảo cổ đến đời sống và chiến tranh. Nằm ngay cạnh Bảo tàng Diorama, đây là nơi lý tưởng để nắm bắt bức tranh toàn cảnh của cả vùng."
belgorod-transfiguration-cathedral-belgorod,"Nhà thờ chính tòa Chúa Hiển Dung, Belgorod (Xpa-xô Prê-ô-bra-gien-xki)",Спасо-Преображенский кафедральный собор,"Transfiguration Cathedral, Belgorod",Tỉnh Belgorod,church,50.598333,36.588333,,,,Khoảng 20–40 phút.,Miễn phí (hoan nghênh đóng góp tùy tâm).,"Mở cửa hằng ngày, thường từ khoảng 7:00 đến 19:00 theo giờ lễ.","Giờ lễ sáng hoặc chiều, và các ngày lễ trọng của Chính Thống giáo.","https://yandex.com/maps/?pt=36.588333,50.598333&z=17&l=map","https://www.google.com/maps/search/?api=1&query=50.598333,36.588333",https://bel1-1.cerkov.ru,enriched,"Nhà thờ chính tòa của giáo phận Belgorod, xây năm 1807–1813 theo phong cách cổ điển, là nơi lưu giữ thánh tích của Thánh Ioasaf xứ Belgorod, vị thánh được tôn kính bậc nhất vùng. Mặt tiền trang nghiêm và nội thất lộng lẫy khiến đây trở thành trái tim tinh thần của thành phố."
belgorod-prince-vladimir-monument-belgorod,Tượng đài Công tước Vladimir Vĩ đại trên Đồi Kharkov (Vla-đi-mia),Памятник князю Владимиру,Monument to Prince Vladimir the Great on Kharkov Hill,Tỉnh Belgorod,monument,50.5828,36.5772,,,,Khoảng 20–30 phút.,Miễn phí.,"Ngoài trời, tham quan tự do mọi thời điểm trong ngày.",Lúc hoàng hôn hoặc chiều muộn để ngắm thành phố lên đèn.,"https://yandex.com/maps/?pt=36.5772,50.5828&z=17&l=map","https://www.google.com/maps/search/?api=1&query=50.5828,36.5772",,enriched,"Sừng sững trên Đồi Kharkov nơi cửa ngõ phía nam thành phố, tượng đài cao 22,5 mét tôn vinh Công tước Vladimir, người rửa tội cho nước Nga. Đây vừa là biểu tượng của Belgorod, vừa là đài quan sát tuyệt đẹp nhìn xuống toàn cảnh thành phố."
belgorod-round-building-golovchino,Tòa nhà Tròn ở làng Golovchino (Krug-lô-ê Zđa-ni-ê),Круглое здание (Головчино),The Round Building in Golovchino,Tỉnh Belgorod,other,50.5311,35.8003,5.0,4,Tripadvisor,Khoảng 30–60 phút.,Tham quan bên ngoài miễn phí; tour vào bên trong có thể thu một khoản phí nhỏ.,Bên ngoài có thể tham quan tự do; muốn vào bên trong cần liên hệ đặt tour hướng dẫn trước.,"Mùa xuân đến mùa thu, trời khô ráo.","https://yandex.com/maps/?pt=35.8003,50.5311&z=17&l=map","https://www.google.com/maps/search/?api=1&query=50.5311,35.8003",,enriched,"Một công trình kỳ lạ và bí ẩn bậc nhất tỉnh Belgorod: tòa nhà ba tầng hình tròn gần như hoàn hảo, dựng khoảng năm 1790 trong điền trang của dòng họ Khorvat. Cho đến nay, mục đích thật sự của nó – nhà hát, đền Tam điểm, địa đạo hay kho đường – vẫn là câu hỏi chưa lời giải."
bryansk-svensky-monastery,Tu viện Svensky Đức Mẹ Lên Trời (Xven-xki Uxpenxki),Свенский Успенский монастырь,Svensky Assumption Monastery,Tỉnh Bryansk,church,53.206009,34.329143,4.8,1298,Google Maps,"Khoảng 1–1,5 giờ.",Miễn phí (khuyến khích quyên góp).,"Hàng ngày: các ngày trong tuần 7:00–19:00, thứ Bảy 7:00–19:30, Chủ nhật 7:00–19:00 (có thể thay đổi theo giờ lễ).",Mùa hè và các ngày lễ Chính thống giáo; buổi sáng yên tĩnh và mát mẻ.,"https://yandex.com/maps/?pt=34.329143,53.206009&z=17&l=map","https://www.google.com/maps/search/?api=1&query=53.206009,34.329143",https://svenmon.ru/,enriched,"Tu viện Svensky Đức Mẹ Lên Trời là một trong những tu viện Chính thống giáo cổ kính nhất nước Nga, tọa lạc trên bờ cao sông Desna ở ngoại ô Bryansk. Được cho là ra đời từ năm 1288, nơi đây nổi bật với những nhà thờ cổ và khung cảnh sông nước thanh bình."
bryansk-kurgan-bessmertiya,Gò Bất Tử (Kurgan Bexxmertia),Курган Бессмертия,Mound of Immortality,Tỉnh Bryansk,monument,53.268498,34.364204,4.5,142,Tripadvisor,Khoảng 30–45 phút.,Miễn phí.,"Ngoài trời, mở cửa tự do suốt cả ngày.","Mùa hè, đặc biệt lúc hoàng hôn để ngắm cảnh; dịp 9/5 rất trang nghiêm.","https://yandex.com/maps/?pt=34.364204,53.268498&z=17&l=map","https://www.google.com/maps/search/?api=1&query=53.268498,34.364204",,enriched,"Gò Bất Tử là đài tưởng niệm hùng vĩ dành cho những người Bryansk hy sinh trong Thế chiến II, được đắp năm 1967–1968 từ đất mang về từ khắp các chiến trường. Ngọn gò cao 12 m với đài sao năm cánh trên đỉnh là một biểu tượng thân thuộc của thành phố."
bryansk-partizanskaya-polyana,Khu tưởng niệm Trảng Du kích (Partizanxkaya Polyana),Партизанская поляна,Partizan Glade Memorial Complex,Tỉnh Bryansk,monument|museum,53.233572,34.597304,4.7,139,Tripadvisor,"Khoảng 1,5–2 giờ.",Vào khuôn viên miễn phí; các gian trưng bày của bảo tàng bán vé riêng (theo bảng giá tại chỗ).,Khuôn viên mở cửa hàng ngày 9:00–20:00.,Mùa hè khô ráo; dịp 9/5 (Ngày Chiến thắng) có nhiều hoạt động tưởng niệm.,"https://yandex.com/maps/?pt=34.597304,53.233572&z=17&l=map","https://www.google.com/maps/search/?api=1&query=53.233572,34.597304",https://ppolyana.ru/,enriched,"Khu tưởng niệm Trảng Du kích nằm giữa rừng thông phía đông Bryansk, tôn vinh phong trào kháng chiến du kích trong Chiến tranh Vệ quốc Vĩ đại. Quần thể gồm ngọn lửa vĩnh cửu, đài tưởng niệm, bảo tàng và khí tài quân sự trưng bày ngoài trời."
bryansk-tyutchev-ovstug,"Bảo tàng - điền trang F.I. Tyutchev ở Ovstug (Chiutchev, Ovxtug)",Музей-усадьба Ф.И. Тютчева «Овстуг»,Tyutchev Museum-Estate at Ovstug,Tỉnh Bryansk,museum|palace|park_garden,53.371922,33.878948,4.7,38,Tripadvisor,"Khoảng 1,5–2 giờ.","Vé vào công viên 100 RUB; công viên kèm bảo tàng 150 RUB; miễn phí cho trẻ dưới 16 tuổi, người khuyết tật và quân nhân (chụp ảnh và hướng dẫn viên tính phí riêng).","Thứ Ba–Chủ nhật: thứ Bảy 9:00–18:00, các ngày khác 9:00–17:00; đóng cửa thứ Hai.","Cuối xuân đến hè khi cây đoan nở hoa, hoặc mùa thu lá vàng; nên đến vào ngày hội thơ.","https://yandex.com/maps/?pt=33.878948,53.371922&z=17&l=map","https://www.google.com/maps/search/?api=1&query=53.371922,33.878948",http://musovstug.ru/,enriched,"Điền trang Ovstug là nơi sinh và tổ ấm của thi hào Nga Fyodor Tyutchev, nay là khu bảo tồn bảo tàng - điền trang cấp quốc gia. Du khách đến đây để thăm tòa dinh thự phục dựng, dạo công viên rợp bóng cây và hòa mình vào không gian thơ ca điền viên."
bryansk-trinity-cathedral,Nhà thờ chính tòa Chúa Ba Ngôi Bryansk (Troitxki xobor),Троицкий кафедральный собор,"Trinity Cathedral, Bryansk",Tỉnh Bryansk,church,53.248956,34.371594,4.6,61,Tripadvisor,Khoảng 30–45 phút.,Miễn phí.,"Mở cửa hàng ngày, thường từ sáng sớm đến sau buổi lễ chiều (khoảng 8:00–19:00); nên kiểm tra lịch phụng vụ.","Buổi tối khi nhà thờ lên đèn, hoặc các ngày lễ lớn của Chính thống giáo.","https://yandex.com/maps/?pt=34.371594,53.248956&z=17&l=map","https://www.google.com/maps/search/?api=1&query=53.248956,34.371594",https://sobor-bryansk.pravorg.ru/,enriched,"Nhà thờ chính tòa Chúa Ba Ngôi là thánh đường lớn nhất Bryansk, hoàn thành năm 2012 với năm mái vòm dát vàng và tháp chuông cao 80 m. Đây là trung tâm tôn giáo của thành phố và nơi lưu giữ thánh tích Thánh Oleg xứ Bryansk."
bryansk-chashin-kurgan,Gò Chashin (Chashin Kurgan),Чашин курган,Chashin Kurgan,Tỉnh Bryansk,monument|fortress,53.283096,34.336063,,,,Khoảng 30–45 phút.,Miễn phí.,"Ngoài trời, có thể ghé thăm tự do suốt cả ngày.","Cuối xuân đến đầu thu, chọn ngày khô ráo vì đường mòn chưa được lát.","https://yandex.com/maps/?pt=34.336063,53.283096&z=17&l=map","https://www.google.com/maps/search/?api=1&query=53.283096,34.336063",,enriched,"Gò Chashin là di tích của khu định cư có tường thành cổ xưa, được coi là cái nôi khai sinh thành phố Bryansk. Nằm bên bờ sông Desna, nơi đây vẫn lưu giữ dấu tích lũy đất phòng thủ nghìn năm tuổi."
bryansk-tolstoy-krasny-rog,"Điền trang A.K. Tolstoy ở Krasny Rog (Tonxtoy, Kraxnyi Rog)",Усадьба А.К. Толстого «Красный Рог»,A.K. Tolstoy Estate at Krasny Rog,Tỉnh Bryansk,museum|palace|park_garden,52.954778,33.749944,4.6,10,Tripadvisor,"Khoảng 1–1,5 giờ.",Khoảng 150 RUB.,"Thứ Ba–thứ Sáu và Chủ nhật 9:00–18:00, thứ Bảy 9:00–21:00 (mùa hè, các mùa khác đến 19:00); đóng cửa thứ Hai.",Mùa hè và mùa thu; nên đến vào các dịp lễ hội thơ ca.,"https://yandex.com/maps/?pt=33.749944,52.954778&z=17&l=map","https://www.google.com/maps/search/?api=1&query=52.954778,33.749944",https://bgkm.ru/filialy/memorialnyj-muzej-a-k-tolstogo,enriched,"Điền trang Krasny Rog gắn liền với cuộc đời văn hào A.K. Tolstoy, nơi ông sống những năm cuối đời, qua đời và an nghỉ. Ngày nay đây là bảo tàng văn học - tưởng niệm với dinh thự, công viên cổ thụ và nhiều kỷ vật của nhà văn."
buryatia-ivolginsky-datsan,Tu viện Phật giáo Ivolginsky (I-von-ghin-xki Đa-tsan),Иволгинский дацан,Ivolginsky Datsan,Cộng hoà Buryatia,church,51.758333,107.203333,4.6,230,Tripadvisor,Khoảng 2–3 giờ,"Vào cửa tự do, chỉ tùy tâm công đức; một số tour, bảo tàng nhỏ hoặc dịch vụ y học Tạng có thể thu phí","Mở cửa hằng ngày, thường khoảng 9:00–18:00; các buổi tụng kinh (khural) diễn ra vào buổi sáng",Đẹp nhất vào mùa hè; đặc biệt dịp Tết Sagaalgan (tháng 2) hoặc lễ hội Maidari mùa hè,"https://yandex.com/maps/?pt=107.203333,51.758333&z=17&l=map","https://www.google.com/maps/search/?api=1&query=51.758333,107.203333",https://ivolgdatsan.ru,enriched,"Trung tâm Phật giáo lớn nhất nước Nga, nơi đặt trụ sở của Pandito Khambo Lama và cả một trường đại học Phật giáo giữa thảo nguyên Buryatia. Quần thể chùa tháp rực rỡ sắc màu này còn nổi tiếng với nhục thân bất hoại kỳ bí của Lạt-ma Itigilov."
buryatia-lake-baikal-buryatia-side,Hồ Baikal - bờ Đông (Ba-i-can),"Байкал, восточный берег","Lake Baikal, Eastern Shore (Buryatia side)",Cộng hoà Buryatia,park_garden,52.933,108.217,,,,"Nên dành 1–3 ngày, lý tưởng là ở lại qua đêm","Miễn phí; chỉ trả tiền cho lưu trú, suối khoáng, thuê thuyền hoặc dịch vụ nghỉ dưỡng","Bờ hồ mở tự do quanh năm, không giới hạn giờ",Tháng 7–8 để tắm hồ và phơi nắng; cuối tháng 2 đến đầu tháng 3 để ngắm băng trong,"https://yandex.com/maps/?pt=108.217,52.933&z=17&l=map","https://www.google.com/maps/search/?api=1&query=52.933,108.217",,enriched,"Bờ Đông hồ Baikal thuộc Buryatia là mặt hồ dịu dàng và ít khách hơn bờ Tây, nổi bật với bãi cát vàng, vịnh nông ấm áp và suối khoáng nóng. Đây là chốn lý tưởng để tắm hồ, cắm trại và tận hưởng nhịp sống Siberia thư thả."
buryatia-ulan-ude-lenin-head,"Tượng đầu Lenin khổng lồ, Ulan-Ude (Le-nin)","Голова Ленина, Улан-Удэ","Lenin's Head Monument, Ulan-Ude",Cộng hoà Buryatia,monument,51.834853,107.585337,4.4,410,Tripadvisor,Khoảng 15–30 phút,Miễn phí,"Ngoài trời, tham quan tự do 24/7","Quanh năm; mùa đông có 'mũ tuyết' thú vị, buổi tối quảng trường lên đèn đẹp","https://yandex.com/maps/?pt=107.585337,51.834853&z=17&l=map","https://www.google.com/maps/search/?api=1&query=51.834853,107.585337",,enriched,"Ngay giữa quảng trường trung tâm Ulan-Ude sừng sững chiếc đầu Lenin bằng đồng lớn nhất thế giới, cao 7,7 m và nặng tới 42 tấn. Biểu tượng kỳ lạ và độc nhất vô nhị này là điểm 'check-in' không thể bỏ qua của thành phố."
buryatia-barguzin-valley,Thung lũng Barguzin (Bar-gu-din),Баргузинская долина,Barguzin Valley,Cộng hoà Buryatia,park_garden,54.333333,110.416667,,,,Nên dành 1–2 ngày,"Miễn phí; một số suối nóng, khu cắm trại hoặc điểm thờ tự có thể xin đóng góp tùy tâm","Không gian tự nhiên mở, tham quan tự do quanh năm",Tháng 6–9 khi đường sá thuận lợi và thời tiết ấm,"https://yandex.com/maps/?pt=110.416667,54.333333&z=17&l=map","https://www.google.com/maps/search/?api=1&query=54.333333,110.416667",,enriched,"Thung lũng Barguzin là vùng đất thiêng của người Buryat, trải dài 200 km giữa hai dãy núi bên bờ đông Baikal. Nơi đây quyện lẫn thảo nguyên, đầm lầy, cồn cát, suối nóng và vô số truyền thuyết về các vị thần linh."
buryatia-svyatoy-nos-peninsula,Bán đảo Svyatoy Nos và vịnh Chivyrkuysky (Xvi-a-toi Noxơ),"Полуостров Святой Нос, Чивыркуйский залив",Svyatoy Nos Peninsula & Chivyrkuysky Bay,Cộng hoà Buryatia,park_garden,53.69,108.85,,,,"1 ngày cho cung leo đỉnh, hoặc 2–3 ngày nếu kết hợp vịnh Chivyrkuysky",Cần mua vé/giấy phép vào Vườn quốc gia Zabaikalsky (thu phí theo ngày); nên đăng ký trước với ban quản lý vườn,"Không gian tự nhiên mở; nên đi ban ngày, cung leo đỉnh mất trọn một ngày",Tháng 7–9 để leo núi và tắm vịnh; đường mòn có thể lầy lội đầu mùa,"https://yandex.com/maps/?pt=108.85,53.69&z=17&l=map","https://www.google.com/maps/search/?api=1&query=53.69,108.85",http://zapovednoe-podlemorye.ru,enriched,"Svyatoy Nos - 'Mũi Thiêng' - là bán đảo lớn nhất và duy nhất trên hồ Baikal, nối với đất liền bằng một dải eo đất hẹp. Leo lên đỉnh cao gần 1.900 m, du khách được thưởng khung cảnh toàn cảnh ngoạn mục xuống hai vịnh xanh biếc."
buryatia-tunka-valley,Thung lũng Tunka (Tun-ka),Тункинская долина,Tunka Valley,Cộng hoà Buryatia,park_garden,51.90861,102.42889,4.9,31,Tripadvisor,Nên dành 1–2 ngày,"Vào làng và đi bộ tự do miễn phí; có thể thu phí nhỏ khi vào khu thác, tắm suối khoáng hoặc lưu trú tại sanatorium","Không gian tự nhiên mở, tham quan tự do quanh năm; khu điều dưỡng theo lịch riêng",Tháng 6–9 để leo thác và đi bộ; mùa đông để an dưỡng và ngắm núi tuyết,"https://yandex.com/maps/?pt=102.42889,51.90861&z=17&l=map","https://www.google.com/maps/search/?api=1&query=51.90861,102.42889",,enriched,"Thung lũng Tunka trải dài dưới chân dãy Đông Sayan tuyết phủ, nổi tiếng với suối khoáng chữa bệnh, thác nước và núi lửa đã tắt. Làng nghỉ dưỡng Arshan là cửa ngõ để tận hưởng thiên nhiên trong lành và văn hóa Buryat."
buryatia-old-believers-tarbagatai,Làng tín đồ Cựu giáo Tarbagatai (Tar-ba-ga-tai),Тарбагатай (старообрядцы),Tarbagatai Old Believers Village,Cộng hoà Buryatia,museum|church,51.480556,107.359722,4.8,12,Tripadvisor,Khoảng 1–3 giờ (nửa ngày nếu có chương trình văn nghệ),Vé bảo tàng thu phí ở mức khiêm tốn; chương trình giao lưu và đãi món ăn tính phí theo đoàn (nên đặt trước),Bảo tàng thường mở ban ngày (khoảng 9:00–17:00); chương trình giao lưu văn nghệ cần đặt trước,Quanh năm; sinh động nhất vào các dịp lễ hội của người Cựu giáo,"https://yandex.com/maps/?pt=107.359722,51.480556&z=17&l=map","https://www.google.com/maps/search/?api=1&query=51.480556,107.359722",,enriched,"Tarbagatai là một trong những làng Cựu giáo Semeiskie lớn nhất vùng Ngoại Baikal, nơi lưu giữ nếp sống, trang phục và dân ca độc đáo có tuổi đời hàng thế kỷ. Di sản văn hóa của họ đã được UNESCO công nhận là kiệt tác truyền khẩu và phi vật thể của nhân loại."
buryatia-ust-barguzin,Thị trấn Ust-Barguzin (U-xtơ Bar-gu-din),Усть-Баргузин,Ust-Barguzin,Cộng hoà Buryatia,other,53.4,109.033,,,,"Vài giờ, hoặc dùng làm điểm lưu trú qua đêm để khám phá vùng lân cận",Vào thị trấn miễn phí; cần mua vé/giấy phép nếu vào khu vực Vườn quốc gia Zabaikalsky,Thị trấn tham quan tự do; văn phòng Vườn quốc gia Zabaikalsky làm việc trong giờ hành chính,Tháng 6–9 cho các hoạt động trên hồ; mùa hè ấm áp và thuận tiện di chuyển,"https://yandex.com/maps/?pt=109.033,53.4&z=17&l=map","https://www.google.com/maps/search/?api=1&query=53.4,109.033",,enriched,"Ust-Barguzin là thị trấn làng chài nằm nơi sông Barguzin gặp hồ Baikal, cửa ngõ chính để khám phá Vườn quốc gia Zabaikalsky và bán đảo Svyatoy Nos. Đây là điểm dừng chân quen thuộc trên hành trình bờ đông Baikal."
chechnya-heart-of-chechnya-mosque,"Nhà thờ Hồi giáo Trái tim Chechnya, Grozny (Xéc-tse Chéc-ni)",Мечеть «Сердце Чечни» имени Ахмата Кадырова,Heart of Chechnya Mosque (Akhmad Kadyrov Mosque),Cộng hoà Chechnya,church,43.3184,45.6926,4.9,318,Tripadvisor,Khoảng 1–2 giờ.,Miễn phí.,Mở cửa hàng ngày cho khách tham quan ngoài năm giờ cầu nguyện; nên tránh trưa thứ Sáu là thời điểm đông tín đồ nhất.,"Buổi tối để ngắm thánh đường lên đèn, hoặc sáng sớm khi còn vắng khách.","https://yandex.com/maps/?pt=45.6926,43.3184&z=17&l=map","https://www.google.com/maps/search/?api=1&query=43.3184,45.6926",,enriched,"Được xem là biểu tượng của thủ phủ Grozny, 'Trái tim Chechnya' là một trong những thánh đường Hồi giáo tráng lệ nhất nước Nga. Công trình mang phong cách Ottoman cổ điển, nổi bật giữa công viên cây xanh bên bờ sông Sunzha."
chechnya-grozny-city-towers,Tổ hợp cao ốc Grozny-City (Grô-dơ-nưi Xi-ti),Грозный-Сити,Grozny-City Towers,Cộng hoà Chechnya,monument,43.3158,45.6967,4.4,7,Tripadvisor,Khoảng 1–2 giờ.,Tham quan khu phức hợp miễn phí; đài quan sát có thể thu một khoản phí nhỏ.,Khu quảng trường và tổ hợp có thể dạo bộ tự do cả ngày; đài quan sát cùng các nhà hàng thường mở đến tối (giờ cụ thể có thể thay đổi).,Cuối chiều đến tối để ngắm hoàng hôn và toàn tổ hợp lên đèn.,"https://yandex.com/maps/?pt=45.6967,43.3158&z=17&l=map","https://www.google.com/maps/search/?api=1&query=43.3158,45.6967",,enriched,"Grozny-City là tổ hợp bảy tòa nhà chọc trời hiện đại vươn lên bên bờ sông Sunzha, biểu tượng cho diện mạo mới của Grozny sau tái thiết. Tòa cao nhất từng giữ danh hiệu công trình cao nhất Chechnya và sở hữu chiếc đồng hồ thuộc hàng lớn nhất châu Âu."
chechnya-pride-of-muslims-mosque-shali,"Nhà thờ Hồi giáo Niềm tự hào của người Hồi giáo, Shali (Go-đôx Mu-xun-man)",Мечеть «Гордость мусульман» имени пророка Мухаммеда,Pride of Muslims Mosque,Cộng hoà Chechnya,church,43.157,45.9047,5.0,14,Tripadvisor,Khoảng 1–2 giờ.,Miễn phí.,Mở cửa hàng ngày cho khách tham quan ngoài giờ cầu nguyện; đẹp cả ban ngày lẫn buổi tối.,"Cuối chiều để vừa ngắm ban ngày, vừa chờ thánh đường lên đèn.","https://yandex.com/maps/?pt=45.9047,43.157&z=17&l=map","https://www.google.com/maps/search/?api=1&query=43.157,45.9047",,enriched,"Tọa lạc ở thành phố Shali, 'Niềm tự hào của người Hồi giáo' được ca ngợi là thánh đường Hồi giáo lớn nhất châu Âu. Công trình bằng đá cẩm thạch trắng mang phong cách Trung Á, gợi nhớ những kiệt tác ở Samarkand và Bukhara."
chechnya-lake-kezenoyam,Hồ Kezenoy-Am (Kê-dê-nôi Am),Озеро Кезеной-Ам,Lake Kezenoyam,Cộng hoà Chechnya,park_garden,42.78333,46.13333,4.8,65,Tripadvisor,Từ nửa ngày trở lên nếu tính cả quãng đường di chuyển.,"Vào ngắm hồ miễn phí; thuê thuyền, xe đạp nước hay lưu trú tại khu nghỉ tính phí riêng.",Khu vực hồ mở tự do cả ngày; khu phức hợp du lịch và các dịch vụ hoạt động vào ban ngày.,"Cuối xuân đến đầu thu (khoảng tháng 5–9), khi đường dễ đi và cảnh sắc đẹp nhất.","https://yandex.com/maps/?pt=46.13333,42.78333&z=17&l=map","https://www.google.com/maps/search/?api=1&query=42.78333,46.13333",,enriched,"Nằm ở độ cao gần 1.870 m trên biên giới Chechnya – Dagestan, Kezenoy-Am là hồ trên núi sâu và lớn nhất vùng Bắc Kavkaz. Mặt nước xanh ngọc phẳng lặng in bóng những sườn núi trọc tạo nên khung cảnh ngoạn mục."
chechnya-ushkaloy-towers,Tháp cổ Ushkaloy (U-sờ-ca-lôi),Ушкалойские башни,Ushkaloy Towers,Cộng hoà Chechnya,fortress|monument,42.788247,45.618795,4.3,14,Tripadvisor,Khoảng 20–40 phút.,Miễn phí.,"Di tích ngoài trời, có thể ghé ngắm tự do bất kỳ lúc nào trong ngày.","Ban ngày, vào mùa khô ấm (cuối xuân đến đầu thu) để đường đèo an toàn hơn.","https://yandex.com/maps/?pt=45.618795,42.788247&z=17&l=map","https://www.google.com/maps/search/?api=1&query=42.788247,45.618795",,enriched,"Ushkaloy là cặp tháp canh cổ dựng sát vào vách đá, án ngữ đoạn hẹp nhất của hẻm núi Argun. Được xây từ khoảng thế kỷ 11–12, chúng từng canh giữ tuyến đường thương mại xuyên Kavkaz."
chechnya-nikaroy-tower-complex,Quần thể tháp cổ Nikaroy (Ni-ca-rôi),Никарой (башенный комплекс),Nikaroy Tower Complex,Cộng hoà Chechnya,fortress|monument,42.8228,45.3657,,,,"Khoảng 1–2 giờ tại chỗ, chưa kể quãng đường di chuyển dài.",Miễn phí.,"Di tích ngoài trời ở vùng núi, không có giờ đóng mở cố định.","Mùa hè khô ráo (khoảng tháng 6–9), khi đường núi dễ đi nhất.","https://yandex.com/maps/?pt=45.3657,42.8228&z=17&l=map","https://www.google.com/maps/search/?api=1&query=42.8228,45.3657",,enriched,"Nikaroy là một trong những quần thể tháp cổ được bảo tồn tốt nhất Chechnya, được mệnh danh 'viên ngọc của hẻm núi Terloy'. Nằm sâu trong vùng núi hoang vắng, nơi đây còn nguyên tháp chiến, tháp ở, thánh đường và cả một nghĩa địa cổ."
chechnya-argun-mosque-mother-of-hearts,"Nhà thờ Hồi giáo Trái tim người mẹ, Argun (Xéc-tse Ma-tê-ri)",Мечеть «Сердце матери» имени Аймани Кадыровой,Aymani Kadyrova Mosque ('Mother's Heart'),Cộng hoà Chechnya,church,43.291752,45.867218,4.9,65,Tripadvisor,Khoảng 30–60 phút.,Miễn phí.,Mở cửa hàng ngày cho khách tham quan ngoài giờ cầu nguyện; đẹp nhất vào buổi tối.,Sau khi trời tối để chiêm ngưỡng hệ đèn LED đổi màu.,"https://yandex.com/maps/?pt=45.867218,43.291752&z=17&l=map","https://www.google.com/maps/search/?api=1&query=43.291752,45.867218",,enriched,'Trái tim người mẹ' ở thành phố Argun là thánh đường Hồi giáo theo phong cách hi-tech đầu tiên và độc nhất ở Nga. Mái vòm bê tông hình bán cầu cùng những mảng kính lớn và hệ đèn LED đổi màu khiến công trình bừng sáng ngoạn mục về đêm.
chelyabinsk-lake-turgoyak,Hồ Turgoyak (Tuốc-gôi-ác),Озеро Тургояк,Lake Turgoyak,Tỉnh Chelyabinsk,park_garden,55.15,60.067,4.8,175,Tripadvisor,Khoảng nửa ngày đến trọn một ngày.,Tham quan hồ miễn phí; một vài bãi tắm tư nhân và bãi đỗ xe có thể thu phí nhỏ (thường vài trăm RUB).,"Hồ mở tự do quanh năm, suốt ngày đêm; một số bãi tắm và khu nghỉ dưỡng ven hồ có giờ đón khách riêng.",Tháng 6-8 để tắm và chèo thuyền; mùa đông (tháng 1-2) để ngắm mặt hồ đóng băng.,"https://yandex.com/maps/?pt=60.067,55.15&z=17&l=map","https://www.google.com/maps/search/?api=1&query=55.15,60.067",,enriched,"Turgoyak là hồ nước ngọt trong vắt nằm giữa những cánh rừng thông ở vùng Nam Ural, thường được ví như 'người em' của hồ Baikal nhờ độ tinh khiết hiếm có. Mặt nước có thể nhìn xuyên xuống độ sâu hơn 10 mét, còn giữa hồ là đảo Vera bí ẩn với các công trình cự thạch cổ."
chelyabinsk-taganay-national-park,Vườn quốc gia Taganay (Ta-ga-nai),Национальный парк «Таганай»,Taganay National Park,Tỉnh Chelyabinsk,park_garden,55.221313,59.731585,4.9,841,2GIS,"Từ nửa ngày (tuyến gần) đến 2-3 ngày (trekking dài, ngủ lều hoặc trạm).",Giấy phép vào rừng 250 RUB/người; cư dân Zlatoust và một số nhóm được miễn/giảm. Vào không có giấy phép có thể bị phạt 3.000-4.000 RUB.,"Lãnh thổ công viên mở cửa quanh năm; các trung tâm du khách bán giấy phép theo giờ hành chính, cửa chính (Trung tâm điều hành) ở Zlatoust.",Tháng 6-9 cho trekking; mùa đông đẹp nhưng lạnh và cần kinh nghiệm.,"https://yandex.com/maps/?pt=59.731585,55.221313&z=17&l=map","https://www.google.com/maps/search/?api=1&query=55.221313,59.731585",https://taganay.org,enriched,"Taganay là vườn quốc gia trải dài trên những dãy núi đá cổ ở Nam Ural, ngay sát thành phố Zlatoust. Nơi đây nổi tiếng với các sống núi đá kỳ vĩ, 'dòng sông đá' khổng lồ và mạng lưới đường mòn leo núi hấp dẫn dân trekking."
chelyabinsk-zyuratkul-national-park,Vườn quốc gia Zyuratkul (Diu-rát-cun),Национальный парк «Зюраткуль»,Zyuratkul National Park,Tỉnh Chelyabinsk,park_garden,54.9167,59.2,4.6,40,Tripadvisor,Nửa ngày cho đường mòn sinh thái; trọn ngày nếu leo lên sống núi.,"Vé vào 250 RUB/người; cư dân huyện Satka, người hưu trí, trẻ dưới 18, gia đình đông con... được miễn. 'Nhà nai' Sohatka 300 RUB (người lớn)/150 RUB (trẻ em).","Lãnh thổ mở quanh năm; văn phòng/trung tâm du khách làm việc T2-T5 8:00-17:00, T6 8:00-16:00 (nghỉ trưa 12:00-13:00).",Tháng 6-9 cho đi bộ; mùa đông cho cảnh tuyết và trượt tuyết.,"https://yandex.com/maps/?pt=59.2,54.9167&z=17&l=map","https://www.google.com/maps/search/?api=1&query=54.9167,59.2",https://zuratkul.ru,enriched,"Zyuratkul là vườn quốc gia bao quanh hồ núi cao nhất vùng Ural - hồ Zyuratkul nằm ở độ cao khoảng 724 m. Cảnh sắc kết hợp giữa mặt hồ màu trà, những dãy núi phủ rừng và các đường mòn sinh thái nổi tiếng."
chelyabinsk-arkaim,Arkaim (Ạc-ca-im),Аркаим,Arkaim,Tỉnh Chelyabinsk,fortress|museum|monument,52.649167,59.571111,4.3,52,Tripadvisor,Nửa ngày đến trọn ngày; nhiều người ở lại qua đêm trong khu cắm trại.,Vào bảo tàng 250 RUB; các tour tham quan 350-600 RUB/người; tour riêng bằng xe 4.000-6.000 RUB (tối đa 4 khách).,"Mùa hè (tháng 5-10): T2-T5 10:00-18:00, T6 10:00-19:00, T7 9:00-19:00, CN 9:00-16:00; lãnh thổ mở suốt ngày đêm.",Tháng 5-9; đông nhất quanh dịp hạ chí (cuối tháng 6).,"https://yandex.com/maps/?pt=59.571111,52.649167&z=17&l=map","https://www.google.com/maps/search/?api=1&query=52.649167,59.571111",https://arkaim-center.ru,enriched,"Arkaim là di chỉ khu định cư phòng thủ thời đại đồ đồng, khoảng 4.000 năm tuổi, thuộc nền văn hóa Sintashta - 'Xứ sở của các thành phố'. Khu bảo tồn - bảo tàng ngoài trời tái hiện vòng thành tròn độc đáo và thu hút cả du khách tìm kiếm 'năng lượng tâm linh'."
chelyabinsk-ignatievskaya-cave,Hang Ignatievskaya (I-nhát-chi-ép-xcai-a),Игнатьевская пещера,Ignatievskaya Cave,Tỉnh Chelyabinsk,other|monument,54.90045,57.7815,,,,Nếu tham quan khu vực ngoài và quần thể hang Serpievka lân cận: khoảng 1-2 giờ.,Không bán vé (không mở cửa vào bên trong).,Đóng cửa với khách tham quan từ năm 2018 nhằm bảo tồn tranh đá; chỉ có thể ngắm khu vực bên ngoài và thung lũng sông Sim.,"Cuối xuân đến đầu thu (tháng 5-9), khi đường mòn ven sông khô ráo.","https://yandex.com/maps/?pt=57.7815,54.90045&z=17&l=map","https://www.google.com/maps/search/?api=1&query=54.90045,57.7815",,enriched,"Ignatievskaya là hang karst nổi tiếng bên sông Sim, nơi lưu giữ hơn 50 hình vẽ thời đồ đá cũ có niên đại 12.000-14.000 năm. Hang còn gắn với truyền thuyết về ẩn sĩ Ignatiy và khối canxit được người dân xem là 'khuôn mặt Đức Mẹ'."
chelyabinsk-chelyabinsk-meteorite-museum,Bảo tàng Lịch sử Nam Ural - thiên thạch Chelyabinsk (Chê-li-a-bin),Государственный исторический музей Южного Урала (метеорит «Челябинск»),State Historical Museum of the Southern Urals (Chelyabinsk meteorite),Tỉnh Chelyabinsk,museum,55.168303,61.397669,4.6,311,Tripadvisor,"Khoảng 1,5-2 giờ.",Vé combo toàn bộ từ 500 RUB; vé từng khu trưng bày thường trực khoảng 100-200 RUB.,Mở cửa hằng ngày 10:00-20:00 (bán vé đến 19:15); nghỉ ngày thứ Hai cuối cùng của tháng.,Quanh năm (điểm tham quan trong nhà); ngày 15/2 hằng năm khách được chạm vào thiên thạch.,"https://yandex.com/maps/?pt=61.397669,55.168303&z=17&l=map","https://www.google.com/maps/search/?api=1&query=55.168303,61.397669",https://chelmuseum.ru,enriched,"Bảo tàng Lịch sử Nam Ural bên bờ sông Miass là nơi trưng bày mảnh lớn nhất của thiên thạch Chelyabinsk - khối đá vũ trụ nặng 505 kg rơi xuống năm 2013. Ngoài 'ngôi sao' này, bảo tàng còn kể câu chuyện thiên nhiên và lịch sử của cả vùng Nam Ural."
chelyabinsk-zlatoust-mountain-park-bazhov,"Công viên Núi Bazhov (Ba-giốp), Zlatoust",Горный парк им. П. П. Бажова,Bazhov Mountain Park (Zlatoust),Tỉnh Chelyabinsk,park_garden|museum,55.173113,59.672425,4.9,124,2GIS,Khoảng 1-2 giờ.,Vào khu công viên miễn phí; bảo tàng/khu trưng bày và tham quan tháp thu phí riêng (bảo tàng khoảng 150 RUB).,"Mở cửa hằng ngày, thường từ 10:00; giờ đóng thay đổi theo mùa.",Tháng 5-9 khi thời tiết dễ chịu; buổi chiều đẹp để lên đài ngắm cảnh.,"https://yandex.com/maps/?pt=59.672425,55.173113&z=17&l=map","https://www.google.com/maps/search/?api=1&query=55.173113,59.672425",,enriched,"Công viên Núi mang tên nhà văn Pavel Bazhov ở Zlatoust là quần thể nhỏ xinh dành riêng cho các nhân vật trong truyện cổ tích Ural. Nơi đây kết hợp tượng gang, bộ sưu tập khoáng vật và đài quan sát nhìn ra dãy núi."
chelyabinsk-sugomak-cave-kyshtym,Hang Sugomak (Xu-gô-mác),Сугомакская пещера,Sugomak Cave,Tỉnh Chelyabinsk,other,55.714967,60.460367,4.4,14,Tripadvisor,Khoảng 30-60 phút cho hang; nửa ngày nếu leo núi Sugomak.,Miễn phí.,"Mở tự do quanh năm, suốt ngày đêm (hang tự nhiên, không có cổng thu vé).",Cuối xuân đến đầu thu; mùa đông có băng đẹp nhưng trơn.,"https://yandex.com/maps/?pt=60.460367,55.714967&z=17&l=map","https://www.google.com/maps/search/?api=1&query=55.714967,60.460367",,enriched,"Hang Sugomak gần Kyshtym là hang duy nhất ở Ural được tạo thành trong đá cẩm thạch, dài khoảng 123 m với ba 'gian' nối nhau. Đây là điểm dừng quen thuộc trong hành trình chinh phục núi và hồ Sugomak."
chukotka-whale-bone-alley-yttygran,Hẻm Xương Cá voi trên đảo Yttygran (Ki-tô-vai-a A-lê-ia),Китовая аллея (остров Ыттыгран),Whale Bone Alley (Yttygran Island),Khu tự trị Chukotka,monument,64.642116,-172.522087,5.0,1,Tripadvisor,Khoảng 1–2 giờ tại di chỉ; thường là chuyến đi nửa ngày tính cả di chuyển,Không có phí tham quan tại chỗ; chi phí chủ yếu nằm ở chuyến thuyền/thám hiểm phải thuê riêng,"Di chỉ ngoài trời, không có giờ đóng/mở cửa; chỉ đến được vào mùa hè khi biển thông băng","Tháng 7 đến tháng 9, khi eo biển hết băng và thời tiết dễ chịu nhất","https://yandex.com/maps/?pt=-172.522087,64.642116&z=17&l=map","https://www.google.com/maps/search/?api=1&query=64.642116,-172.522087",,enriched,"Hẻm Xương Cá voi là một di chỉ khảo cổ bí ẩn trên hòn đảo hoang Yttygran, nơi hàng trăm xương hàm và hộp sọ cá voi bắc cực được dựng thẳng thành hàng dọc bờ biển. Được người Eskimo cổ tạo nên cách đây khoảng sáu thế kỷ, đây là công trình nghi lễ độc nhất vô nhị ở vùng Bắc Cực."
chukotka-cape-dezhnev,Mũi Dezhnev (Mưx Đê-giơ-nhi-ốp),Мыс Дежнёва,Cape Dezhnev,Khu tự trị Chukotka,park_garden|monument,66.079167,-169.651944,5.0,2,Tripadvisor,"Khoảng 1–3 giờ tại mũi đất, thường trong khuôn khổ tour nhiều ngày",Không thu phí tham quan; tốn kém nằm ở tour thám hiểm và thủ tục giấy phép,"Địa điểm ngoài trời, tiếp cận tự do; chỉ khả thi trong mùa hè ngắn ngủi","Tháng 7 đến tháng 8, khi biển bớt băng và động vật hoang dã hoạt động mạnh","https://yandex.com/maps/?pt=-169.651944,66.079167&z=17&l=map","https://www.google.com/maps/search/?api=1&query=66.079167,-169.651944",,enriched,"Mũi Dezhnev là điểm cực đông của lục địa Á–Âu, nơi đất liền nước Nga chỉ cách Alaska (Mỹ) khoảng 82 km qua eo biển Bering. Trên vách đá dựng đứng nhìn ra hai đại dương sừng sững ngọn hải đăng kiêm đài tưởng niệm nhà thám hiểm Semyon Dezhnyov."
chukotka-wrangel-island-reserve,Khu bảo tồn thiên nhiên đảo Wrangel (Ôx-trốp Vran-ghê-lia),Остров Врангеля (заповедник),Wrangel Island Nature Reserve,Khu tự trị Chukotka,park_garden,71.233333,-179.416667,4.5,11,Tripadvisor,Thường là một phần của hành trình du thuyền nhiều ngày ở Bắc Cực,Phải xin giấy phép của ban quản lý khu bảo tồn (có thu phí); chi phí chính là tour du thuyền thám hiểm,"Khu bảo tồn nghiêm ngặt, không mở cửa tự do; chỉ vào được theo đoàn có giấy phép","Cuối tháng 7 đến đầu tháng 9, khi băng biển tan đủ để tàu tiếp cận","https://yandex.com/maps/?pt=-179.416667,71.233333&z=17&l=map","https://www.google.com/maps/search/?api=1&query=71.233333,-179.416667",http://www.ostrovwrangelya.org/,enriched,"Đảo Wrangel là khu bảo tồn thiên nhiên nghiêm ngặt nằm sâu trong Bắc Băng Dương, được UNESCO công nhận Di sản Thế giới năm 2004. Hòn đảo nổi tiếng là 'nhà hộ sinh của gấu Bắc Cực' với mật độ hang đẻ dày nhất hành tinh."
chukotka-anadyr-transfiguration-cathedral,Nhà thờ Chính tòa Chúa Ba Ngôi Anadyr (Xvai-a-tô Trôi-txki Xô-bo),Свято-Троицкий кафедральный собор (Анадырь),Holy Trinity Cathedral (Anadyr),Khu tự trị Chukotka,church,64.735585,177.521783,4.7,16,Tripadvisor,Khoảng 30–45 phút,Miễn phí vào tham quan và dự lễ,Mở cửa hằng ngày theo giờ lễ (thường buổi sáng và chiều); nên kiểm tra lịch trước khi đến,Có thể đến quanh năm; mùa hè (tháng 7–8) thời tiết dễ chịu để đi bộ ngắm bên ngoài,"https://yandex.com/maps/?pt=177.521783,64.735585&z=17&l=map","https://www.google.com/maps/search/?api=1&query=64.735585,177.521783",https://anadyr-1.cerkov.ru/,enriched,"Nhà thờ Chính tòa Chúa Ba Ngôi ở Anadyr là ngôi thánh đường bằng gỗ lớn nhất thế giới còn hoạt động, và là một trong những nhà thờ đầu tiên được dựng hoàn toàn trên nền băng vĩnh cửu. Chín mái vòm ánh kim của công trình là biểu tượng rực rỡ giữa thành phố cực đông nước Nga."
chukotka-egvekinot-arctic-circle,Egvekinot – Cổng vòm Vòng Bắc Cực (Pô-lia-rnưi Krug),"Эгвекинот, арка «Полярный круг»",Egvekinot & the Arctic Circle Arch,Khu tự trị Chukotka,monument|park_garden,66.318333,-179.123333,,,,Khoảng nửa ngày cho chuyến đi và chụp ảnh tại cổng vòm,Miễn phí; chi phí là thuê xe/tour đi dọc đường Iultin,"Cổng vòm ngoài trời, tham quan tự do bất kể giờ giấc",Tháng 7–8 để đi đường thuận lợi; cuối thu và mùa đông để săn cực quang,"https://yandex.com/maps/?pt=-179.123333,66.318333&z=17&l=map","https://www.google.com/maps/search/?api=1&query=66.318333,-179.123333",,enriched,"Egvekinot là thị trấn cảng nhỏ nép bên vịnh Kresta, cửa ngõ để chạm tay vào Vòng Bắc Cực. Cách trung tâm chừng 24 km trên con đường huyền thoại đi Iultin sừng sững cổng vòm bê tông «Vòng Bắc Cực» dựng năm 1981 — tấm 'danh thiếp' của cả vùng."
chukotka-meynypilgyno-birds,Làng Meynypilgyno – vùng chim rẽ mỏ thìa (Mây-nư-pin-gư-nô),Мейныпильгыно,Meynypilgyno,Khu tự trị Chukotka,park_garden,62.583333,176.9,,,,Thường vài ngày trong khuôn khổ một chuyến đi quan sát chim chuyên biệt,Không bán vé; cần sắp xếp qua tổ chức/tour chuyên đề (thường có chi phí),Không có giờ giấc cố định; hoạt động quan sát chim diễn ra ngoài trời trên lãnh nguyên,"Tháng 6 đến đầu tháng 7, đúng mùa sinh sản của chim rẽ mỏ thìa","https://yandex.com/maps/?pt=176.9,62.583333&z=17&l=map","https://www.google.com/maps/search/?api=1&query=62.583333,176.9",https://birdschukotka.com,enriched,"Meynypilgyno là ngôi làng Chukchi nhỏ bên bờ Biển Bering, nổi tiếng toàn cầu là một trong những bãi sinh sản cuối cùng của chim rẽ mỏ thìa — loài chim cực kỳ nguy cấp. Đây được xem là 'thánh địa' của giới quan sát chim và các nhà bảo tồn."
chuvashia-cheboksary-bay,Vịnh Cheboksary (Cheboksarsky Zaliv),Чебоксарский залив,Cheboksary Bay,Cộng hoà Chuvashia,park_garden|square_street,56.1475,47.2475,4.6,53,Tripadvisor,1-2 giờ,Miễn phí,"Không gian công cộng ngoài trời, mở cửa tự do cả ngày; đài phun nước và quán xá hoạt động chủ yếu mùa ấm (tháng 5-9).","Chiều tối mùa hè để ngắm hoàng hôn, đài phun nước và ánh đèn; hoặc mùa đông để trượt băng.","https://yandex.com/maps/?pt=47.2475,56.1475&z=17&l=map","https://www.google.com/maps/search/?api=1&query=56.1475,47.2475",,enriched,"Nằm ngay giữa lòng thủ phủ Cheboksary, Vịnh Cheboksary là 'trái tim' cảnh quan và sinh hoạt của cả thành phố. Vịnh hình thành khi hồ chứa nhà máy thủy điện Cheboksary dâng nước, và nay là quần thể bờ kè, quảng trường, đài phun nước cùng cây cầu đi bộ biểu tượng."
chuvashia-mother-patroness-monument,Tượng đài Mẹ Bảo Trợ (Monument Materi-Pokrovitelnitse),Монумент Матери-Покровительнице,Monument to the Mother Patroness,Cộng hoà Chuvashia,monument,56.14872,47.24193,4.5,248,Tripadvisor,20-40 phút,Miễn phí,"Ngoài trời, tham quan tự do mọi thời điểm trong ngày.",Hoàng hôn và buổi tối khi tượng được chiếu sáng; mùa hè để kết hợp dạo vịnh.,"https://yandex.com/maps/?pt=47.24193,56.14872&z=17&l=map","https://www.google.com/maps/search/?api=1&query=56.14872,47.24193",,enriched,"Cao 46 mét và vươn lên từ mỏm đất bên bờ Vịnh Cheboksary, Tượng đài Mẹ Bảo Trợ khắc họa hình tượng người mẹ Chuvash trong trang phục truyền thống, dang rộng vòng tay che chở. Khánh thành năm 2003, tượng đã trở thành biểu tượng không chính thức của thành phố."
chuvashia-chuvash-national-museum,Bảo tàng Quốc gia Chuvash (Chuvashsky Natsionalny Muzey),Чувашский национальный музей,Chuvash National Museum,Cộng hoà Chuvashia,museum,56.145398,47.252661,4.5,80,Tripadvisor,"1,5-2 giờ",Có bán vé vào cửa; giá thay đổi theo khu trưng bày và loại vé - tham khảo tại quầy vé hoặc website chính thức.,"Thứ Ba, Tư, Sáu, Bảy, Chủ nhật 10:00-18:00 (quầy vé đến 17:30); thứ Năm 12:00-20:00 (quầy vé đến 19:30); nghỉ thứ Hai.",Ban ngày trong tuần để tránh đông; kết hợp dạo Quảng trường Đỏ và Vịnh Cheboksary.,"https://yandex.com/maps/?pt=47.252661,56.145398&z=17&l=map","https://www.google.com/maps/search/?api=1&query=56.145398,47.252661",https://chnmuseum.ru,enriched,"Thành lập năm 1921, Bảo tàng Quốc gia Chuvash là bảo tàng lớn và lâu đời nhất của nước cộng hòa, lưu giữ hơn 202.000 hiện vật. Đây là nơi tốt nhất để hiểu về lịch sử, thiên nhiên và bản sắc văn hóa độc đáo của người Chuvash."
chuvashia-shorshely-nikolayev-space-museum,Bảo tàng Du hành Vũ trụ Shorshely (Tổ hợp tưởng niệm A. G. Nikolayev),"Музей космонавтики (Мемориальный комплекс лётчика-космонавта А. Г. Николаева), Шоршелы","Cosmonautics Museum (A. G. Nikolayev Memorial Complex), Shorshely",Cộng hoà Chuvashia,museum,56.00694,47.59111,,,,"1-1,5 giờ","Vé người lớn 80 RUB, sinh viên 70 RUB, học sinh 60 RUB, khách nước ngoài 100 RUB; tour hướng dẫn 200-500 RUB tùy nhóm.",Mở cửa hằng ngày 09:00-18:00 (quầy vé đến 17:00).,Quanh năm; nên đi buổi sáng để có thời gian xem cung thiên văn và khu nhà tưởng niệm.,"https://yandex.com/maps/?pt=47.59111,56.00694&z=17&l=map","https://www.google.com/maps/search/?api=1&query=56.00694,47.59111",https://kosmos-memorial.ru,enriched,"Tọa lạc tại làng Shorshely - quê hương nhà du hành vũ trụ Andriyan Nikolayev, tổ hợp tưởng niệm mở cửa từ năm 1972 là một trong những bảo tàng du hành vũ trụ nổi bật nhất vùng Volga. Nơi đây trưng bày khoang hạ cánh tàu vũ trụ thật, mô hình tàu Vostok - Soyuz và ngôi nhà gỗ thời thơ ấu của Nikolayev."
chuvashia-alatyr-monasteries,Các tu viện ở Alatyr (Tu viện Chúa Ba Ngôi và Tu viện Kiev-Nikolaev),Монастыри Алатыря (Свято-Троицкий и Киево-Николаевский монастыри),Monasteries of Alatyr (Holy Trinity & Kiev-Nikolaev Monasteries),Cộng hoà Chuvashia,church,54.854044,46.593791,,,,1-2 giờ cho cả cụm tu viện,Miễn phí (khuyến khích quyên góp công đức),Các tu viện mở cửa hằng ngày theo giờ lễ (thường từ sáng sớm đến chiều tối); nên tránh giờ hành lễ nếu chỉ tham quan.,Mùa hè khi thời tiết dễ chịu; các dịp đại lễ Chính thống giáo có không khí trang nghiêm đặc biệt.,"https://yandex.com/maps/?pt=46.593791,54.854044&z=17&l=map","https://www.google.com/maps/search/?api=1&query=54.854044,46.593791",,enriched,"Nằm ở cực nam Chuvashia, thành phố cổ Alatyr được coi là một trung tâm hành hương Chính thống giáo với những tu viện lâu đời. Nổi bật nhất là Tu viện Chúa Ba Ngôi (thành lập năm 1584) cùng tháp chuông bê tông cao 81,6 m thuộc hàng cao nhất nước Nga."
chuvashia-cheboksary-vvedensky-cathedral,Nhà thờ chính tòa Vvedensky (Nhà thờ Đức Mẹ Vào Đền Thánh),Введенский собор,Vvedensky (Presentation) Cathedral,Cộng hoà Chuvashia,church,56.151758,47.246595,4.7,23,Tripadvisor,30-45 phút,Miễn phí (khuyến khích quyên góp),Mở cửa hằng ngày theo giờ lễ (thường từ sáng sớm đến khoảng 19:00); lễ vào buổi sáng và chiều tối.,Buổi sáng khi có ánh sáng đẹp và ít đông; giờ lễ để cảm nhận không khí phụng vụ.,"https://yandex.com/maps/?pt=47.246595,56.151758&z=17&l=map","https://www.google.com/maps/search/?api=1&query=56.151758,47.246595",https://sobor-vvedenie.ru,enriched,"Được dựng không muộn hơn năm 1657, Nhà thờ Vvedensky là công trình bằng đá cổ nhất còn tồn tại ở Chuvashia và là nhà thờ chính tòa của giáo phận. Bên trong lưu giữ những bức bích họa thế kỷ 17 được xem là độc nhất vô nhị ở vùng trung lưu sông Volga."
chuvashia-yadrin-historic,Thị trấn cổ Yadrin,Ядрин (исторический центр),Yadrin (historic town),Cộng hoà Chuvashia,square_street|church,55.9333,46.2,,,,Nửa ngày (2-4 giờ dạo trung tâm),Dạo phố miễn phí; bảo tàng địa phương thu phí nhỏ.,Là thị trấn nên khu phố cổ tham quan tự do mọi lúc; các bảo tàng và nhà thờ có giờ mở riêng (thường ban ngày).,"Cuối xuân đến đầu thu khi thời tiết dễ chịu và cây xanh, thuận tiện đi bộ ngắm kiến trúc.","https://yandex.com/maps/?pt=46.2,55.9333&z=17&l=map","https://www.google.com/maps/search/?api=1&query=55.9333,46.2",,enriched,"Nằm bên sông Sura ở phía tây Chuvashia, Yadrin là một thị trấn thương nhân cổ được lập từ năm 1590. Trung tâm nhỏ nhắn còn lưu giữ nhiều nhà thờ và dinh thự thương gia thế kỷ 19 - đầu thế kỷ 20 mang phong cách chiết trung và Art Nouveau."
crimea-swallows-nest,Lâu đài Tổ Chim Én (Lastochkino Gnezdo),Ласточкино гнездо,Swallow's Nest,Cộng hoà Krym,monument|palace,44.430556,34.128333,4.3,889,Tripadvisor,"Khoảng 1-1,5 giờ.","Vào khu vực ngắm cảnh miễn phí; vé vào bên trong khoảng 200 rúp/người lớn, 100 rúp/trẻ em (có thể thay đổi).","Khoảng tháng 5-10: 9:00-19:00 hằng ngày; tháng 11-4: 9:00-16:00, đóng cửa thứ Hai. Khu vực quanh lâu đài mở tự do.","Sáng sớm hoặc chiều muộn để tránh đông và có ánh sáng đẹp; mùa xuân, đầu thu dễ chịu nhất.","https://yandex.com/maps/?pt=34.128333,44.430556&z=17&l=map","https://www.google.com/maps/search/?api=1&query=44.430556,34.128333",https://lasto4kinognezdo.ru,enriched,"Tổ Chim Én là toà lâu đài tân Gothic tí hon chênh vênh trên vách đá Aurora cao 40 mét, nhô hẳn ra Biển Đen. Đây là biểu tượng nổi tiếng nhất của bán đảo Krym và là điểm chụp ảnh không thể bỏ qua khi tới Yalta."
crimea-livadia-palace,Cung điện Livadia (Livadiysky dvorets),Ливадийский дворец,Livadia Palace,Cộng hoà Krym,palace|museum,44.46778,34.14333,4.6,778,Tripadvisor,"Khoảng 1,5-2 giờ.","Khoảng 400 rúp/người lớn, 250 rúp cho sinh viên và người cao tuổi, 100 rúp cho trẻ dưới 16 tuổi; vào công viên miễn phí.",Thường 10:00-16:00; nghỉ thứ Hai và thứ Tư (giờ có thể thay đổi theo mùa). Công viên mở tự do.,Buổi sáng để tránh đoàn đông; mùa xuân đến đầu thu khi công viên xanh tươi.,"https://yandex.com/maps/?pt=34.14333,44.46778&z=17&l=map","https://www.google.com/maps/search/?api=1&query=44.46778,34.14333",https://livadia-palace.ru,enriched,"Cung điện Livadia là dinh nghỉ hè cuối cùng của Sa hoàng Nicholas II, nổi bật với kiến trúc Tân Phục Hưng bằng đá vôi trắng Krym. Nơi đây từng diễn ra Hội nghị Yalta lịch sử năm 1945."
crimea-vorontsov-palace-alupka,Cung điện Vorontsov (Vorontsovsky dvorets),Воронцовский дворец,Vorontsov Palace,Cộng hoà Krym,palace|park_garden,44.419683,34.0542,4.8,1338,Tripadvisor,"Khoảng 2,5-3 giờ cho cả cung điện và công viên.","Vé sảnh nghi lễ chính khoảng 500 rúp/người lớn, 300 rúp/trẻ em; vé liên hợp nhiều khu khoảng 850 rúp. Dạo công viên khoảng 200 rúp.","Mở cửa cả tuần; mùa hè (1/7-15/9) khoảng 8:00-20:00, các mùa khác 9:00-17:00 hoặc 18:00. Công viên mở từ sáng sớm đến tối.",Cuối xuân và đầu thu; buổi sáng để tránh xếp hàng lâu.,"https://yandex.com/maps/?pt=34.0542,44.419683&z=17&l=map","https://www.google.com/maps/search/?api=1&query=44.419683,34.0542",https://worontsovpalace.ru,enriched,"Cung điện Vorontsov ở Alupka là kiệt tác pha trộn phong cách lâu đài Anh và hoạ tiết Moor, nép mình dưới chân núi Ai-Petri. Công viên bao quanh với hồ, thác và cây cổ thụ được xem là một trong những công viên đẹp nhất Krym."
crimea-bakhchisaray-khan-palace,"Cung điện Hãn (Khansky dvorets, Bakhchisaray)",Ханский дворец (Бахчисарай),Khan's Palace (Bakhchisaray),Cộng hoà Krym,palace|museum,44.748672,33.881961,4.3,630,Tripadvisor,"Khoảng 1,5-2 giờ.","Vé liên hợp khoảng 500 rúp/người lớn, 250 rúp/sinh viên; vé từng khu 100-300 rúp tuỳ khu vực; tham quan có hướng dẫn riêng khoảng 1.500 rúp.",Thứ Tư-Chủ nhật 9:00-17:00; mùa hè có thể mở hằng ngày đến 20:00. Nên kiểm tra lịch trước khi đi.,"Buổi sáng, mùa xuân hoặc thu; tránh giữa trưa mùa hè oi bức.","https://yandex.com/maps/?pt=33.881961,44.748672&z=17&l=map","https://www.google.com/maps/search/?api=1&query=44.748672,33.881961",https://handvorec.ru,enriched,"Cung điện Hãn (Hansaray) ở Bakhchisaray là dinh thự duy nhất còn lại của các Hãn Krym, mang đậm phong cách Hồi giáo - Ottoman. Nổi tiếng nhất là 'Đài phun nước Mắt' đã đi vào thơ ca của Pushkin."
crimea-chufut-kale,Thành phố hang động Chufut-Kale (Chufut-Kale),Чуфут-Кале,Chufut-Kale (cave town),Cộng hoà Krym,fortress|monument,44.741325,33.924586,4.7,349,Tripadvisor,Khoảng 2-3 giờ tính cả đường lên xuống.,"Khoảng 200 rúp/người lớn, 150 rúp/người cao tuổi, 100 rúp/sinh viên; hướng dẫn có thể thêm khoảng 100 rúp. Thường chỉ nhận tiền mặt.",Khoảng 9:00-17:00 hằng ngày (mùa đông có thể đóng sớm hơn).,"Sáng sớm, mùa xuân hoặc thu; tránh giữa trưa mùa hè.","https://yandex.com/maps/?pt=33.924586,44.741325&z=17&l=map","https://www.google.com/maps/search/?api=1&query=44.741325,33.924586",https://handvorec.ru,enriched,Chufut-Kale là thành phố hang động - pháo đài cổ nằm cheo leo trên cao nguyên đá vôi gần Bakhchisaray. Những hang động đục vào vách đá và tầm nhìn xuống thung lũng khiến nơi đây vừa huyền bí vừa ngoạn mục.
crimea-ai-petri,Núi Ai-Petri (gora Ay-Petri),Ай-Петри,Ai-Petri,Cộng hoà Krym,other,44.448669,34.05577,4.6,979,Tripadvisor,Khoảng 3-4 giờ cả đi cáp treo và tham quan đỉnh.,"Vé cáp treo một chiều khoảng 400 rúp/người lớn, 250 rúp/trẻ em (chưa gồm các trò chơi trên đỉnh).","Cáp treo mùa hè: ga dưới khoảng 10:00-16:00, ga trên đến khoảng 17:00 (thay đổi theo mùa và thời tiết). Có thể lên núi bằng ô tô quanh năm.","Ngày trời quang; đi thật sớm để tránh xếp hàng; mùa hè mát mẻ, mùa đông có tuyết.","https://yandex.com/maps/?pt=34.05577,44.448669&z=17&l=map","https://www.google.com/maps/search/?api=1&query=44.448669,34.05577",,enriched,"Ai-Petri là đỉnh núi biểu tượng cao 1.234 m của dãy núi Krym, nổi bật với những 'răng' đá lởm chởm trên nền trời. Tuyến cáp treo từ Miskhor lên đỉnh là một trong những tuyến dài nhất châu Âu."
crimea-massandra-palace,Cung điện Massandra (Massandrovsky dvorets),Массандровский дворец,Massandra Palace,Cộng hoà Krym,palace|museum,44.517167,34.2025,4.6,388,Tripadvisor,"Khoảng 1-1,5 giờ.","Khoảng 450 rúp/người lớn, 250 rúp cho lứa 16-18 tuổi.",Hằng ngày 9:00-17:00; tháng 4-10 mở đến 18:00. Tham quan chủ yếu theo tour có hướng dẫn.,Mùa xuân đến thu khi công viên xanh tươi; buổi sáng yên tĩnh hơn.,"https://yandex.com/maps/?pt=34.2025,44.517167&z=17&l=map","https://www.google.com/maps/search/?api=1&query=44.517167,34.2025",,enriched,"Cung điện Massandra là dinh thự nghỉ dưỡng của Sa hoàng Alexander III, gợi nhớ những lâu đài vùng Loire nước Pháp. Toà nhà nhỏ nhắn, lãng mạn giữa công viên rừng với hàng trăm loài cây."
crimea-sudak-genoese-fortress,Pháo đài Genoa ở Sudak (Genuezskaya krepost),Генуэзская крепость (Судак),Genoese Fortress (Sudak),Cộng hoà Krym,fortress|monument,44.84028,34.95778,4.6,900,Tripadvisor,"Khoảng 1,5-2 giờ.","Khoảng 250 rúp/người lớn, 150 rúp/sinh viên và lứa 16-18 tuổi; trẻ dưới 16 tuổi miễn phí.",Mùa hè (khoảng 1/5-30/9) 8:00-20:00 hằng ngày; ngoài mùa thường 9:00-18:00 và có thể đóng sớm hơn.,"Sáng sớm hoặc chiều muộn; cuối xuân, đầu thu dễ chịu nhất.","https://yandex.com/maps/?pt=34.95778,44.84028&z=17&l=map","https://www.google.com/maps/search/?api=1&query=44.84028,34.95778",,enriched,Pháo đài Genoa ở Sudak là toà thành trung cổ hùng vĩ do người Genoa xây trên ngọn đồi đá cạnh Biển Đen. Những bức tường và tháp canh còn lại tạo nên khung cảnh ngoạn mục nhìn ra vịnh.
crimea-marble-cave-crimea,Hang Đá Cẩm Thạch (Mramornaya peshchera),Мраморная пещера,Marble Cave,Cộng hoà Krym,other,44.797239,34.279452,4.6,142,Tripadvisor,Khoảng 40 phút đến hơn 2 giờ tuỳ tuyến chọn.,Tuỳ tuyến: khoảng 350-500 rúp cho các tuyến phổ biến; tuyến dài đặc biệt tới khoảng 1.200 rúp. Trẻ nhỏ được miễn hoặc giảm giá.,"Hằng ngày, khoảng 8:00/10:00-18:00; tham quan theo đoàn có hướng dẫn.",Quanh năm vì nhiệt độ trong hang ổn định; nên đi buổi sáng để chủ động giờ đoàn.,"https://yandex.com/maps/?pt=34.279452,44.797239&z=17&l=map","https://www.google.com/maps/search/?api=1&query=44.797239,34.279452",https://пещерамраморная.рф,enriched,"Hang Đá Cẩm Thạch trên cao nguyên Chatyr-Dag là một trong những hang động đẹp và được trang bị tốt nhất châu Âu. Bên trong là mê cung thạch nhũ, măng đá và những đại sảnh ngầm khổng lồ."
crimea-yalta-embankment,Bờ kè Yalta mang tên Lenin (Naberezhnaya imeni Lenina),Набережная имени Ленина (Ялта),Yalta Embankment (Lenin Embankment),Cộng hoà Krym,square_street,44.493592,34.165334,4.4,1322,Tripadvisor,"Khoảng 1-2 giờ dạo bộ, có thể lâu hơn nếu ăn uống.","Miễn phí (các dịch vụ ăn uống, du thuyền tính phí riêng).",Mở tự do suốt ngày đêm.,Cuối chiều và buổi tối để ngắm hoàng hôn và tận hưởng không khí sôi động; mùa hè đông vui nhất.,"https://yandex.com/maps/?pt=34.165334,44.493592&z=17&l=map","https://www.google.com/maps/search/?api=1&query=44.493592,34.165334",,enriched,"Bờ kè Lenin là con phố đi bộ ven biển sầm uất và lãng mạn nhất Yalta. Đây là nơi lý tưởng để dạo bộ, ngắm biển, thưởng thức ẩm thực và cảm nhận nhịp sống nghỉ dưỡng của thành phố."
dagestan-naryn-kala-citadel-derbent,"Thành cổ Naryn-Kala, Derbent (Na-rưn Ka-la)",Крепость Нарын-Кала (Дербент),"Naryn-Kala Citadel, Derbent",Cộng hoà Dagestan,fortress|monument|museum,42.05306,48.27417,4.5,13,Nasha Planeta (nashaplaneta.net),Khoảng 1–2 giờ.,"Khoảng 200 rúp/người lớn (công dân Nga), 300 rúp với khách nước ngoài; trẻ em ~100 rúp. Tour có hướng dẫn thu thêm ~600–900 rúp.",Mở cửa hằng ngày 9:00–18:00.,Cuối xuân đến đầu thu; nên đi sáng sớm hoặc chiều mát để tránh nắng gắt.,"https://yandex.com/maps/?pt=48.27417,42.05306&z=17&l=map","https://www.google.com/maps/search/?api=1&query=42.05306,48.27417",https://derbentmuseum.ru/,enriched,"Nằm sừng sững trên đồi cao nhìn xuống phố cổ Derbent và biển Caspi, Naryn-Kala là tòa thành đá gần 1.500 năm tuổi do người Ba Tư Sasan dựng nên. Cùng khu phố cổ và hai bức tường thành chạy ra biển, nơi đây được UNESCO ghi danh Di sản Thế giới năm 2003."
dagestan-juma-mosque-derbent,Thánh đường Juma Derbent (Giu-ma / Dzhuma),Джума-мечеть Дербента,Juma Mosque of Derbent,Cộng hoà Dagestan,church|monument,42.05528,48.27972,4.6,7,Nasha Planeta (nashaplaneta.net),Khoảng 30–60 phút.,"Miễn phí; nếu muốn hướng dẫn viên riêng, phí khoảng 1.500 rúp/nhóm.",Thường mở 8:00–17:00; không đón khách tham quan trong giờ cầu nguyện trưa (khoảng 11:30–12:30) và các giờ lễ khác.,Quanh năm; đẹp và yên tĩnh nhất vào buổi sáng khi phố cổ còn vắng.,"https://yandex.com/maps/?pt=48.27972,42.05528&z=17&l=map","https://www.google.com/maps/search/?api=1&query=42.05528,48.27972",,enriched,"Dựng năm 733–734, Thánh đường Juma ở Derbent là nhà thờ Hồi giáo cổ nhất nước Nga và toàn không gian hậu Xô-viết. Sân trong rợp bóng bốn cây tiêu huyền cổ thụ cùng mái vòm trầm mặc khiến nơi đây thành điểm hành hương và tham quan đặc biệt của phố cổ."
dagestan-sulak-canyon,Hẻm núi Sulak (Xu-lắc),Сулакский каньон,Sulak Canyon,Cộng hoà Dagestan,park_garden,43.00944,46.82778,4.8,39,Nasha Planeta (nashaplaneta.net),Nửa ngày đến trọn ngày nếu kết hợp đi xuồng và hồ Chirkey.,"Miễn phí vào các đài ngắm cảnh; dịch vụ đi xuồng thu phí riêng (khoảng 700 rúp/người ở Zubutli, hoặc thuê nguyên xuồng).","Không gian ngoài trời, mở tự do cả ngày; nên tham quan vào ban ngày cho an toàn.","Cuối xuân đến đầu thu, chọn ngày nắng đẹp; đầu hè nhiều ve nên cần mặc kín và xịt chống côn trùng.","https://yandex.com/maps/?pt=46.82778,43.00944&z=17&l=map","https://www.google.com/maps/search/?api=1&query=43.00944,46.82778",,enriched,"Hẻm núi Sulak là một trong những hẻm vực sâu nhất thế giới - có đoạn tới gần 1.920 m, sâu hơn cả Grand Canyon của Mỹ. Dòng Sulak màu ngọc lam len giữa vách đá dựng đứng tạo nên khung cảnh choáng ngợp bậc nhất Dagestan."
dagestan-sarykum-dune,Đồi cát Sarykum (Xa-rư-cum),Бархан Сарыкум,Sarykum Dune,Cộng hoà Dagestan,park_garden,43.01,47.23694,4.7,7,Nasha Planeta (nashaplaneta.net),Khoảng 1–2 giờ.,"Khoảng 200 rúp/người lớn, 100 rúp/trẻ em; bảo tàng thiên nhiên thu thêm ~100 rúp.","Hằng ngày, thường 8:00–18:00 (giờ ban ngày).","Mùa xuân (tháng 4–5) và đầu thu (tháng 9–10) khí hậu dễ chịu; mùa hè rất nóng (30–45°C), chỉ nên đi lúc bình minh hoặc hoàng hôn.","https://yandex.com/maps/?pt=47.23694,43.01&z=17&l=map","https://www.google.com/maps/search/?api=1&query=43.01,47.23694",,enriched,"Sarykum là đồi cát khổng lồ cao tới hơn 250 m - một trong những cồn cát lớn nhất Á-Âu, nằm lạc lõng giữa thảo nguyên và núi non Dagestan. 'Sa mạc thu nhỏ' này còn là phim trường của bộ phim kinh điển Xô-viết 'Mặt trời trắng trên sa mạc'."
dagestan-gamsutl-ghost-village,Làng ma Gamsutl (Gam-xútl),Гамсутль,Gamsutl (ghost village),Cộng hoà Dagestan,monument|other,42.30278,46.99639,4.4,14,Nasha Planeta (nashaplaneta.net),Khoảng 2–3 giờ cả lên và xuống.,"Miễn phí vào làng; xe địa hình UAZ chở một đoạn ~100 rúp/người, thuê ngựa ~1.000 rúp/người (tùy chọn).","Ngoài trời, tự do tham quan; nên đi ban ngày, đẹp nhất sáng sớm hoặc trước hoàng hôn.","Cuối xuân đến đầu thu, trời khô ráo; tránh ngày mưa vì đường trơn.","https://yandex.com/maps/?pt=46.99639,42.30278&z=17&l=map","https://www.google.com/maps/search/?api=1&query=42.30278,46.99639",,enriched,"Gamsutl là ngôi làng ma cheo leo trên đỉnh núi cao 1.400 m, từng tồn tại hàng nghìn năm trước khi người dân cuối cùng rời đi. Những ngôi nhà đá hoang phế hòa vào vách núi khiến nơi đây được ví như 'Machu Picchu của Dagestan'."
dagestan-gunib,Làng và pháo đài Gunib (Gu-níp),Гуниб,Gunib,Cộng hoà Dagestan,fortress|monument,42.38667,46.96167,,,,"Khoảng 1,5–2 giờ cho pháo đài; nửa ngày nếu khám phá cả vùng.",Miễn phí.,"Làng và pháo đài ngoài trời, tham quan tự do; nên đi ban ngày.","Cuối xuân đến đầu thu, trời khô ráo và nhiều nắng.","https://yandex.com/maps/?pt=46.96167,42.38667&z=17&l=map","https://www.google.com/maps/search/?api=1&query=42.38667,46.96167",,enriched,"Gunib là ngôi làng miền núi gắn với trang sử bi tráng của Kavkaz: chính tại đây năm 1859, Imam Shamil đầu hàng quân Nga, khép lại cuộc Chiến tranh Kavkaz kéo dài. Cao nguyên xanh mát cùng pháo đài đá và tầm nhìn núi non khiến Gunib được mệnh danh 'ngôi làng gần bầu trời'."
dagestan-saltinskaya-gorge-waterfall,Thác nước ngầm hẻm Saltinskaya (Xan-tin-xcai-a),Салтинская теснина (Салтинский водопад),Saltinskaya Gorge (Saltinsky Waterfall),Cộng hoà Dagestan,park_garden|other,42.389392,47.06702,4.5,13,Nasha Planeta (nashaplaneta.net),"Khoảng 20–30 phút tại thác, tổng cộng ~1 giờ tính cả đường đi bộ.","Khoảng 100 rúp/người lớn, trẻ em miễn phí; có thể thuê ủng lội nước ~100 rúp.",Không có giờ cố định; nên tham quan vào ban ngày cho an toàn.,Cuối xuân đến đầu hè (tháng 5–7) khi nước nhiều và thác đẹp nhất; cuối hè có thể cạn.,"https://yandex.com/maps/?pt=47.06702,42.389392&z=17&l=map","https://www.google.com/maps/search/?api=1&query=42.389392,47.06702",,enriched,"Ẩn trong khe núi hẹp gần làng Salta, thác Saltinskaya là thác nước ngầm duy nhất ở Dagestan. Dòng nước từ trên cao đổ xuống qua một 'ô cửa' đá tròn, lung linh giữa lòng hang, tạo nên cảnh tượng huyền ảo hiếm có."
dagestan-makhachkala-central-mosque,Thánh đường Trung tâm Makhachkala (Ma-khát-ka-la),Центральная Джума-мечеть Махачкалы,Central Juma Mosque (Grand Mosque) of Makhachkala,Cộng hoà Dagestan,church|monument,42.96917,47.49389,,,,Khoảng 30–45 phút.,Miễn phí.,"Mở cửa hằng ngày; giờ đón khách thay đổi theo giờ cầu nguyện, không vào trong lúc đang hành lễ (có thể chờ ~15–20 phút ở công viên bên cạnh).","Quanh năm; đẹp nhất vào ban ngày để chiêm ngưỡng nội thất, hoặc chiều tối khi lên đèn.","https://yandex.com/maps/?pt=47.49389,42.96917&z=17&l=map","https://www.google.com/maps/search/?api=1&query=42.96917,47.49389",https://massjid.ru,enriched,"Thánh đường Trung tâm Makhachkala là một trong những nhà thờ Hồi giáo lớn nhất nước Nga và châu Âu, có thể chứa tới 17.000 tín đồ. Lấy cảm hứng từ Thánh đường Xanh ở Istanbul, công trình trắng muốt với mái vòm xanh là biểu tượng của thủ phủ Dagestan."
ingushetia-vovnushki-towers,Cụm tháp cổ Vovnushki (Vô-vnu-ski),Вовнушки,Vovnushki Towers,Cộng hoà Ingushetia,fortress|monument,42.800556,44.995278,,,,Khoảng 1–2 giờ tại điểm; trọn ngày nếu kết hợp các cụm tháp lân cận.,"Tự do tham quan khu tháp ngoài trời. Lưu ý: khu vực nằm trong vùng biên giới giáp Gruzia, du khách (đặc biệt người nước ngoài) cần xin giấy phép vào vùng biên giới trước.","Di tích ngoài trời, có thể tham quan ban ngày quanh năm; không có giờ đóng/mở cố định.",Cuối xuân đến đầu thu (tháng 5–9) khi thời tiết núi ổn định và đường dễ đi.,"https://yandex.com/maps/?pt=44.995278,42.800556&z=17&l=map","https://www.google.com/maps/search/?api=1&query=42.800556,44.995278",,enriched,"Vovnushki là cụm tháp phòng thủ thời trung cổ nổi tiếng của người Ingush, gồm những tòa tháp đá dựng chênh vênh trên các mỏm đá dựng đứng giữa hẻm núi Guloykhi. Công trình từng lọt vào chung kết cuộc bình chọn 'Bảy kỳ quan nước Nga' năm 2008 và trở thành biểu tượng của vùng núi Ingushetia."
ingushetia-erzi-tower-complex,Quần thể tháp Erzi (Ơ-di),Эрзи,Erzi Tower Complex,Cộng hoà Ingushetia,fortress|monument,42.795,44.716,,,,Khoảng 1–2 giờ tham quan quần thể.,Không thu vé cố định cho khu tháp ngoài trời; khu vực thuộc vùng biên giới nên cần giấy phép vào vùng biên giới (đặc biệt với người nước ngoài).,"Di tích ngoài trời trong khu bảo tồn, tham quan ban ngày quanh năm; không có giờ cố định.","Tháng 5–9, khi đường núi khô ráo và tầm nhìn tốt.","https://yandex.com/maps/?pt=44.716,42.795&z=17&l=map","https://www.google.com/maps/search/?api=1&query=42.795,44.716",,enriched,"Erzi (nghĩa là 'đại bàng' trong tiếng Ingush) là một trong những quần thể tháp trung cổ lớn và được bảo tồn tốt nhất của Ingushetia. Cụm tháp chiến và tháp ở bằng đá nằm giữa vùng núi cao, nay thuộc Khu bảo tồn thiên nhiên mang chính tên Erzi."
ingushetia-tkhaba-yerdy-church,Nhà thờ cổ Tkhaba-Yerdy (Tkha-ba Ơ-đi),Тхаба-Ерды,Tkhaba-Yerdy Church,Cộng hoà Ingushetia,church,42.8091,44.9392,,,,Khoảng 30–60 phút.,Tự do tham quan; khu vực thuộc vùng biên giới nên cần giấy phép vào vùng biên giới.,"Di tích ngoài trời, tham quan ban ngày quanh năm; không có giờ cố định.",Cuối xuân đến đầu thu (tháng 5–9).,"https://yandex.com/maps/?pt=44.9392,42.8091&z=17&l=map","https://www.google.com/maps/search/?api=1&query=42.8091,44.9392",,enriched,Tkhaba-Yerdy là nhà thờ Kitô giáo trung cổ lớn nhất còn lại ở Ingushetia và được nhiều học giả xem là một trong những nhà thờ Kitô giáo cổ nhất trên lãnh thổ nước Nga. Ngôi đền đá theo phong cách vương cung thánh đường Gruzia ẩn mình giữa hẻm núi Assa hoang vắng.
ingushetia-dzheyrakh-gorge,Hẻm núi Dzheyrakh (Dzhây-rắc),Джейрахское ущелье,Dzheyrakh Gorge,Cộng hoà Ingushetia,park_garden,42.792,44.74,,,,"Nửa ngày đến trọn ngày, tùy số điểm ghé thăm.",Không thu vé vào hẻm núi; toàn khu thuộc vùng biên giới nên bắt buộc có giấy phép vào vùng biên giới.,"Không gian thiên nhiên mở, tham quan quanh năm; các điểm di tích thăm ban ngày.","Tháng 6–9 cho thời tiết đẹp; mùa đông có tuyết, phù hợp trượt tuyết ở Armkhi.","https://yandex.com/maps/?pt=44.74,42.792&z=17&l=map","https://www.google.com/maps/search/?api=1&query=42.792,44.74",,enriched,"Hẻm núi Dzheyrakh là trái tim của vùng núi Ingushetia — một thung lũng hùng vĩ dọc sông Armkhi, nơi tập trung dày đặc các làng tháp trung cổ. Đây là cửa ngõ vào Khu bảo tồn lịch sử - kiến trúc và tự nhiên Dzheyrakh-Assa."
ingushetia-tower-of-concord-magas,Tháp Đồng thuận (Basnya Xa-gla-xia),Башня Согласия,Tower of Concord,Cộng hoà Ingushetia,monument,43.166833,44.80167,,,,"Khoảng 1–1.5 giờ, kể cả thời gian leo lên đài quan sát.","Có thu phí tham quan tháp và đài quan sát; mức giá cụ thể (RUB) chưa xác định, nên hỏi tại chỗ.","Hoạt động như bảo tàng - đài quan sát, mở cửa ban ngày; giờ cụ thể nên hỏi/kiểm tra trước khi đến.",Quanh năm; nên chọn ngày trời quang để có tầm nhìn đẹp nhất từ đài quan sát.,"https://yandex.com/maps/?pt=44.80167,43.166833&z=17&l=map","https://www.google.com/maps/search/?api=1&query=43.166833,44.80167",,enriched,"Tháp Đồng thuận (Bashnya Soglasiya) là biểu tượng hiện đại của thủ phủ Magas — một tòa tháp cao 100 m mô phỏng kiểu tháp chiến truyền thống của người Ingush, phóng to gấp bốn lần. Khánh thành năm 2013, đây là công trình cao nhất Ingushetia và là tháp quan sát cao nhất vùng Bắc Kavkaz."
ingushetia-egikal,Làng tháp cổ Egikal (Ê-ghi-can),Эгикал,Egikal,Cộng hoà Ingushetia,monument|fortress,42.835294,44.923332,,,,Khoảng 1.5–2.5 giờ do quần thể trải rộng.,Không thu vé cố định; khu vực thuộc vùng biên giới nên cần giấy phép vào vùng biên giới.,"Di tích ngoài trời, tham quan ban ngày quanh năm; không có giờ cố định.","Tháng 5–9, thời tiết khô ráo dễ đi bộ khám phá.","https://yandex.com/maps/?pt=44.923332,42.835294&z=17&l=map","https://www.google.com/maps/search/?api=1&query=42.835294,44.923332",,enriched,"Egikal là làng - pháo đài lớn nhất của vùng núi Ingushetia, một 'thành phố tháp' trải rộng trên sườn núi Tsey-Loam bên hẻm núi Assa. Nơi đây quy tụ hàng loạt tháp chiến, tháp ở, đền miếu và khu mộ cổ, được xem là một trong những cái nôi của nhiều dòng họ Ingush."
ingushetia-armkhi-resort,Khu nghỉ dưỡng Armkhi (Ạc-mkhi),Армхи,Armkhi Resort,Cộng hoà Ingushetia,park_garden,42.811944,44.707778,,,,Từ nửa ngày tham quan đến nghỉ dưỡng nhiều ngày.,"Vào khu vực nhìn chung không mất phí; các dịch vụ (lưu trú, trượt tuyết, spa) tính phí riêng. Khu vực thuộc vùng biên giới nên cần giấy phép vào vùng biên giới.",Hoạt động quanh năm; mùa trượt tuyết thường vào mùa đông.,Mùa hè để đi bộ - nghỉ dưỡng; mùa đông (khoảng tháng 12–3) để trượt tuyết.,"https://yandex.com/maps/?pt=44.707778,42.811944&z=17&l=map","https://www.google.com/maps/search/?api=1&query=42.811944,44.707778",,enriched,"Armkhi là khu nghỉ dưỡng núi hoạt động quanh năm ở quận Dzheyrakh, nổi tiếng với khí hậu trong lành và lịch sử điều dưỡng lâu đời. Từ trạm điều dưỡng có từ năm 1928, nơi đây đã phát triển thành khu nghỉ với khách sạn, hồ bơi, đường trượt tuyết và các tuyến đi bộ đường dài."
irkutsk-lake-baikal-listvyanka,"Hồ Baikal và làng Listvyanka (Ba-i-can, Li-xtvi-an-ca)","Озеро Байкал, Листвянка","Lake Baikal, Listvyanka",Tỉnh Irkutsk,park_garden|other,51.85,104.8667,4.8,495,Tripadvisor,"Nên dành trọn 1 ngày, lý tưởng là ở lại qua đêm 1–2 ngày","Tham quan làng và bờ hồ miễn phí; chỉ trả tiền cho dịch vụ như cáp treo, đi thuyền hay bảo tàng","Làng và bờ hồ mở cửa tự do suốt ngày; các bảo tàng, quán ăn và chợ thường hoạt động khoảng 9:00–19:00",Tháng 6–9 để đi thuyền và đi bộ; cuối tháng 2 đến đầu tháng 3 để ngắm băng trong,"https://yandex.com/maps/?pt=104.8667,51.85&z=17&l=map","https://www.google.com/maps/search/?api=1&query=51.85,104.8667",,enriched,"Hồ nước ngọt sâu và cổ xưa nhất thế giới, với ngôi làng Listvyanka là cửa ngõ quen thuộc để chạm tay vào Baikal. Nơi giao hòa giữa biển hồ mênh mông và nhịp sống làng chài Siberia mộc mạc."
irkutsk-olkhon-island-shamanka,"Đảo Olkhon và mỏm đá Shamanka (On-khôn, Sa-man-ca, Khuzhir)","Остров Ольхон, скала Шаманка (Хужир)","Olkhon Island, Shamanka Rock (Khuzhir)",Tỉnh Irkutsk,park_garden|other,53.20389,107.34139,4.8,450,Tripadvisor,Khoảng 1–2 giờ tại mỏm đá; nên ở lại đảo 2–3 ngày để khám phá trọn vẹn,Miễn phí ngắm đá Shamanka; có thể phải trả phí vào Vườn quốc gia Pribaikalsky và phí phà,"Ngoài trời, tham quan tự do suốt cả ngày; đẹp nhất vào lúc bình minh và hoàng hôn",Tháng 7–9 khí hậu dễ chịu; tháng 2–3 để ngắm băng và đi trên mặt hồ đóng băng,"https://yandex.com/maps/?pt=107.34139,53.20389&z=17&l=map","https://www.google.com/maps/search/?api=1&query=53.20389,107.34139",,enriched,"Hòn đảo lớn nhất hồ Baikal và trái tim tâm linh của người Buryat, nổi tiếng với khối đá thiêng Shamanka bên làng Khuzhir. Điểm đến mê hoặc bậc nhất Siberia với thảo nguyên, đồi cát và hoàng hôn kỳ ảo."
irkutsk-circum-baikal-railway,Tuyến đường sắt vòng quanh hồ Baikal (Cru-gô-bai-can-xcai-a),Кругобайкальская железная дорога,Circum-Baikal Railway,Tỉnh Irkutsk,other,51.8736,104.7908,4.5,143,Tripadvisor,"Hành trình trọn vẹn khoảng 12–13 tiếng, thường là trọn một ngày",Vé tàu du lịch trọn gói đặt qua công ty lữ hành (giá thay đổi theo tour); tàu địa phương Matanya chỉ khoảng 70 rúp một chiều,"Tàu du lịch Circum-Baikal Express thường khởi hành từ Irkutsk vào thứ Tư và thứ Bảy lúc 8:00, về trong đêm; ngoài ra có tàu địa phương Matanya vào các ngày khác",Cuối tháng 5 đến tháng 9 khi thời tiết ấm và cây cối xanh tốt,"https://yandex.com/maps/?pt=104.7908,51.8736&z=17&l=map","https://www.google.com/maps/search/?api=1&query=51.8736,104.7908",,enriched,"Kỳ tích đường sắt đầu thế kỷ 20 men theo bờ tây nam hồ Baikal, với gần 40 đường hầm và hàng loạt cầu cạn, mái vòm đá. Hành trình tàu chậm ngắm hồ và di sản kỹ thuật hơn một thế kỷ tuổi."
irkutsk-irkutsk-130-kvartal,Khu phố 130 (Kvartal 130 / Irkutskaya Sloboda),130-й квартал (Иркутская слобода),130th Quarter (Irkutsk Sloboda),Tỉnh Irkutsk,square_street,52.27397,104.28966,4.4,959,Tripadvisor,Khoảng 2–3 giờ dạo chơi và thưởng thức ẩm thực,"Vào khu phố hoàn toàn miễn phí; chỉ trả tiền khi ăn uống, mua sắm hoặc vào bảo tàng",Phố đi bộ mở cửa tự do suốt ngày đêm; các nhà hàng và cửa hàng thường mở khoảng 10:00–22:00,"Buổi chiều tối khi lên đèn, quanh năm; ấm áp và dễ chịu nhất từ tháng 5 đến tháng 9","https://yandex.com/maps/?pt=104.28966,52.27397&z=17&l=map","https://www.google.com/maps/search/?api=1&query=52.27397,104.28966",,enriched,"Khu phố đi bộ giữa lòng Irkutsk phục dựng hơn 60 ngôi nhà gỗ Siberia thế kỷ 18–19. Không gian hoài cổ đầy nhà hàng, quán cà phê và cửa hàng lưu niệm, mở đầu bằng tượng linh vật Babr."
irkutsk-taltsy-museum,Bảo tàng Kiến trúc - Dân tộc học Taltsy (Tan-txư),Архитектурно-этнографический музей «Тальцы»,Taltsy Architectural and Ethnographic Museum,Tỉnh Irkutsk,museum|park_garden,51.996385,104.669263,4.7,277,Tripadvisor,Khoảng 2–3 giờ để đi hết khu trưng bày ngoài trời,"Vé vào cửa khoảng 300 rúp/người lớn (áp dụng từ 2026); học sinh, sinh viên khoảng 100 rúp",Mùa hè (tháng 3–10) mở cửa 10:00–18:00; mùa đông (tháng 11–2) 10:00–17:00; đóng cửa ngày 1/1,Mùa hè xanh mát hoặc dịp lễ hội Maslenitsa cuối đông; tiện kết hợp trên đường ra Listvyanka,"https://yandex.com/maps/?pt=104.669263,51.996385&z=17&l=map","https://www.google.com/maps/search/?api=1&query=51.996385,104.669263",https://talci-irkutsk.ru/,enriched,"Một trong những bảo tàng ngoài trời lớn nhất nước Nga, quy tụ hơn 160 công trình gỗ Siberia thế kỷ 17–20 bên sông Angara. Như một ngôi làng cổ sống động tái hiện văn hóa và nếp sống Đông Siberia."
irkutsk-baikal-museum-listvyanka,Bảo tàng Baikal (Bảo tàng Hồ học Baikal),Байкальский музей,Baikal Museum (Limnological Museum),Tỉnh Irkutsk,museum,51.867982,104.832527,4.4,624,Tripadvisor,"Khoảng 1–1,5 giờ tham quan","Người lớn khoảng 400 rúp, trẻ em khoảng 200 rúp; vé lặn ảo và vườn thực vật thu thêm khoảng 100 rúp",Mở cửa hằng ngày khoảng 9:00–19:00 (quầy vé bán đến 18:30),"Quanh năm; thích hợp ghé kèm khi đi chơi Listvyanka, nhất là ngày thời tiết xấu","https://yandex.com/maps/?pt=104.832527,51.867982&z=17&l=map","https://www.google.com/maps/search/?api=1&query=51.867982,104.832527",https://bm.isc.irk.ru/,enriched,"Bảo tàng khoa học duy nhất thế giới dành trọn cho hồ Baikal, nổi bật với hải cẩu nerpa và các bể thủy sinh sống. Điểm dừng lý tưởng để hiểu hệ sinh thái kỳ diệu của hồ ngay tại Listvyanka."
irkutsk-znamensky-monastery-irkutsk,Tu viện Znamensky (Dna-men-xki),Знаменский монастырь,Znamensky Monastery,Tỉnh Irkutsk,church|monument,52.3008,104.2947,4.7,164,Tripadvisor,Khoảng 30–60 phút,Vào cửa miễn phí; hoan nghênh quyên góp tùy tâm,"Mở cửa hằng ngày, thường khoảng 7:00–20:00 theo giờ lễ; nên tránh giờ hành lễ nếu chỉ tham quan",Quanh năm; buổi sáng yên tĩnh và đẹp ánh sáng nhất,"https://yandex.com/maps/?pt=104.2947,52.3008&z=17&l=map","https://www.google.com/maps/search/?api=1&query=52.3008,104.2947",,enriched,"Một trong những tu viện Chính thống giáo cổ xưa nhất Siberia, lập năm 1689 bên sông Angara. Nổi tiếng với kiến trúc baroque duyên dáng và những phần mộ danh nhân lịch sử Nga."
irkutsk-bolshiye-koty,Làng Bolshiye Koty (Bôn-si-ê Cô-tư),Большие Коты,Bolshiye Koty,Tỉnh Irkutsk,park_garden|other,51.90528,105.07528,,,,Đi trong ngày hoặc ở lại qua đêm; đi bộ từ Listvyanka mất khoảng 4–5 giờ,Vào làng miễn phí; có thể phải trả phí Vườn quốc gia Pribaikalsky và vé thuyền,Làng mở tự do suốt ngày; tàu thuyền từ Listvyanka/Irkutsk chủ yếu chạy vào mùa hè,Tháng 6–9 để đi thuyền và đi bộ; mùa đông có thể đi bộ trên mặt hồ băng,"https://yandex.com/maps/?pt=105.07528,51.90528&z=17&l=map","https://www.google.com/maps/search/?api=1&query=51.90528,105.07528",,enriched,"Ngôi làng hẻo lánh bên hồ Baikal không có đường ô tô, chỉ tới được bằng thuyền hay đi bộ. Điểm đến yên tĩnh cho người mê đi bộ đường dài, mang dấu tích cơn sốt vàng Siberia."
ivanovo-plyos,Plyos (Pli-ốt),Плёс,Plyos,Tỉnh Ivanovo,square_street|park_garden,57.4608,41.5135,4.3,258,Tripadvisor (Bảo tàng-nhà Levitan),Từ nửa ngày đến trọn một ngày.,Dạo phố và bờ sông miễn phí; vé Bảo tàng-nhà Levitan và các phân viện của Bảo tàng-khu bảo tồn Plyos khoảng 150–300 RUB mỗi khu.,"Thị trấn tham quan tự do quanh năm; Bảo tàng-nhà Levitan mở khoảng 9:00–17:00, nghỉ thứ Hai (nên kiểm tra lịch theo mùa).",Cuối xuân đến đầu thu (tháng 5–9); đẹp nhất vào lúc hoàng hôn trên sông Volga.,"https://yandex.com/maps/?pt=41.5135,57.4608&z=17&l=map","https://www.google.com/maps/search/?api=1&query=57.4608,41.5135",,enriched,"Plyos là thị trấn nhỏ nép bên hữu ngạn sông Volga, nổi tiếng nhờ danh họa phong cảnh Isaac Levitan từng sống và sáng tác tại đây năm 1889. Những ngọn đồi xanh, nhà thờ gỗ và bến sông lặng gió đã đi thẳng vào các kiệt tác hội họa Nga, biến Plyos thành điểm hành hương của người yêu nghệ thuật."
ivanovo-palekh,Palekh (Pa-lếch),Палех,Palekh,Tỉnh Ivanovo,museum|square_street|church,56.8036,41.8562,4.7,67,Tripadvisor (State Palekh Art Museum),Khoảng 2–4 giờ (nửa ngày nếu thăm nhiều phân viện).,"Vé vào từng phân viện khoảng 100–300 RUB tùy khu; học sinh, sinh viên và trẻ em được giảm giá.",Bảo tàng mở hằng ngày trừ thứ Hai (khoảng 10:00–17:30); các phân viện có thể đóng cửa luân phiên nên xem lịch trên trang muzei-paleh.ru.,Quanh năm; mùa hè và đầu thu thuận tiện di chuyển bằng ô tô từ Ivanovo.,"https://yandex.com/maps/?pt=41.8562,56.8036&z=17&l=map","https://www.google.com/maps/search/?api=1&query=56.8036,41.8562",http://muzei-paleh.ru,enriched,"Palekh là 'thủ phủ' của nghệ thuật tiểu họa sơn mài Nga: những hộp giấy bồi đen bóng được vẽ tay bằng bột màu trứng và vàng lá, kể lại truyện cổ tích và sử thi. Từ một làng vẽ tượng thánh lâu đời, Palekh đã sáng tạo nên một phong cách mỹ nghệ được cả thế giới ngưỡng mộ."
ivanovo-ivanovo-museum-industry-art,Bảo tàng Công nghiệp và Nghệ thuật Ivanovo (I-va-nô-vô),Ивановский музей промышленности и искусства,Ivanovo Museum of Industry and Art,Tỉnh Ivanovo,museum|monument,57.00489,40.97394,,,,"Khoảng 1,5–2,5 giờ.",Vé vào khoảng 150–300 RUB; có vé combo cho các phân viện thuộc Bảo tàng Burylin.,"Mở cửa khoảng 11:00–19:00, nghỉ thứ Hai (và có ngày vệ sinh trong tháng) — nên kiểm tra trên trang igikm.ru.","Quanh năm, thích hợp cho cả ngày mưa hay mùa đông lạnh.","https://yandex.com/maps/?pt=40.97394,57.00489&z=17&l=map","https://www.google.com/maps/search/?api=1&query=57.00489,40.97394",https://igikm.ru,enriched,"Đây là bảo tàng lâu đời và giàu có nhất Ivanovo, do nhà công nghiệp dệt kiêm nhà sưu tầm Dmitry Burylin sáng lập và mở cửa năm 1914. Trong tòa nhà chiết trung lộng lẫy là cả một thế giới cổ vật mà ông gom góp suốt đời từ khắp năm châu."
ivanovo-shchudrovskaya-palatka,Nhà cổ Shchudrovskaya (Su-đrốp-xcai-a Pa-lát-ca),Щудровская палатка,Shchudrovskaya Palatka,Tỉnh Ivanovo,monument|museum,57.0067,40.9758,,,,Khoảng 20–40 phút.,Vé vào khoảng 100–150 RUB; ngắm bên ngoài miễn phí.,"Mở theo lịch của Bảo tàng Burylin (thường khoảng 11:00–17:30, nghỉ thứ Hai) — nên hỏi trước vì công trình nhỏ.",Quanh năm; tiện ghép vào lộ trình dạo bộ trung tâm Ivanovo.,"https://yandex.com/maps/?pt=40.9758,57.0067&z=17&l=map","https://www.google.com/maps/search/?api=1&query=57.0067,40.9758",https://igikm.ru,enriched,"Lều Shchudrovskaya là tòa nhà cổ nhất còn sót lại của Ivanovo và là công trình dân dụng bằng gạch đầu tiên của thành phố, dựng từ cuối thế kỷ 17. Khối nhà hai gian nhỏ bé nhưng chắc nịch này đã chứng kiến gần bốn thế kỷ thăng trầm của xứ dệt."
ivanovo-kineshma,Kineshma (Ki-nhê-sma),Кинешма,Kineshma,Tỉnh Ivanovo,square_street|park_garden,57.4398,42.1442,4.8,62,Tripadvisor (Volzhsky Boulevard),Nửa ngày (nhiều hơn nếu đi du thuyền hoặc xem kịch).,Dạo bờ sông miễn phí; vé các bảo tàng nhỏ khoảng 100–250 RUB.,Bờ sông và khu phố cổ tham quan tự do quanh năm; các bảo tàng và nhà hát mở theo giờ riêng.,"Cuối xuân đến đầu thu, khi tàu chạy trên Volga và bờ sông xanh mát nhất.","https://yandex.com/maps/?pt=42.1442,57.4398&z=17&l=map","https://www.google.com/maps/search/?api=1&query=57.4398,42.1442",,enriched,"Kineshma là thành phố cảng cổ bên sông Volga, đô thị lớn thứ nhì tỉnh Ivanovo, nổi tiếng với đại lộ ven sông thơ mộng và những nhà thờ mái vòm vàng. Gắn liền với nhà soạn kịch Ostrovsky, thành phố mang đậm chất tỉnh lẻ Nga cổ điển."
ivanovo-kholui,Kholui (Kho-lui),Холуй,Kholui,Tỉnh Ivanovo,museum|square_street,56.57556,41.87417,4.9,21,Tripadvisor (Museum of Kholui Art),Khoảng 1–2 giờ.,Vé bảo tàng khoảng 150–250 RUB; có thể mua hoặc đặt tranh sơn mài.,Làng tham quan tự do; Bảo tàng Nghệ thuật Kholui mở hằng ngày trừ thứ Hai (khoảng 10:00–17:00) — nên hỏi trước với khách nước ngoài.,Mùa xuân để thấy làng ngập nước; mùa hè và thu thuận tiện di chuyển.,"https://yandex.com/maps/?pt=41.87417,56.57556&z=17&l=map","https://www.google.com/maps/search/?api=1&query=56.57556,41.87417",,enriched,"Kholui là ngôi làng nhỏ bên sông Teza, một trong những cái nôi của nghệ thuật sơn mài Nga bên cạnh Palekh. Phong cách Kholui mộc mạc, đời thường và ưa dùng gam xanh lục, gắn liền với truyền thống vẽ tượng thánh hàng trăm năm."
ivanovo-shuya,Shuya (Su-a),Шуя,Shuya,Tỉnh Ivanovo,square_street|church,56.8556,41.3806,5.0,3,Tripadvisor (Shuya Bell Tower),Nửa ngày cho cả thành phố.,Vào nhà thờ miễn phí; leo tháp chuông khoảng 100 RUB.,Nhà thờ mở theo giờ lễ; tháp chuông có đài quan sát mở ban ngày (tùy mùa và thời tiết).,Mùa hè để leo tháp thuận lợi; mùa đông hợp với không khí 'Giáng sinh Nga'.,"https://yandex.com/maps/?pt=41.3806,56.8556&z=17&l=map","https://www.google.com/maps/search/?api=1&query=56.8556,41.3806",,enriched,"Shuya là thành phố cổ bên sông Teza, nổi danh với tháp chuông đứng độc lập cao 106 m của Nhà thờ Phục Sinh — một trong những tháp chuông Chính Thống giáo cao nhất thế giới. Thành phố còn được mệnh danh là 'thủ đô Giáng sinh Nga'."
ivanovo-ivanovo-constructivism,"Kiến trúc Kết cấu Ivanovo: Nhà-Tàu thủy và Nhà-Móng ngựa (Đôm-ca-ráp, Đôm-pốt-cô-va)",Ивановский конструктивизм: Дом-корабль и Дом-подкова,Ivanovo Constructivism: the House-Ship and the Horseshoe House,Tỉnh Ivanovo,monument|other,56.9994,40.9814,,,,Khoảng 30–60 phút cho cả hai công trình.,Miễn phí (chỉ tham quan ngoại thất).,"Ngắm bên ngoài tự do bất cứ lúc nào (đều là chung cư dân sinh, không vào bên trong).",Ban ngày có ánh sáng tốt để chụp ảnh; kết hợp tour đi bộ kiến trúc Kết cấu.,"https://yandex.com/maps/?pt=40.9814,56.9994&z=17&l=map","https://www.google.com/maps/search/?api=1&query=56.9994,40.9814",,enriched,Ivanovo là 'bảo tàng ngoài trời' của kiến trúc Kết cấu (constructivism) Xô-viết thập niên 1920–1930. Nổi bật nhất là Nhà-Tàu thủy trông như một con tàu rẽ sóng và Nhà-Móng ngựa hình chữ U độc đáo — những khối bê tông táo bạo của thời kỳ tiên phong.
jewish-ao-birobidzhan-menorah-square,Đài Menorah trên Quảng trường Nhà ga (Menora),Менора (монумент-фонтан на Привокзальной площади),Menorah Monument (Station Square),Tỉnh tự trị Do Thái,monument,48.7926,132.9345,,,,Khoảng 10–20 phút.,Miễn phí.,"Không gian ngoài trời trên quảng trường, tham quan tự do 24/7. Đài phun nước thường chỉ hoạt động vào mùa ấm (khoảng tháng 5–9).",Mùa hè để xem đài phun nước; buổi tối khi có đèn chiếu để chụp ảnh đẹp nhất.,"https://yandex.com/maps/?pt=132.9345,48.7926&z=17&l=map","https://www.google.com/maps/search/?api=1&query=48.7926,132.9345",,enriched,"Ngay khi bước ra khỏi ga Birobidzhan, du khách sẽ bắt gặp một chân nến bảy nhánh mạ vàng vươn cao giữa quảng trường — đài Menorah, biểu tượng dễ nhận biết nhất của thủ phủ tỉnh tự trị Do Thái. Công trình vừa là đài kỷ niệm vừa là đài phun nước, gắn liền với câu chuyện về cộng đồng Do Thái nơi vùng Viễn Đông nước Nga."
jewish-ao-sholom-aleichem-monument-birobidzhan,Tượng đài Sholom-Aleichem (Sholom-Aleykhem),Памятник Шолом-Алейхему,Monument to Sholom Aleichem,Tỉnh tự trị Do Thái,monument,48.788571,132.935563,5.0,8,2GIS,Khoảng 10–15 phút.,Miễn phí.,"Ngoài trời, tham quan tự do 24/7.","Từ cuối xuân đến đầu thu (tháng 5–9), thời tiết dễ chịu để dạo bộ.","https://yandex.com/maps/?pt=132.935563,48.788571&z=17&l=map","https://www.google.com/maps/search/?api=1&query=48.788571,132.935563",,enriched,"Sholom-Aleichem là nhà văn kinh điển của văn học Yiddish, người mà cả con phố trung tâm Birobidzhan được đặt theo tên. Tượng đài bằng đồng dựng năm 2004 tôn vinh cây bút đã dành cả đời mơ ước về một mảnh đất riêng cho dân tộc Do Thái."
jewish-ao-bastak-nature-reserve,Khu bảo tồn thiên nhiên Bastak (Zapovednik Bastak),Государственный природный заповедник «Бастак»,Bastak Nature Reserve,Tỉnh tự trị Do Thái,park_garden,48.943611,133.120278,,,,Từ nửa ngày đến trọn ngày tùy tuyến.,Các tuyến tham quan/tour đều thu phí theo biểu giá của khu bảo tồn (liên hệ trước để biết mức giá hiện hành); không có hình thức vào cửa tự do đối với vùng lõi.,"Không mở cửa tự do. Tham quan theo tour có hướng dẫn, đăng ký trước qua ban quản lý (giờ hành chính các ngày trong tuần); có trung tâm du khách và cửa hàng lưu niệm phục vụ khách đã hẹn.","Cuối xuân đến đầu thu (khoảng tháng 6–9), khi thời tiết thuận lợi cho đi rừng.","https://yandex.com/maps/?pt=133.120278,48.943611&z=17&l=map","https://www.google.com/maps/search/?api=1&query=48.943611,133.120278",https://bastak-eao.ru/,enriched,"Bastak là khu bảo tồn thiên nhiên quốc gia trải rộng ở phía bắc Birobidzhan, nơi giao thoa giữa núi non và vùng đầm lầy đồng bằng. Đây là mái nhà của rừng lá kim - lá rộng, của gấu nâu, hươu và cả loài hổ Amur quý hiếm."
jewish-ao-birobidzhan-synagogue-freud,Hội đường Beit Menachem & Trung tâm cộng đồng «Freud» (Freyd),Синагога «Бейт Менахем» и общинный центр «Фрейд»,Freud Community Center and Beit Menachem Synagogue,Tỉnh tự trị Do Thái,church,48.792014,132.930006,5.0,1,2GIS,Khoảng 20–40 phút.,Miễn phí (có thể tùy tâm đóng góp).,Trung tâm cộng đồng thường mở cửa các ngày trong tuần từ khoảng 10:00; hội đường mở cho giờ cầu nguyện và dịp Shabbat. Nên liên hệ trước để sắp xếp tham quan.,Ngày thường trong giờ hành chính; nếu chỉ tham quan thì tránh làm phiền vào giờ lễ.,"https://yandex.com/maps/?pt=132.930006,48.792014&z=17&l=map","https://www.google.com/maps/search/?api=1&query=48.792014,132.930006",https://freydeao.ru/,enriched,"«Freud» là trái tim của đời sống Do Thái đương đại ở Birobidzhan — một tổ hợp gồm hội đường Beit Menachem cùng trung tâm cộng đồng với lớp học, thư viện và bếp ăn từ thiện. Hội đường khánh thành năm 2004, được xem là biểu tượng cho sự hồi sinh của cộng đồng Do Thái nơi đây."
jewish-ao-birobidzhan-railway-station,Ga đường sắt Birobidzhan I (Birobidzhan I),Железнодорожный вокзал Биробиджан I,Birobidzhan-1 Railway Station,Tỉnh tự trị Do Thái,other,48.792891,132.934518,4.4,50,2GIS,Khoảng 15–30 phút nếu ghé ngắm và chụp ảnh.,Vào ga và tham quan bên ngoài miễn phí; vé chỉ áp dụng cho hành trình tàu.,Mở cửa 24/7 phục vụ hành khách.,Ban ngày để chụp mặt tiền nhà ga và tấm biển song ngữ.,"https://yandex.com/maps/?pt=132.934518,48.792891&z=17&l=map","https://www.google.com/maps/search/?api=1&query=48.792891,132.934518",,enriched,"Ga Birobidzhan I không chỉ là cửa ngõ giao thông trên tuyến đường sắt xuyên Siberia mà còn là một điểm mốc văn hóa: tấm biển tên nhà ga được viết song ngữ tiếng Nga và tiếng Yiddish. Tòa nhà ga bằng đá hoàn thành năm 1935, gắn với tên tuổi kiến trúc sư Bauhaus Hannes Meyer."
kabardino-balkaria-mount-elbrus,Núi Elbrus (Elbrus),Эльбрус,Mount Elbrus,Cộng hoà Kabardino-Balkaria,park_garden,43.355,42.439167,,,,Đi cáp treo ngắm cảnh: nửa ngày. Leo chinh phục đỉnh: 5–9 ngày kể cả thời gian làm quen độ cao.,"Vào vùng núi miễn phí; vé cáp treo khứ hồi tính riêng, mua theo chặng tại ga Azau (nên kiểm tra giá cập nhật tại quầy).",Khu vực núi mở tự do; cáp treo thường hoạt động khoảng 9:00–16:00 (thay đổi theo mùa và thời tiết).,Leo núi: tháng 6–9; trượt tuyết: tháng 12–4. Buổi sáng sớm trời thường quang nhất.,"https://yandex.com/maps/?pt=42.439167,43.355&z=17&l=map","https://www.google.com/maps/search/?api=1&query=43.355,42.439167",,enriched,"Elbrus là ngọn núi lửa ngủ yên cao 5.642 m, được công nhận là điểm cao nhất châu Âu và là một trong Bảy Đỉnh của thế giới. Với hai chóp băng trắng quanh năm, ngọn núi là biểu tượng của vùng Kavkaz và là giấc mơ chinh phục của giới leo núi khắp hành tinh."
kabardino-balkaria-chegem-waterfalls,Thác nước Chegem (Chegemskiye vodopady),Чегемские водопады,Chegem Waterfalls,Cộng hoà Kabardino-Balkaria,park_garden,43.2103,43.1897,,,,Khoảng 1–2 giờ cho riêng khu thác; nửa ngày đến trọn ngày nếu đi hết hẻm núi Chegem.,Vào khu vực thác về cơ bản không mất vé; một số điểm dừng có thể thu phí gửi xe hoặc phí địa phương nhỏ (nên mang tiền mặt).,"Mở cửa tự do quanh năm, đẹp nhất vào ban ngày.",Cuối xuân đến đầu thu để nước nhiều; mùa đông để ngắm băng. Tránh giờ cao điểm giữa trưa cuối tuần.,"https://yandex.com/maps/?pt=43.1897,43.2103&z=17&l=map","https://www.google.com/maps/search/?api=1&query=43.2103,43.1897",,enriched,"Thác Chegem là chuỗi thác nước đổ xuống từ vách đá dựng đứng trong hẻm núi Chegem hùng vĩ. Mùa hè nước tung bọt trắng xóa, còn mùa đông cả vách đá hóa thành bức tường băng khổng lồ lấp lánh."
kabardino-balkaria-blue-lake-cherek,Hồ Xanh (Tserik-Kel),Голубое озеро (Церик-Кёль),Blue Lake (Tserik-Kel),Cộng hoà Kabardino-Balkaria,park_garden,43.233333,43.538889,,,,Khoảng 30–60 phút để dạo quanh và chụp ảnh.,"Thường thu một khoản phí vào cửa hoặc gửi xe nhỏ tại lối vào (giá thay đổi, nên mang tiền mặt).","Khu vực hồ mở cửa ban ngày, thường quanh năm.",Đẹp nhất vào ngày nắng khi mặt nước lên màu xanh rực rỡ; có thể ghé quanh năm.,"https://yandex.com/maps/?pt=43.538889,43.233333&z=17&l=map","https://www.google.com/maps/search/?api=1&query=43.233333,43.538889",,enriched,Hồ Xanh Dưới (Tserik-Kel) là một hồ karst sâu bí ẩn với làn nước trong xanh ngọc bích không bao giờ đóng băng và giữ nhiệt độ ổn định quanh năm. Đây là một trong những hồ tự nhiên sâu nhất nước Nga và là điểm lặn kỹ thuật nổi tiếng.
kabardino-balkaria-upper-balkaria,Làng Verkhnyaya Balkaria (Thượng Balkaria),Верхняя Балкария,Upper Balkaria (Verkhnyaya Balkaria),Cộng hoà Kabardino-Balkaria,square_street|monument,43.132,43.517,,,,"Khoảng 2–3 giờ, hoặc trọn ngày nếu kết hợp Hồ Xanh và các điểm lân cận.",Miễn phí tham quan làng và cảnh quan; một số tour hoặc điểm có thể tính phí hướng dẫn viên.,Làng mở tự do; nên tham quan vào ban ngày.,Cuối xuân đến đầu thu khi thời tiết đẹp và đường dễ đi.,"https://yandex.com/maps/?pt=43.517,43.132&z=17&l=map","https://www.google.com/maps/search/?api=1&query=43.132,43.517",,enriched,"Verkhnyaya Balkaria là ngôi làng miền núi trải dài trong thung lũng Cherek hùng vĩ, cái nôi lịch sử của người Balkar. Nơi đây còn lưu giữ những tháp canh, pháo đài đá cổ và ký ức bi tráng về cuộc lưu đày năm 1944."
kabardino-balkaria-el-tyubyu-necropolis,Nghĩa địa cổ El-Tyubyu ('Thành phố của người chết'),Эль-Тюбю (Город мёртвых),El-Tyubyu Necropolis (City of the Dead),Cộng hoà Kabardino-Balkaria,monument|square_street,43.185,43.128,,,,Khoảng 1–2 giờ cho khu nghĩa địa và làng.,Về cơ bản không mất vé tham quan; có thể phát sinh phí hướng dẫn viên hoặc phí địa phương nhỏ.,Mở tự do quanh năm; nên đến vào ban ngày.,Cuối xuân đến đầu thu; buổi sáng hoặc chiều muộn ánh sáng đẹp cho chụp ảnh.,"https://yandex.com/maps/?pt=43.128,43.185&z=17&l=map","https://www.google.com/maps/search/?api=1&query=43.185,43.128",,enriched,"El-Tyubyu là ngôi làng cổ ở thượng nguồn hẻm Chegem, nổi tiếng với khu 'Thành phố của người chết', một quần thể lăng mộ đá hình mái vòm có tuổi đời nhiều thế kỷ. Nơi đây phảng phất không khí huyền bí của một Kavkaz cổ xưa."
kabardino-balkaria-nalchik-atazhukinsky-park,"Công viên Atazhukinsky (Vườn Atazhukinsky), Nalchik",Атажукинский сад (Атажукинский парк),Atazhukinsky Park (Nalchik City Park),Cộng hoà Kabardino-Balkaria,park_garden,43.48,43.604,,,,Khoảng 1–3 giờ tùy nhu cầu dạo chơi.,"Vào cửa miễn phí; các trò chơi, cáp treo và một số dịch vụ tính phí riêng.","Mở cửa hằng ngày, tự do ra vào (khu vui chơi và cáp treo có giờ hoạt động riêng).","Đẹp quanh năm; mùa xuân và mùa thu dễ chịu nhất, buổi chiều mát mẻ.","https://yandex.com/maps/?pt=43.604,43.48&z=17&l=map","https://www.google.com/maps/search/?api=1&query=43.48,43.604",,enriched,"Vườn Atazhukinsky là công viên trung tâm rợp bóng cây của Nalchik, một trong những công viên đẹp và lâu đời nhất vùng Bắc Kavkaz. Đây là lá phổi xanh và không gian dạo chơi, nghỉ dưỡng quen thuộc của cả thành phố."
kabardino-balkaria-cheget-mountain,Núi Cheget,Чегет,Mount Cheget,Cộng hoà Kabardino-Balkaria,park_garden,43.2386,42.4869,,,,Nửa ngày cho chuyến cáp treo và ngắm cảnh; trọn ngày nếu trượt tuyết hoặc đi bộ đường dài.,"Vé cáp treo ghế ngồi tính theo chặng (khứ hồi), mua tại chân núi; giá thay đổi theo mùa.","Cáp treo thường hoạt động khoảng 9:00–16:00, thay đổi theo mùa và thời tiết.",Trượt tuyết: tháng 12–4; ngắm cảnh và đi bộ: tháng 6–9. Buổi sáng trời thường quang.,"https://yandex.com/maps/?pt=42.4869,43.2386&z=17&l=map","https://www.google.com/maps/search/?api=1&query=43.2386,42.4869",,enriched,Cheget là ngọn núi cao 3.769 m nổi tiếng với điểm ngắm Elbrus đẹp bậc nhất và khu trượt tuyết 'huyền thoại' của Nga. Cáp treo ghế ngồi đưa du khách lên lưng chừng núi để phóng tầm mắt ra toàn cảnh dãy Kavkaz.
kaliningrad-curonian-spit,"Vườn quốc gia Doi cát Curonian (Куршская коса, đọc: Cuốc-si-a Cô-xa)",Национальный парк «Куршская коса»,Curonian Spit National Park,Tỉnh Kaliningrad,park_garden,55.133,20.8,4.7,2930,Tripadvisor,Nửa ngày đến trọn ngày (4–6 giờ).,"Phí vào vườn quốc gia khoảng 300 ₽/người, cộng 150 ₽/xe ô tô.","Mở cửa cả ngày, quanh năm; đài quan sát và trung tâm du khách hoạt động ban ngày.",Cuối xuân đến đầu thu; đi ngày thường để tránh đông. Mùa chim di cư đẹp nhất tháng 4–5 và 9–10.,"https://yandex.com/maps/?pt=20.8,55.133&z=17&l=map","https://www.google.com/maps/search/?api=1&query=55.133,20.8",https://www.park-kosa.ru/,enriched,"Куршская коса là dải cát hẹp dài gần 100 km vươn ra biển Baltic, ngăn biển với vịnh nước lợ Kuronia. Được UNESCO ghi danh năm 2000, nơi đây nổi tiếng với những đụn cát di động cao nhất châu Âu, rừng thông và tuyến di cư của hàng triệu cánh chim."
kaliningrad-konigsberg-cathedral,"Nhà thờ Chính tòa Königsberg & mộ triết gia Kant (Кафедральный собор, đọc: Ca-phê-đran-nưi Xa-bo)","Кафедральный собор (Кёнигсбергский собор), могила Канта",Königsberg Cathedral & Kant's Tomb,Tỉnh Kaliningrad,church|museum,54.70639,20.51167,4.7,2349,Tripadvisor,"1–1,5 giờ (thêm ~40 phút nếu xem hòa nhạc).",Vé bảo tàng Kant khoảng 300 ₽ (HSSV ~100 ₽); vé hòa nhạc đại phong cầm khoảng 700 ₽.,Khoảng 10:00–18:00 hàng ngày; lịch hòa nhạc phong cầm thay đổi theo ngày.,Quanh năm; canh giờ buổi hòa nhạc phong cầm để có trải nghiệm trọn vẹn.,"https://yandex.com/maps/?pt=20.51167,54.70639&z=17&l=map","https://www.google.com/maps/search/?api=1&query=54.70639,20.51167",https://sobor39.ru/,enriched,"Tòa nhà thờ Gothic gạch thế kỷ 14 trên đảo Kant là công trình biểu tượng còn sót lại của thành phố Königsberg xưa. Bên góc đông bắc là lăng mộ triết gia lừng danh Immanuel Kant, còn bên trong là bảo tàng và đại phong cầm hoành tráng."
kaliningrad-fishing-village,"Làng Chài (Рыбная деревня, đọc: Rứp-na-i-a Đê-rép-nhi-a)",Рыбная деревня,Fishing Village,Tỉnh Kaliningrad,square_street,54.70542,20.514335,4.2,1469,Tripadvisor,30–60 phút.,Miễn phí dạo chơi; vé lên tháp 'Маяк' khoảng 100 ₽.,Khu phố mở tự do suốt ngày; tháp ngắm cảnh và nhà hàng theo giờ riêng.,Cuối chiều đến hoàng hôn để chụp ảnh; buổi tối đèn lung linh.,"https://yandex.com/maps/?pt=20.514335,54.70542&z=17&l=map","https://www.google.com/maps/search/?api=1&query=54.70542,20.514335",,enriched,"Làng Chài là khu phố kiểu Đức tân cổ điển bên bờ sông Pregolya, tái hiện diện mạo Königsberg thời tiền chiến. Với những mái ngói đỏ, tháp hải đăng ngắm cảnh và loạt nhà hàng, đây là góc 'sống ảo' được yêu thích ở Kaliningrad."
kaliningrad-museum-world-ocean,"Bảo tàng Đại dương Thế giới (Музей Мирового океана, đọc: Mu-dây Mi-rô-vô-vô A-kê-a-na)",Музей Мирового океана,Museum of the World Ocean,Tỉnh Kaliningrad,museum,54.706708,20.499529,4.6,1398,Tripadvisor,3 giờ trở lên.,Vé từng tàu/khu khoảng 300–450 ₽; vé liên hợp toàn khu khoảng 1.500 ₽.,Khoảng 10:00–18:00 (quầy vé đến 17:00); một số khu có thể nghỉ thứ Hai — nên kiểm tra trước.,Buổi sáng để có thời gian đi hết các tàu; tránh cuối tuần đông.,"https://yandex.com/maps/?pt=20.499529,54.706708&z=17&l=map","https://www.google.com/maps/search/?api=1&query=54.706708,20.499529",https://world-ocean.ru/,enriched,"Đây là bảo tàng hàng hải hàng đầu nước Nga, trải dài trên bến Pyotr Đại đế với cả một hạm đội tàu bảo tàng. Nổi bật là tàu ngầm B-413, tàu nghiên cứu Vityaz cùng thủy cung và các khu trưng bày về đại dương."
kaliningrad-amber-museum,"Bảo tàng Hổ phách Kaliningrad (Музей янтаря, đọc: Mu-dây Yan-ta-ria)",Музей янтаря,Kaliningrad Amber Museum,Tỉnh Kaliningrad,museum,54.72216,20.522997,4.3,1712,Tripadvisor,"1–1,5 giờ.","Người lớn khoảng 500 ₽ (có ưu đãi cho HSSV, người cao tuổi).","10:00–19:00 (tháng 5–9), 10:00–18:00 (tháng 10–4); nghỉ thứ Hai.",Quanh năm; kết hợp dạo hồ Thượng và cổng Rossgarten gần đó.,"https://yandex.com/maps/?pt=20.522997,54.72216&z=17&l=map","https://www.google.com/maps/search/?api=1&query=54.72216,20.522997",https://www.ambermuseum.ru/,enriched,"Đặt trong tháp pháo Dohna cổ bên hồ Thượng, đây là bảo tàng chuyên đề hổ phách độc đáo của nước Nga. Vùng Kaliningrad nắm giữ hơn 90% trữ lượng hổ phách thế giới, và bộ sưu tập nơi đây kể trọn câu chuyện của 'vàng biển Baltic'."
kaliningrad-svetlogorsk,"Thị trấn nghỉ dưỡng biển Svetlogorsk (Светлогорск / Rauschen, đọc: Xvét-la-goóc)",Светлогорск,Svetlogorsk,Tỉnh Kaliningrad,other,54.95,20.15,,,Tripadvisor,Nửa ngày đến trọn một ngày.,Miễn phí dạo chơi; một số điểm và dịch vụ thu vé riêng.,"Thị trấn tham quan tự do quanh năm; các bảo tàng, spa có giờ riêng.","Tháng 6–9 để tắm biển; cuối xuân và đầu thu dễ chịu, ít đông.","https://yandex.com/maps/?pt=20.15,54.95&z=17&l=map","https://www.google.com/maps/search/?api=1&query=54.95,20.15",,enriched,"Từng mang tên Đức là Rauschen, Svetlogorsk là thị trấn nghỉ dưỡng ven biển Baltic duyên dáng với kiến trúc biệt thự Phổ. Đường dạo ven biển, tháp nước cổ và thang máy nghiêng khiến nơi đây thành điểm trốn phố náo nhiệt lý tưởng."
kaliningrad-baltiysk,"Baltiysk – Thành phố cực Tây nước Nga (Балтийск / Pillau, đọc: Ban-tí-xcơ)",Балтийск (Пиллау),Baltiysk,Tỉnh Kaliningrad,other|fortress,54.65,19.9167,,,Tripadvisor,Nửa ngày đến trọn một ngày.,Miễn phí; vé phà sang Mũi Baltic rất rẻ.,Tham quan thành phố tự do; phà sang Mũi Baltic chạy theo lịch trong ngày.,"Mùa hè (tháng 6–8), đặc biệt dịp Ngày Hải quân cuối tháng 7.","https://yandex.com/maps/?pt=19.9167,54.65&z=17&l=map","https://www.google.com/maps/search/?api=1&query=54.65,19.9167",,enriched,"Baltiysk, tên Đức cũ là Pillau, là thành phố nằm ở cực Tây của nước Nga bên eo biển Baltic. Đây là căn cứ chính của Hạm đội Baltic, nổi tiếng với ngọn hải đăng cổ, pháo đài hình sao và không khí quân cảng đặc trưng."
kaliningrad-fort-no-5,"Pháo đài số 5 – 'Vua Friedrich Wilhelm III' (Форт №5, đọc: Pho Pi-át)",Форт №5 «Король Фридрих-Вильгельм III»,Fort No. 5 (King Friedrich Wilhelm III),Tỉnh Kaliningrad,fortress|museum,54.752639,20.442872,4.6,399,Tripadvisor,"1–1,5 giờ.","Người lớn khoảng 300 ₽ (có ưu đãi cho HSSV, người cao tuổi).","10:00–19:00 hàng ngày (quầy vé đến 18:00), mở quanh năm.",Mùa khô ráo (cuối xuân đến đầu thu); tránh giữa hè nhiều muỗi hoặc mang thuốc chống côn trùng.,"https://yandex.com/maps/?pt=20.442872,54.752639&z=17&l=map","https://www.google.com/maps/search/?api=1&query=54.752639,20.442872",https://koihm.ru/filialy/muzej-fort-5/,enriched,"Pháo đài số 5 là một trong 12 pháo đài thuộc vành đai phòng thủ Königsberg cuối thế kỷ 19. Nơi đây ghi dấu trận đánh ác liệt tháng 4/1945 và nay là bảo tàng ngoài trời về Thế chiến II với hào nước, hầm ngầm và đài tưởng niệm."
kalmykia-golden-abode-buddha-shakyamuni,Đại bảo điện Vàng Phật Thích Ca Mâu Ni (Zolotaya obitel Buddy Shakyamuni),Золотая обитель Будды Шакьямуни,Golden Abode of Buddha Shakyamuni,Cộng hoà Kalmykia,church|monument,46.30972,44.28389,4.9,356,Tripadvisor,"Khoảng 1–1,5 giờ để tham quan chính điện, bảo tàng và vành đai bảo tháp.",Miễn phí vào cửa; chùa nhận công đức tùy tâm.,"Mở cửa hàng ngày, thường từ 8:00 đến 20:00; các ngày lễ Phật giáo có thể mở sớm hơn.","Buổi sáng khi ánh nắng làm mái vàng rực rỡ, hoặc dịp lễ hội Phật giáo (Zul, Tết Tsagan Sar) để xem nghi lễ.","https://yandex.com/maps/?pt=44.28389,46.30972&z=17&l=map","https://www.google.com/maps/search/?api=1&query=46.30972,44.28389",https://khurul.ru,enriched,"Đại bảo điện Vàng Phật Thích Ca Mâu Ni là ngôi chùa Phật giáo lớn nhất châu Âu, biểu tượng rực rỡ của thủ phủ Elista. Công trình khánh thành năm 2005, nổi bật với mái vàng, 108 bảo tháp trắng và pho tượng Phật Thích Ca dát vàng khổng lồ bên trong."
kalmykia-chess-city-elista,Thành phố Cờ Vua Elista (Siti-Chess),Сити-Чесс (Город шахмат),"Chess City (City-Chess), Elista",Cộng hoà Kalmykia,monument|museum,46.296944,44.297778,3.6,133,Tripadvisor,Khoảng 45 phút đến 1 giờ.,Tự do dạo quanh khu miễn phí; tham quan bảo tàng hoặc Cung Cờ vua có thể mất phí (nên liên hệ trước).,"Khu ngoài trời có thể dạo quanh mọi lúc; Cung Cờ vua và bảo tàng bên trong mở theo giờ hành chính, nên hỏi trước.","Ban ngày, kết hợp trong hành trình khám phá Elista; tránh giờ trưa nắng gắt của thảo nguyên.","https://yandex.com/maps/?pt=44.297778,46.296944&z=17&l=map","https://www.google.com/maps/search/?api=1&query=46.296944,44.297778",,enriched,"Siti-Chess – 'Thành phố Cờ Vua' – là khu phức hợp độc đáo được xây ở rìa đông nam Elista để đăng cai Olympiad Cờ vua thế giới năm 1998. Điểm nhấn là Cung Cờ vua hình chiếc lều kibitka truyền thống của người Kalmykia, cùng những biệt thự và tượng đài lấy cảm hứng từ cờ vua."
kalmykia-pagoda-seven-days,Bảo tháp Bảy Ngày (Pagoda Semi Dney),Пагода Семи дней,Pagoda of Seven Days,Cộng hoà Kalmykia,monument,46.3078,44.2697,4.7,114,Tripadvisor,Khoảng 15–30 phút.,Miễn phí.,"Không gian ngoài trời, có thể ghé thăm bất cứ lúc nào; đẹp nhất khi lên đèn buổi tối.",Chiều tối để ngắm bảo tháp chiếu sáng và đài phun nước hoạt động.,"https://yandex.com/maps/?pt=44.2697,46.3078&z=17&l=map","https://www.google.com/maps/search/?api=1&query=46.3078,44.2697",,enriched,"Bảo tháp Bảy Ngày là biểu tượng trung tâm của Quảng trường Lenin ở Elista, một bảo tháp bảy tầng cao 15 mét mang đậm phong cách Phật giáo. Bên trong đặt một bánh xe cầu nguyện khổng lồ chứa hàng chục triệu câu chân ngôn."
kalmykia-syakusn-syume-monastery,Tu viện cổ Syakyusn-Syume (Geden Sheddup Choykorling),Сякюсн-Сюме (Геден Шеддуп Чойкорлинг),Syakusn-Syume Monastery (Geden Sheddup Choykorling),Cộng hoà Kalmykia,church|monument,46.2881,44.2236,4.9,11,Tripadvisor,Khoảng 30–45 phút.,Miễn phí vào cửa; nhận công đức tùy tâm.,Mở cửa hàng ngày vào ban ngày (thường khoảng 9:00–18:00); nên kiểm tra trước vì giờ có thể thay đổi theo lịch tu tập.,Buổi sáng hoặc đầu chiều; kết hợp cùng chuyến khám phá thảo nguyên phía nam Elista.,"https://yandex.com/maps/?pt=44.2236,46.2881&z=17&l=map","https://www.google.com/maps/search/?api=1&query=46.2881,44.2236",,enriched,"Syakyusn-Syume, tên chính thức là Geden Sheddup Choykorling, là 'ngôi chùa cổ' của Kalmykia, nằm giữa thảo nguyên phía nam Elista. Khánh thành năm 1996, đây từng là chùa Phật giáo lớn nhất vùng trước khi Đại bảo điện Vàng ra đời."
kalmykia-tulip-fields-manych,Cánh đồng hoa tulip hoang dã bên hồ Manych-Gudilo (Tyulpanovye polya),Тюльпановые поля / озеро Маныч-Гудило,Tulip Fields at Lake Manych-Gudilo,Cộng hoà Kalmykia,park_garden,46.317,42.867,,,,Nửa ngày đến trọn ngày (tính cả quãng đường khoảng 100–150 km từ Elista).,Ngắm hoa trên thảo nguyên thường miễn phí; một số tour có hướng dẫn hoặc chuyến thuyền ra đảo có thu phí.,Cảnh quan ngoài trời; đẹp nhất vào ban ngày trong mùa hoa nở (khoảng giữa tháng Tư đến đầu tháng Năm).,"Nửa cuối tháng Tư, đúng dịp Lễ hội Hoa Tulip; nên theo dõi lịch nở hoa vì thay đổi theo thời tiết từng năm.","https://yandex.com/maps/?pt=42.867,46.317&z=17&l=map","https://www.google.com/maps/search/?api=1&query=46.317,42.867",,enriched,"Mỗi độ tháng Tư, thảo nguyên quanh hồ Manych-Gudilo ở phía tây Kalmykia lại bừng nở thảm hoa tulip hoang dã đủ sắc đỏ, vàng, tím. Đây là một trong những cảnh tượng thiên nhiên ngoạn mục nhất nước Nga, gắn với Lễ hội Hoa Tulip nổi tiếng."
kalmykia-golden-gate-elista,Cổng Vàng 'Altn Bosh' (Zolotye Vorota),Золотые ворота «Алтн Босх»,Golden Gate 'Altn Bosh',Cộng hoà Kalmykia,monument,46.306,44.2645,4.4,5,Tripadvisor,Khoảng 15–20 phút.,Miễn phí.,"Công trình ngoài trời, tham quan tự do mọi thời điểm.","Ban ngày để xem rõ 28 bức tranh, hoặc buổi tối khi cổng được chiếu sáng.","https://yandex.com/maps/?pt=44.2645,46.306&z=17&l=map","https://www.google.com/maps/search/?api=1&query=46.306,44.2645",,enriched,"Cổng Vàng 'Altn Bosh' là cổng chào mạ vàng cao 15 mét ở trung tâm Elista, dựng năm 1998 nhân kỳ Olympiad Cờ vua. 28 bức tranh trên cổng kể lại lịch sử và văn hóa của người Kalmykia."
kalmykia-elista-national-museum,Bảo tàng Quốc gia Cộng hòa Kalmykia mang tên N.N. Palmov,Национальный музей Республики Калмыкия им. Н. Н. Пальмова,National Museum of the Republic of Kalmykia named after N.N. Palmov,Cộng hoà Kalmykia,museum|monument,46.3105,44.255,4.6,42,Tripadvisor,"Khoảng 1–1,5 giờ.","Khoảng 100–150 RUB với người lớn, 50–70 RUB với sinh viên; miễn phí cho trẻ dưới 16 tuổi.","Thứ Ba–Sáu 9:00–18:00 (thứ Năm mở đến 21:00), thứ Bảy–Chủ nhật 10:00–16:00; nghỉ thứ Hai và nghỉ trưa 13:00–14:00.","Thích hợp mọi mùa, đặc biệt hữu ích vào ngày mưa hoặc nắng gắt; nên tránh giờ nghỉ trưa 13:00–14:00.","https://yandex.com/maps/?pt=44.255,46.3105&z=17&l=map","https://www.google.com/maps/search/?api=1&query=46.3105,44.255",https://www.museumkalmykia.ru,enriched,"Bảo tàng Quốc gia Cộng hòa Kalmykia mang tên N.N. Palmov là bảo tàng lớn và lâu đời nhất vùng, thành lập năm 1921. Nơi đây lưu giữ hàng vạn hiện vật về lịch sử, văn hóa, Phật giáo và đời sống du mục của người Kalmykia."
kaluga-kaluga-cosmonautics-museum,Bảo tàng Lịch sử Du hành Vũ trụ mang tên Tsiolkovsky (Muzey istorii kosmonavtiki),Государственный музей истории космонавтики им. К. Э. Циолковского,State Museum of the History of Cosmonautics named after K. E. Tsiolkovsky,Tỉnh Kaluga,museum,54.516969,36.230625,4.6,809,Tripadvisor,Khoảng 2-3 giờ cho cả hai tòa nhà và công viên tên lửa.,Vé lẻ từng khu từ khoảng 160 RUB; vé gộp cả tòa nhà mới khoảng 400-500 RUB; trẻ em dưới 16 tuổi miễn phí; phí chụp ảnh khoảng 200 RUB. Suất chiếu phim vòm và mô phỏng bay tính phí riêng.,"Thứ Ba, Năm, Sáu, Chủ nhật 10:00-18:00; thứ Tư 11:00-21:00; thứ Bảy 10:00-19:00; nghỉ thứ Hai. Nên kiểm tra lịch ngày lễ trên trang chính thức.",Buổi sáng các ngày trong tuần để tránh đông; tránh thứ Hai (đóng cửa). Mùa hè thuận tiện tham quan cả khu ngoài trời.,"https://yandex.com/maps/?pt=36.230625,54.516969&z=17&l=map","https://www.google.com/maps/search/?api=1&query=54.516969,36.230625",https://gmik.ru/,enriched,"Khánh thành năm 1967, đây là bảo tàng đầu tiên trên thế giới dành riêng cho lịch sử chinh phục vũ trụ, mang tên nhà bác học Kaluga Konstantin Tsiolkovsky. Bảo tàng trưng bày vệ tinh, tàu vũ trụ, đồ phi hành gia, mẫu đất Mặt Trăng và có cả công viên tên lửa ngoài trời với tên lửa R-7."
kaluga-optina-pustyn-monastery,Tu viện Optina Pustyn (Optina Pustyn),Оптина пустынь (Введенский ставропигиальный мужской монастырь),Optina Pustyn Monastery,Tỉnh Kaluga,church,54.050759,35.832373,4.7,189,Tripadvisor,Khoảng 2-3 giờ; nếu hành hương hoặc dự lễ có thể trọn buổi hoặc lưu trú qua đêm.,Vào cửa miễn phí; đón nhận quyên góp tùy tâm. Một số tour hành hương và chỗ nghỉ qua đêm cần đăng ký trước (đôi khi trước 2-3 tuần).,"Mở cửa hằng ngày, thường từ khoảng 6:00 đến 20:00 theo lịch lễ; các buổi phụng vụ diễn ra sáng sớm và chiều tối.",Ngày thường để tránh đông; sáng sớm khi sương còn giăng trên rừng thông rất tĩnh lặng. Mùa hè và đầu thu dễ chịu nhất.,"https://yandex.com/maps/?pt=35.832373,54.050759&z=17&l=map","https://www.google.com/maps/search/?api=1&query=54.050759,35.832373",https://www.optina.ru/,enriched,"Optina Pustyn là một trong những tu viện chính thống giáo thiêng liêng nhất nước Nga, lừng danh từ thế kỷ 19 nhờ truyền thống 'trưởng lão' (startsy). Nơi đây từng thu hút các văn hào Dostoevsky, Tolstoy, Gogol và là nguồn cảm hứng cho nhân vật cha Zosima trong 'Anh em nhà Karamazov'."
kaluga-tarusa-town,Thị trấn Tarusa bên sông Oka (Tarusa),Таруса,Tarusa,Tỉnh Kaluga,other|park_garden,54.7235,37.1739,4.6,17,Tripadvisor (Bảo tàng địa phương Tarusa),Nửa ngày đến trọn một ngày; có thể nghỉ qua đêm để tận hưởng không khí yên tĩnh.,Dạo phố và bờ sông miễn phí. Vé mỗi bảo tàng khoảng 200-300 RUB.,"Thị trấn tham quan tự do mọi lúc. Các bảo tàng (Tsvetaeva, Paustovsky, phòng tranh) thường mở 10:00-18:00 và nghỉ thứ Hai; nên kiểm tra lịch từng nơi.",Cuối xuân đến đầu thu (tháng 5-9) khi vườn cây xanh tốt và sông Oka đẹp nhất; mùa thu lá vàng rất nên thơ.,"https://yandex.com/maps/?pt=37.1739,54.7235&z=17&l=map","https://www.google.com/maps/search/?api=1&query=54.7235,37.1739",,enriched,"Tarusa là thị trấn nhỏ thanh bình bên bờ cao sông Oka, được mệnh danh là 'thủ phủ nghệ thuật' của nước Nga. Nơi đây gắn với thi sĩ Marina Tsvetaeva và nhà văn Paustovsky, có nhiều bảo tàng văn học, phòng tranh và bờ kè sông thơ mộng."
kaluga-nikola-lenivets-art-park,Công viên Nghệ thuật Nikola-Lenivets (Nikola-Lenivets),Арт-парк «Никола-Ленивец»,Nikola-Lenivets Art Park,Tỉnh Kaluga,park_garden,54.757605,35.604298,3.8,390,Tripadvisor,Nửa ngày đến trọn ngày; muốn xem hết nên ở lại 1-2 ngày vì diện tích rất rộng.,"Vé vào cửa khoảng 350 RUB (giảm còn 200 RUB cho học sinh, sinh viên, người cao tuổi); trẻ dưới 14 tuổi miễn phí. Nếu đặt phòng lưu trú, vé thường đã bao gồm.","Công viên mở cửa 24/7 quanh năm; quầy vé và các quán, dịch vụ có giờ hoạt động riêng.",Cuối xuân đến đầu thu để đi bộ và đạp xe thuận lợi. Dịp lễ hội Archstoyanie (thường tháng 7-8) rất sôi động nhưng đông và dễ lầy lội.,"https://yandex.com/maps/?pt=35.604298,54.757605&z=17&l=map","https://www.google.com/maps/search/?api=1&query=54.757605,35.604298",https://nikola-lenivets.ru/,enriched,"Nikola-Lenivets là công viên nghệ thuật ngoài trời lớn nhất châu Âu, trải rộng trong Vườn quốc gia Ugra với hơn 30 công trình land art khổng lồ bằng gỗ và vật liệu tự nhiên. Đây cũng là nơi diễn ra lễ hội nghệ thuật đất Archstoyanie thường niên."
kaluga-polotnyany-zavod-estate,"Điền trang Polotnyany Zavod, nhà Goncharov (Polotnyany Zavod)",Музей-усадьба «Полотняный Завод» (усадьба Гончаровых),Polotnyany Zavod Estate (Goncharov Manor),Tỉnh Kaluga,palace|museum,54.738785,35.996671,4.4,75,Tripadvisor,"Khoảng 1,5-2,5 giờ cho dinh thự và công viên.",Vé tham quan dinh thự khoảng 200-300 RUB; vé kèm hướng dẫn từ khoảng 300-450 RUB; phí chụp ảnh 100-200 RUB. Một số nhóm được miễn hoặc giảm.,Thứ Ba đến Chủ nhật 9:30-18:00 (quầy vé đến 17:30); nghỉ thứ Hai và thứ Tư cuối cùng của tháng.,Mùa hè và đầu thu khi công viên xanh mát; ngày thường vắng hơn cuối tuần.,"https://yandex.com/maps/?pt=35.996671,54.738785&z=17&l=map","https://www.google.com/maps/search/?api=1&query=54.738785,35.996671",https://pzapovednik.ru/,enriched,"Polotnyany Zavod là điền trang quý tộc của dòng họ Goncharov, gắn với các xưởng giấy và vải buồm lập từ đầu thế kỷ 18 thời Pyotr Đại đế. Nơi đây là quê ngoại của Natalia Goncharova, vợ đại thi hào Pushkin, người từng hai lần đến thăm."
kaluga-tsiolkovsky-house-museum,Nhà lưu niệm K. E. Tsiolkovsky (Dom-muzey Tsiolkovskogo),Дом-музей К. Э. Циолковского,K. E. Tsiolkovsky House-Museum,Tỉnh Kaluga,museum,54.511207,36.230203,4.7,250,Tripadvisor,Khoảng 30-45 phút.,Vé khoảng 150-200 RUB cho người lớn; trẻ em dưới 16 tuổi thường miễn phí; phí chụp ảnh tính riêng. Đây là chi nhánh của Bảo tàng Du hành Vũ trụ.,"Thường mở 9:30-17:00, riêng thứ Tư 11:00-19:00; nghỉ thứ Hai và thứ Sáu cuối cùng của tháng. Nên kiểm tra lịch trên trang của bảo tàng.",Buổi sáng ngày thường yên tĩnh nhất; có thể ghép cùng buổi tham quan Bảo tàng Du hành Vũ trụ trong ngày.,"https://yandex.com/maps/?pt=36.230203,54.511207&z=17&l=map","https://www.google.com/maps/search/?api=1&query=54.511207,36.230203",https://gmik.ru/otdely/dom-muzey-k-e-tsiolkovskogo/,enriched,"Đây là ngôi nhà gỗ nơi nhà bác học Konstantin Tsiolkovsky, 'cha đẻ ngành du hành vũ trụ', sống gần ba mươi năm bên bờ sông Oka. Bảo tàng phục dựng nguyên vẹn không gian sống và làm việc của ông, trưng bày bàn viết, dụng cụ tự chế và các mô hình."
kaluga-shamordino-convent,Tu viện nữ Kazan-Amvrosievskaya ở Shamordino (Shamordino),Казанская Амвросиевская пустынь (Шамординский монастырь),"Kazan Amvrosievskaya Convent, Shamordino",Tỉnh Kaluga,church,54.160059,35.868803,4.8,77,Tripadvisor,"Khoảng 1,5-2 giờ; thêm thời gian nếu xuống suối thánh.",Vào cửa miễn phí; đón nhận quyên góp tùy tâm. Có nhà ăn phục vụ bữa trưa theo hình thức tùy hỷ.,"Mở cửa hằng ngày, khoảng 8:00-19:00 theo lịch lễ; các buổi phụng vụ sáng sớm và chiều.",Ngày thường và mùa ấm (tháng 5-9); sáng sớm trời trong để ngắm toàn cảnh thung lũng.,"https://yandex.com/maps/?pt=35.868803,54.160059&z=17&l=map","https://www.google.com/maps/search/?api=1&query=54.160059,35.868803",https://www.shamordino-m.ru/,enriched,"Tu viện nữ Kazan-Amvrosievskaya ở Shamordino do trưởng lão Ambrose của Optina sáng lập năm 1884, nằm trên triền đồi cao nhìn xuống thung lũng sông. Điểm nhấn là nhà thờ Đức Mẹ Kazan bằng gạch đỏ đồ sộ theo phong cách Nga cổ."
kaluga-ugra-national-park,Vườn quốc gia Ugra (Natsionalny park Ugra),Национальный парк «Угра»,Ugra National Park,Tỉnh Kaluga,park_garden,54.22944,36.18667,4.6,21,Tripadvisor,"Từ vài giờ đến vài ngày tùy hoạt động (đi bộ, chèo thuyền, cắm trại).","Vào tham quan phần lớn khu vực miễn phí; một số tuyến sinh thái, cắm trại hoặc tour có thu phí nhỏ và cần đăng ký trước với ban quản lý.",Công viên mở quanh năm; trung tâm du khách và văn phòng tại Kaluga có giờ hành chính. Một số khu vực bảo vệ nghiêm ngặt cần xin phép.,Cuối xuân đến đầu thu (tháng 5-9) cho chèo thuyền và đi bộ; mùa thu lá vàng rất đẹp.,"https://yandex.com/maps/?pt=36.18667,54.22944&z=17&l=map","https://www.google.com/maps/search/?api=1&query=54.22944,36.18667",https://parkugra.ru/,enriched,"Vườn quốc gia Ugra bảo tồn cảnh quan tiêu biểu của miền Trung nước Nga dọc thung lũng ba sông Ugra, Zhizdra và Oka, và là khu dự trữ sinh quyển UNESCO từ năm 2002. Đây cũng là nơi diễn ra 'Cuộc đối đầu lớn trên sông Ugra' năm 1480."
kamchatka-valley-of-geysers,Thung lũng Mạch nước phun (Đô-li-na Gây-de-rốp),Долина гейзеров,Valley of Geysers,Vùng Kamchatka,park_garden,54.4333,160.14,,,,"Chuyến bay khứ hồi cả ngày; thời gian đi bộ tham quan trong thung lũng khoảng 1,5–2 giờ",Bắt buộc mua tour trực thăng trọn gói (thường vài trăm đến hơn một nghìn USD/người) đã bao gồm phí vào khu bảo tồn và giấy phép,"Chỉ tham quan theo tour trực thăng có hướng dẫn, thường khởi hành buổi sáng và về trong ngày","Từ giữa tháng 6 đến tháng 9, khi thời tiết ổn định và trực thăng hoạt động","https://yandex.com/maps/?pt=160.14,54.4333&z=17&l=map","https://www.google.com/maps/search/?api=1&query=54.4333,160.14",https://kronoki.ru,enriched,"Thung lũng Mạch nước phun là cánh đồng geyser lớn thứ hai thế giới, nơi hàng chục mạch nước nóng phun cột hơi và nước sôi cao vút giữa một hẻm núi hoang sơ. Ẩn sâu trong Khu bảo tồn Kronotsky và chỉ đến được bằng trực thăng, đây là biểu tượng thiên nhiên nổi tiếng nhất của Kamchatka."
kamchatka-petropavlovsk-kamchatsky,Thành phố Petropavlovsk-Kamchatsky (Pi-tơ-rô-páp-lốp Cam-chát-xki),Петропавловск-Камчатский,Petropavlovsk-Kamchatsky,Vùng Kamchatka,square_street|other,53.017,158.65,,,,1–2 ngày để tham quan thành phố và làm quen trước khi đi các tour thiên nhiên,Dạo phố miễn phí; vé bảo tàng và đài quan sát chỉ vài trăm rúp,"Thành phố mở cửa quanh năm; bảo tàng và điểm tham quan thường mở 10:00–18:00, nghỉ thứ Hai",Tháng 6 đến tháng 9 cho thời tiết dễ chịu; mùa đông có thể trượt tuyết ngắm núi lửa,"https://yandex.com/maps/?pt=158.65,53.017&z=17&l=map","https://www.google.com/maps/search/?api=1&query=53.017,158.65",,enriched,"Petropavlovsk-Kamchatsky là thủ phủ và cửa ngõ của bán đảo Kamchatka, một thành phố cảng nhỏ nằm nép bên vịnh Avacha tuyệt đẹp dưới chân ba ngọn núi lửa. Được nhà thám hiểm Vitus Bering lập nên năm 1740, đây là một trong những đô thị lâu đời nhất vùng Viễn Đông Nga."
kamchatka-avachinsky-volcano,Núi lửa Avachinsky (A-va-chin-xki),Авачинский вулкан,Avachinsky Volcano,Vùng Kamchatka,park_garden,53.255,158.83,,,,Leo lên xuống khoảng 8–10 giờ; nhiều đoàn ngủ đêm ở trại nền trước khi leo,Không thu phí lên núi; chi phí nằm ở xe địa hình tới trại nền và dịch vụ hướng dẫn,Địa điểm ngoài trời tự do; leo núi thường bắt đầu từ sáng sớm để kịp về trong ngày,"Tháng 7 đến tháng 9, khi tuyết trên đường lên đã tan bớt","https://yandex.com/maps/?pt=158.83,53.255&z=17&l=map","https://www.google.com/maps/search/?api=1&query=53.255,158.83",,enriched,"Avachinsky là 'ngọn núi lửa nhà' còn hoạt động, sừng sững ngay sau lưng thủ phủ Petropavlovsk và là đỉnh được leo nhiều nhất Kamchatka. Cao 2.741 m với miệng núi lửa vẫn phì hơi nóng, đây là hành trình chinh phục núi lửa dễ tiếp cận nhất bán đảo."
kamchatka-mutnovsky-volcano,Núi lửa Mutnovsky (Mút-nốp-xki),Мутновский вулкан,Mutnovsky Volcano,Vùng Kamchatka,park_garden,52.4483,158.1975,,,,"Thường là tour trong ngày dài hoặc 2 ngày, kết hợp núi lửa Gorely",Không có vé cố định; chi phí nằm ở tour xe địa hình và hướng dẫn viên,Địa điểm hoang dã ngoài trời; chỉ đến được theo tour trong mùa hè,"Tháng 7 đến tháng 9, khi đường tan tuyết và xe địa hình vào được","https://yandex.com/maps/?pt=158.1975,52.4483&z=17&l=map","https://www.google.com/maps/search/?api=1&query=52.4483,158.1975",,enriched,"Mutnovsky là một trong những núi lửa hoạt động mạnh và ngoạn mục nhất nam Kamchatka, nơi du khách có thể đi bộ vào tận trong lòng miệng núi giữa những lỗ phun hơi gầm rú và hồ axit sôi sục. Cảnh quan siêu thực của lửa, băng và khói lưu huỳnh khiến nơi đây như bề mặt một hành tinh xa lạ."
kamchatka-klyuchevskaya-sopka,Núi lửa Klyuchevskaya Sopka (Klu-chép-xkai-a Sốp-ka),Ключевская Сопка,Klyuchevskaya Sopka,Vùng Kamchatka,park_garden,56.056,160.6441,,,,Thường là tour nhiều ngày do vị trí rất xa thủ phủ (hàng trăm km),"Không thu phí; chi phí nằm ở tour đường dài, xe địa hình hoặc trực thăng","Địa điểm thiên nhiên hoang dã, tự do; chỉ tiếp cận vùng chân núi trong mùa hè",Tháng 7 đến tháng 9 cho thời tiết ổn định và tầm nhìn tốt,"https://yandex.com/maps/?pt=160.6441,56.056&z=17&l=map","https://www.google.com/maps/search/?api=1&query=56.056,160.6441",,enriched,"Klyuchevskaya Sopka là ngọn núi lửa đang hoạt động cao nhất lục địa Á–Âu, một nón lửa gần như hoàn hảo cao 4.754 m gần như phun trào liên tục. Đây là 'nữ hoàng' của cụm núi lửa Klyuchevskaya và là biểu tượng hùng vĩ nhất của Kamchatka."
kamchatka-kronotsky-nature-reserve,Khu bảo tồn thiên nhiên Kronotsky (Kro-nốt-xki Za-pa-vét-nhik),Кроноцкий заповедник,Kronotsky Nature Reserve,Vùng Kamchatka,park_garden,54.9253,160.5403,,,,Từ một chuyến bay trong ngày đến các tour nhiều ngày tùy điểm đến trong khu,Bắt buộc mua tour trọn gói kèm giấy phép vào khu bảo tồn; chi phí cao (thường vài trăm đến hơn một nghìn USD),"Khu bảo tồn nghiêm ngặt, chỉ vào theo tour có giấy phép; thường là tour trực thăng trong ngày",Tháng 6 đến tháng 9; mùa gấu tụ tập bắt cá hồi rơi vào tháng 7–9,"https://yandex.com/maps/?pt=160.5403,54.9253&z=17&l=map","https://www.google.com/maps/search/?api=1&query=54.9253,160.5403",https://kronoki.ru,enriched,"Kronotsky là khu bảo tồn thiên nhiên lâu đời và nổi tiếng nhất Kamchatka, gói trọn trong mình núi lửa, mạch nước phun, hồ miệng núi lửa và hàng trăm con gấu nâu khổng lồ. Là trái tim của Di sản Thế giới UNESCO 'Núi lửa Kamchatka', đây chính là nơi tọa lạc của Thung lũng Mạch nước phun trứ danh."
kamchatka-three-brothers-rocks-avacha-bay,Vịnh Avacha & tảng đá Ba Anh Em (Tri Bra-ta),Скалы Три брата (Авачинская бухта),Three Brothers Rocks (Avacha Bay),Vùng Kamchatka,park_garden|monument,52.8931,158.689,,,,Tour thuyền quanh vịnh thường kéo dài từ vài giờ đến nửa ngày,Ngắm từ xa miễn phí; tour thuyền quanh vịnh có phí tùy hành trình và thời lượng,Ngắm được quanh năm từ bờ hoặc trên biển; tour thuyền chạy chủ yếu mùa hè,"Tháng 6 đến tháng 9, chọn ngày biển lặng, trời quang","https://yandex.com/maps/?pt=158.689,52.8931&z=17&l=map","https://www.google.com/maps/search/?api=1&query=52.8931,158.689",,enriched,"Ba Anh Em là ba khối đá sừng sững nhô lên ngay cửa vịnh Avacha, biểu tượng lâu đời của thành phố Petropavlovsk-Kamchatsky. Theo truyền thuyết, đây là ba anh em đã hóa đá khi ra chắn sóng thần bảo vệ quê hương."
kamchatka-khalaktyrsky-beach,Bãi biển cát đen Khalaktyrsky (Kha-lac-tưr-xki),Халактырский пляж,Khalaktyrsky Beach,Vùng Kamchatka,park_garden,52.9653,158.8164,,,,"Khoảng 1–3 giờ dạo chơi, hoặc nửa ngày nếu học lướt sóng",Miễn phí vào bãi; thuê ván và đồ lướt sóng hoặc học lướt sóng có phí riêng,"Bãi biển mở tự do quanh năm, cả ngày lẫn đêm",Tháng 6 đến tháng 9 cho thời tiết ấm nhất; lướt sóng được cả các mùa khác,"https://yandex.com/maps/?pt=158.8164,52.9653&z=17&l=map","https://www.google.com/maps/search/?api=1&query=52.9653,158.8164",,enriched,"Khalaktyrsky là bãi biển cát núi lửa đen tuyền trải dài hàng chục cây số bên bờ Thái Bình Dương, ngay sát thủ phủ Petropavlovsk. Với những con sóng lớn quanh năm, nơi đây đã trở thành điểm lướt sóng độc đáo bậc nhất nước Nga."
kamchatka-kuril-lake,Hồ Kuril (Ku-rin-xko-ye Ô-dê-rô),Курильское озеро,Kurile Lake,Vùng Kamchatka,park_garden,51.45,157.117,,,,Chuyến bay khứ hồi cả ngày; thời gian quan sát gấu tại hồ vài giờ,Bắt buộc tour trực thăng trọn gói kèm giấy phép khu bảo tồn; chi phí rất cao,"Chỉ tham quan theo tour có kiểm lâm đi kèm, thường là chuyến trực thăng trong ngày","Tháng 7 đến đầu tháng 9, đúng mùa cá hồi và gấu tụ tập đông nhất","https://yandex.com/maps/?pt=157.117,51.45&z=17&l=map","https://www.google.com/maps/search/?api=1&query=51.45,157.117",https://kronoki.ru,enriched,"Hồ Kuril là một hồ miệng núi lửa tuyệt đẹp ở cực nam Kamchatka, nổi tiếng là nơi có mật độ gấu nâu cao nhất nước Nga và là bãi đẻ cá hồi đỏ lớn nhất châu Á. Đây là thiên đường số một để quan sát gấu nâu hoang dã ở cự ly gần."
kamchatka-esso-village,Làng Esso (Ét-xô) – 'Thụy Sĩ của Kamchatka',Село Эссо,Esso,Vùng Kamchatka,other,55.9306,158.6947,,,,"1–2 ngày, thường là điểm nghỉ trong hành trình khám phá miền trung Kamchatka",Vào làng miễn phí; vé bảo tàng và bể bơi nước nóng chỉ vài trăm rúp,Làng mở tự do quanh năm; bảo tàng và bể bơi có giờ mở cửa riêng trong ngày,"Mùa hè (tháng 6–9) để đi bộ, cưỡi ngựa; cuối tháng 2–3 để xem đua chó Beringia","https://yandex.com/maps/?pt=158.6947,55.9306&z=17&l=map","https://www.google.com/maps/search/?api=1&query=55.9306,158.6947",,enriched,"Esso là ngôi làng miền núi xinh đẹp giữa thung lũng rừng thông của huyện Bystrinsky, được mệnh danh là 'Thụy Sĩ của Kamchatka'. Nổi tiếng với suối nước nóng, văn hóa bản địa Even và cảnh quan thanh bình, đây là ốc đảo ấm áp giữa vùng đất núi lửa."
kamchatka-vachkazhets,Núi Vachkazhets (Vách-ka-giét),Вачкажец,Vachkazhets,Vùng Kamchatka,park_garden,53.0525,157.7161,,,,Tour trong ngày khoảng 8–10 giờ tính cả di chuyển và đi bộ,Không thu phí; chi phí nằm ở tour xe địa hình và hướng dẫn viên,"Địa điểm ngoài trời tự do; đi trong ngày, khởi hành buổi sáng","Cuối tháng 6 đến tháng 9, khi tuyết tan và hoa dại nở rộ","https://yandex.com/maps/?pt=157.7161,53.0525&z=17&l=map","https://www.google.com/maps/search/?api=1&query=53.0525,157.7161",,enriched,"Vachkazhets là một khối núi tàn tích của núi lửa cổ, nơi có thung lũng lòng chảo tuyệt đẹp với hồ băng, thác nước và thảm hoa dại. Chỉ cách thủ phủ 80 km, đây là một trong những điểm đi bộ trong ngày được yêu thích nhất Kamchatka."
kamchatka-nalychevo-nature-park,Công viên thiên nhiên Nalychevo (Na-lư-che-vô),Природный парк Налычево,Nalychevo Nature Park,Vùng Kamchatka,park_garden,53.64,159.13,,,,Tuyến trekking cổ điển 3–5 ngày; đi trực thăng có thể tham quan trong ngày,Cần giấy phép vào công viên (phí không cao); chi phí chính là tour trekking hoặc chuyến trực thăng,"Công viên ngoài trời; vào theo tour có giấy phép, chủ yếu trong mùa hè","Từ giữa tháng 7 đến tháng 9, khi lối mòn tan tuyết và thời tiết ổn định","https://yandex.com/maps/?pt=159.13,53.64&z=17&l=map","https://www.google.com/maps/search/?api=1&query=53.64,159.13",,enriched,"Nalychevo là công viên thiên nhiên nổi tiếng với thung lũng suối khoáng nóng nằm lọt giữa vòng vây của những ngọn núi lửa Avachinsky, Koryaksky và Zhupanovsky. Đây là thiên đường trekking và tắm suối khoáng bậc nhất Kamchatka."
karachay-cherkessia-dombay-resort,Khu nghỉ dưỡng núi Dombay (Đôm-bai),Домбай,Dombay,Cộng hoà Karachay-Cherkessia,park_garden,43.29167,41.62167,4.1,442,Tripadvisor,Nửa ngày để đi cáp treo ngắm cảnh; 2–4 ngày nếu trượt tuyết hoặc leo núi.,"Vào khu nghỉ miễn phí; vé cáp treo và ski-pass mua riêng, giá thay đổi theo mùa và tuyến, nên kiểm tra trực tiếp tại quầy.",Cáp treo hoạt động khoảng 9:00–17:00 (thay đổi theo mùa); thị trấn và khu nghỉ mở cửa quanh năm.,Tháng 12 đến tháng 3 để trượt tuyết; tháng 6 đến tháng 9 cho đi bộ đường dài và ngắm hoa núi.,"https://yandex.com/maps/?pt=41.62167,43.29167&z=17&l=map","https://www.google.com/maps/search/?api=1&query=43.29167,41.62167",,enriched,"Dombay là khu nghỉ dưỡng núi nổi tiếng nhất của Karachay-Cherkessia, nằm gọn trong một thung lũng lòng chảo được bao bọc bởi những đỉnh tuyết của dãy Tây Kavkaz. Nơi đây vừa là thiên đường trượt tuyết mùa đông, vừa là điểm xuất phát cho các cung leo núi và ngắm cảnh mùa hè."
karachay-cherkessia-arkhyz-resort,Khu nghỉ dưỡng Arkhyz (Ác-khưz),Архыз,Arkhyz,Cộng hoà Karachay-Cherkessia,park_garden,43.565,41.278889,4.3,194,Tripadvisor,1 đến 3 ngày để kết hợp trượt tuyết hoặc đi bộ đường dài và tham quan phụ cận.,"Vào khu nghỉ miễn phí; ski-pass và vé cáp treo gondola mua riêng, giá thay đổi theo mùa – nên xem bảng giá chính thức.",Cáp treo tổ hợp Romantik hoạt động khoảng 9:00–17:00; làng và khu nghỉ mở cửa quanh năm.,Tháng 12 đến tháng 3 để trượt tuyết; tháng 6 đến tháng 9 cho leo núi; đêm trời quang để ngắm sao.,"https://yandex.com/maps/?pt=41.278889,43.565&z=17&l=map","https://www.google.com/maps/search/?api=1&query=43.565,41.278889",https://resort-arkhyz.ru,enriched,"Arkhyz là vùng nghỉ dưỡng núi trẻ trung kết hợp giữa ngôi làng cổ bên sông Bolshoy Zelenchuk và tổ hợp trượt tuyết hiện đại Romantik. Nơi đây nổi tiếng với không khí trong lành, mạng lưới hồ – thác – hẻm núi dày đặc và bầu trời đêm quang đãng bậc nhất châu Âu."
karachay-cherkessia-teberda-nature-reserve,Khu bảo tồn thiên nhiên Teberda (Tê-béc-đa),Тебердинский заповедник,Teberda Nature Reserve,Cộng hoà Karachay-Cherkessia,park_garden,43.446111,41.744167,4.5,88,Tripadvisor,Từ 3 đến 6 giờ tùy tuyến; có thể trọn ngày nếu đi các hồ xa.,"Các tuyến tính phí riêng, ví dụ hồ Baduk khoảng 300 RUB/người lớn; miễn phí cho trẻ dưới 18 tuổi và người cao tuổi.",Cửa vào và bảo tàng mở cửa khoảng 9:00–18:00; nên đi trong ngày.,"Tháng 5 đến tháng 10, khi đường mòn khô ráo và hồ tan băng.","https://yandex.com/maps/?pt=41.744167,43.446111&z=17&l=map","https://www.google.com/maps/search/?api=1&query=43.446111,41.744167",https://tgpbz.ru,enriched,"Thành lập từ năm 1936, Teberda là một trong những khu dự trữ sinh quyển lâu đời nhất nước Nga, trải trên các thung lũng và đỉnh núi Tây Kavkaz. Nơi đây có gần 180 hồ băng, rừng vân sam cổ và hệ động thực vật núi cao phong phú."
karachay-cherkessia-lower-arkhyz-alan-churches,Các nhà thờ Alan ở Hạ Arkhyz (Ni-giơ-nê Ác-khưz),Нижне-Архызские аланские храмы,Lower Arkhyz Alan Churches,Cộng hoà Karachay-Cherkessia,church,43.684412,41.475307,4.4,37,Tripadvisor,"Khoảng 2–3 giờ, gồm cả chặng leo bậc thang lên bích họa.",Vé vào khoảng 100 RUB; leo lên xem 'Lik Khrista' miễn phí.,"Khu di tích mở cửa ban ngày, thường khoảng 9:00–18:00.","Tháng 5 đến tháng 10, thời tiết khô ráo dễ leo núi.","https://yandex.com/maps/?pt=41.475307,43.684412&z=17&l=map","https://www.google.com/maps/search/?api=1&query=43.684412,41.475307",,enriched,"Đây là quần thể ba ngôi đền đá của vương quốc Alania từ thế kỷ X, nằm trên nền thành cổ Maas bên sông Bolshoy Zelenchuk. Chúng được xem là những nhà thờ Kitô giáo cổ nhất còn tồn tại trên đất Nga."
karachay-cherkessia-sofia-waterfalls,Thác Sofia (Xô-phi-a),Софийские водопады,Sofia Waterfalls,Cộng hoà Karachay-Cherkessia,park_garden,43.450833,41.230833,4.8,12,Tripadvisor,Khoảng 5–6 giờ cả đi lẫn về từ đồng cỏ Sofia; trọn ngày nếu xuất phát từ làng Arkhyz.,"Ngắm thác miễn phí; chi phí phát sinh là thuê xe địa hình hoặc ngựa từ Arkhyz, và khu vực thuộc vùng bảo tồn/biên giới.","Là điểm thiên nhiên ngoài trời, tham quan tự do vào ban ngày, không có cổng thu vé.",Tháng 6 đến tháng 9; nước mạnh và nhiều dòng nhất vào đầu mùa hè.,"https://yandex.com/maps/?pt=41.230833,43.450833&z=17&l=map","https://www.google.com/maps/search/?api=1&query=43.450833,41.230833",,enriched,"Thác Sofia là chuỗi nhiều dòng nước từ sông băng trên đỉnh Sofia đổ xuống một bức tường đá dựng đứng, tạo thành cảnh tượng ngoạn mục gần làng Arkhyz. Đây là một trong những điểm đến thiên nhiên được yêu thích nhất của vùng."
karachay-cherkessia-special-astrophysical-observatory-bta,Đài thiên văn Vật lý Thiên văn Đặc biệt – kính BTA (SAO RAN),Специальная астрофизическая обсерватория РАН (телескоп БТА),Special Astrophysical Observatory (BTA telescope),Cộng hoà Karachay-Cherkessia,museum,43.646944,41.440556,4.6,29,Tripadvisor,Tour tham quan khoảng 40 phút; tính cả di chuyển thì mất khoảng nửa ngày.,Khoảng 500 RUB cho người lớn và 250 RUB cho trẻ em/sinh viên; tour đêm có giá riêng.,"Tham quan ban ngày chủ yếu vào cuối tuần, khoảng 9:00–15:00; tour ngắm sao ban đêm theo lịch hẹn.","Quanh năm cho tour ban ngày; chọn đêm trời quang, không trăng để ngắm sao.","https://yandex.com/maps/?pt=41.440556,43.646944&z=17&l=map","https://www.google.com/maps/search/?api=1&query=43.646944,41.440556",https://www.sao.ru,enriched,"Đây là đài thiên văn quang học lớn nhất nước Nga, nơi đặt kính phản xạ BTA với gương đường kính 6 m – một thời là kính thiên văn lớn nhất thế giới. Công trình nằm trên núi cao hơn 2.000 m giữa bầu trời tối trong của Arkhyz."
karachay-cherkessia-khurzuk-village,Làng cổ Khurzuk (Khu-dúc),Хурзук,Khurzuk,Cộng hoà Karachay-Cherkessia,square_street,43.283333,42.033333,,,,"Khoảng 1–2 giờ dạo quanh làng, hoặc dùng làm điểm dừng cho hành trình trekking dài ngày.",Miễn phí.,"Là làng dân cư, có thể tham quan tự do bất cứ lúc nào.",Tháng 5 đến tháng 10; mùa đông đường núi khó đi và lạnh giá.,"https://yandex.com/maps/?pt=42.033333,43.283333&z=17&l=map","https://www.google.com/maps/search/?api=1&query=43.283333,42.033333",,enriched,"Khurzuk là một trong những ngôi làng Karachay cổ và cao nhất, nằm nơi hai dòng Ullu-Kam và Uchkulan hợp lại thành thượng nguồn sông Kuban. Làng nổi tiếng với những căn nhà gỗ truyền thống và khung cảnh núi non nguyên sơ."
karelia-kizhi-pogost,Quần thể nhà thờ gỗ Kizhi (Kizhi Pogost),Кижский погост,Kizhi Pogost,Cộng hoà Karelia,church|museum,62.066667,35.225,4.7,721,Tripadvisor,"Nửa ngày đến trọn ngày, gồm khoảng 1 giờ 15 phút đi tàu mỗi chiều.","Vé tham quan bảo tàng có thu phí (nhiều du khách nhận xét khá đắt); chi phí lớn nhất là tàu cánh ngầm khứ hồi từ Petrozavodsk, khoảng 4.400–4.800 RUB, tính riêng.","Mở cửa quanh năm; mùa hè khoảng 08:00–20:00, mùa đông rút ngắn. Nên bám theo lịch tàu Meteor.","Tháng 6–8, khi tàu chạy đều và đảo rực nắng; hoàng hôn mùa đêm trắng rất đẹp.","https://yandex.com/maps/?pt=35.225,62.066667&z=17&l=map","https://www.google.com/maps/search/?api=1&query=62.066667,35.225",https://kizhi.karelia.ru,enriched,"Nằm trên một hòn đảo hẹp giữa hồ Onega mênh mông, quần thể Kizhi là kiệt tác kiến trúc gỗ Nga được UNESCO công nhận từ năm 1990. Điểm nhấn là nhà thờ Chúa Biến Hình với 22 mái vòm củ hành dựng hoàn toàn bằng gỗ mà tương truyền không dùng một chiếc đinh nào."
karelia-valaam-monastery,Tu viện Valaam (Valaamsky monastyr),Валаамский монастырь,Valaam Monastery,Cộng hoà Karelia,church|park_garden,61.38889,30.94528,4.5,195,Tripadvisor,Trọn một ngày; lý tưởng là nghỉ lại một đêm để cảm nhận đầy đủ.,Vào nhà thờ tự do cho khách hành hương; các tour tham quan và vé tàu/du thuyền tính phí riêng (thường vài nghìn RUB).,Đảo mở đón khách ban ngày; tàu cánh ngầm từ Sortavala mất khoảng 50 phút. Lịch phụ thuộc mùa và thời tiết.,Tháng 6–9 khi tàu chạy ổn định; tránh cao điểm giữa hè nếu ngại đông.,"https://yandex.com/maps/?pt=30.94528,61.38889&z=17&l=map","https://www.google.com/maps/search/?api=1&query=61.38889,30.94528",https://valaam.ru,enriched,"Trên quần đảo Valaam giữa hồ Ladoga - hồ nước ngọt lớn nhất châu Âu - tu viện Chính thống giáo Valaam là một trong những trung tâm hành hương nổi tiếng nhất nước Nga. Nơi đây quyến rũ bởi các nhà thờ mái vòm xanh, những ẩn thất (skete) rải rác và thiên nhiên hoang sơ."
karelia-ruskeala-mountain-park,Công viên Núi Ruskeala (Gorny park Ruskeala),Горный парк Рускеала,Ruskeala Mountain Park,Cộng hoà Karelia,park_garden|other,61.9461,30.5814,4.4,1337,Tripadvisor,Khoảng 2–3 giờ; thêm thời gian nếu tham gia tour hang và chèo thuyền.,Vé vào cửa khoảng 550–650 RUB; tour hầm ngầm khoảng 2.100 RUB; chèo thuyền khoảng 2.000 RUB; thuê audio guide khoảng 500 RUB.,Thường mở 10:00–19:00; mùa hè có thể kéo dài hơn (khoảng 09:00–21:00).,Cuối hè và mùa thu (tháng 8–10) khi lá vàng rực; mùa đông hang động lung linh ánh đèn.,"https://yandex.com/maps/?pt=30.5814,61.9461&z=17&l=map","https://www.google.com/maps/search/?api=1&query=61.9461,30.5814",,enriched,"Ruskeala là một mỏ đá cẩm thạch bị bỏ hoang đã hồi sinh thành công viên thiên nhiên ngoạn mục. Hẻm núi cẩm thạch ngập nước xanh ngọc bích, vách đá trắng dựng đứng và những đường hầm bí ẩn khiến nơi đây thành điểm đến nổi tiếng bậc nhất Karelia."
karelia-kivach-waterfall,Thác Kivach (Vodopad Kivach),Водопад Кивач,Kivach Waterfall,Cộng hoà Karelia,park_garden|other,62.2753,33.9797,4.5,337,Tripadvisor,"Khoảng 1–1,5 giờ là đủ tham quan thác, vườn cây và bảo tàng.",Vé vào cửa khoảng 250–330 RUB/người lớn; học sinh thường được miễn phí.,"Khu tham quan mở quanh năm vào ban ngày; đường nhựa tốt dẫn tới cổng, có bãi đỗ xe.","Tháng 5–6 khi tuyết tan, thác chảy xiết nhất; mùa thu lá đỏ cũng rất đẹp.","https://yandex.com/maps/?pt=33.9797,62.2753&z=17&l=map","https://www.google.com/maps/search/?api=1&query=62.2753,33.9797",https://zapkivach.ru,enriched,"Kivach là thác nước bậc thang nổi tiếng nhất Karelia, đổ ào ạt qua bốn bậc đá trên sông Suna giữa rừng taiga. Tuy chỉ cao hơn 10 mét, dòng chảy cuộn trào dữ dội của thác từng làm say lòng thi hào Nga Gavrila Derzhavin."
karelia-petrozavodsk-onega-embankment,Petrozavodsk và Bờ kè hồ Onega (Onezhskaya naberezhnaya),"Петрозаводск, Онежская набережная",Petrozavodsk & Lake Onega Embankment,Cộng hoà Karelia,square_street|monument,61.783,34.333,4.6,268,Tripadvisor,Khoảng 1–2 giờ tản bộ và ngắm cảnh.,Miễn phí.,Mở tự do 24/7 quanh năm.,"Mùa hè (tháng 6–8), đặc biệt vào những đêm trắng và lúc hoàng hôn.","https://yandex.com/maps/?pt=34.333,61.783&z=17&l=map","https://www.google.com/maps/search/?api=1&query=61.783,34.333",,enriched,"Petrozavodsk, thủ phủ của Karelia do Pyotr Đại đế lập năm 1703, mở ra hồ Onega bằng con đường ven hồ dài khoảng 1,5 km. Bờ kè lát đá granite Karelia này nổi tiếng như một bảo tàng điêu khắc ngoài trời với nhiều tác phẩm hiện đại do các thành phố kết nghĩa trao tặng."
karelia-karelia-petroglyphs,Hình khắc đá cổ Karelia - Biển Trắng và hồ Onega (Petroglify Karelii),Петроглифы Онежского озера и Белого моря,Petroglyphs of Lake Onega and the White Sea,Cộng hoà Karelia,monument|other,64.4943,34.6954,,,,"Khoảng 2–3 giờ tại mỗi cụm, chưa kể thời gian di chuyển khá dài.",Nhiều điểm ngoài trời vào tự do; tham quan có hướng dẫn hoặc thuyền ra Besov Nos tính phí theo tour.,"Các điểm khắc lộ thiên, tham quan vào ban ngày mùa không tuyết; điểm Besovy Sledki có mái che và lối gỗ.",Tháng 6–9; nên đi lúc sáng sớm hoặc chiều muộn khi nắng xiên làm nổi rõ hình khắc.,"https://yandex.com/maps/?pt=34.6954,64.4943&z=17&l=map","https://www.google.com/maps/search/?api=1&query=64.4943,34.6954",,enriched,"Rải rác trên các mỏm đá granite ven hồ Onega và Biển Trắng là hàng nghìn hình khắc đá có niên đại 6.000–7.000 năm, được UNESCO ghi danh năm 2021. Đây là một trong những bộ sưu tập nghệ thuật đá thời kỳ Đồ Đá Mới lớn và độc đáo nhất Bắc Âu."
karelia-paanajarvi-national-park,Vườn quốc gia Paanajärvi (Natsionalny park Paanayarvi),Национальный парк «Паанаярви»,Paanajärvi National Park,Cộng hoà Karelia,park_garden|other,66.2842,30.1397,4.4,18,Tripadvisor,Tối thiểu 1 ngày; lý tưởng 2–3 ngày do vị trí xa xôi.,Vé tham quan ngày khoảng 550 RUB; vào trung tâm du khách khoảng 115 RUB; nhà nghỉ/lều trại từ khoảng 850–1.560 RUB/người/ngày.,Tham quan theo mùa; mọi chuyến đi phải đăng ký trước qua trung tâm du khách ở Pyaozersky (vùng biên giới).,Tháng 7–9 cho đi bộ đường dài; mùa đông để săn cực quang (cần chuẩn bị kỹ).,"https://yandex.com/maps/?pt=30.1397,66.2842&z=17&l=map","https://www.google.com/maps/search/?api=1&query=66.2842,30.1397",https://paanajarvi-park.com,enriched,"Nằm ở cực bắc Karelia sát biên giới Phần Lan, Paanajärvi là vườn quốc gia hoang dã với núi, thác ghềnh, hồ sâu và rừng taiga nguyên sinh. Nơi đây có Nuorunen - đỉnh cao nhất Karelia (576 m) - cùng hồ Paanajärvi trong vắt và sâu bậc nhất vùng."
karelia-marcial-waters,Suối khoáng Marcial (Martsialnye Vody),Марциальные Воды,Marcial Waters,Cộng hoà Karelia,museum|church,62.1555,33.896,,,,"Khoảng 1–2 giờ tham quan giếng nước, nhà thờ và bảo tàng.",Nếm nước ở các giếng miễn phí; vé vào bảo tàng thu phí ở mức thấp.,"Bảo tàng mở cửa thứ Ba–Chủ nhật 10:00–17:00, đóng cửa thứ Hai; các giếng nước khoáng tiếp cận tự do.","Quanh năm; mùa hè thuận tiện di chuyển, thu đông cảnh rừng đẹp.","https://yandex.com/maps/?pt=33.896,62.1555&z=17&l=map","https://www.google.com/maps/search/?api=1&query=62.1555,33.896",,enriched,"Được Pyotr Đại đế sắc phong năm 1719, Marcial Waters là khu điều dưỡng suối khoáng đầu tiên của nước Nga. Tên gọi lấy theo Mars - vị thần chiến tranh - do nguồn nước giàu chất sắt, gắn liền với một nhà thờ gỗ cổ và bảo tàng lịch sử."
kemerovo-sheregesh-ski-resort,"Khu trượt tuyết Sheregesh (núi Zelenaya, phiên âm: Sê-rê-ghê-sơ)",Шерегеш (гора Зелёная),Sheregesh Ski Resort (Mount Zelenaya),Tỉnh Kemerovo,park_garden,52.953238,87.95603,4.6,216,Tripadvisor,Từ một ngày trọn vẹn đến vài ngày.,"Cần mua thẻ trượt (ski-pass), giá thay đổi theo khu và thời điểm; mùa hè có vé đi cáp treo ngắm cảnh. Nên kiểm tra giá cập nhật trước khi đi.","Mùa trượt tuyết thường từ giữa tháng 11 đến đầu tháng 5; cáp treo hoạt động ban ngày (khoảng 09:00–17:00), một số khu có trượt đêm.",Tháng 12 đến tháng 4 tuyết đẹp nhất; tháng 3 nắng ấm và nhiều lễ hội.,"https://yandex.com/maps/?pt=87.95603,52.953238&z=17&l=map","https://www.google.com/maps/search/?api=1&query=52.953238,87.95603",,enriched,"Sheregesh là khu nghỉ dưỡng trượt tuyết được yêu thích bậc nhất của Siberia, nằm trên sườn núi Zelenaya thuộc vùng Gornaya Shoria. Nơi đây trứ danh với lớp tuyết bột khô mịn và mùa trượt kéo dài khác thường."
kemerovo-tomskaya-pisanitsa-petroglyphs,Khu bảo tồn - bảo tàng Tomskaya Pisanitsa (Bãi khắc đá Tomsk; phiên âm: Tôm-xcai-a Pi-xa-nhít-xa),Музей-заповедник «Томская писаница»,Tomskaya Pisanitsa Museum-Reserve,Tỉnh Kemerovo,monument|museum|park_garden,55.6325,85.6206,4.9,2005,Yandex Maps,Khoảng 3–4 giờ.,Người lớn 600 RUB ngày thường / 700 RUB cuối tuần; trẻ em và sinh viên 500–550 RUB; khách nước ngoài 700–800 RUB.,"Mùa hè (25/5–5/10) mở cả tuần 10:00–18:00 (cuối tuần đến 19:00); mùa đông (6/10–31/5) mở thứ Tư–Chủ nhật 10:00–18:00, nghỉ thứ Hai và thứ Ba.","Mùa hè để đi bộ thoải mái; mùa đông và các dịp lễ hội (Maslenitsa, năm mới) để trải nghiệm không khí đặc biệt.","https://yandex.com/maps/?pt=85.6206,55.6325&z=17&l=map","https://www.google.com/maps/search/?api=1&query=55.6325,85.6206",https://tomskayapisanitsa.ru,enriched,"Tomskaya Pisanitsa là khu bảo tồn lịch sử - văn hóa và thiên nhiên đầu tiên của Siberia, nổi tiếng với quần thể tranh khắc đá cổ bên sông Tom. Ngày nay nơi đây là một bảo tàng ngoài trời rộng lớn với nhiều hoạt động văn hóa."
kemerovo-podnebesnye-zubya,Vùng núi Podnebesnye Zubya (Những Chiếc Răng Chạm Trời; phiên âm: Pốt-nhe-bex-nưi Dúp-ya),Поднебесные Зубья,Podnebesnye Zubya,Tỉnh Kemerovo,park_garden,54.133333,88.75,,,,Thường 2–5 ngày cho các cung trekking; có thể dài hơn.,"Không thu phí vào; chi phí chủ yếu là vé tàu, thuyền qua sông, nhà nghỉ và dịch vụ hướng dẫn.",Khu vực thiên nhiên mở tự do quanh năm; không có giờ đóng/mở cố định.,Mùa hè (tháng 7–8) cho trekking; đầu thu cho lá vàng ở Thung Lũng Vàng; mùa đông cho trượt tuyết ngoài đường mòn.,"https://yandex.com/maps/?pt=88.75,54.133333&z=17&l=map","https://www.google.com/maps/search/?api=1&query=54.133333,88.75",,enriched,"Podnebesnye Zubya — 'Những Chiếc Răng Chạm Trời' — là vùng núi hoang sơ và ngoạn mục thuộc dãy Kuznetsky Alatau. Nơi đây quyến rũ dân trekking bằng những đỉnh núi nhọn, hồ băng và thác nước."
kemerovo-azasskaya-cave,Hang Azasskaya (Hang Người Tuyết; phiên âm: A-dát-xcai-a),Азасская пещера,Azasskaya Cave,Tỉnh Kemerovo,other,52.934994,88.363382,,,,Là một phần của chuyến đi trong ngày (vài giờ kể cả di chuyển).,Cần xin phép và thường đi cùng hướng dẫn viên của Vườn quốc gia Shorsky; chi phí tùy chương trình tour (chưa có mức giá công bố cố định).,Không có giờ mở cố định; chỉ vào được theo tour hoặc giấy phép của vườn quốc gia.,Mùa đông để ngắm băng và đi bằng xe trượt tuyết; mùa hè phải lội qua suối và đi bộ đường dài hơn.,"https://yandex.com/maps/?pt=88.363382,52.934994&z=17&l=map","https://www.google.com/maps/search/?api=1&query=52.934994,88.363382",https://shorskynp.ru,enriched,"Hang Azasskaya là một hang động karst bí ẩn nằm sâu trong Vườn quốc gia Shorsky, vùng Gornaya Shoria. Hang nổi tiếng khắp nước Nga nhờ truyền thuyết về 'người tuyết' (yeti)."
kemerovo-krasnaya-gorka-museum-kemerovo,Khu bảo tồn - bảo tàng Krasnaya Gorka (Đồi Đỏ; phiên âm: Crát-xnai-a Goóc-ca),Музей-заповедник «Красная Горка»,Krasnaya Gorka Museum-Reserve,Tỉnh Kemerovo,museum|monument,55.375729,86.071961,4.8,257,2GIS,"Khoảng 1,5–2 giờ.",Người lớn 250 RUB; sinh viên/người cao tuổi/trẻ em 200 RUB; chỉ vào khuôn viên 40 RUB; tour có hướng dẫn cho nhóm từ 400 RUB.,"Mở cửa hằng ngày, khoảng 10:00–21:00 (nên kiểm tra lại giờ mở của các khu trưng bày trên trang chính thức).",Cuối xuân đến đầu thu để dạo bộ ngoài trời dễ chịu; hoàng hôn cho tầm nhìn đẹp ra sông Tom.,"https://yandex.com/maps/?pt=86.071961,55.375729&z=17&l=map","https://www.google.com/maps/search/?api=1&query=55.375729,86.071961",https://redhill-kemerovo.ru,enriched,Krasnaya Gorka ('Đồi Đỏ') là khu bảo tồn - bảo tàng nằm ngay nơi khai sinh thành phố Kemerovo và ngành than Kuzbass. Điểm nhấn là tượng đài thợ mỏ nổi tiếng của Ernst Neizvestny.
kemerovo-mariinsk-historic-town,Thị trấn lịch sử Mariinsk (phiên âm: Ma-ri-inh-xcơ),Мариинск,Mariinsk,Tỉnh Kemerovo,museum|square_street|monument,56.2,87.783,,,,Nửa ngày đến trọn ngày đi bộ khám phá.,"Dạo phố miễn phí; vào từng bảo tàng có phí nhỏ, chấp nhận thẻ Pushkin.","Bản thân phố cổ có thể dạo bộ tự do mọi lúc; các bảo tàng thành viên có giờ riêng (thường khoảng 9:00–17:00, có thể nghỉ đầu tuần) — nên xem trang chính thức.",Cuối xuân đến đầu thu để đi bộ ngắm kiến trúc gỗ trong tiết trời đẹp.,"https://yandex.com/maps/?pt=87.783,56.2&z=17&l=map","https://www.google.com/maps/search/?api=1&query=56.2,87.783",https://mariinsk-museum.ru,enriched,"Mariinsk là một thị trấn cổ bên sông Kiya, được ví như 'bảo tàng ngoài trời' của kiến trúc gỗ Siberia. Nhờ cơn sốt vàng và đường sắt Xuyên Siberia, nơi đây từng là đô thị thương mại trù phú."
kemerovo-kuznetsk-fortress-novokuznetsk,Pháo đài Kuznetsk (phiên âm: Cút-nhét-xcai-a Crê-pôx-chơ),Кузнецкая крепость,Kuznetsk Fortress,Tỉnh Kemerovo,fortress|museum,53.774377,87.184277,4.8,277,2GIS,"Khoảng 1,5–2 giờ.",Vé tổng hợp (các gian trưng bày) 250 RUB người lớn / 200 RUB ưu đãi; khu trưng bày ngoài trời 70/50 RUB; nhiều nhóm được miễn phí theo quy định.,"Mùa đông: thứ Hai–thứ Sáu 09:30–17:30, thứ Bảy–Chủ nhật 10:00–17:00 (giờ mùa hè có thể thay đổi).",Mùa hè để dạo trên tường thành và ngắm cảnh; chọn ngày trời quang cho tầm nhìn xa.,"https://yandex.com/maps/?pt=87.184277,53.774377&z=17&l=map","https://www.google.com/maps/search/?api=1&query=53.774377,87.184277",https://kuzn-krepost.ru,enriched,"Pháo đài Kuznetsk là di tích quân sự - lịch sử quan trọng của Siberia, tọa lạc trên đồi Voznesenskaya nhìn xuống sông Tom ở Novokuznetsk. Pháo đài đá được xây đầu thế kỷ XIX nhưng chưa từng tham chiến."
khabarovsk-khabarovsk-amur-embankment,Bờ kè sông Amur (Naberezhnaya Amura),Набережная Амура (Набережная адмирала Невельского),Amur River Embankment,Vùng Khabarovsk,square_street|park_garden,48.47288,135.049746,,,,1-2 giờ.,Miễn phí.,"Mở cửa tự do 24/24, quanh năm.",Chiều tối mùa hè (tháng 6-9) để ngắm hoàng hôn trên sông Amur; các dịp lễ có bắn pháo hoa.,"https://yandex.com/maps/?pt=135.049746,48.47288&z=17&l=map","https://www.google.com/maps/search/?api=1&query=48.47288,135.049746",,enriched,"Bờ kè sông Amur là không gian dạo chơi biểu tượng của Khabarovsk, trải dài bên dòng sông hùng vĩ với công viên bậc thang, tượng đài lịch sử và Mỏm đá Amur nổi tiếng. Đây là nơi lý tưởng để tản bộ, ngắm hoàng hôn và cảm nhận nhịp sống thư thái của thành phố Viễn Đông."
khabarovsk-amur-bridge-khabarovsk,Cầu Amur / Cầu Sa hoàng (Amursky most / Tsarsky most),Амурский мост («Царский мост»),Amur Bridge (Khabarovsk Bridge),Vùng Khabarovsk,bridge,48.536111,135.0,4.9,79,Google,30-60 phút (thêm khoảng 45 phút nếu vào bảo tàng).,Miễn phí khi ngắm cầu từ bờ kè; bảo tàng cạnh cầu thu phí tham quan.,Ngắm cầu tự do mọi thời điểm. Bảo tàng Cầu Amur ngoài trời mở theo giờ hành chính (nên kiểm tra trước khi đến).,"Mùa hè, ban ngày để chụp ảnh rõ nét hoặc lúc hoàng hôn.","https://yandex.com/maps/?pt=135.0,48.536111&z=17&l=map","https://www.google.com/maps/search/?api=1&query=48.536111,135.0",,enriched,"Cầu Amur - biệt danh ""Cầu Sa hoàng"" - là cây cầu lịch sử bắc qua dòng Amur, từng được xem là kỳ quan kỹ thuật của Đế quốc Nga. Hình ảnh cây cầu hai tầng dài gần 3.900 m này được in trang trọng trên tờ tiền 5.000 rúp."
khabarovsk-spaso-preobrazhensky-cathedral-khabarovsk,Nhà thờ Chính tòa Chúa Biến Hình (Spaso-Preobrazhensky sobor),Спасо-Преображенский кафедральный собор,"Transfiguration Cathedral, Khabarovsk",Vùng Khabarovsk,church,48.466238,135.066997,4.7,921,Google,30-45 phút.,Miễn phí (khuyến khích công đức tùy tâm).,"Mở cửa hằng ngày, thường khoảng 7:00-19:00; có lễ sáng và lễ chiều (xem lịch trên trang chính thức).",Sáng sớm hoặc giờ hành lễ để cảm nhận không khí trang nghiêm; hoàng hôn để ngắm sông Amur phía sau nhà thờ.,"https://yandex.com/maps/?pt=135.066997,48.466238&z=17&l=map","https://www.google.com/maps/search/?api=1&query=48.466238,135.066997",https://soborkhv.ru/,enriched,"Nhà thờ Chính tòa Chúa Biến Hình cao khoảng 95 m là một trong những nhà thờ Chính thống giáo cao nhất nước Nga, nổi bật với những mái vòm mạ vàng bên bờ sông Amur. Đây vừa là trung tâm tôn giáo lớn, vừa là điểm ngắm cảnh tuyệt đẹp của Khabarovsk."
khabarovsk-sikachi-alyan-petroglyphs,Tranh khắc đá Sikachi-Alyan (Petroglify Sikachi-Alyana),Петроглифы Сикачи-Аляна,Petroglyphs of Sikachi-Alyan,Vùng Khabarovsk,monument,48.7989,135.7231,,,,1-2 giờ tại di tích (chưa kể thời gian di chuyển từ Khabarovsk).,Xem tranh khắc đá miễn phí; tour có hướng dẫn viên và vé vào bảo tàng dân tộc học thu phí.,"Di tích ngoài trời, tham quan tự do vào ban ngày; bảo tàng dân tộc học trong làng mở theo giờ riêng.","Cuối hè đến mùa thu (tháng 8-10) khi mực nước sông rút, để lộ nhiều tảng đá có hình khắc; tránh mùa nước cao.","https://yandex.com/maps/?pt=135.7231,48.7989&z=17&l=map","https://www.google.com/maps/search/?api=1&query=48.7989,135.7231",,enriched,"Sikachi-Alyan là quần thể tranh khắc đá cổ xưa nằm trên các tảng bazan dọc bờ sông Amur, nổi tiếng với những chiếc ""mặt nạ"" bí ẩn có niên đại hàng nghìn năm. Di tích được xếp hạng cấp liên bang và nằm trong danh sách dự kiến đề cử Di sản Thế giới của UNESCO."
khabarovsk-komsomolsk-on-amur-monument,Đài tưởng niệm Những người Xây dựng Đầu tiên (Pamyatnik pervostroitelyam),Монумент первостроителям Комсомольска-на-Амуре,Monument to the First Builders of Komsomolsk-on-Amur,Vùng Khabarovsk,monument,50.557,137.002,,,,15-30 phút.,Miễn phí.,Mở cửa tự do 24/24.,"Mùa hè, kết hợp dạo bộ dọc bờ kè sông Amur; đẹp nhất vào lúc chiều muộn.","https://yandex.com/maps/?pt=137.002,50.557&z=17&l=map","https://www.google.com/maps/search/?api=1&query=50.557,137.002",,enriched,"Đài tưởng niệm Những người Xây dựng Đầu tiên là biểu tượng của Komsomolsk-na-Amur, đánh dấu nơi các đoàn viên Komsomol đặt chân lập nên thành phố năm 1932. Tượng đài bên bờ Amur khắc ghi tinh thần lao động quả cảm của một thế hệ trẻ."
khabarovsk-glory-square-khabarovsk,Quảng trường Vinh Quang (Ploshchad Slavy),Площадь Славы,Glory Square (Square of Fame),Vùng Khabarovsk,square_street|monument,48.466846,135.064258,4.9,331,Google,30-45 phút (có thể kết hợp với nhà thờ).,Miễn phí.,Mở cửa tự do 24/24.,Ngày Chiến thắng 9/5 với không khí trang trọng; hoàng hôn để ngắm sông Amur; buổi tối đài tưởng niệm được chiếu sáng.,"https://yandex.com/maps/?pt=135.064258,48.466846&z=17&l=map","https://www.google.com/maps/search/?api=1&query=48.466846,135.064258",,enriched,"Quảng trường Vinh Quang là quần thể tưởng niệm trang nghiêm với cột tháp cao 30 m, Ngọn lửa Vĩnh cửu và Bức tường Tưởng niệm khắc tên những người đã ngã xuống trong Chiến tranh Vệ quốc Vĩ đại. Ngay trên quảng trường là Nhà thờ Chúa Biến Hình nhìn ra sông Amur."
khabarovsk-bolshekhekhtsirsky-reserve,Khu bảo tồn thiên nhiên Bolshekhekhtsirsky (Bolshekhekhtsirsky zapovednik),Большехехцирский заповедник,Bolshekhekhtsirsky Nature Reserve,Vùng Khabarovsk,park_garden,48.205,134.858889,,,,2-4 giờ cho tuyến sinh thái và bảo tàng; các chương trình chuyên sâu có thể kéo dài cả ngày.,Cần xin phép/đăng ký trước; các tour có hướng dẫn và tuyến tham quan thu phí (liên hệ ban quản lý để biết mức giá).,Vào khu bảo tồn phải đăng ký trước; bảo tàng thiên nhiên và các tuyến sinh thái gần làng Bychikha hoạt động theo lịch hẹn với ban quản lý.,Cuối xuân đến đầu thu (tháng 5-9); mùa thu (tháng 9-10) rừng chuyển màu rất đẹp.,"https://yandex.com/maps/?pt=134.858889,48.205&z=17&l=map","https://www.google.com/maps/search/?api=1&query=48.205,134.858889",https://zapovedamur.ru/,enriched,Khu bảo tồn thiên nhiên Bolshekhekhtsirsky bảo vệ dãy núi rừng Khekhtsir đa dạng sinh học chỉ cách Khabarovsk khoảng 20 km. Đây là thiên đường của rừng taiga Viễn Đông với hơn 1.000 loài thực vật cùng nhiều loài động vật quý hiếm.
khakassia-salbyk-kurgan,Đại Gò mộ Salbyk (Bôn-sôi Xan-bức-xki Kur-gan),Большой Салбыкский курган,Great Salbyk Kurgan,Cộng hoà Khakassia,monument,53.894259,90.773752,,,,"Khoảng 1 giờ tham quan tại gò, chưa kể 1,5–2 giờ di chuyển mỗi chiều từ Abakan.","Có thu một khoản phí tham quan/hướng dẫn khiêm tốn tại chỗ; nên chuẩn bị tiền mặt (mức giá cụ thể thay đổi theo mùa, chưa được công bố cố định).","Bảo tàng ngoài trời mở theo mùa, chủ yếu vào ban ngày; mùa đông thường khoảng 11:00–16:00 và nghỉ Thứ Hai, Thứ Ba. Nên gọi trước cho ban quản lý để xác nhận giờ mở cửa.",Cuối xuân đến đầu thu (tháng 5–9) khi thảo nguyên khô ráo và xanh mướt; tránh sau mưa lớn vì đường đất trơn lầy.,"https://yandex.com/maps/?pt=90.773752,53.894259&z=17&l=map","https://www.google.com/maps/search/?api=1&query=53.894259,90.773752",http://salbyk.rh.muzkult.ru/,enriched,"Đại Gò mộ Salbyk là kurgan (gò mộ đất) lớn nhất vùng Nam Siberia, trái tim của 'Thung lũng các vị vua' giữa thảo nguyên Khakassia. Được dựng từ thế kỷ V trước Công nguyên bởi người văn hóa Tagar, công trình khiến người xem sững sờ trước những phiến đá dựng đứng nặng cả trăm tấn."
khakassia-sunduki-mountains,Dãy núi Sunduki – 'Những Chiếc Rương' (Xun-đu-ki),Горная гряда Сундуки,Sunduki Mountain Range,Cộng hoà Khakassia,monument|park_garden,54.67929,89.70826,,,,Khoảng 2–4 giờ cho các tuyến chính; trọn ngày nếu đi từ Abakan do khoảng cách xa.,"Vé/tour theo từng tuyến: khu 'Ngựa Trắng' khoảng 400–500 RUB, Chiếc Rương thứ nhất khoảng 500 RUB (người lớn) và 250 RUB (trẻ 7–14 tuổi); một số điểm từ 200–300 RUB.","Tham quan theo tour có hướng dẫn, chủ yếu vào mùa ấm và ban ngày; nên đặt trước với ban quản lý khu bảo tồn.","Mùa hè và đầu thu; đặc biệt đẹp vào bình minh hoặc hoàng hôn, và quanh ngày hạ chí khi có các sự kiện quan sát mặt trời.","https://yandex.com/maps/?pt=89.70826,54.67929&z=17&l=map","https://www.google.com/maps/search/?api=1&query=54.67929,89.70826",https://sunduki19.ru,enriched,"Sunduki là dãy núi sa thạch kỳ lạ ở thung lũng sông Bạch Iyus, được mệnh danh là 'đài thiên văn cổ' của Khakassia. Trên các đỉnh núi phẳng như những chiếc rương khổng lồ còn lưu giữ hàng loạt hình khắc đá và dấu tích quan sát thiên văn có tuổi đời hàng nghìn năm."
khakassia-tuim-ring-collapse,Hố sụt Tuim (Tu-im-xki Prô-van),Туимский провал,Tuim Sinkhole (Tuim Ring),Cộng hoà Khakassia,other,54.323439,89.906913,,,,Khoảng 1–2 giờ để ngắm cảnh và chụp ảnh; lâu hơn nếu tham gia tour đường lò hoặc trò mạo hiểm.,Phí vào khu vực khoảng 100–200 RUB; tour chui đường lò từ khoảng 300 RUB (có ủng cao su); trò đu dây zip-line từ khoảng 4.000 RUB.,"Đón khách chủ yếu vào mùa ấm và ban ngày; đài ngắm cảnh cùng các dịch vụ hoạt động theo mùa, nên kiểm tra lịch trước khi đến.",Cuối xuân đến đầu thu (tháng 6–9); nắng đẹp giúp hồ nước lên màu ngọc lam rực rỡ nhất.,"https://yandex.com/maps/?pt=89.906913,54.323439&z=17&l=map","https://www.google.com/maps/search/?api=1&query=54.323439,89.906913",,enriched,"Hố sụt Tuim là một 'vực thẳm' nhân tạo khổng lồ hình phễu, tàn tích của một mỏ khai thác kim loại thời Xô-viết ở làng Tuim. Dưới đáy vách đá dựng đứng sâu hơn trăm mét là một hồ nước màu ngọc lam mê hoặc, biến nơi đây thành điểm 'check-in' và thể thao mạo hiểm nổi tiếng của Khakassia."
khakassia-khurtuyakh-tas-stele,Tượng đá Bà Lão Lớn – Ulug Khurtuyakh Tas (U-lúc Khu-rơ-tu-iát Tát),Улуг Хуртуях тас,Ulug Khurtuyakh Tas Stele,Cộng hoà Khakassia,monument,53.014061,90.315106,,,,Khoảng 1 giờ; có thể kết hợp thêm các điểm lân cận nếu đi tour trong ngày.,Vé bán trực tiếp tại bảo tàng với mức phí khiêm tốn; nên mang tiền mặt (giá cụ thể chưa được công bố cố định).,"Mở cửa quanh năm, không nghỉ ngày nào: mùa đông 11:00–17:00, xuân/thu 11:00–18:00, mùa hè 10:00–19:00.",Mùa hè và đầu thu khi thảo nguyên đẹp và ấm áp; nên đi buổi sáng để tránh nắng gắt giữa trưa.,"https://yandex.com/maps/?pt=90.315106,53.014061&z=17&l=map","https://www.google.com/maps/search/?api=1&query=53.014061,90.315106",https://хуртуяхтас.рф,enriched,"Ulug Khurtuyakh Tas – 'Bà Lão Đá Lớn' – là tấm bia đá cổ khoảng 4.500 năm tuổi thuộc văn hóa Okunev, một trong những di tích thiêng liêng nhất Khakassia. Hình tượng một người phụ nữ mang thai với chiếc mũ chóp được người bản địa tôn kính như vị thần bảo hộ cho tình mẫu tử và gia đình."
khakassia-kazanovka-museum-reserve,Bảo tàng-Khu bảo tồn Kazanovka (Ka-da-nốp-ka),Музей-заповедник «Казановка»,Kazanovka Museum-Reserve,Cộng hoà Khakassia,museum|park_garden,53.3167,90.0833,,,,Khoảng 2–3 giờ cho các tuyến chính; có thể lâu hơn nếu tham quan sâu nhiều cụm di tích.,"Có thu phí tham quan và phí tour hướng dẫn tại chỗ; mức giá thay đổi theo chương trình, nên hỏi trước qua trang chính thức của bảo tàng.","Mở cửa theo mùa, chủ yếu vào ban ngày và mùa ấm; nên liên hệ trước với ban quản lý để đặt lịch và hướng dẫn viên.",Cuối xuân đến đầu thu; đặc biệt dịp lễ Chyl Pazy (tháng 3) và lễ hội mùa màng (tháng 8) để xem văn hóa Khakas.,"https://yandex.com/maps/?pt=90.0833,53.3167&z=17&l=map","https://www.google.com/maps/search/?api=1&query=53.3167,90.0833",http://kazanaal.ru,enriched,"Kazanovka là bảo tàng-khu bảo tồn ngoài trời rộng lớn ở huyện Askiz, nơi lưu giữ hơn hai nghìn di tích khảo cổ giữa khung cảnh thảo nguyên, rừng taiga và núi non. Đây là bảo tàng-khu bảo tồn đầu tiên của Khakassia, tái hiện sống động đời sống và tín ngưỡng của người Khakas qua nhiều thời đại."
khakassia-ivanovskie-lakes,Cụm hồ Ivanovskie (I-va-nốp-xki-e Ô-di-ô-ra),Ивановские озёра,Ivanovskie Lakes,Cộng hoà Khakassia,park_garden,54.617766,88.648046,,,,"Thường trọn một ngày dài hoặc cắm trại qua đêm, do quãng đường di chuyển và đi bộ đáng kể.","Phí vào khu bảo vệ thiên nhiên khoảng 100 RUB/người (áp dụng từ năm 2022), có thể thanh toán qua mã QR hoặc trang của ban quản lý khu bảo tồn.","Là khu thiên nhiên ngoài trời, có thể đến quanh năm; nên đi vào ban ngày và trong mùa thời tiết cho phép.",Tháng 7–8 cho trekking khi hoa nở và đường dễ đi; mùa đông cho trượt tuyết tự do với người có kinh nghiệm.,"https://yandex.com/maps/?pt=88.648046,54.617766&z=17&l=map","https://www.google.com/maps/search/?api=1&query=54.617766,88.648046",,enriched,"Ivanovskie là chuỗi hồ băng hà trên độ cao 1.300 m giữa dãy Kuznetsk Alatau, được ví như 'viên ngọc' của thiên nhiên Khakassia. Bốn hồ nước trong vắt nối nhau bằng những thác nước, bao quanh là đồng cỏ núi cao và những vạt tuyết không tan."
khakassia-abakan-transfiguration-cathedral,Nhà thờ Chính tòa Chúa Hiển Dung Abakan (Xpa-xô Prê-ô-bra-gien-xki Xô-bo),Спасо-Преображенский собор (Абакан),Transfiguration Cathedral (Abakan),Cộng hoà Khakassia,church,53.741987,91.427369,4.7,171,2GIS,Khoảng 30–45 phút để tham quan bên trong và khuôn viên.,Miễn phí vào tham quan và dự lễ; có thể tùy tâm công đức.,"Mở cửa hằng ngày: Thứ Hai–Thứ Bảy khoảng 8:00–19:00, Chủ Nhật từ khoảng 6:30–19:00 (có thể kéo dài khi có lễ do Tổng Giám mục chủ trì).",Quanh năm; đẹp nhất vào các dịp lễ lớn của Chính thống giáo hoặc buổi sáng khi có thánh lễ.,"https://yandex.com/maps/?pt=91.427369,53.741987&z=17&l=map","https://www.google.com/maps/search/?api=1&query=53.741987,91.427369",https://www.spaso-preobr-sobor.ru,enriched,"Nhà thờ Chính tòa Chúa Hiển Dung là ngôi thánh đường Chính thống giáo lớn nhất Khakassia và là biểu tượng của thành phố Abakan. Với bảy vòm mạ ánh vàng titan cao gần 50 mét, công trình nổi bật giữa trung tâm thành phố và có thể chứa tới cả nghìn giáo dân."
khanty-mansi-khanty-mansiysk-archeopark,Công viên Khảo cổ Arkheopark (Ác-khê-ô-pác),Культурно-туристический комплекс «Археопарк»,Archeopark,Khu tự trị Khanty-Mansi,park_garden|monument,60.980233,69.007798,4.8,257,Tripadvisor,30 phút – 1 giờ.,Miễn phí.,Mở cửa tự do 24/7 quanh năm (khu tượng ngoài trời).,"Đẹp quanh năm; mùa hè dễ dạo bộ, mùa đông tuyết phủ cho ảnh ấn tượng nhưng rất lạnh.","https://yandex.com/maps/?pt=69.007798,60.980233&z=17&l=map","https://www.google.com/maps/search/?api=1&query=60.980233,69.007798",,enriched,"Arkheopark là công viên ngoài trời nằm dưới chân đồi Samarovsky chugas, nổi tiếng với đàn voi ma-mút bằng đồng khổng lồ đứng giữa thiên nhiên như vừa bước ra từ Kỷ Băng hà. Đây là biểu tượng du lịch nổi bật nhất của Khanty-Mansiysk và là điểm 'sống ảo' được yêu thích bậc nhất vùng Yugra."
khanty-mansi-torum-maa-ethnographic-museum,Bảo tàng Dân tộc học ngoài trời Torum Maa (Tô-rum Ma),Этнографический музей под открытым небом «Торум Маа»,Torum Maa Open-Air Ethnographic Museum,Khu tự trị Khanty-Mansi,museum,60.998421,69.003478,4.7,575,Yandex Maps,"1–1,5 giờ.","Khu trưng bày ngoài trời: người lớn 150 RUB, trẻ dưới 18 tuổi miễn phí; có thuê máy thuyết minh (170 RUB) và tour hướng dẫn (khoảng 300 RUB/người lớn).",Mùa hè (tháng 6–9): hằng ngày 11:00–19:00; mùa đông (tháng 10–5): hằng ngày 10:00–18:00.,Mùa hè ấm áp thuận tiện đi bộ; các dịp lễ hội của người bản địa rất đáng xem.,"https://yandex.com/maps/?pt=69.003478,60.998421&z=17&l=map","https://www.google.com/maps/search/?api=1&query=60.998421,69.003478",https://torummaa.ru/,enriched,"Torum Maa nghĩa là 'Vùng đất của các vị thần' trong tiếng Khanty và Mansi. Đây là bảo tàng ngoài trời tái hiện nhà cửa, đời sống và tín ngưỡng của hai dân tộc bản địa Khanty và Mansi, nằm giữa rừng taiga trên đồi Samarovsky chugas nhìn xuống thành phố."
khanty-mansi-samarovsky-chugas,Công viên tự nhiên Samarovsky Chugas (Sa-ma-rốp-xki Chu-gát),Природный парк «Самаровский чугас»,Samarovsky Chugas Nature Park,Khu tự trị Khanty-Mansi,park_garden,60.970636,69.060214,4.8,12,2GIS,1–3 giờ tùy tuyến.,Dạo chơi trong rừng miễn phí; một số chương trình tham quan hoặc trung tâm sinh thái có thể thu phí.,"Lãnh thổ công viên mở tự do; các đối tượng du lịch (trung tâm sinh thái, đường mòn) hoạt động ban ngày, nên hỏi trước lịch cụ thể.",Mùa hè cho đi bộ đường mòn; mùa đông cho trượt tuyết và xem biathlon.,"https://yandex.com/maps/?pt=69.060214,60.970636&z=17&l=map","https://www.google.com/maps/search/?api=1&query=60.970636,69.060214",https://ugraoopt.admhmao.ru/samchugas/,enriched,Samarovsky chugas là ngọn đồi rừng taiga xanh thẫm nhô cao giữa vùng đất thấp nơi hai con sông Ob và Irtysh gặp nhau — 'chugas' trong tiếng Khanty nghĩa là 'hòn đảo phủ rừng thường xanh'. Gần như cả thành phố Khanty-Mansiysk nằm trên và quanh khối đồi độc đáo này.
khanty-mansi-museum-nature-and-man,Bảo tàng Thiên nhiên và Con người (Mu-dây Pri-rô-đư i Che-lô-vê-ka),Музей Природы и Человека,Museum of Nature and Man,Khu tự trị Khanty-Mansi,museum,61.004785,69.024418,4.9,400,2GIS,"1,5–2 giờ.","Vé vào cửa khoảng 250 RUB; có vé giảm giá cho trẻ em, học sinh, sinh viên; phí hướng dẫn tính riêng.",Thứ Tư–Chủ nhật 11:00–19:00; nghỉ Thứ Hai và Thứ Ba (nên kiểm tra lại trước khi đến).,Quanh năm; đặc biệt lý tưởng cho ngày thời tiết xấu hoặc mùa đông giá lạnh.,"https://yandex.com/maps/?pt=69.024418,61.004785&z=17&l=map","https://www.google.com/maps/search/?api=1&query=61.004785,69.024418",https://www.ugramuseum.ru/,enriched,"Bảo tàng Thiên nhiên và Con người là bảo tàng khoa học địa phương lâu đời và độc đáo bậc nhất Yugra, kể câu chuyện về thiên nhiên Tây Siberia và con người đã sống nơi đây từ thời tiền sử. Điểm nhấn là bộ sưu tập cổ sinh vật học đồ sộ, trong đó có cả bộ xương voi ma-mút."
khanty-mansi-numto-nature-park,Công viên tự nhiên Numto (Num-tô),Природный парк «Нумто»,Numto Nature Park,Khu tự trị Khanty-Mansi,park_garden,63.495617,71.424213,,,,Thường là chuyến đi nhiều ngày do khoảng cách rất xa.,Cần xin phép/đăng ký với ban quản lý; nhiều khu vực thiêng bị hạn chế tiếp cận (không phải điểm bán vé thông thường).,Không có giờ mở cố định; là khu bảo tồn xa xôi nên việc vào tham quan phải liên hệ và sắp xếp trước với ban quản lý công viên.,Cuối đông–xuân (khi có đường băng) hoặc mùa hè; nên đi theo đoàn có tổ chức.,"https://yandex.com/maps/?pt=71.424213,63.495617&z=17&l=map","https://www.google.com/maps/search/?api=1&query=63.495617,71.424213",,enriched,"Numto là công viên tự nhiên hoang sơ rộng lớn ở huyện Beloyarsky, bao quanh hồ thiêng Numto — 'Hồ Trời' trong tín ngưỡng của người Nenets rừng và người Khanty. Đây là một trong những vùng đất linh thiêng và biệt lập nhất của Yugra."
khanty-mansi-khanty-mansiysk-fountains-square,Quảng trường Trung tâm và các đài phun nước (Tsen-tran-nai-a Plô-shad),Центральная площадь (фонтаны),Central Square and Fountains,Khu tự trị Khanty-Mansi,square_street,61.0038,69.0194,,,,30 phút – 1 giờ.,Miễn phí.,Không gian công cộng mở tự do cả ngày; các đài phun nước hoạt động vào mùa ấm.,Chiều tối mùa hè để ngắm đài phun lên đèn; mùa đông để xem các tác phẩm điêu khắc băng.,"https://yandex.com/maps/?pt=69.0194,61.0038&z=17&l=map","https://www.google.com/maps/search/?api=1&query=61.0038,69.0194",,enriched,"Là trái tim của Khanty-Mansiysk, quảng trường trung tâm quy tụ Nhà Chính phủ Yugra, khu thương mại Gostiny Dvor và những đài phun nước độc đáo. Nổi bật là đài phun 'Rotonda' với quả cầu đá tượng trưng Trái Đất nằm dưới mái vòm ren tựa trên 12 cột đá granite."
khanty-mansi-kondinskiye-lakes-park,Công viên tự nhiên Hồ Kondinskiye (Kôn-đin-xki-ê),Природный парк «Кондинские озёра» им. Л. Ф. Сташкевича,Kondinskiye Lakes Nature Park,Khu tự trị Khanty-Mansi,park_garden,60.863797,63.420586,,,,Từ một ngày đến vài ngày (có nhà khách lưu trú).,Có thu phí lưu trú tại nhà khách và một số chương trình/tour; nên hỏi giá trước khi đến.,"Là khu bảo tồn; tham quan, lưu trú và tour sinh thái cần liên hệ và đặt trước với ban quản lý (văn phòng tại thành phố Sovetsky).","Mùa hè cho câu cá, đi thuyền và ngắm chim; mùa đông cho xe trượt tuyết.","https://yandex.com/maps/?pt=63.420586,60.863797&z=17&l=map","https://www.google.com/maps/search/?api=1&query=60.863797,63.420586",,enriched,"Công viên tự nhiên ở huyện Sovetsky, được lập quanh chuỗi hồ – sông cổ Arantur, Pon-Tur và Ranghetur với làn nước trong lành hiếm có. Đây là vùng đất ngập nước quan trọng quốc tế, thiên đường của các loài chim và động vật hoang dã taiga."
kirov-trifonov-monastery-kirov,Tu viện Trifonov (Uspensky Trifonov monastyr),Успенский Трифонов монастырь,Assumption (Uspensky) Trifonov Monastery,Tỉnh Kirov,church|monument,58.5975,49.6714,4.7,93,Tripadvisor,"Khoảng 1-1,5 giờ.",Miễn phí vào khuôn viên (tu viện đang hoạt động); tùy tâm công đức.,Khuôn viên mở cửa hằng ngày; các nhà thờ mở theo giờ lễ (thường từ sáng sớm đến tối). Nên xem lịch cử hành trên trang chính thức.,Sáng sớm hoặc chiều muộn mùa hè để có ánh sáng đẹp và không gian tĩnh lặng.,"https://yandex.com/maps/?pt=49.6714,58.5975&z=17&l=map","https://www.google.com/maps/search/?api=1&query=58.5975,49.6714",https://uspenskysobor.ru,enriched,"Tu viện Trifonov là quần thể kiến trúc cổ nhất Kirov, do thánh Trifon xứ Vyatka lập năm 1580. Trái tim của tu viện là Nhà thờ Đức Mẹ An Nghỉ cuối thế kỷ 17 - công trình lâu đời nhất thành phố - nổi bật giữa khu vườn xanh mát bên sông Vyatka."
kirov-dymkovo-toy-museum,Bảo tàng Đồ chơi Dymkovo (Muzey dymkovskoy igrushki),Музей дымковской игрушки,Museum of Dymkovo Toy,Tỉnh Kirov,museum,58.602742,49.676538,4.9,335,Yandex Maps,Khoảng 1 giờ.,Vé vào khoảng 20-80 RUB; tham quan có hướng dẫn khoảng 700 RUB; lớp học/masterclass tính phí riêng. Nên đăng ký trước.,Mở cửa hằng ngày 10:00-18:00.,Quanh năm (bảo tàng trong nhà); kết hợp một buổi masterclass để trải nghiệm trọn vẹn.,"https://yandex.com/maps/?pt=49.676538,58.602742&z=17&l=map","https://www.google.com/maps/search/?api=1&query=58.602742,49.676538",https://dymkatoys.ru,enriched,"Bảo tàng Đồ chơi Dymkovo tôn vinh nghề làm tượng đất nung sơn màu rực rỡ đã hơn 400 năm tuổi của làng Dymkovo bên kia sông Vyatka. Nơi đây trưng bày hơn một nghìn tác phẩm, từ các bậc thầy đầu thế kỷ 20 đến nghệ nhân đương đại."
kirov-velikoretskoye,Làng Velikoretskoye (Velikoretskoye),Великорецкое,Velikoretskoye,Tỉnh Kirov,church|monument,58.89556,49.05417,,,,Khoảng 2-3 giờ; nếu đi tour trọn ngày từ Kirov có thể lâu hơn.,Miễn phí (làng và quần thể nhà thờ).,"Không gian ngoài trời, có thể ghé thăm suốt ngày; các nhà thờ mở theo giờ lễ.",Đầu tháng Sáu để chứng kiến cuộc rước Velikoretsky; hoặc mùa hè để tận hưởng cảnh làng quê ven sông.,"https://yandex.com/maps/?pt=49.05417,58.89556&z=17&l=map","https://www.google.com/maps/search/?api=1&query=58.89556,49.05417",,enriched,"Velikoretskoye là ngôi làng nhỏ bên sông Velikaya, được coi là trái tim tâm linh của vùng Vyatka. Đây là nơi khởi nguồn cuộc rước Velikoretsky - một trong những cuộc hành hương lớn nhất nước Nga - gắn với sự tích tượng thánh Nikolai hiển linh năm 1383."
kirov-kotelnich-paleontology-museum,Bảo tàng Cổ sinh vật học Kotelnich (Kotelnichsky paleontologichesky muzey),Котельничский палеонтологический музей,Kotelnich Paleontological Museum,Tỉnh Kirov,museum,58.3037,48.3305,4.3,8,fooby.ru,Khoảng 1 giờ.,Có thu phí vào cửa; nên hỏi giá hiện hành tại bảo tàng hoặc khi đặt suất tham quan.,"Thứ Hai-Thứ Sáu 9:00-17:00, Thứ Bảy 9:00-15:00; Chủ nhật đóng cửa.",Quanh năm (bảo tàng trong nhà); tiện ghé khi qua Kotelnich hoặc trên hành trình xuyên tỉnh Kirov.,"https://yandex.com/maps/?pt=48.3305,58.3037&z=17&l=map","https://www.google.com/maps/search/?api=1&query=58.3037,48.3305",,enriched,"Bảo tàng Cổ sinh vật học Kotelnich trưng bày những bộ xương pareiasaur - loài bò sát khổng lồ kỷ Permi - khai quật từ bờ sông Vyatka gần đó, một trong những địa điểm hóa thạch pareiasaur phong phú nhất thế giới. Đây là điểm đến độc đáo cho người mê cổ sinh vật và lịch sử Trái Đất."
kirov-kirov-alexander-garden,"Vườn Aleksandrovsky và bờ sông Grin (Aleksandrovsky sad, naberezhnaya Grina)",Александровский сад / набережная Грина,Alexander Garden and Grin Embankment,Tỉnh Kirov,park_garden|square_street,58.608026,49.686537,4.7,1028,Yandex Maps,Khoảng 45 phút-1 giờ.,Miễn phí.,Mở cửa tự do suốt ngày đêm (công viên công cộng ngoài trời).,Chiều muộn mùa hè để ngắm hoàng hôn trên sông Vyatka; mùa thu lá vàng cũng rất đẹp.,"https://yandex.com/maps/?pt=49.686537,58.608026&z=17&l=map","https://www.google.com/maps/search/?api=1&query=58.608026,49.686537",,enriched,"Vườn Aleksandrovsky là công viên lâu đời nhất Kirov, mở từ năm 1825 trên bờ cao sông Vyatka. Với cổng chào có hàng cột, những đình nghỉ tân cổ điển và lối dạo dọc bờ sông Grin thơ mộng, đây là nơi người dân và du khách tản bộ, ngắm hoàng hôn."
kirov-nizhne-ivkino-resort,Khu điều dưỡng Nizhne-Ivkino (Nizhne-Ivkino),Санаторий «Нижне-Ивкино»,Nizhne-Ivkino Health Resort (Sanatorium),Tỉnh Kirov,other,58.198089,49.513171,4.3,51,sanatoria.ru,Lưu trú điều trị thường 10-21 ngày; ghé thăm ngắn khoảng vài giờ.,"Không bán 'vé tham quan'; khách mua gói lưu trú - điều trị (putyovka), giá tùy loại phòng và liệu trình.",Hoạt động theo hình thức lưu trú và đặt liệu trình quanh năm (nhận khách khi đã đăng ký).,Quanh năm; mùa hè và đầu thu dễ chịu để kết hợp đi bộ đường rừng.,"https://yandex.com/maps/?pt=49.513171,58.198089&z=17&l=map","https://www.google.com/maps/search/?api=1&query=58.198089,49.513171",https://n-ivkino.ru,enriched,"Nizhne-Ivkino là khu nghỉ dưỡng - chữa bệnh nổi tiếng bậc nhất tỉnh Kirov, nằm giữa rừng thông cách thành phố khoảng 40 km. Nơi đây điều trị bằng nguồn nước khoáng sulfat-canxi và bùn sulfua tự nhiên, cùng bầu không khí trong lành ven sông Ivkina."
kirov-vasnetsov-art-museum-kirov,Bảo tàng Mỹ thuật Vyatka mang tên anh em Vasnetsov (Vyatsky khudozhestvenny muzey imeni Vasnetsovykh),Вятский художественный музей имени В. М. и А. М. Васнецовых,Vyatka Art Museum named after the Vasnetsov Brothers,Tỉnh Kirov,museum,58.6024,49.6689,4.8,8,fooby.ru,"Khoảng 1-1,5 giờ.",Khoảng 30-250 RUB tùy triển lãm; trẻ em dưới 7 tuổi miễn phí.,Thứ Tư và Thứ Sáu-Chủ nhật 10:00-18:00; Thứ Năm 12:00-20:00; đóng cửa Thứ Hai và Thứ Ba.,Quanh năm (bảo tàng trong nhà); Thứ Năm mở muộn đến 20:00 thuận tiện cho buổi tối.,"https://yandex.com/maps/?pt=49.6689,58.6024&z=17&l=map","https://www.google.com/maps/search/?api=1&query=58.6024,49.6689",https://kirov-artmuzeum.ru,enriched,"Đây là một trong những bảo tàng mỹ thuật tỉnh lẻ lâu đời nhất nước Nga, thành lập năm 1910 theo sáng kiến của hai anh em họa sĩ Viktor và Apollinary Vasnetsov - những người con của đất Vyatka. Bộ sưu tập trải rộng từ tranh Nga cổ điển, icon đến nghệ thuật dân gian."
komi-manpupuner,Cột đá phong hóa Manpupuner (Man-pu-pu-nyor),Маньпупунёр (Столбы выветривания),Manpupuner rock formations,Cộng hoà Komi,monument|park_garden,62.257778,59.298056,4.4,12,Tripadvisor,Cả chuyến đi mất 1 ngày (bay trực thăng) đến 3-6 ngày (đi bộ/trượt tuyết); thời gian trên cao nguyên chỉ vài giờ.,"Phải xin giấy phép vào khu bảo tồn; chi phí tour (gồm trực thăng hoặc dẫn đường nhiều ngày) khá cao, riêng phí có thể tới khoảng 14.000 RUB trở lên.","Chỉ tham quan được theo tour có tổ chức và giấy phép của khu bảo tồn, thường vào mùa hè (đi bộ) hoặc mùa đông (trượt tuyết/xe trượt); không có giờ mở cửa cố định.","Cuối hè (tháng 7-8) cho đường bộ, hoặc cuối đông (tháng 2-3) cho hành trình trượt tuyết; bay trực thăng phụ thuộc thời tiết.","https://yandex.com/maps/?pt=59.298056,62.257778&z=17&l=map","https://www.google.com/maps/search/?api=1&query=62.257778,59.298056",https://www.pechora-reserve.ru/,enriched,"Manpupuner là bảy cột đá khổng lồ cao tới 40 mét, sừng sững giữa cao nguyên hoang vu ở dãy Ural phương Bắc. Được người Mansi tôn là vùng đất thiêng và được bình chọn là một trong Bảy kỳ quan nước Nga, nơi đây nổi tiếng vừa vì vẻ đẹp siêu thực vừa vì độ khó tiếp cận."
komi-pechoro-ilych,Khu bảo tồn thiên nhiên Pechoro-Ilych (Pê-chô-rô I-lứt),Печоро-Илычский заповедник,Pechora-Ilych Nature Reserve,Cộng hoà Komi,park_garden|museum,62.575,58.2583,,,,Nửa ngày cho trại nai và bảo tàng ở Yaksha; nhiều ngày nếu đi các tuyến sâu trong rừng.,Tham quan trại nai và các tuyến sinh thái tính phí theo bảng giá của khu bảo tồn; nên đặt trước qua ban quản lý.,"Vùng lõi khu bảo tồn cần giấy phép; điểm tham quan chính là trại nai và bảo tàng thiên nhiên ở làng Yaksha, mở theo lịch hẹn/tour nên liên hệ trước.",Mùa hè (tháng 6-9) thuận lợi nhất cho việc di chuyển và tham quan.,"https://yandex.com/maps/?pt=58.2583,62.575&z=17&l=map","https://www.google.com/maps/search/?api=1&query=62.575,58.2583",https://www.pechora-reserve.ru/,enriched,"Khu bảo tồn Pechoro-Ilych là một trong những vùng rừng nguyên sinh lớn nhất châu Âu, thuộc Di sản Thế giới UNESCO 'Rừng nguyên sinh Komi'. Nơi đây nổi tiếng với trại nuôi nai sừng tấm độc đáo ở làng Yaksha và cũng là nơi tọa lạc cao nguyên cột đá Manpupuner."
komi-yugyd-va,Vườn quốc gia Yugyd Va (Yu-gứt Va),Национальный парк «Югыд ва»,Yugyd Va National Park,Cộng hoà Komi,park_garden|monument,62.4167,58.7833,,,,"Thường là các chuyến nhiều ngày, từ vài ngày tới hơn một tuần cho leo núi hoặc đi bè.",Cần mua giấy phép vào vườn và đăng ký tuyến; phí thay đổi theo tuyến và số ngày - nên liên hệ ban quản lý để biết chi tiết.,"Là vườn quốc gia mở, không có giờ đóng/mở cố định; mọi chuyến vào rừng đều phải đăng ký và xin giấy phép của ban quản lý.",Tháng 7-8 cho đi bè và leo núi; cuối đông - đầu xuân cho trượt tuyết.,"https://yandex.com/maps/?pt=58.7833,62.4167&z=17&l=map","https://www.google.com/maps/search/?api=1&query=62.4167,58.7833",,enriched,"Yugyd Va - 'nước trong' theo tiếng Komi, là vườn quốc gia lớn nhất nước Nga, bảo vệ những dãy núi, dòng sông và rừng taiga nguyên sơ của dãy Ural. Cùng với Pechoro-Ilych, nơi đây tạo nên Di sản Thế giới UNESCO và là thiên đường cho dân leo núi, chèo bè."
komi-syktyvkar,Thành phố Syktyvkar (Xức-típ-ca),Сыктывкар,Syktyvkar,Cộng hoà Komi,square_street|museum|church,61.6688,50.8353,,,,Khoảng 1 ngày để tham quan trung tâm và vài bảo tàng.,"Dạo phố và quảng trường miễn phí; vé bảo tàng, phòng tranh và nhà hát ở mức phải chăng (thường vài trăm RUB).","Là thành phố nên tham quan tự do quanh năm; các bảo tàng và nhà hát mở theo giờ riêng, thường 10:00-18:00 và nghỉ đầu tuần.",Cuối xuân đến đầu thu (tháng 5-9) khi thời tiết dễ chịu; mùa đông rất lạnh nhưng nhiều tuyết đẹp.,"https://yandex.com/maps/?pt=50.8353,61.6688&z=17&l=map","https://www.google.com/maps/search/?api=1&query=61.6688,50.8353",,enriched,"Syktyvkar là thủ phủ của Cộng hòa Komi, nằm bên sông Sysola - cái tên có nghĩa 'thành phố bên sông Sysola'. Đây là trung tâm văn hóa của người Komi bản địa, với Quảng trường Stefanovskaya, nhà thờ chính tòa và bảo tàng quốc gia lâu đời nhất vùng."
komi-ust-vym,Làng cổ Ust-Vym (Ust Vưm),Усть-Вымь,Ust-Vym,Cộng hoà Komi,church|monument,62.22583,50.39083,,,,Khoảng 1-2 giờ.,Vào làng và khuôn viên tu viện miễn phí; có thể quyên góp tùy tâm.,"Làng và Tu viện Tổng lãnh Thiên thần Mikhail mở cửa cho khách hành hương, thường vào ban ngày; nên tránh giờ cử hành thánh lễ nếu chỉ tham quan.","Mùa hè, hoặc vào các dịp lễ lớn của Chính thống giáo khi tu viện nhộn nhịp.","https://yandex.com/maps/?pt=50.39083,62.22583&z=17&l=map","https://www.google.com/maps/search/?api=1&query=62.22583,50.39083",https://mihailo-arhangelski-monastir.ru/,enriched,"Ust-Vym là ngôi làng cổ nơi Thánh Stephan xứ Perm khởi đầu công cuộc Kitô hóa người Komi năm 1380. Từng là thủ phủ tôn giáo và hành chính của cả vùng, nơi đây nay là điểm hành hương với Tu viện Tổng lãnh Thiên thần Mikhail cổ kính bên sông."
komi-finno-ugric-ethnopark,Công viên Văn hóa Finno-Ugric (làng Yb),Финно-угорский этнокультурный парк,Finno-Ugric Ethnocultural Park (Yb),Cộng hoà Komi,museum|park_garden,61.4869,50.7605,3.5,14,Tripadvisor,"Khoảng 2-4 giờ, hoặc lưu trú qua đêm nếu tham gia nhiều hoạt động.","Có vé vào cửa; các lớp trải nghiệm, tour và chương trình lễ hội tính phí riêng - nên đặt trước qua trang chính thức.",Mở cửa hằng ngày vào ban ngày; lịch cụ thể và các buổi trải nghiệm thay đổi theo mùa - nên kiểm tra trang chính thức trước khi đến.,Mùa hè và các dịp lễ hội dân gian; mùa đông có hoạt động tuyết nhưng khá lạnh.,"https://yandex.com/maps/?pt=50.7605,61.4869&z=17&l=map","https://www.google.com/maps/search/?api=1&query=61.4869,50.7605",https://www.ethnopark-rk.ru/,enriched,"Công viên Văn hóa Finno-Ugric ở làng cổ Yb là bảo tàng ngoài trời giới thiệu di sản của các dân tộc Finno-Ugric. Du khách được vào nhà gỗ Komi, lều chum Nenets, tham gia các lớp thủ công và nếm đặc sản phương Bắc trong không gian gần gũi thiên nhiên."
komi-ust-tsilma,Làng Ust-Tsilma (Ust Txin-ma),Усть-Цильма,Ust-Tsilma,Cộng hoà Komi,monument|church,65.433889,52.150833,,,,"1-2 ngày, đặc biệt nếu muốn xem trọn lễ hội Gorka.",Tham quan làng miễn phí; một số bảo tàng địa phương (như Bảo tàng M.A. Babikov) thu phí nhỏ.,"Là làng dân cư, có thể ghé thăm tự do quanh năm; điểm nhấn là lễ hội Gorka diễn ra vào khoảng ngày 7 và 12 tháng 7 hằng năm.","Giữa tháng 7, đúng dịp lễ hội Gorka, là thời điểm đáng giá nhất.","https://yandex.com/maps/?pt=52.150833,65.433889&z=17&l=map","https://www.google.com/maps/search/?api=1&query=65.433889,52.150833",,enriched,"Ust-Tsilma là ngôi làng phương bắc bên sông Pechora, cái nôi của văn hóa Tín đồ Cựu giáo và nếp sống Bắc Nga cổ. Nơi đây nổi danh với lễ hội múa vòng 'Gorka' mỗi tháng 7, khi cả làng khoác thổ cẩm rực rỡ ca hát trên đồi."
kostroma-ipatiev-monastery,Tu viện Ipatiev (Ipatievsky monastyr),Ипатьевский монастырь,Ipatiev Monastery,Tỉnh Kostroma,church|museum|monument,57.7764,40.8944,4.4,1029,Tripadvisor,"Khoảng 1,5-2 giờ.",Vé vào khu tu viện khoảng 170-300 RUB; nhiều khu trưng bày thu phí riêng nên tổng chi phí có thể lên tới khoảng 900 RUB; chụp ảnh có thể tính thêm.,"Mở cửa hằng ngày, thường khoảng 9:00-17:00; lưu ý lịch cử hành nghi lễ tôn giáo có thể ảnh hưởng đến khu vực nhà thờ.",Sáng sớm hoặc cuối chiều mùa hè để tránh đông và có ánh sáng đẹp bên sông.,"https://yandex.com/maps/?pt=40.8944,57.7764&z=17&l=map","https://www.google.com/maps/search/?api=1&query=57.7764,40.8944",,enriched,"Tu viện Ipatiev nằm bên hợp lưu sông Kostroma và sông Volga, được xem là 'cái nôi' của vương triều Romanov. Chính tại đây năm 1613, chàng thiếu niên Mikhail Romanov đã được Hội đồng toàn Nga chọn làm Sa hoàng, mở đầu triều đại kéo dài hơn 300 năm."
kostroma-kostromskaya-sloboda,Bảo tàng Kiến trúc Gỗ Kostroma «Kostromskaya Sloboda»,Костромская слобода,Kostroma Museum of Wooden Architecture (Kostromskaya Sloboda),Tỉnh Kostroma,museum|park_garden,57.776389,40.89,4.5,846,Tripadvisor,Khoảng 2-3 giờ.,Vé vào khoảng 300 RUB; có thể thuê hướng dẫn viên với chi phí thêm.,Thường mở cửa hằng ngày khoảng 10:00-18:00 (mùa hè); giờ có thể rút ngắn vào mùa đông.,Cuối xuân đến đầu thu khi thời tiết khô ráo; dịp lễ hội dân gian càng thêm sinh động.,"https://yandex.com/maps/?pt=40.89,57.776389&z=17&l=map","https://www.google.com/maps/search/?api=1&query=57.776389,40.89",https://kostrsloboda.ru,enriched,"Bảo tàng Kiến trúc Gỗ ngoài trời 'Kostromskaya Sloboda' quy tụ những nhà thờ, nhà nguyện và izba (nhà gỗ nông dân) thế kỷ 17-19 được di dời và phục dựng ngay cạnh Tu viện Ipatiev. Đây là nơi tái hiện sống động đời sống làng quê Nga xưa giữa khung cảnh ven sông thơ mộng."
kostroma-susanin-square-fire-tower,"Quảng trường Susanin và Tháp Lính cứu hỏa (Susaninskaya ploshchad, Pozharnaya kalancha)",Сусанинская площадь и Пожарная каланча,Susanin Square and the Fire Tower,Tỉnh Kostroma,square_street|monument|museum,57.768056,40.925833,4.5,204,Tripadvisor,Khoảng 30-60 phút cho quảng trường và ngắm tháp.,Tham quan quảng trường miễn phí; vào khu trưng bày trong tháp có thu phí (vài trăm RUB).,"Quảng trường mở tự do suốt ngày; khu trưng bày trong Tháp Lính cứu hỏa mở theo giờ bảo tàng (thường 10:00-18:00, nên kiểm tra trước).","Buổi tối khi tháp và quảng trường lên đèn, hoặc dịp lễ hội thành phố.","https://yandex.com/maps/?pt=40.925833,57.768056&z=17&l=map","https://www.google.com/maps/search/?api=1&query=57.768056,40.925833",https://kosmuseum.ru,enriched,"Quảng trường Susanin là trái tim hình rẻ quạt của Kostroma, nơi hội tụ những con phố tỏa ra từ thời quy hoạch thế kỷ 18. Nổi bật giữa quảng trường là Tháp Lính cứu hỏa (Pozharnaya kalancha) theo phong cách Tân cổ điển, biểu tượng kiến trúc của thành phố."
kostroma-trading-rows-gostiny-dvor,Dãy phố Thương mại Kostroma (Torgovye ryady / Gostiny Dvor),Костромские торговые ряды (Гостиный двор),Kostroma Trading Rows (Gostiny Dvor),Tỉnh Kostroma,monument|square_street,57.765678,40.925391,4.3,562,Tripadvisor,Khoảng 30-60 phút.,"Tham quan, dạo bộ miễn phí.",Không gian phố mở tự do cả ngày; cửa hàng thường hoạt động khoảng 9:00/10:00-19:00.,Buổi sáng hoặc trưa các ngày trong tuần để khu phố đông vui mà không quá tải.,"https://yandex.com/maps/?pt=40.925391,57.765678&z=17&l=map","https://www.google.com/maps/search/?api=1&query=57.765678,40.925391",,enriched,Dãy phố Thương mại Kostroma (Torgovye ryady) là một trong những quần thể kiến trúc thương mại thế kỷ 18-19 lớn và được bảo tồn tốt nhất nước Nga. Những hàng cột trắng nối dài quanh Nhà thờ Chúa Cứu Thế 'trong dãy phố' đến nay vẫn là khu chợ và mua sắm sầm uất.
kostroma-epiphany-anastasia-convent,Tu viện nữ Epiphany-Anastasia (Bogoyavlensko-Anastasiin monastyr),Богоявленско-Анастасиин монастырь,Epiphany-Anastasia Convent,Tỉnh Kostroma,church|monument,57.773056,40.925,4.5,249,Tripadvisor,Khoảng 30-45 phút.,Miễn phí (đón nhận tiền dâng cúng tùy tâm).,"Mở cửa hằng ngày cho khách hành hương, thường từ sáng sớm đến chiều tối theo giờ lễ.","Trong giờ lễ để cảm nhận không khí phụng vụ, hoặc sáng sớm yên tĩnh.","https://yandex.com/maps/?pt=40.925,57.773056&z=17&l=map","https://www.google.com/maps/search/?api=1&query=57.773056,40.925",,enriched,"Tu viện nữ Epiphany-Anastasia (Bogoyavlensko-Anastasiin) là trung tâm hành hương quan trọng của Kostroma, nơi lưu giữ báu vật thiêng liêng: bức icon Đức Mẹ Feodorovskaya, thánh tượng bảo trợ của vương triều Romanov."
kostroma-snow-maiden-terem,Điện gỗ nàng Tuyết Nhi (Terem Snegurochki),Терем Снегурочки,Snow Maiden's Terem (Residence),Tỉnh Kostroma,other|museum,57.75572,40.95094,3.9,517,Tripadvisor,Khoảng 45-60 phút.,Giá thay đổi theo chương trình (khoảng 1.000-1.500 RUB cho các gói tham quan có kèm trải nghiệm); Phòng Băng thường tính phí riêng - nên đặt trước.,"Mở cửa hằng ngày, khoảng 10:00-18:00.",Mùa đông và dịp Giáng Sinh/Năm Mới để trọn vẹn không khí; ngày thường ít đông hơn cuối tuần lễ hội.,"https://yandex.com/maps/?pt=40.95094,57.75572&z=17&l=map","https://www.google.com/maps/search/?api=1&query=57.75572,40.95094",https://teremsnegurochki.ru,enriched,Terem Snegurochki là 'ngôi nhà gỗ' của nàng Tuyết Nhi (Snegurochka) - nhân vật cổ tích Nga mà Kostroma tự hào là quê hương. Điểm đến mang màu sắc thần tiên này nổi tiếng với Phòng Băng có tượng băng quanh năm và những màn trình diễn dân gian vui nhộn.
kostroma-romanov-museum,Bảo tàng Romanov (Romanovsky muzey),Романовский музей,Romanov Museum,Tỉnh Kostroma,museum|monument,57.76891,40.92993,4.4,21,Tripadvisor,Khoảng 1 giờ.,Khoảng 350 RUB (có thể thay đổi theo triển lãm).,Thường mở cửa 11:00-19:00; đóng cửa vào một ngày đầu tuần (nên kiểm tra lịch).,Kết hợp buổi tham quan trung tâm ban ngày; tránh sát giờ đóng cửa.,"https://yandex.com/maps/?pt=40.92993,57.76891&z=17&l=map","https://www.google.com/maps/search/?api=1&query=57.76891,40.92993",https://kosmuseum.ru,enriched,"Bảo tàng Romanov khánh thành năm 1913 nhân 300 năm vương triều Romanov, với sự hiện diện của Sa hoàng Nikolai II. Tòa nhà mang phong cách 'terem' Nga cổ nay là bảo tàng mỹ thuật, trưng bày tranh của các danh họa như Aivazovsky, Kustodiev và Levitan."
kostroma-shchelykovo-ostrovsky-estate,Điền trang - Bảo tàng Ostrovsky «Shchelykovo»,Музей-заповедник «Щелыково»,Shchelykovo - Ostrovsky Estate-Museum,Tỉnh Kostroma,museum|park_garden,57.605417,42.172468,4.7,19,Tripadvisor,Nửa ngày đến trọn một ngày.,Vào Nhà Ostrovsky và các khu trưng bày có thu phí; khuôn viên công viên - thiên nhiên có thể dạo thăm.,"Bảo tàng - điền trang mở theo mùa, thường từ thứ Tư đến Chủ nhật; nên kiểm tra lịch trên trang chính thức trước khi đi.",Cuối xuân đến đầu thu khi công viên và rừng cây xanh tốt nhất.,"https://yandex.com/maps/?pt=42.172468,57.605417&z=17&l=map","https://www.google.com/maps/search/?api=1&query=57.605417,42.172468",https://museumschelykovo.ru,enriched,"Shchelykovo là điền trang - bảo tàng của đại văn hào kịch nghệ Aleksandr Ostrovsky, nằm giữa vùng rừng và đồng quê thơ mộng của tỉnh Kostroma. Nơi đây được ví như 'Barbizon của nước Nga', gắn liền với nguồn cảm hứng cho nhiều vở kịch bất hủ của ông, trong đó có 'Nàng Tuyết'."
krasnodar-rosa-khutor-krasnaya-polyana,"Khu nghỉ dưỡng trượt tuyết Rosa Khutor (Rô-da Khu-tơ), Krasnaya Polyana",Роза Хутор (Красная Поляна),Rosa Khutor Alpine Resort (Krasnaya Polyana),Vùng Krasnodar,park_garden,43.6725,40.2969,4.6,5108,Tripadvisor,Nửa ngày đến trọn ngày (hoặc lưu trú nhiều ngày).,"Dạo chơi trong làng miễn phí; vé cáp treo ngắm cảnh và vé trượt tuyết (ski-pass) tính phí, giá thay đổi theo mùa - nên mua trực tuyến trước.","Làng nghỉ dưỡng mở cửa quanh năm; cáp treo hoạt động theo mùa, thường từ khoảng 9:00 đến 17:30-18:00 (giờ có thể thay đổi).",Tháng 12-4 cho trượt tuyết; tháng 6-9 cho đi bộ đường dài và ngắm biển mây.,"https://yandex.com/maps/?pt=40.2969,43.6725&z=17&l=map","https://www.google.com/maps/search/?api=1&query=43.6725,40.2969",https://rosakhutor.com,enriched,"Nằm ở thung lũng Krasnaya Polyana bên dãy Kavkaz, Rosa Khutor là khu nghỉ dưỡng trượt tuyết lớn và sang trọng bậc nhất nước Nga, nơi tổ chức các nội dung trượt tuyết đổ đèo của Thế vận hội Mùa đông Sochi 2014. Từ ngôi làng ven sông ở độ cao 560 m, hệ thống cáp treo đưa du khách lên tận đỉnh Rosa Peak cao 2.320 m để phóng tầm mắt ra biển mây và những rặng núi tuyết phủ."
krasnodar-sochi-arboretum,Vườn thực vật Sochi - Dendrariy (Đen-đra-ri),Сочинский дендрарий,Sochi Arboretum,Vùng Krasnodar,park_garden,43.571096,39.74271,4.3,2992,Tripadvisor,Khoảng 2-3 giờ.,"Vé vào cửa khoảng 320 rúp/người lớn, 150 rúp/trẻ 7-14 tuổi, dưới 7 tuổi miễn phí; cáp treo khoảng 500 rúp (giá có thể thay đổi).",Mở cửa hằng ngày 9:00-19:00 (quầy vé đóng lúc 18:00); mùa đông có thể rút ngắn giờ.,Mùa xuân (hoa mộc lan) và mùa thu; buổi sáng để tránh xếp hàng cáp treo.,"https://yandex.com/maps/?pt=39.74271,43.571096&z=17&l=map","https://www.google.com/maps/search/?api=1&query=43.571096,39.74271",https://dendrarium.ru,enriched,"Được lập từ năm 1890 trên sườn đồi nhìn ra Biển Đen, Vườn thực vật Sochi là công viên cây cận nhiệt đới lớn nhất nước Nga, quy tụ hàng nghìn loài cây từ khắp năm châu trên diện tích 49 ha. Một tuyến cáp treo nối phần vườn dưới với đỉnh đồi, nơi có những hàng cọ, tùng bách, hồ nước và đài phun cùng khung cảnh lãng mạn kiểu Địa Trung Hải."
krasnodar-akhun-tower,Tháp quan sát trên núi Akhun (A-khun),Башня на горе Ахун,Akhun Tower,Vùng Krasnodar,monument|park_garden,43.55056,39.84333,4.4,1209,Tripadvisor,Khoảng 1-2 giờ.,Phí vào/lên tháp khoảng 200 rúp (có thể thay đổi); một số dịch vụ quanh khu thu phí riêng.,Khu vực mở cửa hằng ngày (thường từ khoảng 9:00); đài quan sát có giờ riêng và từng đóng cửa để trùng tu - nên kiểm tra trước.,"Ngày trời quang, ít mây; lúc bình minh hoặc hoàng hôn để có ánh sáng đẹp.","https://yandex.com/maps/?pt=39.84333,43.55056&z=17&l=map","https://www.google.com/maps/search/?api=1&query=43.55056,39.84333",,enriched,"Sừng sững trên đỉnh núi Akhun cao 663 m gần Sochi, tòa tháp quan sát bằng đá vôi được xây năm 1936 theo phong cách Roman, cao chừng 30 mét. Leo lên đỉnh tháp, du khách được thưởng ngoạn khung cảnh ngoạn mục: dãy Kavkaz tuyết phủ ở một phía và Biển Đen xanh thẳm trải dài ở phía kia."
krasnodar-abrau-dyurso,Vùng rượu vang Abrau-Dyurso (A-brau Đuy-rơ-xô),Абрау-Дюрсо,Abrau-Dyurso Winery,Vùng Krasnodar,other|park_garden,44.70278,37.60194,4.5,604,Tripadvisor,Khoảng nửa ngày.,"Dạo chơi quanh hồ miễn phí; tour tham quan hầm rượu kèm nếm thử tính phí theo từng chương trình, cần đăng ký trước.",Làng và khu ven hồ tham quan tự do hằng ngày; các tour hầm rượu diễn ra theo lịch cố định (thường ban ngày) - nên đặt trước.,Cuối xuân đến đầu thu; buổi tối cuối tuần để xem nhạc nước bên hồ.,"https://yandex.com/maps/?pt=37.60194,44.70278&z=17&l=map","https://www.google.com/maps/search/?api=1&query=44.70278,37.60194",https://abraudurso.ru,enriched,"Bên hồ nước ngọt Abrau lớn nhất vùng Kavkaz, làng Abrau-Dyurso là cái nôi của rượu vang nổ (sâm panh) Nga, ra đời từ năm 1870 theo sắc lệnh của Sa hoàng Aleksandr II. Ngày nay nơi đây là một khu du lịch rượu vang sầm uất với hầm rượu cổ, tour nếm thử, quảng trường bên hồ và màn trình diễn nhạc nước về đêm."
krasnodar-krasnodar-galitsky-park,Công viên Galitsky (Ga-lít-xki) - Công viên 'Krasnodar',Парк «Краснодар» (Парк Галицкого),Galitsky Park (Krasnodar Park),Vùng Krasnodar,park_garden,45.0419,39.03857,4.7,293,Tripadvisor,Khoảng 2-3 giờ.,Vào cửa công viên miễn phí; riêng Vườn Nhật thu vé và giới hạn lượt khách (đặt trước).,Công viên chính mở cửa cả ngày (24/7); Vườn Nhật có khung giờ riêng và cần đặt vé/mã vào.,Buổi chiều tối để ngắm đèn nghệ thuật; mùa xuân đến mùa thu khi cây cối xanh tốt.,"https://yandex.com/maps/?pt=39.03857,45.0419&z=17&l=map","https://www.google.com/maps/search/?api=1&query=45.0419,39.03857",https://galitskypark.ru,enriched,"Do tỷ phú Sergei Galitsky đầu tư và khánh thành năm 2017 bên cạnh sân vận động FC Krasnodar, công viên 'Krasnodar' (quen gọi là Công viên Galitsky) là một trong những không gian công cộng hiện đại và đẹp nhất nước Nga. Rộng hơn 22 ha, nơi đây gây ấn tượng với kiến trúc tối giản, đài phun nước, mê cung nước, giảng đường ngoài trời và khu Vườn Nhật cầu kỳ."
krasnodar-sochi-olympic-park,Công viên Olympic Sochi (Ô-lim-pi-ski),Олимпийский парк (Сочи),Sochi Olympic Park,Vùng Krasnodar,park_garden|monument,43.405647,39.954592,4.3,3051,Tripadvisor,Khoảng 2-4 giờ.,"Vào khu công viên và xem nhạc nước miễn phí; các bảo tàng, trò chơi và nhà thi đấu bên trong thu vé riêng.",Khu công viên tham quan tự do hằng ngày; màn nhạc nước diễn ra vào buổi tối theo mùa (chủ yếu mùa hè).,Buổi tối mùa hè để xem nhạc nước; chiều mát để đạp xe quanh khu.,"https://yandex.com/maps/?pt=39.954592,43.405647&z=17&l=map","https://www.google.com/maps/search/?api=1&query=43.405647,39.954592",,enriched,"Xây dựng cho Thế vận hội Mùa đông 2014 tại thung lũng Imeretinskaya ven Biển Đen ở Adler, Công viên Olympic Sochi là quần thể các nhà thi đấu tráng lệ vây quanh quảng trường trung tâm và đài lửa Olympic. Nổi bật là sân vận động Fisht, các cung điện băng, đường đua Công thức 1 Sochi Autodrom và màn trình diễn nhạc nước 'Những dòng nước của Công viên Olympic'."
krasnodar-gelendzhik-embankment,Bờ kè biển Gelendzhik (Ghê-len-gích),Геленджикская набережная,Gelendzhik Embankment,Vùng Krasnodar,square_street,44.577756,38.06355,4.7,1356,Tripadvisor,Khoảng 1-3 giờ (tùy quãng đường đi dạo).,Miễn phí.,Mở cửa tự do suốt ngày đêm (24/7).,Lúc hoàng hôn và buổi tối; mùa hè (tháng 6-9) là mùa nghỉ mát nhộn nhịp nhất.,"https://yandex.com/maps/?pt=38.06355,44.577756&z=17&l=map","https://www.google.com/maps/search/?api=1&query=44.577756,38.06355",,enriched,"Ôm trọn vịnh Gelendzhik hình móng ngựa bên Biển Đen, bờ kè Gelendzhik dài khoảng 8 km được xem là con đường ven biển dài nhất vùng Krasnodar. Rợp bóng cọ, thông và tùng, con đường dạo bộ này nối liền hai mũi đất Tolsty và Tonky, dày đặc tượng nghệ thuật, đài phun nước, quán cà phê và bãi tắm."
krasnodar-ataman-taman,"Làng Cossack Ataman (A-ta-man), Taman",Атамань,Ataman Cossack Village (Taman),Vùng Krasnodar,museum,45.217842,36.695536,,,,Khoảng 2-4 giờ (nửa ngày).,"Vé người lớn khoảng 600-1.000 rúp tùy ngày trong tuần, trẻ 6-18 tuổi khoảng 450-600 rúp, dưới 6 tuổi miễn phí; tour có hướng dẫn và lớp nghề tính phí thêm.","Mở cửa hằng ngày 9:00-19:00 (thứ Bảy đến 22:00); hoạt động chủ yếu theo mùa (xuân - thu), một số thời điểm mùa đông có thể đóng.","Mùa xuân đến mùa thu, đẹp nhất vào các dịp lễ hội Cossack (mùa hè - thu).","https://yandex.com/maps/?pt=36.695536,45.217842&z=17&l=map","https://www.google.com/maps/search/?api=1&query=45.217842,36.695536",https://atamani.ru,enriched,"Trên bán đảo Taman - nơi những người Cossack Biển Đen đầu tiên đổ bộ năm 1792 - Ataman là một làng Cossack bảo tàng ngoài trời tái hiện trọn vẹn đời sống truyền thống vùng Kuban. Dạo giữa hàng chục nếp nhà tranh, lò rèn, quán rượu, cối xay gió và vườn tược, du khách như ngược dòng thời gian về một stanitsa Cossack thế kỷ 18-19."
krasnodar-agura-waterfalls,Thác nước Agura (A-gu-ra),Агурские водопады,Agura Waterfalls,Vùng Krasnodar,park_garden,43.55161,39.817243,4.4,385,Tripadvisor,Khoảng 2-4 giờ (khứ hồi tuyến chính).,Phí vào khu (Vườn Quốc gia Sochi) khoảng 200 rúp cộng phụ phí nhỏ; trẻ dưới 10 tuổi miễn phí (giá có thể thay đổi).,Mở cửa khoảng 9:00-18:00 (rút ngắn vào mùa đông).,Mùa xuân hoặc sau mưa khi thác nhiều nước; tránh cuối hè khô hạn khi thác cạn.,"https://yandex.com/maps/?pt=39.817243,43.55161&z=17&l=map","https://www.google.com/maps/search/?api=1&query=43.55161,39.817243",,enriched,"Ẩn mình trong hẻm núi Agura thuộc Vườn Quốc gia Sochi, chuỗi thác Agura đổ xuống qua nhiều tầng đá vôi giữa rừng tùng, sồi rậm rạp. Men theo con đường mòn dọc dòng suối trong vắt, du khách lần lượt chiêm ngưỡng các tầng thác, hồ nước xanh biếc và những vách đá dựng đứng."
krasnoyarsk-stolby-national-park,Công viên Quốc gia Cột Đá Krasnoyarsk (Krax-nô-ia-rơ-xki-e Xtôn-bư),Национальный парк «Красноярские Столбы»,Krasnoyarsk Stolby National Park,Vùng Krasnoyarsk,park_garden,55.91615,92.73304,4.9,830,Tripadvisor,Từ nửa ngày đến trọn một ngày; các tuyến chính dài khoảng 5–20 km đường mòn.,"Miễn phí vào khu vực công viên. Một số dịch vụ như hướng dẫn viên, bãi đỗ xe hay cáp treo Bobrovy Log (để lên khu đá Takmak) được tính phí riêng.","Mở cửa quanh năm, nên tham quan vào ban ngày. Vào khu vực công viên miễn phí; văn phòng ban quản lý làm việc Thứ Hai–Thứ Năm 9:00–18:00, Thứ Sáu đến 17:00.",Cuối xuân đến đầu thu (tháng 6–9) cho đường mòn khô ráo; mùa đông tuyết phủ đẹp nhưng lạnh và trơn.,"https://yandex.com/maps/?pt=92.73304,55.91615&z=17&l=map","https://www.google.com/maps/search/?api=1&query=55.91615,92.73304",https://kras-stolby.ru,enriched,Krasnoyarsk Stolby là công viên quốc gia nổi tiếng với những cột đá syenit khổng lồ mọc lên giữa rừng taiga Siberia. Đây là biểu tượng thiên nhiên của Krasnoyarsk và là cái nôi của 'stolbizm' – nét văn hóa leo đá tự do độc đáo suốt hơn một thế kỷ.
krasnoyarsk-bobrovy-log-fun-park,"Công viên Vui chơi Bốn mùa Bobrovy Log (Bô-brô-vưi Lốc, 'Khe Hải Ly')",Фанпарк «Бобровый лог»,Bobrovy Log Fun Park,Vùng Krasnoyarsk,park_garden|other,55.961349,92.795179,4.7,395,Tripadvisor,"Khoảng nửa ngày (2–4 giờ) để đi cáp treo và ngắm cảnh, hoặc trọn ngày nếu trượt tuyết hay tắm bể bơi.","Vào cổng miễn phí, trả phí theo từng trò. Cáp treo ghế ngồi khoảng 500–600 RUB/lượt cho người lớn; các trò như Rodelbahn, zip-line, công viên dây leo từ khoảng 300–600 RUB.","Mở cửa quanh năm; mùa trượt tuyết khoảng giữa tháng 11 đến giữa tháng 4. Cáp treo thường hoạt động từ 10:00, cuối tuần mùa đông kéo dài tới khoảng 21:00 (giờ thay đổi theo mùa).",Mùa đông (tháng 12–3) cho trượt tuyết; mùa hè (tháng 6–8) cho các trò phiêu lưu và bể bơi.,"https://yandex.com/maps/?pt=92.795179,55.961349&z=17&l=map","https://www.google.com/maps/search/?api=1&query=55.961349,92.795179",https://bobrovylog.ru,enriched,"Bobrovy Log là khu vui chơi – trượt tuyết hoạt động quanh năm, nằm ngay cửa ngõ công viên Stolby. Mùa đông đây là điểm trượt tuyết đạt chuẩn quốc tế, còn mùa hè biến thành công viên phiêu lưu với cáp treo, máng trượt và bể bơi ngoài trời."
krasnoyarsk-paraskeva-pyatnitsa-chapel,Nhà nguyện Paraskeva Pyatnitsa (Pa-ra-xke-va Pi-át-ni-txư),Часовня Параскевы Пятницы,Paraskeva Pyatnitsa Chapel,Vùng Krasnoyarsk,church,56.023646,92.859775,4.7,515,Tripadvisor,"Khoảng 30–60 phút, phù hợp làm điểm dừng ngắm cảnh và chụp ảnh.",Miễn phí.,Nhà nguyện thường mở khoảng 8:00–18:00 hằng ngày; khu sân và đài quan sát ngoài trời có thể lên bất kỳ lúc nào.,Hoàng hôn cho ánh sáng đẹp nhất; buổi trưa để xem nghi thức bắn đại bác.,"https://yandex.com/maps/?pt=92.859775,56.023646&z=17&l=map","https://www.google.com/maps/search/?api=1&query=56.023646,92.859775",,enriched,"Nhà nguyện Paraskeva Pyatnitsa là biểu tượng dễ nhận biết nhất của Krasnoyarsk, tọa lạc trên đỉnh đồi Karaulnaya. Ngôi nhà nguyện nhỏ bằng đá theo phong cách Nga cổ này chính là hình ảnh in trên tờ tiền 10 rúp của Nga."
krasnoyarsk-roev-ruchey-zoo,"Công viên Hệ Động Thực Vật Roev Ruchey (Rô-ép Ru-trây, 'Suối Roev')",Парк флоры и фауны «Роев ручей»,Roev Ruchey Zoo (Park of Flora and Fauna),Vùng Krasnoyarsk,park_garden,55.965556,92.731111,4.7,363,Tripadvisor,Khoảng 3–5 giờ; có thể trọn ngày nếu muốn xem hết.,"Người lớn khoảng 600 RUB, trẻ em (từ 5 tuổi) khoảng 400 RUB, dưới 5 tuổi miễn phí; người hưu trí và sinh viên được giảm giá (giá tham khảo năm 2024).","Mở cửa hằng ngày từ 9:00. Mùa hè đóng cửa lúc 22:00 (cuối tuần tới 23:00), mùa đông sớm hơn (khoảng 20:00–21:00); quầy vé đóng lúc 20:00.",Mùa hè (tháng 6–9) khi đầy đủ khu trưng bày và thời tiết dễ chịu; đi buổi sáng để tránh đông.,"https://yandex.com/maps/?pt=92.731111,55.965556&z=17&l=map","https://www.google.com/maps/search/?api=1&query=55.965556,92.731111",https://roev.ru,enriched,"Roev Ruchey là một trong những vườn thú lớn nhất nước Nga, nằm ở phía nam Krasnoyarsk ngay cạnh khu Stolby. Với hàng nghìn cá thể động vật và khu thủy cung – bò sát quy mô lớn, đây là điểm đến gia đình được yêu thích bậc nhất thành phố."
krasnoyarsk-ergaki-nature-park,Công viên Thiên nhiên Ergaki (Ê-rga-ki),Природный парк «Ергаки»,Ergaki Nature Park,Vùng Krasnoyarsk,park_garden,52.807787,93.288072,4.7,60,2GIS,Tuyến trong ngày đến Tảng Đá Treo mất khoảng 6–8 giờ khứ hồi; các hành trình sâu hơn thường 2–5 ngày.,"Vào cửa miễn phí, không thu phí sinh thái bắt buộc. Chỉ trả phí cho dịch vụ như bãi đỗ xe, hướng dẫn viên hoặc chỗ nghỉ qua trung tâm du khách.",Khu vực công viên mở tự do 24/7 quanh năm; trung tâm du khách hoạt động theo mùa (thường từ khoảng 9:00). Mùa trekking đẹp nhất là tháng 6–9.,Mùa hè và đầu thu (tháng 6–9) cho trekking; mùa đông dành cho trượt tuyết băng đồng.,"https://yandex.com/maps/?pt=93.288072,52.807787&z=17&l=map","https://www.google.com/maps/search/?api=1&query=52.807787,93.288072",https://www.ergaki-park.ru,enriched,"Ergaki là công viên thiên nhiên vùng núi Tây Sayan – thiên đường trekking đẹp nhất Siberia. Nơi đây nổi tiếng với dãy núi 'Sayan Ngủ', tảng đá Treo kỳ vĩ cân bằng trên vách núi và hàng loạt hồ băng trong vắt."
krasnoyarsk-sayano-shushenskaya-dam,Đập thủy điện Sayano-Shushenskaya (Xa-ia-nô Su-sen-xcai-a),Саяно-Шушенская ГЭС,Sayano-Shushenskaya Dam (Hydroelectric Power Station),Vùng Krasnoyarsk,other,52.82583,91.37028,4.7,95,Tripadvisor,"Khoảng 1 giờ tại điểm ngắm; nên tính cả quãng đường (~120 km, khoảng 2 giờ lái xe) từ Abakan.",Ngắm cảnh từ khu quan sát bên ngoài miễn phí; tour tham quan nội bộ theo đoàn thu phí (đăng ký qua các đơn vị lữ hành).,Không có giờ cố định; khu vực quan sát ngoài trời có thể ghé bất kỳ lúc nào. Thân đập không mở cho khách tự do; tour theo đoàn cần đăng ký trước qua đơn vị vận hành.,Mùa hè (tháng 6–9) khi đường thuận lợi và có thể thấy cảnh xả nước ấn tượng nếu đúng dịp.,"https://yandex.com/maps/?pt=91.37028,52.82583&z=17&l=map","https://www.google.com/maps/search/?api=1&query=52.82583,91.37028",https://visit.rushydro.ru,enriched,"Sayano-Shushenskaya là nhà máy thủy điện lớn nhất nước Nga, một con đập vòm–trọng lực khổng lồ chắn ngang sông Yenisei. Quy mô đồ sộ của công trình khiến du khách choáng ngợp, dù bản thân đập chỉ có thể chiêm ngưỡng từ khu vực quan sát bên ngoài."
krasnoyarsk-shushenskoye-museum-reserve,Bảo tàng – Khu bảo tồn Shushenskoye (Su-sen-xcô-i-e),Историко-этнографический музей-заповедник «Шушенское»,Shushenskoye Historical and Ethnographic Museum-Reserve,Vùng Krasnoyarsk,museum|park_garden,53.326751,91.930343,4.7,70,Tripadvisor,"Khoảng 2–3 giờ, có thể lâu hơn nếu tham gia các chương trình trình diễn.","Người lớn khoảng 300 RUB, người hưu trí 150 RUB, học sinh–sinh viên (từ 7 tuổi) 120 RUB, dưới 7 tuổi miễn phí (giá tham khảo).","Tháng 5–9: 10:00–18:00; tháng 10–4: 10:00–17:00. Mở cửa hằng ngày, nghỉ ngày 1 tháng 1.",Mùa hè cho thời tiết dễ chịu để dạo bộ ngoài trời; dịp lễ hội dân gian để xem trình diễn.,"https://yandex.com/maps/?pt=91.930343,53.326751&z=17&l=map","https://www.google.com/maps/search/?api=1&query=53.326751,91.930343",http://www.shush.ru,enriched,"Shushenskoye là bảo tàng ngoài trời tái hiện một ngôi làng Siberia cuối thế kỷ 19. Đây cũng là nơi lãnh tụ Lenin từng bị lưu đày ba năm, với những ngôi nhà gỗ nguyên bản được gìn giữ đến ngày nay."
krasnoyarsk-krasnoyarsk-yenisei-embankment,Bờ kè sông Yenisei (Na-be-rêj-nai-a Ê-ni-xây),Набережная Енисея,Yenisei Embankment (Krasnoyarsk),Vùng Krasnoyarsk,square_street,56.00365,92.87372,,,,Khoảng 1–2 giờ cho một buổi tản bộ thong thả.,Miễn phí (các bảo tàng và du thuyền dọc bờ kè thu phí riêng).,"Mở cửa tự do 24/24, quanh năm.",Chiều muộn mùa hè để ngắm hoàng hôn; mùa đông để thấy mặt sông bốc hơi mờ ảo.,"https://yandex.com/maps/?pt=92.87372,56.00365&z=17&l=map","https://www.google.com/maps/search/?api=1&query=56.00365,92.87372",,enriched,"Bờ kè sông Yenisei là một trong những 'tấm danh thiếp' của Krasnoyarsk – tuyến đi dạo ven sông trải dài với tầm nhìn thoáng đãng. Nhờ nước ấm xả từ đập thủy điện phía thượng nguồn, đoạn sông chảy qua thành phố không đóng băng suốt mùa đông."
kurgan-dalmatovsky-uspensky-monastery,Tu viện Uspensky Dalmatovsky (Đan-ma-tốp-xki U-xpen-xki),Далматовский Успенский монастырь,Dalmatovsky Uspensky Monastery,Tỉnh Kurgan,church|monument,56.257624,62.940027,4.9,186,2GIS,"Khoảng 1,5–2 giờ để đi hết tường thành, nhà thờ và bảo tàng.",Vào cửa tự do (miễn phí); khuyến khích quyên góp. Một số khu trưng bày/bảo tàng có thể thu phí nhỏ.,"Khuôn viên mở cửa hàng ngày, khoảng 5:00–22:00; các buổi lễ theo lịch của tu viện.","Cuối xuân đến đầu thu (tháng 5–9) khi thời tiết ấm, thuận tiện dạo quanh pháo đài ngoài trời.","https://yandex.com/maps/?pt=62.940027,56.257624&z=17&l=map","https://www.google.com/maps/search/?api=1&query=56.257624,62.940027",https://dalmate.ru/,enriched,"Tu viện Chính thống giáo cổ nhất vùng Zauralye, nổi bật với quần thể pháo đài đá và tường thành thế kỷ 18. Được lập từ năm 1644, đây vừa là nơi hành hương vừa là di tích lịch sử hàng đầu tỉnh Kurgan."
kurgan-chimeevo-kazan-monastery,Tu viện Chimeevsky Thánh Kazan (Chi-mê-ép-xki),Свято-Казанский Чимеевский мужской монастырь,Holy Kazan Chimeevsky Monastery,Tỉnh Kurgan,church,56.094174,65.134045,5.0,626,Yandex Maps,"Khoảng 1–2 giờ tại chỗ, chưa kể thời gian di chuyển khá xa từ Kurgan.",Miễn phí vào tu viện; tùy tâm quyên góp. Nên chuẩn bị tiền mặt để mua nến và đồ lưu niệm.,Mở cửa hàng ngày cho khách hành hương; các buổi lễ sáng và chiều theo lịch tu viện. Nguồn suối thánh tiếp cận tự do.,Mùa hè ấm áp; đặc biệt dịp lễ Đức Mẹ Kazan (21/7) khi diễn ra hành hương lớn.,"https://yandex.com/maps/?pt=65.134045,56.094174&z=17&l=map","https://www.google.com/maps/search/?api=1&query=56.094174,65.134045",http://chimeevo.ru/,enriched,"Trung tâm hành hương Chính thống giáo nổi tiếng với icon Đức Mẹ Kazan linh thiêng và nguồn suối thánh. Nằm giữa rừng thông hẻo lánh, tu viện mang bầu không khí tĩnh lặng, được nhiều người mô tả là 'chữa lành tâm hồn'."
kurgan-kurgan-decembrists-museum,Nhà-bảo tàng những người Tháng Chạp ở Kurgan (Mu-dây Đê-ka-bri-xtốp),Дом-музей декабристов,Decembrists House-Museum (Kurgan),Tỉnh Kurgan,museum|monument,55.434625,65.353505,4.8,109,2GIS,"Khoảng 1–1,5 giờ.","Khoảng 360 ₽ cho lượt tham quan cá nhân (tối đa 3 người lớn); vé nhóm khoảng 100 ₽/người lớn, học sinh–sinh viên khoảng 40 ₽, mẫu giáo khoảng 30 ₽.","Thứ Ba–Thứ Bảy, 10:00–17:00; nghỉ Chủ nhật và Thứ Hai.",Quanh năm; thú vị nhất vào tháng 6 khi có lễ hội Pushkin.,"https://yandex.com/maps/?pt=65.353505,55.434625&z=17&l=map","https://www.google.com/maps/search/?api=1&query=55.434625,65.353505",,enriched,Bảo tàng trong ngôi nhà gỗ thế kỷ 18 từng là nơi lưu đày của nhà quý tộc Naryshkin sau khởi nghĩa Tháng Chạp năm 1825. Nơi đây tái hiện sinh động số phận của những trí thức quý tộc Nga bị đày tới Siberia.
kurgan-kurgan-regional-museum,Bảo tàng địa phương học tỉnh Kurgan (Kra-ê-vét-che-xki Mu-dây),Курганский областной краеведческий музей,Kurgan Regional Museum of Local Lore,Tỉnh Kurgan,museum,55.440543,65.337344,4.7,283,2GIS,"Khoảng 1,5–2 giờ.",Phí vào cửa ở mức khiêm tốn (vài trăm rúp); gia đình đông con được miễn phí. Nên xác nhận giá vé và tình trạng mở cửa trước khi đến.,"Thường mở Thứ Ba–Chủ nhật, khoảng 10:00–18:00. Lưu ý: tòa nhà chính (phố Pushkina 137) đang trùng tu, có thể tạm ngừng đón khách — nên kiểm tra trước.",Quanh năm (khi mở cửa); phù hợp cả những ngày thời tiết xấu.,"https://yandex.com/maps/?pt=65.337344,55.440543&z=17&l=map","https://www.google.com/maps/search/?api=1&query=55.440543,65.337344",http://museum.kurg.muzkult.ru/,enriched,"Bảo tàng lớn nhất vùng Zauralye, trưng bày thiên nhiên, khảo cổ và lịch sử tỉnh Kurgan. Là nơi lý tưởng để có cái nhìn tổng quan về vùng đất trước khi khám phá các điểm khác (hiện tòa nhà chính đang được trùng tu)."
kurgan-ilizarov-center-museum,Bảo tàng lịch sử Trung tâm Ilizarov (I-li-da-rốp),Музей истории развития Центра имени академика Г. А. Илизарова,History Museum of the Ilizarov Center,Tỉnh Kurgan,museum,55.495123,65.303629,5.0,31,2GIS,"Khoảng 1–1,5 giờ theo tour.",Tham quan theo lịch hẹn; phí tham quan/hướng dẫn liên hệ trực tiếp Trung tâm (chưa niêm yết công khai).,"Thứ Hai–Thứ Sáu, khoảng 9:00–17:00, chỉ tiếp khách theo hẹn trước; nghỉ cuối tuần và ngày lễ.",Ngày thường trong tuần; nên gọi đặt lịch trước ít nhất vài ngày.,"https://yandex.com/maps/?pt=65.303629,55.495123&z=17&l=map","https://www.google.com/maps/search/?api=1&query=55.495123,65.303629",https://www.ilizarov.ru/article/museum,enriched,"Bảo tàng duy nhất ở Nga về chấn thương–chỉnh hình, kể câu chuyện về bác sĩ Ilizarov và phương pháp kéo giãn xương cách mạng. Có khu tương tác cho khách tự lắp ráp bộ khung Ilizarov nổi tiếng."
kurgan-savin-sanctuary,Thánh địa Savin — 'Stonehenge vùng Zauralye' (Xa-vin),Святилище Савин («Зауральский Стоунхендж»),Savin Sanctuary (Trans-Ural Stonehenge),Tỉnh Kurgan,monument,55.698246,65.644593,4.8,103,Yandex Maps,"Khoảng 1–2 giờ tại chỗ, chưa kể quãng đường khoảng 40 km từ Kurgan.",Vào cửa tự do (miễn phí) là chủ yếu; có quầy lưu niệm nhỏ ở lối vào. Tour có hướng dẫn viên có thể tính phí.,"Bảo tàng ngoài trời, tiếp cận tự do phần lớn thời gian; không có khung giờ cố định. Nên tham quan vào ban ngày.",Mùa hè khô ráo; đặc biệt quanh ngày hạ chí (21/6) hoặc dịp lễ hội thường niên tại di chỉ.,"https://yandex.com/maps/?pt=65.644593,55.698246&z=17&l=map","https://www.google.com/maps/search/?api=1&query=55.698246,65.644593",https://savin.kurgan.pro/,enriched,"Di chỉ khảo cổ được mệnh danh 'Stonehenge vùng Zauralye', một đài quan sát thiên văn kiêm nơi tế lễ thời tiền sử. Có niên đại thiên niên kỷ III trước Công nguyên, cổ hơn cả Stonehenge, nay là bảo tàng ngoài trời."
kurgan-kurgan-alexander-nevsky-cathedral,Nhà thờ chính tòa Thánh Alexander Nevsky ở Kurgan (A-lếch-xan-đrơ Nép-xki),Собор Александра Невского (Курган),Alexander Nevsky Cathedral (Kurgan),Tỉnh Kurgan,church,55.438951,65.34262,4.7,24,Tripadvisor,Khoảng 30–45 phút.,Vào cửa tự do (miễn phí); tùy tâm quyên góp.,"Mở cửa hàng ngày, thường từ khoảng 7:00; các buổi lễ sáng và chiều theo lịch phụng vụ.","Quanh năm; buổi sáng trong giờ lễ để cảm nhận không khí phụng vụ, hoặc vào các dịp lễ lớn.","https://yandex.com/maps/?pt=65.34262,55.438951&z=17&l=map","https://www.google.com/maps/search/?api=1&query=55.438951,65.34262",https://kurganvera.ru/,enriched,"Nhà thờ chính tòa gạch đỏ tráng lệ (1896–1902), biểu tượng kiến trúc và tâm linh của Kurgan. Từng bị đóng cửa thời Xô Viết, nay đã được phục hồi thành nhà thờ chính tòa của giáo phận."
kursk-korennaya-pustyn,Tu viện Korennaya Pustyn (phiên âm: Cô-ren-na-i-a Pu-xtưn),Коренная пустынь,Korennaya Pustyn Monastery,Tỉnh Kursk,church,51.971969,36.308233,5.0,1838,Yandex Maps,Khoảng 2-3 giờ.,"Vào cửa tự do (miễn phí); có thể quyên góp tùy tâm và mua nến, bánh, nước thánh tại chỗ.",Khuôn viên tu viện mở cửa hằng ngày (khoảng từ sáng sớm đến chiều tối); các buổi lễ diễn ra buổi sáng và buổi chiều. Một số khu trưng bày nhỏ chỉ mở từ thứ Ba đến thứ Bảy.,Cuối xuân đến đầu thu; đông nhất vào các đại lễ Chính thống giáo và hội chợ Korennaya (tháng 6).,"https://yandex.com/maps/?pt=36.308233,51.971969&z=17&l=map","https://www.google.com/maps/search/?api=1&query=51.971969,36.308233",,enriched,"Korennaya Pustyn là một trong những tu viện Chính thống giáo lâu đời và được sùng kính bậc nhất của vùng Kursk, tọa lạc bên hữu ngạn sông Tuskar, cách trung tâm thành phố chừng 30 km về phía bắc. Tu viện gắn liền với truyền thuyết về thánh tượng Đức Mẹ Kursk được tìm thấy năm 1295 bên một gốc cây, nơi lập tức trào lên mạch nước thánh vẫn chảy cho đến ngày nay."
kursk-kurskaya-duga-memorial,Quần thể tưởng niệm 'Vòng cung Kursk' (phiên âm: Cuốc-xcai-a Đu-ga),Мемориальный комплекс «Курская дуга»,Kursk Bulge Memorial Complex,Tỉnh Kursk,monument,51.793641,36.182236,5.0,546,Yandex Maps,Khoảng 1 giờ.,Miễn phí.,"Khu tưởng niệm ngoài trời, mở cửa tự do suốt cả ngày; nhà thờ Thánh George có giờ lễ riêng.",Mùa hè để đi bộ dễ chịu; đặc biệt sôi động vào ngày 9 tháng 5 và 23 tháng 8.,"https://yandex.com/maps/?pt=36.182236,51.793641&z=17&l=map","https://www.google.com/maps/search/?api=1&query=51.793641,36.182236",,enriched,"Quần thể tưởng niệm 'Vòng cung Kursk' trải dài dọc đại lộ Pobedy ở cửa ngõ phía bắc thành phố, tri ân trận đánh xe tăng lớn nhất lịch sử diễn ra mùa hè 1943. Điểm nhấn là Khải hoàn môn cao gần 24 m với tượng Thánh George cưỡi ngựa đâm rồng, cùng ngọn lửa vĩnh cửu và mộ Chiến sĩ Vô danh."
kursk-znamensky-cathedral,Nhà thờ chính tòa Znamensky (phiên âm: Dơ-na-men-xki),Знаменский собор,Znamensky Cathedral (Cathedral of Our Lady of the Sign),Tỉnh Kursk,church,51.727693,36.192567,4.7,80,Tripadvisor,Khoảng 30-45 phút.,Miễn phí (là nơi thờ phượng đang hoạt động).,"Thứ Hai đến thứ Sáu 08:00-20:00, thứ Bảy 08:30-20:00, Chủ nhật 09:00-20:00.",Ban ngày trời nắng để ngắm vòm vàng; hoặc dịp lễ để xem rước tượng.,"https://yandex.com/maps/?pt=36.192567,51.727693&z=17&l=map","https://www.google.com/maps/search/?api=1&query=51.727693,36.192567",,enriched,"Nhà thờ chính tòa Znamensky trên Quảng trường Đỏ là công trình biểu tượng và dễ nhận biết nhất của Kursk. Được xây dựng năm 1816-1826 để tạ ơn chiến thắng trong Chiến tranh Vệ quốc 1812, ngôi đền mang phong cách tân cổ điển với mái vòm lớn ở trung tâm và là nơi lưu giữ bản sao thánh tượng Đức Mẹ Kursk."
kursk-sergievo-kazansky-cathedral,Nhà thờ chính tòa Sergievo-Kazansky (phiên âm: Xéc-ghi-ê-vô Ca-dan-xki),Сергиево-Казанский собор,Sergievo-Kazansky Cathedral,Tỉnh Kursk,church,51.735278,36.196667,4.8,30,Tripadvisor,Khoảng 30-45 phút.,Miễn phí.,Mở cửa hằng ngày theo giờ lễ (thường khoảng 07:30-19:00); nên tránh làm phiền trong giờ hành lễ.,"Buổi sáng khi có lễ để cảm nhận không khí, hoặc ban ngày để ngắm nội thất rõ nét.","https://yandex.com/maps/?pt=36.196667,51.735278&z=17&l=map","https://www.google.com/maps/search/?api=1&query=51.735278,36.196667",,enriched,"Sergievo-Kazansky là viên ngọc kiến trúc Baroque thời Elizabeth hiếm hoi ở Kursk, xây dựng năm 1752-1778 theo phong cách gắn với trường phái của kiến trúc sư Rastrelli. Nhà thờ hai tầng nổi bật với bức tường thánh (iconostasis) mạ vàng chạm khắc tinh xảo cao tới 18 m."
kursk-streletskaya-steppe-reserve,Khu bảo tồn thiên nhiên Đất Đen Trung Tâm - Thảo nguyên Streletskaya (phiên âm: Xtơ-re-lét-xcai-a xtép),Центрально-Чернозёмный заповедник (Стрелецкая степь),Central Chernozem Nature Reserve (Streletskaya Steppe),Tỉnh Kursk,park_garden,51.5702,36.0916,,,,"Riêng tuyến đi bộ khoảng 1-1,5 giờ; tính cả di chuyển từ Kursk nên dành nửa ngày.",Tuyến 'Thảo nguyên Streletskaya' khoảng 400 rúp/người (có thể thay đổi theo quy mô nhóm và các ưu đãi).,Chỉ tham quan theo tuyến sinh thái có hướng dẫn và phải đăng ký trước; không mở cửa tự do như công viên thông thường.,Tháng 5 và tháng 6 khi thảo nguyên rực rỡ hoa.,"https://yandex.com/maps/?pt=36.0916,51.5702&z=17&l=map","https://www.google.com/maps/search/?api=1&query=51.5702,36.0916",http://zapoved-kursk.ru/,enriched,"Đây là khu bảo tồn thiên nhiên nghiêm ngặt lâu đời bậc nhất nước Nga (thành lập 1935), nổi tiếng với những thảo nguyên đồng cỏ nguyên sinh chưa từng bị cày xới. Phân khu Streletskaya gần Kursk là nơi du khách có thể theo tuyến sinh thái để chiêm ngưỡng hơn 800 loài thực vật và tượng đá cổ 'người đàn bà đá' của người Cuman."
kursk-rylsk,Thị trấn cổ Rylsk (phiên âm: Rưn-xcơ),Рыльск,Rylsk,Tỉnh Kursk,other|church,51.571263,34.681052,5.0,1684,Yandex Maps,Khoảng nửa ngày (3-5 giờ).,Tham quan thị trấn miễn phí; một số bảo tàng và điểm tham quan thu phí nhỏ.,"Bản thân thị trấn có thể dạo chơi tự do bất cứ lúc nào; các nhà thờ, tu viện và bảo tàng có giờ mở riêng.","Cuối xuân đến đầu thu, khi thời tiết dễ chịu cho việc đi bộ và leo đồi.","https://yandex.com/maps/?pt=34.681052,51.571263&z=17&l=map","https://www.google.com/maps/search/?api=1&query=51.571263,34.681052",,enriched,"Rylsk là một trong những thị trấn cổ nhất vùng Kursk, được nhắc đến lần đầu trong biên niên sử năm 1152, nằm bên sông Seym ở phía tây tỉnh. Thị trấn quyến rũ du khách bằng những dãy phố buôn thế kỷ 18-19, các nhà thờ cổ và ngọn đồi Ivan Rylsky nhìn ra toàn cảnh."
kursk-fet-museum-estate-vorobyovka,"Bảo tàng - Điền trang A. Fet ở Vorobyovka (phiên âm: A-fa-na-xi Phét, Vô-rô-bi-ốp-ca)",Музей-усадьба А. А. Фета (Воробьёвка),Afanasy Fet Museum-Estate (Vorobyovka),Tỉnh Kursk,museum|park_garden,51.989079,36.47743,5.0,977,Yandex Maps,"Khoảng 1,5-2 giờ.","Vé tham quan khu trưng bày chính từ 120 rúp, tham quan có hướng dẫn từ 235 rúp, khu công viên từ 50 rúp.",Thứ Ba đến Chủ nhật 10:00-17:00; nghỉ thứ Hai và ngày thứ Năm cuối cùng của tháng (ngày vệ sinh).,Mùa hè khi công viên xanh mát; đẹp nhất vào những ngày nắng nhẹ.,"https://yandex.com/maps/?pt=36.47743,51.989079&z=17&l=map","https://www.google.com/maps/search/?api=1&query=51.989079,36.47743",https://fet.kursk-museum.ru/,enriched,"Đây là điền trang nơi đại thi hào trữ tình Nga Afanasy Fet sống và sáng tác những năm cuối đời (1877-1892), nay là bảo tàng văn học được phục dựng công phu tại làng Vorobyovka. Ngôi nhà cổ bên hồ nước và công viên thơ mộng từng đón những vị khách như nhạc sĩ Tchaikovsky và các văn nhân lớn của nước Nga."
kursk-kursk-regional-museum,Bảo tàng Địa phương học tỉnh Kursk (phiên âm: Cra-ê-vét-chex-ki mu-dây),Курский областной краеведческий музей,Kursk Regional Museum of Local Lore,Tỉnh Kursk,museum,51.727673,36.19156,4.6,329,Yandex Maps,"Khoảng 1-1,5 giờ.",Vé vào khu trưng bày từ 50 rúp; tham quan có hướng dẫn khoảng 100-500 rúp tùy chương trình.,"Thứ Hai đến thứ Năm, thứ Bảy và Chủ nhật 10:30-17:30; nghỉ thứ Sáu và ngày thứ Năm cuối tháng (ngày vệ sinh).",Quanh năm; thích hợp làm điểm bắt đầu buổi tham quan trung tâm thành phố.,"https://yandex.com/maps/?pt=36.19156,51.727673&z=17&l=map","https://www.google.com/maps/search/?api=1&query=51.727673,36.19156",https://kursk-museum.ru/,enriched,"Được thành lập năm 1903, Bảo tàng Địa phương học tỉnh Kursk là một trong những bảo tàng lâu đời và giàu hiện vật nhất vùng, với hơn 181.000 hiện vật thuộc gần 40 bộ sưu tập. Bảo tàng tọa lạc trong một tòa nhà lịch sử ngay gần Quảng trường Đỏ."
leningrad-oblast-vyborg-castle,Lâu đài Vyborg (Vư-boóc),Выборгский замок,Vyborg Castle,Tỉnh Leningrad,fortress|museum|monument,60.71583,28.72917,,,,"Khoảng 1,5–2 giờ.",Vào đảo miễn phí; vé bảo tàng khoảng 500₽ (trẻ dưới 16 tuổi và người cao tuổi được miễn). Tháp Thánh Olaf hiện đóng cửa để trùng tu.,Đảo lâu đài mở cửa hằng ngày 9:00–21:00; khu bảo tàng mở Thứ Ba–Chủ nhật 10:00–18:00 (đóng cửa Thứ Hai).,Cuối xuân đến đầu thu; chọn ngày nắng ráo để leo tháp ngắm toàn cảnh.,"https://yandex.com/maps/?pt=28.72917,60.71583&z=17&l=map","https://www.google.com/maps/search/?api=1&query=60.71583,28.72917",https://vyborgmuseum.org,enriched,"Lâu đài Vyborg là tòa lâu đài Trung cổ kiểu Tây Âu duy nhất còn nguyên vẹn trên đất Nga, tọa lạc trên một hòn đảo đá nhỏ ngay giữa lòng thành phố. Được người Thụy Điển dựng năm 1293, công trình nổi bật với Tháp Thánh Olaf vươn cao soi bóng xuống vịnh."
leningrad-oblast-mon-repos-park,Công viên Monrepos (Môn Rơ-pô),Парк Монрепо,Mon Repos Park,Tỉnh Leningrad,park_garden,60.730387,28.725702,,,,Khoảng 2–3 giờ.,"Có thu phí vào cửa (khoảng vài trăm rúp, có mức ưu đãi); nên xem giá cập nhật trên trang chính thức.",Mùa hè (1/5–30/9) mở 9:00–20:00 (từ 20:00–22:00 chỉ cho ra); mùa đông (1/10–30/4) mở 9:00–18:00 (từ 18:00–21:00 chỉ cho ra); mở cửa hằng ngày.,Cuối xuân đến mùa thu; đi buổi sáng sớm để tránh đông và có ánh sáng đẹp.,"https://yandex.com/maps/?pt=28.725702,60.730387&z=17&l=map","https://www.google.com/maps/search/?api=1&query=60.730387,28.725702",https://www.parkmonrepos.org,enriched,"Monrepos là một trong những công viên cảnh quan đẹp nhất nước Nga, trải dọc bờ vịnh Vyborg với vách đá granite, rừng thông và các đền đài lãng mạn. Cái tên tiếng Pháp mon repos nghĩa là chốn nghỉ ngơi của tôi."
leningrad-oblast-staraya-ladoga-fortress,Pháo đài Staraya Ladoga (Xta-ra-ia La-đô-ga),Староладожская крепость,Staraya Ladoga Fortress,Tỉnh Leningrad,fortress|museum|monument,59.99722,32.29806,,,,Khoảng 2–3 giờ.,Vé vào lãnh thổ pháo đài khoảng 50₽; vé chung các trưng bày bảo tàng 250₽ (ưu đãi 120₽); xem bích họa nhà thờ Thánh George 100₽.,"Mùa hè (1/6–31/8): Thứ Hai 9:00–17:00, Thứ Ba–Chủ nhật 9:00–18:00; thời gian còn lại trong năm mở 9:00–17:00 hằng ngày.",Mùa hè khô ráo; nhà thờ Thánh George chỉ mở 1/5–1/10 khi thời tiết khô.,"https://yandex.com/maps/?pt=32.29806,59.99722&z=17&l=map","https://www.google.com/maps/search/?api=1&query=59.99722,32.29806",https://ladogamuseum.com,enriched,"Nằm bên sông Volkhov, Staraya Ladoga thường được gọi là thủ đô đầu tiên của nước Nga, gắn với truyền thuyết thủ lĩnh Rurik thế kỷ 9. Pháo đài đá với những tòa tháp uy nghi là trái tim của ngôi làng cổ nhất vùng."
leningrad-oblast-oreshek-fortress,Pháo đài Oreshek (A-rê-sếc),Крепость Орешек,Oreshek Fortress,Tỉnh Leningrad,fortress|monument|museum,59.954022,31.038522,,,,"Khoảng 2–3 giờ, đã tính thời gian đi phà.","Vé vào pháo đài khoảng 400₽ (ưu đãi 200₽, thường kèm hướng dẫn); phà qua đảo tính riêng, khoảng 500–600₽ khứ hồi cho người lớn.","Mở theo mùa tàu chạy (khoảng 1/5–31/10), 10:00–18:00, cuối tuần đến 19:00; đóng cửa vào mùa đông khi không có phà.","Tháng 6–9, chọn ngày khô ráo; nên đi sớm để tránh gió lớn buổi chiều.","https://yandex.com/maps/?pt=31.038522,59.954022&z=17&l=map","https://www.google.com/maps/search/?api=1&query=59.954022,31.038522",https://www.spbmuseum.ru/themuseum/museum_complex/oreshek_fortress/,enriched,"Oreshek là pháo đài trên đảo ngay nơi sông Neva chảy ra từ hồ Ladoga, được lập năm 1323. Nơi đây nổi tiếng với nhà tù Sa hoàng khét tiếng và trận cố thủ 500 ngày anh dũng trong Thế chiến II."
leningrad-oblast-ivangorod-fortress,Pháo đài Ivangorod (I-van-gô-rát),Ивангородская крепость,Ivangorod Fortress,Tỉnh Leningrad,fortress|monument,59.374722,28.2075,,,,"Khoảng 1,5–2 giờ.",Vé chung (pháo đài kèm kho thuốc súng nhỏ) khoảng 400₽; người cao tuổi và 16–18 tuổi 200₽; trẻ dưới 16 đi lẻ được miễn.,Pháo đài mở cửa hằng ngày 10:00–18:00 (quầy vé đến 17:30); một số bảo tàng bên trong đang trùng tu.,"Cuối xuân đến mùa thu, khi trời khô ráo và thuận tiện đi lại.","https://yandex.com/maps/?pt=28.2075,59.374722&z=17&l=map","https://www.google.com/maps/search/?api=1&query=59.374722,28.2075",https://www.lenoblmus.ru/museums/ivangorodskiy-muzey,enriched,"Được Ivan III cho xây năm 1492 bên sông Narva, Ivangorod là tiền đồn phía tây của nước Nga. Điều đặc biệt nhất là nó đứng đối diện lâu đài Narva của Estonia qua dòng sông, tạo nên màn đối mặt ngoạn mục của hai tòa thành."
leningrad-oblast-koporye-fortress,Pháo đài Koporye (Kô-pô-ri-e),Копорская крепость,Koporye Fortress,Tỉnh Leningrad,fortress|monument,59.709308,29.032231,,,,"Khoảng 1–1,5 giờ.",Vé vào cửa khoảng 250₽.,Tháng 5–9: 10:00–18:00; tháng 10–4: 10:00–17:00; đóng cửa Thứ Hai.,"Mùa hè khô ráo, vì bậc đá và lối đi khá trơn trượt khi mưa.","https://yandex.com/maps/?pt=29.032231,59.709308&z=17&l=map","https://www.google.com/maps/search/?api=1&query=59.709308,29.032231",https://www.lenoblmus.ru/museums/muzey-koporskaya-krepost,enriched,"Koporye là pháo đài đá bán hoang phế đầy chất phiêu lưu, dựng trên một mỏm đá gần vịnh Phần Lan. Nơi đây từng là tiền tuyến của Novgorod chống các hiệp sĩ Teuton, gắn với chiến công của Alexander Nevsky."
leningrad-oblast-korela-fortress,Pháo đài Korela (Ka-rê-la),Крепость Корела,Korela Fortress,Tỉnh Leningrad,fortress|museum|monument,61.02991,30.12244,,,,"Khoảng 1–1,5 giờ.",Vé vào cửa khoảng 200₽ (ưu đãi 100₽; trẻ dưới 16 tuổi được miễn); tour có hướng dẫn thêm phí.,"Thứ Hai–Năm 9:00–18:00; Thứ Sáu, Bảy 9:00–19:00; Chủ nhật 10:00–18:00; tháng 10–4 mở 10:00–17:00; Thứ Năm cuối tháng là ngày vệ sinh (đóng cửa).",Quanh năm; mùa hè bên sông Vuoksi đặc biệt dễ chịu.,"https://yandex.com/maps/?pt=30.12244,61.02991&z=17&l=map","https://www.google.com/maps/search/?api=1&query=61.02991,30.12244",https://vyborgmuseum.org/krepost-korela,enriched,"Korela là pháo đài nhỏ xinh bên sông ở thành phố Priozersk, từng mang tên Thụy Điển Kexholm. Biểu tượng của nơi này là Tháp Tròn cổ kính, chứng nhân cho cuộc giằng co lâu dài giữa Nga, Thụy Điển và Phần Lan."
leningrad-oblast-tikhvin-assumption-monastery,Tu viện Đức Mẹ Lên Trời Tikhvin (Tíc-vin),Тихвинский Успенский монастырь,Tikhvin Assumption Monastery,Tỉnh Leningrad,church|monument,59.653156,33.521176,,,,Khoảng 1–2 giờ.,Vào khuôn viên miễn phí; một số trưng bày hoặc tháp chuông có thể thu phí nhỏ.,"Khuôn viên tu viện mở cửa hằng ngày, khoảng 6:00–20:00; giờ lễ theo lịch phụng vụ.",Quanh năm; ngày lễ kính Đức Mẹ Tikhvin (9/7) rất đông khách hành hương.,"https://yandex.com/maps/?pt=33.521176,59.653156&z=17&l=map","https://www.google.com/maps/search/?api=1&query=59.653156,33.521176",https://tihvinskii-monastyr.ru,enriched,"Tu viện Đức Mẹ Lên Trời Tikhvin do Sa hoàng Ivan Bạo chúa lập năm 1560 để tôn trí bức thánh tượng Đức Mẹ Tikhvin kỳ diệu. Đây là trung tâm hành hương Chính Thống giáo lớn, nơi bức icon trở về từ Mỹ năm 2004."
lipetsk-yelets-town,Thị trấn cổ Yelets (Ê-lét),Елец,Yelets Historic Town,Tỉnh Lipetsk,square_street|church|museum,52.6224,38.5019,4.5,13,Tripadvisor,"Khoảng 3–5 giờ, có thể trọn một ngày.",Miễn phí dạo phố; vé vào các bảo tàng khoảng 100–250 RUB.,Khu phố cổ mở tự do suốt ngày; các bảo tàng thường mở khoảng 10:00–18:00 và nghỉ thứ Hai.,"Cuối xuân đến đầu thu (tháng 5–9), thời tiết dễ chịu cho việc đi bộ.","https://yandex.com/maps/?pt=38.5019,52.6224&z=17&l=map","https://www.google.com/maps/search/?api=1&query=52.6224,38.5019",,enriched,"Yelets là một trong những thị trấn cổ nhất nước Nga, được nhắc đến lần đầu năm 1146. Khu phố cổ với những dãy nhà thương gia thế kỷ 19, mái vòm nhà thờ và các con phố lát đá tạo nên một bảo tàng kiến trúc ngoài trời hiếm có."
lipetsk-zadonsk-nativity-monastery,Tu viện Sinh Nhật Đức Mẹ Zadonsk (Za-đôn-xki),Задонский Рождество-Богородицкий монастырь,Zadonsk Nativity-of-the-Mother-of-God Monastery,Tỉnh Lipetsk,church,52.3924,38.916,4.7,93,Tripadvisor,Khoảng 1–2 giờ.,Miễn phí vào cửa (có thể quyên góp tùy tâm).,"Mở cửa hằng ngày cho khách hành hương; các buổi lễ bắt đầu từ khoảng 6:00 sáng, kinh chiều lúc 17:00.",Mùa ấm (tháng 5–9); chủ động sắp xếp nếu ngại đông vào các đại lễ (lễ Thánh Tikhon ngày 26/8).,"https://yandex.com/maps/?pt=38.916,52.3924&z=17&l=map","https://www.google.com/maps/search/?api=1&query=52.3924,38.916",https://zadonsk-monastyr.ru,enriched,"Được lập từ năm 1610, Tu viện Sinh Nhật Đức Mẹ ở Zadonsk là một trong những trung tâm hành hương Chính thống giáo lớn nhất miền trung nước Nga. Nơi đây gắn liền với Thánh Tikhon xứ Zadonsk và nổi bật với Nhà thờ Vladimir hoành tráng cùng tháp chuông cao 82 mét."
lipetsk-kudykina-gora-safari-park,Công viên Safari Kudykina Gora (Cu-đư-ki-na Go-ra),Парк «Кудыкина гора»,Kudykina Gora Safari Park,Tỉnh Lipetsk,park_garden|monument,52.367845,38.771867,4.2,257,Tripadvisor,Nửa ngày đến trọn một ngày (khoảng 3–6 giờ).,Vào cửa miễn phí; một số trò chơi và dịch vụ tính phí (ví dụ vào 'lâu đài' khoảng 200 RUB).,"Công viên mở cửa hằng ngày, thường khoảng 10:00–20:00 (màn rồng phun lửa cuối tuần và ngày lễ lúc 19:00).",Cuối tuần và ngày lễ mùa ấm (tháng 5–9) để xem rồng phun lửa; nên đến sớm để tránh hết chỗ và hết đồ ăn.,"https://yandex.com/maps/?pt=38.771867,52.367845&z=17&l=map","https://www.google.com/maps/search/?api=1&query=52.367845,38.771867",https://kudikina-gora.org,enriched,"Kudykina Gora là công viên safari - giải trí rộng khoảng 500 ha bên bờ sông Đông, nổi tiếng khắp nước Nga nhờ bức tượng rồng ba đầu Zmey Gorynych cao 15 mét biết phun lửa. Đây là điểm đến lý tưởng cho gia đình với vườn thú, thành lũy gỗ và vô số hoạt động ngoài trời."
lipetsk-galichya-gora-reserve,Khu bảo tồn thiên nhiên Galichya Gora (Ga-lít-cha Go-ra),Галичья гора,Galichya Gora Nature Reserve,Tỉnh Lipetsk,park_garden,52.60139,38.92833,4.2,44,Tripadvisor,Khoảng 1–2 giờ.,"Phí tham quan/hướng dẫn tượng trưng, khoảng 100–200 RUB (một số khu vực cần đăng ký trước).",Bảo tàng và trạm chim săn mồi thường mở khoảng 9:00–17:00; nên liên hệ trước vì đây là khu bảo tồn khoa học.,Cuối xuân đến đầu hè (tháng 5–6) khi hoa cỏ nở rộ trên vách đá.,"https://yandex.com/maps/?pt=38.92833,52.60139&z=17&l=map","https://www.google.com/maps/search/?api=1&query=52.60139,38.92833",,enriched,"Galichya Gora được xem là khu bảo tồn thiên nhiên nhỏ nhất thế giới, với khu lõi ban đầu chỉ khoảng 19 hecta bên bờ sông Đông. Nơi đây nổi tiếng nhờ hệ thực vật độc đáo với nhiều loài hiếm còn sót lại từ kỷ băng hà, mọc trên các vách đá vôi."
lipetsk-ascension-cathedral-yelets,"Nhà thờ chính tòa Thăng Thiên, Yelets (Vô-dơ-nhe-xen-xki)",Вознесенский собор (Елец),"Ascension Cathedral, Yelets",Tỉnh Lipetsk,church,52.624444,38.505556,4.9,80,Tripadvisor,Khoảng 30–45 phút.,Miễn phí vào cửa (khuyến khích quyên góp).,"Mở cửa hằng ngày, thường khoảng 7:00–19:00 theo giờ lễ (sáng và chiều).",Buổi sáng khi ánh nắng chiếu vào mặt tiền; đẹp quanh năm.,"https://yandex.com/maps/?pt=38.505556,52.624444&z=17&l=map","https://www.google.com/maps/search/?api=1&query=52.624444,38.505556",https://sobor-elec.cerkov.ru,enriched,"Nhà thờ chính tòa Thăng Thiên là biểu tượng của Yelets, do kiến trúc sư danh tiếng Konstantin Ton thiết kế và xây dựng suốt 44 năm (1845–1889). Với chiều cao 74 mét và năm mái vòm hành củ, đây là một trong những thánh đường ấn tượng nhất cả vùng."
lipetsk-nizhny-park-lipetsk,"Công viên Hạ (Nizhny Park), Lipetsk (Ni-giơ-nưi)",Нижний парк,Nizhny Park (Lipetsk spa resort),Tỉnh Lipetsk,park_garden,52.606226,39.600779,4.1,151,Tripadvisor,Khoảng 2–4 giờ.,Vào cửa miễn phí; các trò chơi và vườn thú tính phí riêng.,"Mở cửa hằng ngày, khoảng 10:00–22:00 (cuối tuần và ngày lễ đến 23:00).",Mùa hè ấm áp (tháng 6–8) khi đài phun nước và các trò chơi hoạt động đầy đủ.,"https://yandex.com/maps/?pt=39.600779,52.606226&z=17&l=map","https://www.google.com/maps/search/?api=1&query=52.606226,39.600779",https://parki48.ru,enriched,"Công viên Hạ là công viên lâu đời và nổi tiếng nhất Lipetsk, ra đời từ năm 1805 khi Sa hoàng Aleksandr I cho lập khu điều dưỡng nước khoáng tại đây. Ngày nay đây là lá phổi xanh rộng lớn giữa lòng thành phố với suối khoáng, vườn thú, đài phun nước và nhiều trò chơi giải trí."
lipetsk-vorgol-rocks,Vách đá Vorgol (Vo-rơ-gôn),Воргольские скалы,Vorgol Rocks,Tỉnh Lipetsk,park_garden|other,52.575278,38.352222,4.6,71,Tripadvisor,Khoảng 2–4 giờ (có thể cắm trại qua đêm).,"Miễn phí (một số dịch vụ như zipline tính phí, khoảng 1.500 RUB).","Khu vực thiên nhiên mở tự do suốt ngày, không có cổng soát vé.","Cuối xuân đến đầu thu, chọn ngày khô ráo vì đá trơn khi ẩm ướt.","https://yandex.com/maps/?pt=38.352222,52.575278&z=17&l=map","https://www.google.com/maps/search/?api=1&query=52.575278,38.352222",,enriched,"Vách đá Vorgol là quần thể vách đá vôi dựng đứng cao tới 20 mét bên dòng sông Vorgol, cách Yelets khoảng 15 km. Cảnh quan hùng vĩ hiếm thấy ở vùng đồng bằng này khiến nơi đây trở thành thiên đường cho dân leo núi, cắm trại và nhiếp ảnh."
magadan-mask-of-sorrow-magadan,Tượng đài Mặt nạ Đau thương (Maska Skorbi),Монумент «Маска Скорби»,Mask of Sorrow,Tỉnh Magadan,monument,59.59161,150.812142,4.7,128,Tripadvisor,Khoảng 30–45 phút.,Miễn phí.,Mở tự do 24/7 (công trình ngoài trời).,"Mùa hè (tháng 6–9), ban ngày trời quang để ngắm toàn cảnh; nên tránh gió lạnh mùa đông.","https://yandex.com/maps/?pt=150.812142,59.59161&z=17&l=map","https://www.google.com/maps/search/?api=1&query=59.59161,150.812142",,enriched,"Sừng sững trên đồi Krutaya nhìn xuống Magadan, 'Mặt nạ Đau thương' là đài tưởng niệm bê tông cao 15 mét dành cho hàng trăm nghìn tù nhân đã ngã xuống trong các trại lao động Gulag ở vùng Kolyma. Tác phẩm của nhà điêu khắc Ernst Neizvestny khắc họa một gương mặt khổng lồ đang khóc, với những giọt nước mắt hóa thành các mặt nạ nhỏ. Đây là một trong những biểu tượng day dứt và quan trọng nhất về lịch sử đàn áp chính trị ở nước Nga."
magadan-nagaeva-bay-magadan,Vịnh Nagaeva (Bukhta Nagayeva),Бухта Нагаева,Nagaev Bay,Tỉnh Magadan,park_garden,59.559,150.7916,4.7,49,Tripadvisor,"Khoảng 1 giờ (dạo bộ, ngắm cảnh).",Miễn phí.,Khu vực bờ vịnh mở tự do cả ngày.,Mùa hè cho bình minh và dạo biển; mùa đông (tháng 12–5) để ngắm vịnh đóng băng.,"https://yandex.com/maps/?pt=150.7916,59.559&z=17&l=map","https://www.google.com/maps/search/?api=1&query=59.559,150.7916",,enriched,"Vịnh Nagaeva là cửa ngõ biển của Magadan, một vụng nước sâu và kín gió của Biển Okhotsk, được xem là nơi neo đậu tốt nhất vùng. Bờ vịnh nay có kè dạo bộ thoáng đãng, là chỗ ngắm bình minh, đàn hải âu và khung cảnh núi non ôm lấy mặt nước. Nhưng vịnh cũng nhuốm màu bi thương: đây từng là bến cập tàu chở tù nhân Gulag vào Kolyma những năm 1930."
magadan-jack-london-lake,Hồ Jack London (Ozero Dzheka Londona),Озеро Джека Лондона,Jack London Lake,Tỉnh Magadan,park_garden,62.08028,149.52861,,,,Thường là hành trình nhiều ngày (khoảng 2–7 ngày cả đi lẫn về).,Không có vé vào cố định; chi phí chủ yếu là tour và di chuyển (chưa rõ mức phí chính thức).,"Khu bảo tồn ngoài trời, không giới hạn giờ; thực tế chỉ tới được vào mùa hè.","Giữa tháng 7 đến đầu tháng 9, khi băng tan và thời tiết ổn định nhất.","https://yandex.com/maps/?pt=149.52861,62.08028&z=17&l=map","https://www.google.com/maps/search/?api=1&query=62.08028,149.52861",,enriched,"Nằm ở độ cao hơn 800 m giữa những dãy núi hoang sơ ở thượng nguồn Kolyma, hồ Jack London là một trong những hồ đẹp nhất nước Nga. Mặt nước trong vắt trải dài 10 km, điểm xuyết vài hòn đảo nhỏ, phản chiếu núi non và rừng taiga. Được đặt theo tên nhà văn Mỹ từ năm 1932, hồ là viên ngọc của 'công viên tự nhiên' cùng tên, chỉ dành cho những ai sẵn lòng vượt đường xa."
magadan-kolyma-highway-road-of-bones,Đường Kolyma - 'Con đường Xương trắng' (Kolymskaya trassa),Колымская трасса («дорога на костях»),Kolyma Highway (Road of Bones),Tỉnh Magadan,other,59.588333,150.831667,,,,Nhiều ngày; chạy trọn tuyến Magadan–Yakutsk thường mất 1–2 tuần.,"Miễn phí (chi phí là xăng xe, hướng dẫn và hậu cần).","Đường công cộng, đi lại tự do quanh năm (mùa đông cực kỳ khắc nghiệt).",Tháng 6–9 khi đường khô ráo; mùa đông chỉ dành cho tay lái chuyên nghiệp.,"https://yandex.com/maps/?pt=150.831667,59.588333&z=17&l=map","https://www.google.com/maps/search/?api=1&query=59.588333,150.831667",,enriched,"Trải dài hơn 2.000 km từ Magadan tới Yakutsk, đường Kolyma (R504) là một trong những cung đường ám ảnh nhất thế giới. Người ta gọi nó là 'con đường trên xương người' bởi vô số tù nhân Gulag đã bỏ mạng khi xây dựng nó thời Stalin, và tương truyền thi thể họ nằm ngay dưới nền đường. Ngày nay đây là hành trình huyền thoại của dân phượt ưa mạo hiểm và du lịch lịch sử đen."
magadan-holy-trinity-cathedral-magadan,Nhà thờ chính tòa Chúa Ba Ngôi (Svyato-Troitsky sobor),Свято-Троицкий кафедральный собор,Holy Trinity Cathedral,Tỉnh Magadan,church,59.56705,150.8128,4.6,61,Tripadvisor,Khoảng 30–45 phút.,Miễn phí (tự nguyện công đức).,Thường mở khoảng 8:00–19:00; một số ngày đóng nghỉ trưa (khoảng 11:00–16:00).,Ban ngày trời nắng để thấy mái vòm vàng rực; hoặc dự một buổi lễ để cảm nhận không khí.,"https://yandex.com/maps/?pt=150.8128,59.56705&z=17&l=map","https://www.google.com/maps/search/?api=1&query=59.56705,150.8128",https://www.magadan-eparchy.ru/,enriched,"Vươn cao 71 m giữa lòng Magadan, Nhà thờ chính tòa Chúa Ba Ngôi là thánh đường Chính thống giáo lớn nhất vùng Viễn Đông Nga. Kiến trúc trắng và vàng lộng lẫy theo phong cách Nga cổ Vladimir–Novgorod, nổi bật trên nền trời và nhìn thấy từ khắp thành phố. Công trình còn mang ý nghĩa như một đài tưởng niệm dành cho các nạn nhân của đàn áp chính trị thời Xô Viết."
magadan-talaya-hot-springs,Suối nước nóng Talaya (Talaya),Талая (Тальский горячий источник),Talaya Hot Springs,Tỉnh Magadan,park_garden,61.13163,152.40045,4.4,54,Yandex Maps,Thường là kỳ nghỉ nhiều ngày; ghé tắm khoáng ngắn cũng mất vài giờ.,Trả phí theo gói điều dưỡng (путёвка); mức giá thay đổi theo mùa và loại phòng (chưa rõ giá chính thức).,Là khu điều dưỡng hoạt động quanh năm; ra vào theo lịch của санаторий.,Quanh năm; mùa đông cho trải nghiệm ngâm khoáng nóng giữa tuyết trắng ấn tượng nhất.,"https://yandex.com/maps/?pt=152.40045,61.13163&z=17&l=map","https://www.google.com/maps/search/?api=1&query=61.13163,152.40045",,enriched,"Ẩn mình giữa dãy Kolyma ở độ cao khoảng 720 m, Talaya là suối khoáng nóng nổi tiếng nhất tỉnh Magadan, với nguồn nước vọt lên tới 90°C. Quanh suối là khu điều dưỡng 'Talaya' hoạt động từ năm 1940, nơi người dân vùng Kolyma tìm đến để tắm khoáng, chữa bệnh và nghỉ dưỡng. Đây là một ốc đảo ấm áp kỳ lạ giữa vùng đất lạnh giá bậc nhất nước Nga."
mari-el-yoshkar-ola-bruges-embankment,Bờ kè Bruges (Naberezhnaya Bryugge),Набережная Брюгге,Brugge Embankment,Cộng hoà Mari El,square_street,56.6316,47.8931,4.5,355,Tripadvisor,30–60 phút.,Miễn phí.,"Không gian công cộng ngoài trời, mở cửa tự do cả ngày lẫn đêm.","Chiều muộn đến tối, mùa hè (tháng 5–9) khi lên đèn và thời tiết ấm.","https://yandex.com/maps/?pt=47.8931,56.6316&z=17&l=map","https://www.google.com/maps/search/?api=1&query=56.6316,47.8931",,enriched,"Bờ kè Bruges là dải đi bộ ven sông Malaya Kokshaga xây theo phong cách Tây Âu, gợi nhớ thành phố Bruges của nước Bỉ. Những dãy nhà mái nhọn nhiều màu, tháp đồng hồ và lối lát đá biến nơi đây thành phông nền chụp ảnh nổi tiếng nhất Yoshkar-Ola."
mari-el-tsarevokokshaysky-kremlin,Điện Kremlin Tsarevokokshaysk (Tsaryovokokshaysky kreml),Царёвококшайский кремль,Tsaryovokokshaysky Kremlin,Cộng hoà Mari El,fortress|museum,56.637224,47.901243,4.7,1614,Yandex,30–60 phút.,Vào sân miễn phí; vé bảo tàng bên trong từ khoảng 100₽.,Sân trong mở cửa tự do hằng ngày; các gian bảo tàng mở ban ngày (nên kiểm tra giờ tại chỗ).,Ban ngày để vào bảo tàng; buổi tối để ngắm tường thành lên đèn.,"https://yandex.com/maps/?pt=47.901243,56.637224&z=17&l=map","https://www.google.com/maps/search/?api=1&query=56.637224,47.901243",,enriched,"Царёвококшайский kremlin là 'điện Kremlin' của Yoshkar-Ola — quần thể tường gạch đỏ và tháp canh tái hiện pháo đài lịch sử của thành phố. Bên trong có sân dạo, tượng đài, tiểu cảnh và vài bảo tàng nhỏ."
mari-el-sheremetev-castle-yurino,Lâu đài Sheremetev (Zamok Sheremeteva),Замок Шереметева,Sheremetev Castle,Cộng hoà Mari El,palace|museum,56.2919,48.2417,4.4,58,Tripadvisor,"1,5–2 giờ (hoặc nghỉ qua đêm).",Có thu phí vào cửa và tour hướng dẫn; tra cứu giá mới nhất trên trang chính thức.,Mở cửa tham quan hằng ngày; nên tra cứu/đặt trước qua trang chính thức.,Cuối xuân đến đầu thu; đẹp khi kết hợp du thuyền sông Volga.,"https://yandex.com/maps/?pt=48.2417,56.2919&z=17&l=map","https://www.google.com/maps/search/?api=1&query=56.2919,48.2417",https://zamoksheremeteva.com/,enriched,"Lâu đài Sheremetev ở Yurino là một dinh thự - lâu đài gạch đỏ nguy nga bên tả ngạn sông Volga, do dòng họ quý tộc Sheremetev xây dựng trong nửa cuối thế kỷ 19. Công trình pha trộn Gothic, Phục hưng, phương Đông và Nga, nay là bảo tàng kiêm khách sạn."
mari-el-mari-chodra-national-park,Vườn quốc gia Mari Chodra (Mariy Chodra – 'Rừng Mari'),Марий Чодра,Mari Chodra National Park,Cộng hoà Mari El,park_garden,56.15,48.366667,,,,Nửa ngày đến vài ngày (cắm trại).,"Một số phân khu và dịch vụ (cắm trại, bãi nghỉ) có thu phí; nên liên hệ ban quản lý vườn trước.",Khu thiên nhiên mở quanh năm; đẹp và tiện nhất vào mùa hè.,"Tháng 6–8 cho tắm hồ, cắm trại; mùa thu cho cảnh lá vàng.","https://yandex.com/maps/?pt=48.366667,56.15&z=17&l=map","https://www.google.com/maps/search/?api=1&query=56.15,48.366667",,enriched,"Марий Чодра ('Rừng Mari') là vườn quốc gia rộng lớn ở đông nam Mari El, nổi tiếng với những hồ karst nước trong, rừng thông - sồi và suối khoáng. Đây là thiên đường cắm trại, chèo thuyền và đi bộ đường dài của cả vùng Volga."
mari-el-kozmodemyansk,Thị trấn Kozmodemyansk (Kozmodemyansk),Козьмодемьянск,Kozmodemyansk,Cộng hoà Mari El,other|museum,56.33667,46.57111,,,,Nửa ngày đến 1 ngày.,Đi dạo trong thị trấn miễn phí; mỗi bảo tàng bán vé riêng.,"Thị trấn tham quan tự do; các bảo tàng mở ban ngày (thường khoảng 9:00–17:00, nên kiểm tra trước, có thể nghỉ đầu tuần).",Mùa hè; đặc biệt dịp lễ hội Benderiada.,"https://yandex.com/maps/?pt=46.57111,56.33667&z=17&l=map","https://www.google.com/maps/search/?api=1&query=56.33667,46.57111",,enriched,"Kozmodemyansk là thị trấn thương nhân cổ bên hữu ngạn sông Volga, nổi tiếng với phố dốc, nhà gỗ chạm khắc và các bảo tàng đặc sắc. Nơi đây còn được xem là nguyên mẫu của 'thành phố Vasyuki' trong tiểu thuyết trào phúng 'Mười hai chiếc ghế'."
mari-el-mari-sacred-groves,Những khu rừng thiêng của người Mari (Kӱsoto),Марийские священные рощи,Mari Sacred Groves,Cộng hoà Mari El,other|park_garden,56.6,48.2,,,,"Tùy chuyến; thường 1–2 giờ nếu tham quan, lâu hơn nếu dự lễ.",Miễn phí (không phải điểm du lịch thương mại).,"Là nơi thờ tự tự nhiên, không có giờ mở cửa cố định; các nghi lễ diễn ra theo lịch tín ngưỡng.",Vào các dịp lễ cầu nguyện lớn theo mùa (thường cuối xuân đến đầu thu).,"https://yandex.com/maps/?pt=48.2,56.6&z=17&l=map","https://www.google.com/maps/search/?api=1&query=56.6,48.2",,enriched,"Người Mari là một trong số ít dân tộc châu Âu còn giữ tín ngưỡng đa thần bản địa, và trung tâm của tín ngưỡng ấy là các 'kюсото' — những khu rừng thiêng. Tại đây, thầy tế (kart) chủ trì các buổi cầu nguyện tập thể với lễ vật, dưới những tán cây không bao giờ bị chặt."
mari-el-national-museum-mari,Bảo tàng Quốc gia Cộng hòa Mari El mang tên T. Evseev,Национальный музей Республики Марий Эл им. Т. Евсеева,T. Evseev National Museum of the Mari El Republic,Cộng hoà Mari El,museum,56.6386,47.8905,,,,1–2 giờ.,Có bán vé tại quầy hoặc trực tuyến; giá phải chăng — tra cứu mức mới nhất trên trang chính thức.,Khoảng 10:00–18:00 (nên kiểm tra ngày nghỉ trong tuần trước khi đến).,Quanh năm; tiện ghép với các điểm trung tâm Yoshkar-Ola.,"https://yandex.com/maps/?pt=47.8905,56.6386&z=17&l=map","https://www.google.com/maps/search/?api=1&query=56.6386,47.8905",https://fumus.ru/,enriched,"Đây là bảo tàng lâu đời và lớn nhất Cộng hòa Mari El, ra đời năm 1920 và mang tên nhà dân tộc học Timofey Evseev. Bộ sưu tập trải rộng từ thiên nhiên, khảo cổ đến trang phục, tín ngưỡng và đời sống của người Mari."
mordovia-saransk-ushakov-cathedral,Nhà thờ Chính tòa Thánh Fyodor Ushakov (Sobor Feodora Ushakova),Кафедральный собор святого праведного воина Феодора Ушакова,Cathedral of St. Theodore (Feodor) Ushakov,Cộng hoà Mordovia,church,54.181389,45.181667,4.8,189,Tripadvisor,30–45 phút,Miễn phí vào cửa (tùy tâm công đức).,"Mở cửa hằng ngày theo lịch lễ, thường từ sáng sớm đến tối; nên đến ngoài giờ hành lễ để tham quan thong thả.","Buổi tối khi nhà thờ lên đèn, hoặc sáng sớm lúc vắng người.","https://yandex.com/maps/?pt=45.181667,54.181389&z=17&l=map","https://www.google.com/maps/search/?api=1&query=54.181389,45.181667",http://www.sobor-ushakova.ru/,enriched,"Sừng sững giữa Quảng trường Sobornaya, Nhà thờ Chính tòa Thánh Fyodor Ushakov là biểu tượng hiện đại của Saransk. Thánh hiến năm 2006 và mang tên vị đô đốc hải quân được phong thánh, đây là một trong những thánh đường Chính thống lớn nhất vùng Volga."
mordovia-erzia-museum-saransk,Bảo tàng Mỹ thuật Mordovia mang tên S.D. Erzia (Muzey Erzi),Мордовский республиканский музей изобразительных искусств им. С. Д. Эрьзи,Mordovian Republican Museum of Fine Arts named after S.D. Erzia,Cộng hoà Mordovia,museum,54.1852,45.1815,,,,"1,5–2 giờ",Có bán vé vào cửa; mức giá cụ thể xem trên website chính thức (chưa xác nhận giá 2026).,Thường mở cửa gần như cả tuần (đóng cửa một ngày đầu tuần); nên kiểm tra lịch chính thức trên erzia-museum.ru trước khi đến.,"Quanh năm vì là bảo tàng trong nhà, rất hợp cho ngày mưa hoặc mùa đông.","https://yandex.com/maps/?pt=45.1815,54.1852&z=17&l=map","https://www.google.com/maps/search/?api=1&query=54.1852,45.1815",https://erzia-museum.ru/,enriched,"Bảo tàng Mỹ thuật Mordovia lưu giữ bộ sưu tập tượng lớn nhất của Stepan Erzia, nhà điêu khắc gốc Mordvin được ví như 'Rodin của nước Nga'. Đây là điểm đến văn hóa trung tâm của Saransk."
mordovia-sanaksar-monastery,Tu viện Sanaksar (Sanaksarsky monastyr) — nơi an nghỉ của đô đốc Ushakov,Рождество-Богородичный Санаксарский мужской монастырь,Sanaksar Monastery (Nativity of the Theotokos),Cộng hoà Mordovia,church|monument,54.65306,43.16556,,,,"1,5–2 giờ (chưa kể thời gian di chuyển).",Miễn phí (đón nhận công đức tùy tâm).,"Mở cửa hằng ngày đón khách hành hương theo lịch tu viện, thường từ sáng đến chiều tối.",Mùa hè hoặc các dịp lễ kính hai vị thánh; tránh mùa mưa lầy đường xấu.,"https://yandex.com/maps/?pt=43.16556,54.65306&z=17&l=map","https://www.google.com/maps/search/?api=1&query=54.65306,43.16556",,enriched,"Tu viện Sanaksar thế kỷ 17 là một trong những trung tâm hành hương Chính thống quan trọng nhất vùng Volga, nổi tiếng là nơi lưu giữ thánh tích của đô đốc bất bại Fyodor Ushakov."
mordovia-makarovsky-pogost,Quần thể Makarovsky (Makarovsky pogost) — Tu viện Thánh Gioan Thần học,Иоанно-Богословский Макаровский мужской монастырь (Макаровский погост),Makarovsky Pogost / Monastery of St. John the Evangelist in Makarovka,Cộng hoà Mordovia,church,54.15833,45.25528,,,,"1–1,5 giờ",Miễn phí (công đức tùy tâm).,Mở cửa hằng ngày đón khách tham quan và hành hương theo lịch tu viện.,Mùa hè và đầu thu; buổi sáng ánh sáng đẹp để chụp ảnh kiến trúc.,"https://yandex.com/maps/?pt=45.25528,54.15833&z=17&l=map","https://www.google.com/maps/search/?api=1&query=54.15833,45.25528",https://makarovsky-monastery.ru/,enriched,"Quần thể 'pogost' Makarovsky là một trong những di sản kiến trúc thế kỷ 18 hiếm hoi còn nguyên vẹn ở Mordovia, khởi đầu với Nhà thờ Thánh Gioan Thần học xây năm 1704. Nay là tu viện hoạt động ngay sát Saransk."
mordovia-mordovsky-nature-reserve,Khu bảo tồn thiên nhiên Mordovia mang tên P.G. Smidovich (Mordovsky zapovednik),Мордовский государственный природный заповедник имени П. Г. Смидовича,Mordovia State Nature Reserve named after P.G. Smidovich,Cộng hoà Mordovia,park_garden,54.82083,43.34056,,,,Nửa ngày đến trọn ngày (tùy tuyến).,"Tham quan theo tour hoặc giấy phép, có thu phí; liên hệ ban quản lý (zapoved-mordovia.ru) để đặt trước.",Vào vùng lõi phải có giấy phép và đi theo tour đăng ký trước; trung tâm du khách ở Pushta làm việc theo giờ hành chính.,"Từ cuối tháng 5 đến tháng 9, khi thời tiết ấm và động thực vật phong phú.","https://yandex.com/maps/?pt=43.34056,54.82083&z=17&l=map","https://www.google.com/maps/search/?api=1&query=54.82083,43.34056",https://zapoved-mordovia.ru/,enriched,"Khu bảo tồn thiên nhiên Mordovia rộng hơn 32.000 ha bên hữu ngạn sông Moksha là mái nhà của gấu nâu, nai sừng tấm và hơn 200 loài chim. Nơi đây phục vụ du lịch sinh thái có hướng dẫn."
mordovia-temnikov-historic,Thị trấn cổ Temnikov,Темников,Temnikov,Cộng hoà Mordovia,other,54.6333,43.2333,,,,2–3 giờ,Dạo thị trấn miễn phí; bảo tàng có thể thu vé nhỏ.,Tham quan ngoài trời tự do cả ngày; các bảo tàng địa phương mở cửa theo giờ hành chính (nên hỏi trước).,"Mùa hè, khi thời tiết thuận lợi cho việc đi dạo.","https://yandex.com/maps/?pt=43.2333,54.6333&z=17&l=map","https://www.google.com/maps/search/?api=1&query=54.6333,43.2333",,enriched,"Temnikov là thị trấn lâu đời nhất Cộng hòa Mordovia, được nhắc đến lần đầu năm 1536. Đô thị nhỏ bên sông Moksha này là cửa ngõ đến Tu viện Sanaksar và Khu bảo tồn thiên nhiên Mordovia."
mordovia-pushkin-square-saransk,Công viên Văn hóa và Nghỉ dưỡng mang tên A.S. Pushkin (Park Pushkina),Парк культуры и отдыха имени А. С. Пушкина,A.S. Pushkin Park of Culture and Leisure,Cộng hoà Mordovia,park_garden,54.1845,45.18,,,,1–2 giờ,Vào cửa miễn phí; các trò chơi và đu quay tính phí riêng.,"Công viên mở cửa hằng ngày; khu trò chơi hoạt động theo mùa, chủ yếu vào mùa ấm và đông khách cuối tuần.",Chiều tối mùa hè hoặc cuối tuần; mùa đông có sân trượt băng.,"https://yandex.com/maps/?pt=45.18,54.1845&z=17&l=map","https://www.google.com/maps/search/?api=1&query=54.1845,45.18",http://parkisaranska.ru/,enriched,"Công viên Pushkin là lá phổi xanh trung tâm của Saransk, được lập năm 1864 ngay trên nền pháo đài đầu tiên khai sinh thành phố. Rộng 40 ha, nơi đây có vòng đu quay, khu trò chơi và những lối dạo bên sông Saranka."
moscow-oblast-trinity-lavra-sergiev-posad,Tu viện Trinity Lavra của Thánh Sergius (Troitse-Sergieva Lavra),Троице-Сергиева лавра,Trinity Lavra of St. Sergius,Tỉnh Moskva,church|fortress|museum,56.31035,38.1312,4.25,,tonkosti.ru,Khoảng 2–4 giờ.,Vào khuôn viên tu viện miễn phí; một số bảo tàng bên trong (như Bảo tàng Khảo cổ - Nhà thờ trong Cung Sa hoàng) thu phí riêng.,Mở cửa hằng ngày 5:00–21:00; vào các đại lễ khu tu viện có thể mở gần như suốt ngày đêm.,Sáng sớm các ngày trong tuần để tránh đông; mùa hè và đầu thu cảnh sắc đẹp nhất.,"https://yandex.com/maps/?pt=38.1312,56.31035&z=17&l=map","https://www.google.com/maps/search/?api=1&query=56.31035,38.1312",https://stsl.ru,enriched,"Được Thánh Sergius thành Radonezh lập nên từ năm 1337, Trinity Lavra là tu viện quan trọng nhất của Chính Thống giáo Nga và là Di sản Thế giới UNESCO. Quần thể tường thành trắng bao bọc hàng chục nhà thờ, tháp chuông và học viện thần học vẫn hoạt động đến ngày nay."
moscow-oblast-new-jerusalem-monastery-istra,Tu viện Tân Jerusalem (Novoierusalimsky monastyr),Воскресенский Ново-Иерусалимский монастырь,New Jerusalem Monastery,Tỉnh Moskva,church|museum,55.9216,36.8459,4.73,45,msk-guide.ru,2–3 giờ.,Vào khuôn viên tu viện miễn phí (khuyến khích quyên góp); bảo tàng «Tân Jerusalem» liền kề bán vé riêng.,Khuôn viên tu viện mở cửa hằng ngày khoảng 8:00–18:00 (thứ Bảy đến 20:00).,Cuối xuân đến đầu thu; ngày thường yên tĩnh hơn cuối tuần và ngày lễ.,"https://yandex.com/maps/?pt=36.8459,55.9216&z=17&l=map","https://www.google.com/maps/search/?api=1&query=55.9216,36.8459",https://n-jerusalem.ru,enriched,"Do Thượng phụ Nikon lập năm 1656, Tân Jerusalem là bản sao đầy tham vọng của các thánh địa Jerusalem đặt trên đất Nga, với dòng sông Istra đóng vai trò sông Jordan. Trung tâm quần thể là Nhà thờ Phục Sinh mô phỏng Nhà thờ Mộ Thánh ở Jerusalem."
moscow-oblast-kolomna-kremlin,Thành Kolomna Kremlin (Kolomensky kreml),Коломенский кремль,Kolomna Kremlin,Tỉnh Moskva,fortress|church|museum,55.1039,38.7544,4.75,,tonkosti.ru,Nửa ngày (3–5 giờ).,Đi dạo bên trong thành miễn phí; mỗi bảo tàng/triển lãm thu vé riêng (thường vài trăm ruble).,"Lãnh thổ kremlin là khu phố mở, vào tự do mọi lúc; các bảo tàng bên trong mở theo giờ riêng (thường 10:00–18:00, nhiều nơi nghỉ thứ Hai).",Mùa hè và đầu thu; cuối tuần nhiều hoạt động nhưng cũng đông hơn.,"https://yandex.com/maps/?pt=38.7544,55.1039&z=17&l=map","https://www.google.com/maps/search/?api=1&query=55.1039,38.7544",https://kolomna-kreml.ru,enriched,"Xây dựng năm 1525-1531 dưới thời Vasily III, Kolomna Kremlin là một trong những pháo đài gạch lớn nhất và đẹp nhất nước Nga. Bên trong bức tường thành cổ vẫn là một khu phố sống động với nhà thờ, tu viện và bảo tàng."
moscow-oblast-arkhangelskoye-estate,Điền trang Arkhangelskoye (Usadba Arkhangelskoye),Усадьба Архангельское,Arkhangelskoye Estate,Tỉnh Moskva,palace|park_garden|museum,55.7853,37.2842,4.76,17,msk-guide.ru,3–4 giờ.,"Vé công viên khoảng 250 ₽ (người hưu trí/sinh viên 100 ₽, trẻ dưới 16 tuổi miễn phí); các triển lãm khoảng 150–350 ₽.","Công viên mở hằng ngày 10:00–20:00; các gian (Colonnade, Cung Caprice, cánh Tây) mở 10:00–18:00 và nghỉ thứ Hai. Cung điện chính có thời điểm đóng để trùng tu.",Cuối xuân đến đầu thu khi vườn bậc thang và tượng khoe sắc đẹp nhất.,"https://yandex.com/maps/?pt=37.2842,55.7853&z=17&l=map","https://www.google.com/maps/search/?api=1&query=55.7853,37.2842",https://www.arhangelskoe.su,enriched,"Arkhangelskoye là điền trang tân cổ điển lộng lẫy từng thuộc các dòng họ quý tộc Golitsyn và Yusupov, nổi tiếng với cung điện, khu vườn kiểu Pháp và bộ sưu tập nghệ thuật quý giá. Người ta thường gọi đây là 'Versailles gần Moscow'."
moscow-oblast-abramtsevo-estate-museum,Bảo tàng - Điền trang Abramtsevo (Muzey-zapovednik Abramtsevo),Музей-заповедник «Абрамцево»,Abramtsevo Estate-Museum,Tỉnh Moskva,museum|park_garden|church,56.234444,37.967778,,,,2–4 giờ.,Nhà chính có hướng dẫn khoảng 450 ₽; vé vào công viên khoảng 60 ₽; xưởng vẽ hoặc nhà Polenov khoảng 200 ₽; vé kết hợp khoảng 500 ₽.,Công viên mở hằng ngày; các tòa trưng bày mở thứ Tư–Chủ nhật 10:00–18:00 (thứ Bảy đến 19:00 vào mùa hè); ngày vệ sinh là thứ Năm cuối tháng.,Mùa hè và mùa thu lá vàng; ngày thường vắng khách hơn.,"https://yandex.com/maps/?pt=37.967778,56.234444&z=17&l=map","https://www.google.com/maps/search/?api=1&query=56.234444,37.967778",https://www.abramtsevo.net,enriched,Abramtsevo là điền trang từng là salon văn chương thời Aksakov rồi trở thành khu tụ hội nghệ sĩ dưới thời nhà bảo trợ Savva Mamontov. Nơi đây được xem là chiếc nôi của phong trào phục hưng nghệ thuật Nga cuối thế kỷ 19.
moscow-oblast-savvino-storozhevsky-monastery,Tu viện Savvino-Storozhevsky (Savvino-Storozhevsky monastyr),Саввино-Сторожевский монастырь,Savvino-Storozhevsky Monastery,Tỉnh Moskva,church|fortress|museum,55.728,36.816,4.25,,tonkosti.ru,2–3 giờ.,Vào khuôn viên tu viện miễn phí (khuyến khích quyên góp); bảo tàng khảo cổ khoảng 60 ₽.,Mở cửa hằng ngày từ 6:00 đến khi kết thúc lễ chiều.,Cuối xuân đến đầu thu; buổi sáng yên tĩnh và mát mẻ.,"https://yandex.com/maps/?pt=36.816,55.728&z=17&l=map","https://www.google.com/maps/search/?api=1&query=55.728,36.816",https://savvastor.ru,enriched,"Được Thánh Savva, môn đệ của Thánh Sergius, lập năm 1398 theo lời mời của công tước Yuri xứ Zvenigorod, tu viện từng là nơi hành hương yêu thích của các Sa hoàng. Quần thể tường thành trắng tọa lạc trên ngọn đồi nhìn ra sông Moskva."
moscow-oblast-melikhovo-chekhov-estate,Điền trang - Bảo tàng Chekhov Melikhovo (Melikhovo),Музей-заповедник А. П. Чехова «Мелихово»,Melikhovo (Chekhov Estate-Museum),Tỉnh Moskva,museum|park_garden,55.117,37.65,,,,2–3 giờ.,Từ khoảng 100 ₽ cho vé cơ bản (một số khu trưng bày và vé trọn gói cao hơn); trẻ mẫu giáo miễn phí.,Thứ Ba–Chủ nhật 10:00–17:00 (quầy vé đến 16:45); nghỉ thứ Hai và thứ Sáu cuối tháng (ngày vệ sinh).,Cuối tháng 5 đến tháng 9 khi vườn và ao xanh tươi; mùa hè có liên hoan sân khấu.,"https://yandex.com/maps/?pt=37.65,55.117&z=17&l=map","https://www.google.com/maps/search/?api=1&query=55.117,37.65",https://chekhovmuseum.com,enriched,"Melikhovo là điền trang nơi văn hào Anton Chekhov sống và sáng tác từ 1892 đến 1899, cho ra đời 'Chim hải âu' và 'Cậu Vanya'. Bảo tàng tái hiện chân thực đời sống và không gian sáng tạo của ông."
moscow-oblast-borodino-field,Chiến địa Borodino (Borodinskoye pole),Бородинское поле,Borodino Field,Tỉnh Moskva,monument|museum|park_garden,55.533,35.817,,,,Nửa ngày trở lên vì chiến địa rất rộng.,Tour và triển lãm cho người lớn từ khoảng 400 ₽; vé từng gian trưng bày rẻ hơn; có ưu đãi cho các nhóm.,"Thứ Ba–Chủ nhật; tháng 4–10: 10:00–18:00, tháng 11–3: 9:00–17:00; nghỉ thứ Hai và thứ Tư cuối tháng.",Mùa hè; đặc biệt đầu tháng 9 có lễ tái hiện trận đánh dịp kỷ niệm.,"https://yandex.com/maps/?pt=35.817,55.533&z=17&l=map","https://www.google.com/maps/search/?api=1&query=55.533,35.817",https://www.borodino.ru,enriched,"Borodino là nơi diễn ra trận đánh đẫm máu nhất Chiến tranh Napoleon ngày 7 tháng 9 năm 1812, giữa quân Nga của Kutuzov và đại quân Pháp của Napoleon. Ngày nay chiến địa là khu bảo tàng - di tích lịch sử quân sự với hàng trăm đài tưởng niệm."
moscow-oblast-church-of-the-sign-dubrovitsy,Nhà thờ Dấu Chỉ ở Dubrovitsy (Znamenskaya tserkov),Знаменская церковь (Дубровицы),Church of the Sign at Dubrovitsy,Tỉnh Moskva,church|monument,55.441297,37.494408,5.0,4,msk-guide.ru,"1–1,5 giờ.",Miễn phí (khuyến khích quyên góp).,Nhà thờ mở cửa hằng ngày cho khách tham quan và lễ (thường khoảng 9:00–17:00); khuôn viên ngoài trời vào tự do.,Ngày nắng để chiêm ngưỡng chi tiết chạm khắc đá trắng và vương miện vàng; cuối tuần có thể gặp lễ cưới.,"https://yandex.com/maps/?pt=37.494408,55.441297&z=17&l=map","https://www.google.com/maps/search/?api=1&query=55.441297,37.494408",http://www.dubrovitsy-hram.ru,enriched,"Nhà thờ Dấu Chỉ ở Dubrovitsy là công trình baroque độc nhất vô nhị của nước Nga, xây năm 1690-1704 dưới sự bảo trợ của công tước Boris Golitsyn. Thay cho mái vòm hành thông thường, đỉnh nhà thờ là một chiếc vương miện vàng bằng kim loại chạm rỗng."
moscow-oblast-ostafyevo-estate,Điền trang Ostafyevo - 'Parnassus Nga' (Ostafyevo),Музей-усадьба «Остафьево» — «Русский Парнас»,Ostafyevo Estate (Russian Parnassus),Tỉnh Moskva,museum|palace|park_garden,55.498056,37.4975,4.0,,tonkosti.ru,2–3 giờ.,Vé bảo tàng khoảng 250–300 ₽; vé vào công viên khoảng 70–100 ₽.,"Bảo tàng mở thứ Ba–Sáu và Chủ nhật 10:00–18:00, thứ Bảy 10:00–21:00; công viên mở hằng ngày 8:00–23:00.",Cuối xuân đến đầu thu khi công viên và hồ đẹp nhất; buổi sáng vắng khách.,"https://yandex.com/maps/?pt=37.4975,55.498056&z=17&l=map","https://www.google.com/maps/search/?api=1&query=55.498056,37.4975",https://ostafyevomuseum.ru,enriched,"Ostafyevo được mệnh danh là 'Parnassus Nga' vì gắn với các tên tuổi lớn của văn học Nga: chính tại đây Karamzin đã viết 'Lịch sử Nhà nước Nga', còn Pushkin, Zhukovsky và Gogol từng là khách. Điền trang tân cổ điển có cung điện với hàng cột và công viên bên hồ."
moscow-red-square,Quảng trường Đỏ (Krasnaya Ploshchad),Красная площадь,Red Square,Moskva,square_street|monument,55.75417,37.62,4.7,20619,Tripadvisor,1–2 giờ.,Miễn phí.,"Mở cửa 24/7 (quảng trường công cộng); đôi khi đóng khi có sự kiện, hoà nhạc hoặc tổng duyệt.",Buổi tối khi lên đèn; mùa hè hoặc mùa đông tuyết phủ đều đẹp.,"https://yandex.com/maps/?pt=37.62,55.75417&z=17&l=map","https://www.google.com/maps/search/?api=1&query=55.75417,37.62",,enriched,"Trái tim biểu tượng của Moskva và cả nước Nga — quần thể choáng ngợp gồm Nhà thờ Thánh Basil, tường thành Kremlin, cửa hàng GUM và Lăng Lenin, đặc biệt huyền ảo khi lên đèn."
moscow-kremlin,Điện Kremlin Moskva,Московский Кремль,Moscow Kremlin,Moskva,fortress|museum,55.752121,37.617664,4.6,7934,Tripadvisor,3–4 giờ.,Quảng trường Nhà thờ ~1.100 RUB; kho Armoury ~1.400 RUB; dưới 7 tuổi miễn phí.,"Thứ 6–Thứ 4: mùa đông (1/10–14/5) 10:00–17:00, mùa hè (15/5–30/9) 09:30–18:00; đóng cửa Thứ Năm.",Mùa đông tuyết phủ hoặc mùa hè; đi sớm để tránh xếp hàng vé.,"https://yandex.com/maps/?pt=37.617664,55.752121&z=17&l=map","https://www.google.com/maps/search/?api=1&query=55.752121,37.617664",https://www.kreml.ru,enriched,"Thành luỹ quyền lực suốt hơn 500 năm của nước Nga — nơi ở của Tổng thống, với Quảng trường Nhà thờ, kho báu Armoury, Chuông Sa hoàng và Đại bác Sa hoàng khổng lồ."
moscow-st-basils,Nhà thờ Thánh Basil (Sobor Vasiliya Blazhennogo),Собор Василия Блаженного,Saint Basil's Cathedral,Moskva,church,55.7525,37.62306,4.7,12444,Tripadvisor,"1–1,5 giờ.",Người lớn ~1.000 RUB; khách nước ngoài có thể tới ~2.000 RUB; dưới 7 tuổi miễn phí.,Hằng ngày ~10:00–19:00 (mùa hè có ngày tới ~21:00); đóng cửa Thứ Tư đầu tiên mỗi tháng.,Sáng sớm để tránh đông; kết hợp Quảng trường Đỏ.,"https://yandex.com/maps/?pt=37.62306,55.7525&z=17&l=map","https://www.google.com/maps/search/?api=1&query=55.7525,37.62306",https://shm.ru,enriched,"Biểu tượng cổ tích của nước Nga với những mái vòm củ hành nhiều màu xoáy tròn — do Sa hoàng Ivan Bạo chúa cho xây, nay là Di sản Thế giới UNESCO."
moscow-lenin-mausoleum,Lăng Lenin (Mavzoley Lenina),Мавзолей Ленина,Lenin's Mausoleum,Moskva,monument,55.75361,37.61972,4.0,1371,Tripadvisor,30–60 phút (đi bên trong ~3 phút).,Miễn phí.,"Thứ 3,4,5,7,CN 10:00–13:00; đóng cửa Thứ Hai và Thứ Sáu.",Đến sớm trong khung giờ mở cửa để tránh hàng dài.,"https://yandex.com/maps/?pt=37.61972,55.75361&z=17&l=map","https://www.google.com/maps/search/?api=1&query=55.75361,37.61972",,enriched,"Nơi lưu giữ thi hài ướp của Vladimir Lenin từ năm 1924, ngay trên Quảng trường Đỏ — một trải nghiệm lịch sử kỳ lạ, vào cửa miễn phí."
moscow-gum,Cửa hàng bách hoá GUM,ГУМ,GUM Department Store,Moskva,square_street,55.754722,37.621389,4.4,6011,Tripadvisor,"1–1,5 giờ.",Miễn phí (vào tham quan thương xá).,Hằng ngày 10:00–22:00.,Dịp Năm Mới/Giáng sinh để ngắm trang trí; buổi tối khi lên đèn.,"https://yandex.com/maps/?pt=37.621389,55.754722&z=17&l=map","https://www.google.com/maps/search/?api=1&query=55.754722,37.621389",https://gumrussia.com,enriched,"Thương xá lịch sử tráng lệ bên Quảng trường Đỏ, mở từ 1893, với mái vòm kính, dãy hành lang cổ và trang trí lễ hội rực rỡ — nổi tiếng với kem GUM huyền thoại."
moscow-bolshoi-theatre,Nhà hát Bolshoi,Большой театр,Bolshoi Theatre,Moskva,theatre,55.760278,37.618611,4.6,3916,Tripadvisor,2–3 giờ (một buổi diễn).,"Tuỳ buổi diễn, ~2.000–15.000+ RUB; tour hậu trường ~2.500 RUB.",Phòng vé hằng ngày ~11:00–20:00; suất diễn thường 12:00 (matinee) và 19:00 (tối).,Mùa diễn thu–xuân; đặt vé sớm cho vở nổi tiếng.,"https://yandex.com/maps/?pt=37.618611,55.760278&z=17&l=map","https://www.google.com/maps/search/?api=1&query=55.760278,37.618611",https://www.bolshoi.ru,enriched,"Thánh đường ballet và opera của nước Nga, thành lập 1776, với khán phòng tân cổ điển đỏ-vàng lộng lẫy và cỗ xe tứ mã Apollo trên mặt tiền — biểu tượng trên tờ 100 rúp."
moscow-tretyakov-gallery,Bảo tàng Tretyakov (Phòng tranh quốc gia),Третьяковская галерея,State Tretyakov Gallery,Moskva,museum,55.741389,37.620864,4.7,5965,Tripadvisor,2–3 giờ.,~700–1.000 RUB; giảm giá cho sinh viên và trẻ em.,"Thứ 3,4,CN 10:00–18:00; Thứ 5,6,7 10:00–21:00; đóng cửa Thứ Hai.",Ngày thường; các buổi mở muộn (Thứ 5–7) ít đông hơn.,"https://yandex.com/maps/?pt=37.620864,55.741389&z=17&l=map","https://www.google.com/maps/search/?api=1&query=55.741389,37.620864",https://www.tretyakovgallery.ru,enriched,Kho tàng nghệ thuật Nga vĩ đại nhất — từ icon trung cổ tới bậc thầy thế kỷ 19 — trong toà nhà mặt tiền cổ tích của hoạ sĩ Vasnetsov; nơi lưu giữ 'Chúa Ba Ngôi' của Rublev.
moscow-christ-the-saviour,Nhà thờ Chúa Cứu Thế (Khram Khrista Spasitelya),Храм Христа Спасителя,Cathedral of Christ the Saviour,Moskva,church,55.744444,37.605556,4.4,2173,Tripadvisor,30–60 phút.,Vào nhà thờ miễn phí; đài quan sát ~400 RUB.,Hằng ngày ~10:00–18:00 (Thứ Hai từ 13:00); có thánh lễ hằng ngày.,Về đêm khi lên đèn; leo đài quan sát ngắm Kremlin.,"https://yandex.com/maps/?pt=37.605556,55.744444&z=17&l=map","https://www.google.com/maps/search/?api=1&query=55.744444,37.605556",http://www.xxc.ru,enriched,"Thánh đường Chính thống giáo cao nhất thế giới (~103 m), mái vòm vàng bên sông Moskva — bản phục dựng của nhà thờ bị Stalin cho nổ tung năm 1931."
moscow-novodevichy,Tu viện Novodevichy,Новодевичий монастырь,Novodevichy Convent,Moskva,church,55.726111,37.556111,4.4,1794,Tripadvisor,1–2 giờ (lâu hơn nếu thăm nghĩa trang).,Khuôn viên miễn phí; triển lãm bảo tàng ~300–500 RUB (phí chụp ảnh ~100 RUB).,Khuôn viên hằng ngày ~9:00–19:00; bảo tàng tu viện ~10:00–17:00 (đóng cửa Thứ Ba).,Buổi sáng để yên tĩnh; thu hoặc đông đẹp.,"https://yandex.com/maps/?pt=37.556111,55.726111&z=17&l=map","https://www.google.com/maps/search/?api=1&query=55.726111,37.556111",https://novodev.msk.ru,enriched,"Tu viện tường trắng tháp đỏ theo phong cách Baroque Moskva (xây từ 1524), Di sản Thế giới UNESCO, cạnh nghĩa trang nơi Chekhov, Gogol, Shostakovich an nghỉ."
moscow-vdnkh,Công viên triển lãm VDNKh,ВДНХ,VDNKh,Moskva,park_garden|monument,55.834024,37.63032,4.4,1883,Tripadvisor,3–5 giờ (có thể chơi cả ngày).,"Miễn phí vào khuôn viên; các gian, bảo tàng, sân trượt băng và trò chơi bán vé riêng (~200–600 RUB mỗi mục).","Khuôn viên mở cửa hằng ngày, miễn phí (thường ghi 24 giờ); phần lớn gian trưng bày/bảo tàng ~11:00–22:00 theo lịch riêng.",Mùa hè cho đài phun nước; mùa đông có sân trượt băng; buổi tối khi lên đèn.,"https://yandex.com/maps/?pt=37.63032,55.834024&z=17&l=map","https://www.google.com/maps/search/?api=1&query=55.834024,37.63032",https://vdnh.ru,enriched,Quần thể triển lãm kiểu Xô Viết hoành tráng (mở 1939) với những gian trưng bày nguy nga và đài phun nước mạ vàng 'Tình hữu nghị các dân tộc' — rộng hơn cả Monaco.
moscow-gorky-park,Công viên Gorky,Парк Горького,Gorky Park,Moskva,park_garden,55.728333,37.6,4.5,2803,Tripadvisor,"1,5–3 giờ.","Miễn phí vào cửa; một số hoạt động thu phí riêng (bảo tàng Garage, sân trượt băng, trò chơi).","Mở cửa 24 giờ, miễn phí (khu vườn tượng Muzeon ~08:00–22:00).",Chiều muộn mùa hè cho hoàng hôn ven sông; mùa đông có sân trượt băng.,"https://yandex.com/maps/?pt=37.6,55.728333&z=17&l=map","https://www.google.com/maps/search/?api=1&query=55.728333,37.6",https://parkgorkogo.ru,enriched,"Công viên ven sông đầu tiên kiểu 'văn hoá và nghỉ ngơi' của Liên Xô (1928), nay hiện đại và miễn phí — đạp xe, trượt băng, bảo tàng, rạp chiếu ngoài trời."
moscow-moscow-metro,Tàu điện ngầm Moskva (ga Komsomolskaya & các ga nghệ thuật),Московский метрополитен,Moscow Metro,Moskva,monument,55.774722,37.655,4.6,17077,Tripadvisor,1–2 giờ để tham quan các ga trung tâm nguy nga nhất.,"Chỉ giá vé metro thường: ~75 RUB/lượt bằng thẻ Troika, hoặc ~90 RUB vé giấy (2026); không thu phí tham quan riêng.",Metro chạy hằng ngày khoảng 05:30–01:00.,Giữa buổi (ngoài giờ cao điểm) để dễ chụp ảnh.,"https://yandex.com/maps/?pt=37.655,55.774722&z=17&l=map","https://www.google.com/maps/search/?api=1&query=55.774722,37.655",https://mosmetro.ru,enriched,"Hệ thống metro như 'cung điện dưới lòng đất' — đèn chùm, tranh khảm, cột cẩm thạch; ga Komsomolskaya, Ploshchad Revolyutsii và Mayakovskaya là những điểm phải xem, vé chưa tới 1 euro."
moscow-zaryadye-park,Công viên Zaryadye,Парк Зарядье,Zaryadye Park,Moskva,park_garden|bridge,55.751111,37.628889,3.9,946,Tripadvisor,"1,5–2,5 giờ.","Công viên và cầu bay miễn phí; các gian thu phí: phim vòm ~700–900 RUB, 'Hang băng'/Florarium ~250–400 RUB.","Khuôn viên và cầu bay mở 24/7, miễn phí; các gian trong nhà ~10:00–21:00 (Thứ Hai từ 12:00).",Hoàng hôn để ngắm Kremlin từ cầu bay; mùa hè hoặc thu.,"https://yandex.com/maps/?pt=37.628889,55.751111&z=17&l=map","https://www.google.com/maps/search/?api=1&query=55.751111,37.628889",https://www.zaryadyepark.ru,enriched,Công viên hiện đại cạnh Quảng trường Đỏ (mở 2017) với 'cầu bay' hình chữ V vươn ra sông Moskva — tái hiện bốn vùng khí hậu của nước Nga.
moscow-pushkin-museum,Bảo tàng Mỹ thuật Pushkin (Pu-skin),Государственный музей изобразительных искусств имени А. С. Пушкина,Pushkin State Museum of Fine Arts,Moskva,museum,55.747029,37.606029,4.5,1854,Tripadvisor,Khoảng 2–3 giờ.,"Người lớn khoảng 500–700 rúp, sinh viên được giảm giá, trẻ nhỏ miễn phí (giá thay đổi theo triển lãm và thời điểm).","Thứ Ba đến Chủ nhật 11:00–20:00, thứ Năm và thứ Sáu mở đến 21:00; đóng cửa thứ Hai.",Sáng sớm giữa tuần ngay khi mở cửa để tránh đông và có đủ thời gian cho mảng tranh Ấn tượng.,"https://yandex.com/maps/?pt=37.606029,55.747029&z=17&l=map","https://www.google.com/maps/search/?api=1&query=55.747029,37.606029",https://pushkinmuseum.art,enriched,"Kho tàng nghệ thuật nước ngoài lớn bậc nhất Moscow, mang tên thi hào Pushkin như một biểu tượng văn hóa chứ không trưng bày về ông. Nơi đây quy tụ cổ vật Ai Cập, điêu khắc Hy Lạp - La Mã và một bộ sưu tập tranh Ấn tượng, Hậu Ấn tượng lộng lẫy."
moscow-state-historical-museum,Bảo tàng Lịch sử Quốc gia Nga trên Quảng trường Đỏ,Государственный исторический музей,State Historical Museum,Moskva,museum,55.755278,37.617778,4.3,724,Tripadvisor,Khoảng 2–3 giờ.,Khoảng 400–800 rúp cho người lớn tùy khu trưng bày; trẻ em và học sinh được ưu đãi (giá thay đổi theo thời điểm và triển lãm).,"Thứ Hai, Tư, Năm và Chủ nhật 10:00–18:00; thứ Sáu và thứ Bảy 10:00–21:00; đóng cửa thứ Ba.",Giữa tuần buổi sáng để tránh dòng khách du lịch đổ về Quảng trường Đỏ.,"https://yandex.com/maps/?pt=37.617778,55.755278&z=17&l=map","https://www.google.com/maps/search/?api=1&query=55.755278,37.617778",https://shm.ru,enriched,"Tòa nhà gạch đỏ với những chóp nhọn kiểu Nga cổ đứng sừng sững ở đầu bắc Quảng trường Đỏ chính là Bảo tàng Lịch sử Quốc gia. Bên trong là bộ sưu tập đồ sộ kể trọn câu chuyện nước Nga, từ thời tiền sử và các bộ tộc Slav cho đến triều đại Romanov."
moscow-new-tretyakov-gallery,Phòng trưng bày Tretyakov Mới (Tre-chi-a-cốp) trên phố Krymsky Val,Новая Третьяковка (Третьяковская галерея на Крымском Валу),New Tretyakov Gallery,Moskva,museum,55.734525,37.604864,4.5,1147,Tripadvisor,"Khoảng 2–3 giờ, cộng thêm thời gian dạo công viên Muzeon.",Vé thường cho trưng bày cố định khoảng 700 rúp; trẻ em và học sinh được ưu đãi (giá thay đổi theo triển lãm).,Thứ Ba đến Chủ nhật 10:00–21:00 (bán vé đến 20:00); đóng cửa thứ Hai.,"Buổi chiều đẹp trời để kết hợp tham quan phòng tranh, tản bộ vườn tượng và Công viên Gorky gần đó.","https://yandex.com/maps/?pt=37.604864,55.734525&z=17&l=map","https://www.google.com/maps/search/?api=1&query=55.734525,37.604864",https://tretyakovgallery.ru,enriched,"Nằm trong tòa nhà hiện đại thời Xô Viết bên công viên điêu khắc Muzeon, đây là nơi trưng bày nghệ thuật Nga thế kỷ 20 và 21. Từ tranh tiên phong avant-garde của Malevich, Kandinsky, Chagall đến hội họa hiện thực xã hội chủ nghĩa, bộ sưu tập kể lại một thế kỷ đầy biến động của nghệ thuật Nga."
moscow-cosmonautics-museum,Bảo tàng Du hành Vũ trụ Moscow (cùng Đài tưởng niệm Những người chinh phục Không gian),Мемориальный музей космонавтики,Memorial Museum of Cosmonautics,Moskva,museum|monument,55.822733,37.63971,4.5,2165,Tripadvisor,Khoảng 2–3 giờ.,"Người lớn khoảng 350–450 rúp, trẻ em và học sinh được giảm giá (giá thay đổi theo thời điểm).","Thường mở 10:00–19:00, riêng thứ Năm và thứ Bảy đến 21:00; đóng cửa thứ Hai (lịch có thể thay đổi, nên kiểm tra website).",Sáng giữa tuần để tránh đông và có thể trải nghiệm hết các khu mô phỏng.,"https://yandex.com/maps/?pt=37.63971,55.822733&z=17&l=map","https://www.google.com/maps/search/?api=1&query=55.822733,37.63971",https://kosmo-museum.ru,enriched,"Dưới chân đài tưởng niệm bằng titan cao 107 mét hình tên lửa lao vút lên trời, bảo tàng này tôn vinh kỷ nguyên chinh phục vũ trụ của Liên Xô. Bên trong là khoang tàu của Gagarin, xe tự hành Mặt Trăng Lunokhod, bộ đồ phi hành gia và cả hai chú chó vũ trụ Belka và Strelka."
moscow-bunker-42,Bảo tàng Chiến tranh Lạnh Bunker-42 (Bun-ke) ở Taganka (Ta-gan-ka),Бункер-42 на Таганке (Музей холодной войны),Bunker-42 Cold War Museum at Taganka,Moskva,museum,55.741735,37.649277,4.1,832,Tripadvisor,"Khoảng 1–1,5 giờ theo tour.","Vé đi theo tour, khoảng 1.800–2.200 rúp cho người lớn tùy chương trình; sinh viên được giảm giá.",Mở cửa hằng ngày; các tour tham quan chạy theo khung giờ cố định (thường từ khoảng 10:00 đến tối muộn).,Đặt tour trước và chọn khung giờ có hướng dẫn tiếng Anh nếu bạn không biết tiếng Nga.,"https://yandex.com/maps/?pt=37.649277,55.741735&z=17&l=map","https://www.google.com/maps/search/?api=1&query=55.741735,37.649277",https://bunker42.com,enriched,"Ẩn sâu 65 mét dưới lòng đất Moscow là một hầm chỉ huy hạt nhân tuyệt mật thời Chiến tranh Lạnh, nay thành bảo tàng độc đáo. Từng là sở chỉ huy dự phòng của không quân chiến lược Liên Xô, nơi đây đưa bạn trở về những năm tháng căng thẳng bên bờ vực chiến tranh nguyên tử."
moscow-bulgakov-museum,Bảo tàng Bulgakov (Bun-ga-cốp) - 'Căn hộ Quỷ ám' số 50,Музей М. А. Булгакова («Нехорошая квартира»),M.A. Bulgakov Museum (The Bad Apartment No. 50),Moskva,museum,55.766944,37.593056,4.6,317,Tripadvisor,"Khoảng 1–1,5 giờ.","Vé vào khá rẻ, khoảng vài trăm rúp; miễn phí vào Chủ nhật của tuần thứ ba hằng tháng (giá thay đổi theo thời điểm).","Thường mở thứ Ba đến Chủ nhật khoảng 12:00–19:00, riêng thứ Năm mở muộn đến 21:00; đóng cửa thứ Hai (lịch có thể thay đổi).","Buổi tối thứ Năm khi bảo tàng mở muộn, hoặc kết hợp dạo Hồ Tổ Phụ lúc hoàng hôn.","https://yandex.com/maps/?pt=37.593056,55.766944&z=17&l=map","https://www.google.com/maps/search/?api=1&query=55.766944,37.593056",https://bulgakovmuseum.ru,enriched,"Trên tầng 4 của một chung cư cổ gần Hồ Tổ Phụ là căn hộ số 50, nơi văn hào Mikhail Bulgakov từng sống và cũng là nguyên mẫu của 'căn hộ quỷ ám' trong kiệt tác 'Nghệ nhân và Margarita'. Bảo tàng nhà nước này tái hiện không gian sống của nhà văn cùng thế giới ma mị trong tiểu thuyết của ông."
moscow-garage-museum,Bảo tàng Nghệ thuật Đương đại Garage (Ga-ra-giơ) ở Công viên Gorky (Goóc-ki),Музей современного искусства «Гараж»,Garage Museum of Contemporary Art,Moskva,museum,55.727864,37.601597,4.0,295,Tripadvisor,"Khoảng 1,5–2 giờ.","Vé vào khoảng 500 rúp cho một triển lãm (giá thay đổi; một số đối tượng được miễn hoặc giảm), nên kiểm tra website trước khi đến.",Hằng ngày 11:00–22:00 (quầy vé đóng trước giờ đóng cửa khoảng 30 phút).,Chiều muộn hoặc cuối tuần để kết hợp dạo chơi Công viên Gorky và ngắm hoàng hôn bên sông Moskva.,"https://yandex.com/maps/?pt=37.601597,55.727864&z=17&l=map","https://www.google.com/maps/search/?api=1&query=55.727864,37.601597",https://garagemca.org,enriched,"Trong Công viên Gorky, một nhà hàng Xô Viết bị bỏ hoang đã được kiến trúc sư lừng danh Rem Koolhaas biến thành bảo tàng nghệ thuật đương đại hàng đầu nước Nga. Garage nổi tiếng với các triển lãm táo bạo, kiến trúc độc đáo cùng thư viện và hiệu sách nghệ thuật hấp dẫn."
moscow-kolomenskoye,Bảo tàng - Công viên Kolomenskoye (Cô-lô-men-xcô-ie),Музей-заповедник «Коломенское»,Kolomenskoye Museum-Reserve,Moskva,park_garden|church,55.6675,37.6703,4.0,2636,Tripadvisor,"Khoảng 2–4 giờ, nên dành nửa ngày nếu muốn đi hết.","Vào công viên miễn phí; mỗi khu trưng bày hoặc nội thất bán vé riêng, thường khoảng 200–450 rúp (cung điện gỗ Aleksey Mikhailovich cao hơn).","Khuôn viên công viên mở cửa hằng ngày và miễn phí (mùa hè thường mở đến tối muộn); các bảo tàng, nội thất và cung điện gỗ mở khoảng 10:00–18:00, đóng cửa thứ Hai.",Cuối xuân đến đầu thu để ngắm vườn táo và picnic; hoàng hôn bên sông rất đẹp.,"https://yandex.com/maps/?pt=37.6703,55.6675&z=17&l=map","https://www.google.com/maps/search/?api=1&query=55.6675,37.6703",https://mgomz.ru,enriched,"Khu bảo tàng - công viên ngoài trời rộng lớn nằm trên triền dốc cao bên sông Moskva, từng là điền trang mùa hè yêu thích của các Sa hoàng Nga. Điểm nhấn là Nhà thờ Thăng Thiên dựng năm 1532, kiệt tác đầu tiên của lối kiến trúc 'mái lều' bằng đá và là Di sản Thế giới UNESCO."
moscow-tsaritsyno,Bảo tàng - Điền trang Tsaritsyno (Xa-rít-xư-nô),Музей-заповедник «Царицыно»,Tsaritsyno Museum-Reserve,Moskva,palace|park_garden,55.6156,37.6858,4.7,4005,Tripadvisor,"Khoảng 3–5 giờ, có thể dành trọn một ngày.","Vào công viên miễn phí; vé Đại Cung điện + Nhà Bánh Mì khoảng 750 rúp, vé liên hợp cả quần thể khoảng 1.220 rúp; trẻ dưới 7 tuổi miễn phí.","Công viên mở hằng ngày khoảng 6:00–24:00 và miễn phí; cụm cung điện, bảo tàng mở thứ Ba–Chủ nhật (thứ Ba–Năm 10:00–18:00, thứ Sáu–Bảy đến 20:00), đóng cửa thứ Hai.",Buổi chiều muộn mùa hè để kịp xem đài phun nước nhạc nước sáng đèn (khoảng tháng 5–9).,"https://yandex.com/maps/?pt=37.6858,55.6156&z=17&l=map","https://www.google.com/maps/search/?api=1&query=55.6156,37.6858",https://tsaritsyno-museum.ru,enriched,"Quần thể cung điện và công viên cảnh quan tráng lệ ở nam Moscow, do Nữ hoàng Ekaterina Đại đế khởi công theo phong cách 'Gothic Nga' gạch đỏ viền trắng. Bị bỏ hoang suốt hơn 200 năm, cung điện chỉ được phục dựng và mở cửa hoàn chỉnh năm 2007, nay là một trong những điểm dạo chơi được yêu thích nhất thành phố."
moscow-kuskovo,Điền trang Kuskovo (Cút-xkô-vô),Усадьба Кусково,Kuskovo Estate,Moskva,palace|park_garden,55.7358,37.8061,4.6,943,Tripadvisor,Khoảng 2–3 giờ.,"Vé vào khu vườn khá rẻ; mỗi công trình (cung điện, Grotto, nhà kính) bán vé riêng, cộng lại thường khoảng vài trăm rúp; có vé liên hợp.","Mở cửa thứ Tư–Chủ nhật, khoảng 10:00–18:00 (công viên mùa hè có thể đến 20:00); đóng cửa thứ Hai, thứ Ba và ngày vệ sinh cuối tháng.","Cuối tuần mùa hè, lý tưởng khi trùng một buổi hòa nhạc cổ điển ngoài trời; đi sớm để tránh các đám cưới.","https://yandex.com/maps/?pt=37.8061,55.7358&z=17&l=map","https://www.google.com/maps/search/?api=1&query=55.7358,37.8061",https://kuskovo.ru,enriched,"Điền trang mùa hè thế kỷ 18 của dòng họ bá tước Sheremetev giàu có, được ví như 'Versailles của Moscow'. Nổi bật với cung điện gỗ màu hồng phấn, khu vườn kiểu Pháp đối xứng và loạt gian đình độc đáo như Grotto, Nhà Hà Lan và nhà kính cổ."
moscow-izmailovo-kremlin,Điện Kremlin Izmailovo (Ít-mai-lô-vô) và chợ Vernisazh,Измайловский кремль,Izmailovo Kremlin and Market,Moskva,other|museum,55.7906,37.7486,4.0,536,Tripadvisor,Khoảng 2–3 giờ.,Vào khuôn viên và dạo chợ miễn phí; mỗi bảo tàng nhỏ thu vé riêng khoảng 300–400 rúp.,"Khuôn viên mở cửa hằng ngày, khoảng 9:00–20:00 (một số nguồn đến 21:00); chợ Vernisazh nhộn nhịp nhất vào thứ Bảy và Chủ nhật.",Sáng thứ Bảy hoặc Chủ nhật khi chợ có đông người bán và nhiều hàng nhất.,"https://yandex.com/maps/?pt=37.7486,55.7906&z=17&l=map","https://www.google.com/maps/search/?api=1&query=55.7906,37.7486",https://kremlin-izmailovo.com,enriched,"Một 'điện Kremlin' bằng gỗ đầy màu sắc mới xây theo phong cách cổ tích Nga, bao quanh khu chợ đồ lưu niệm và đồ cổ Vernisazh nổi tiếng nhất Moscow. Đây là nơi lý tưởng để mua búp bê Matryoshka, đồ thủ công, ghé các bảo tàng nhỏ vui nhộn và chụp những bức ảnh rực rỡ."
moscow-victory-park-poklonnaya-hill,Công viên Chiến thắng trên đồi Poklonnaya (Pô-klôn-na-ia),Парк Победы на Поклонной горе,Victory Park on Poklonnaya Hill,Moskva,park_garden|monument,55.7314,37.5058,4.6,1091,Tripadvisor,"Khoảng 1,5–3 giờ (thêm nếu vào bảo tàng).",Dạo công viên miễn phí; vé vào Bảo tàng Chiến thắng và một số khu trưng bày trả phí riêng (vài trăm rúp).,Công viên mở cửa và miễn phí suốt cả ngày; Bảo tàng Chiến thắng mở thứ Ba–Chủ nhật khoảng 10:00–20:00 (đóng cửa thứ Hai).,Ngày 9/5 (Ngày Chiến thắng) rất hào hùng nhưng cực đông; thường ngày nên đến chiều tối để ngắm đèn và đài phun nước.,"https://yandex.com/maps/?pt=37.5058,55.7314&z=17&l=map","https://www.google.com/maps/search/?api=1&query=55.7314,37.5058",https://victorymuseum.ru,enriched,"Quần thể công viên - đài tưởng niệm rộng lớn dành cho Chiến thắng trong Chiến tranh Vệ quốc Vĩ đại (Thế chiến II), khánh thành năm 1995. Trung tâm là cột đài chiến thắng cao 141,8 mét, Bảo tàng Chiến thắng và những đài phun nước đỏ tượng trưng cho máu đã đổ."
moscow-sparrow-hills,Đồi Chim Sẻ - Vorobyovy Gory (Vô-rô-bi-ố-vư Gô-rư),Воробьёвы горы,Sparrow Hills (Vorobyovy Gory),Moskva,park_garden|other,55.7103,37.5426,4.5,2197,Tripadvisor,"Khoảng 30 phút–1 giờ ở đài quan sát, lâu hơn nếu đi dạo trong rừng.",Hoàn toàn miễn phí (cáp treo và một số dịch vụ tính phí riêng).,Mở cửa tự do suốt ngày đêm; đài quan sát ngoài trời không giới hạn giờ.,Hoàng hôn hoặc buổi tối để ngắm thành phố lên đèn; ngày trời quang tầm nhìn xa nhất.,"https://yandex.com/maps/?pt=37.5426,55.7103&z=17&l=map","https://www.google.com/maps/search/?api=1&query=55.7103,37.5426",,enriched,"Triền đồi cao phủ rừng bên bờ sông Moskva, nơi có đài quan sát nổi tiếng ngắm toàn cảnh thủ đô. Phía sau là tòa nhà chính đồ sộ của Đại học Tổng hợp Moscow, một trong 'Bảy chị em' cao tầng theo phong cách đế chế Stalin."
moscow-moscow-zoo,Vườn thú Moscow (Sở thú Mát-xcơ-va),Московский зоопарк,Moscow Zoo,Moskva,park_garden|other,55.76194,37.57722,3.5,1566,Tripadvisor,Khoảng 3–4 giờ.,Vé người lớn khoảng 700–1.000 rúp; trẻ em dưới 17 tuổi vào cửa miễn phí (giá có thể thay đổi theo mùa).,"Mở cửa hằng ngày; mùa hè khoảng 9:00–21:00, mùa đông khoảng 9:00–17:00 (quầy vé đóng trước giờ đóng cửa khoảng 1 tiếng).",Ngày thường và buổi sáng để tránh đông; mùa xuân - hè khi các con vật hoạt động nhiều.,"https://yandex.com/maps/?pt=37.57722,55.76194&z=17&l=map","https://www.google.com/maps/search/?api=1&query=55.76194,37.57722",https://moscowzoo.ru,enriched,"Một trong những vườn thú lâu đời nhất châu Âu, thành lập năm 1864, nằm ngay trung tâm Moscow. Rộng khoảng 21,5 ha với hơn một nghìn loài, nổi tiếng với cặp gấu trúc lớn và cây cầu đi bộ trên cao nối hai khu vực cũ - mới."
moscow-old-arbat,Phố Arbat Cổ (Xta-rưi Ác-bát),Старый Арбат,Old Arbat Street (Stary Arbat),Moskva,square_street,55.75111,37.59611,4.0,1560,Tripadvisor,Khoảng 1–2 giờ.,Miễn phí.,Mở cửa tự do 24/7 (là phố đi bộ công cộng).,"Cuối buổi chiều đến tối, khi đèn phố bật sáng và nghệ sĩ biểu diễn.","https://yandex.com/maps/?pt=37.59611,55.75111&z=17&l=map","https://www.google.com/maps/search/?api=1&query=55.75111,37.59611",,enriched,"Phố Arbat Cổ (đọc là 'Xta-rưi Ác-bát') là con phố đi bộ nổi tiếng nhất Moskva, dài khoảng một cây số giữa lòng thành phố. Đây là một trong những con phố cổ nhất còn lại của thủ đô nước Nga, nay rực rỡ với nghệ sĩ đường phố, quán cà phê và cửa hàng lưu niệm."
moscow-msu-main-building,Tòa nhà chính Đại học Tổng hợp Quốc gia Moskva (MGU) trên Đồi Chim Sẻ,Главное здание МГУ,Main Building of Moscow State University (Sparrow Hills),Moskva,monument|other,55.70306,37.53028,4.6,1480,Tripadvisor,"Khoảng 30–60 phút, kết hợp với đài quan sát Đồi Chim Sẻ.",Miễn phí (chỉ ngắm bên ngoài và khuôn viên).,Ngắm bên ngoài và khuôn viên tự do mọi lúc; nội thất không mở cho khách tham quan tự do. Đài quan sát Đồi Chim Sẻ mở cửa cả ngày.,Hoàng hôn hoặc buổi tối để thấy tòa nhà lên đèn; ban ngày quang đãng để ngắm toàn cảnh thành phố.,"https://yandex.com/maps/?pt=37.53028,55.70306&z=17&l=map","https://www.google.com/maps/search/?api=1&query=55.70306,37.53028",https://www.msu.ru/en/,enriched,"Tòa nhà chính của Đại học Tổng hợp Quốc gia Moskva (MGU) là công trình chọc trời cao 240 m theo phong cách Stalin, một trong 'Bảy chị em' của thủ đô. Sừng sững trên Đồi Chim Sẻ, đây từng là tòa nhà cao nhất châu Âu cho tới năm 1990."
moscow-ostankino-tower,Tháp truyền hình Ostankino – đài quan sát,Останкинская телебашня,Ostankino Tower (observation deck),Moskva,monument|other,55.81972,37.61167,4.3,967,Tripadvisor,"Khoảng 1–1,5 giờ trên tháp, chưa kể thời gian di chuyển.",Vé đài quan sát khoảng 1.200–1.400 ₽/người lớn (trẻ em và người cao tuổi rẻ hơn); bắt buộc đặt trước và mang theo hộ chiếu.,"Hàng ngày, thường 10:00–22:00 (giờ có thể thay đổi theo mùa và theo suất tham quan).","Ngày trời quang, ít mây; hoàng hôn để ngắm thành phố chuyển từ ngày sang đêm.","https://yandex.com/maps/?pt=37.61167,55.81972&z=17&l=map","https://www.google.com/maps/search/?api=1&query=55.81972,37.61167",https://www.tvtower.ru/en/,enriched,"Tháp truyền hình Ostankino (đọc là 'Ô-xtan-ki-nô') cao 540 m là công trình cao nhất châu Âu và từng là công trình đứng tự do cao nhất thế giới. Đài quan sát nằm ở độ cao 337 m, có cả sàn kính trong suốt, mang đến tầm nhìn ngoạn mục xuống toàn Moskva."
moscow-moscow-city-panorama360,Khu thương mại Moskva-City & đài quan sát Panorama 360 (tháp Federatsiya),"Москва-Сити (PANORAMA360, башня «Федерация»)",Moscow City & Panorama 360 observation deck (Federation Tower),Moskva,monument|other,55.749769,37.537139,4.3,2297,Tripadvisor,"Khoảng 1–1,5 giờ.",Giá tại quầy khoảng 2.900 ₽; đặt online theo khung giờ có thể còn 1.000–2.000 ₽; vé kèm một phần kem.,Hàng ngày 10:00–22:00.,Ngày trời trong; canh hoàng hôn để ngắm cả cảnh ban ngày lẫn thành phố lên đèn.,"https://yandex.com/maps/?pt=37.537139,55.749769&z=17&l=map","https://www.google.com/maps/search/?api=1&query=55.749769,37.537139",https://pnr360.ru/en/,enriched,"Moskva-City (Москва-Сити) là khu thương mại hiện đại với rừng nhà chọc trời bằng kính bên bờ sông Moskva. Trên tầng 89 của tháp Federatsiya, đài quan sát Panorama 360 ở độ cao 327 m được xem là đài ngắm cảnh cao nhất châu Âu."
moscow-alexander-garden,Vườn Alexander & Mộ Chiến sĩ Vô danh (A-lếch-xan-đrốp-xki Sát),Александровский сад,Alexander Garden (with the Tomb of the Unknown Soldier),Moskva,park_garden|monument,55.7525,37.61389,4.4,637,Tripadvisor,Khoảng 30–60 phút.,Miễn phí.,Khu vườn mở cửa hàng ngày (tự do); nghi thức đổi gác diễn ra mỗi giờ.,Buổi sáng hoặc cuối chiều; canh đúng đầu giờ để xem đổi gác.,"https://yandex.com/maps/?pt=37.61389,55.7525&z=17&l=map","https://www.google.com/maps/search/?api=1&query=55.7525,37.61389",,enriched,Vườn Alexander (Aleksandrovsky Sad) là công viên thanh bình trải dọc bức tường phía tây điện Kremlin. Nơi đây có Mộ Chiến sĩ Vô danh với ngọn lửa vĩnh cửu và nghi thức đổi gác trang nghiêm diễn ra mỗi giờ.
moscow-patriarchs-ponds,Ao Thượng Phụ (Pa-tri-ác-si-e Pru-đư),Патриаршие пруды,Patriarch's Ponds (Patriarshiye Prudy),Moskva,park_garden|other,55.763883,37.59212,4.5,780,Tripadvisor,Khoảng 30–45 phút.,Miễn phí.,Mở cửa tự do (là quảng trường/công viên công cộng).,"Cuối chiều mùa hè để đi dạo, hoặc mùa đông khi hồ thành sân trượt băng.","https://yandex.com/maps/?pt=37.59212,55.763883&z=17&l=map","https://www.google.com/maps/search/?api=1&query=55.763883,37.59212",,enriched,Ao Thượng Phụ (đọc là 'Pa-tri-ác-si-e Pru-đư') là hồ nước thanh bình giữa khu phố quý phái Presnensky. Nơi đây nổi tiếng là bối cảnh mở đầu tiểu thuyết 'Nghệ nhân và Margarita' của Mikhail Bulgakov.
moscow-manezhnaya-square,Quảng trường Manezhnaya (Ma-nhe-giơ-na-ia),Манежная площадь,Manezhnaya Square (Manege Square),Moskva,square_street|other,55.75583,37.61472,4.3,275,Tripadvisor,Khoảng 30–45 phút.,Miễn phí (quảng trường).,Quảng trường mở cửa tự do; trung tâm mua sắm ngầm Okhotny Ryad theo giờ riêng (thường 10:00–22:00).,"Buổi tối hoặc dịp lễ, đặc biệt Năm Mới khi quảng trường trang trí rực rỡ.","https://yandex.com/maps/?pt=37.61472,55.75583&z=17&l=map","https://www.google.com/maps/search/?api=1&query=55.75583,37.61472",,enriched,"Quảng trường Manezhnaya (đọc là 'Ma-nhe-giơ-na-ia') là quảng trường rộng lớn ngay sát Quảng trường Đỏ và Vườn Alexander. Nơi đây nổi bật với đài phun nước, tượng nhân vật cổ tích và mái vòm kính của trung tâm mua sắm ngầm Okhotny Ryad."
moscow-danilov-monastery,Tu viện Danilov (Đa-ni-lốp),Свято-Данилов монастырь,Danilov Monastery,Moskva,church,55.71111,37.62917,4.5,74,Tripadvisor,"Khoảng 1–1,5 giờ.",Miễn phí.,"Khuôn viên mở cửa hằng ngày, khoảng 6:00–21:00; giờ lễ sáng và chiều theo lịch phụng vụ.",Buổi sáng ngày thường để tránh đông và cảm nhận sự tĩnh lặng.,"https://yandex.com/maps/?pt=37.62917,55.71111&z=17&l=map","https://www.google.com/maps/search/?api=1&query=55.71111,37.62917",https://msdm.ru/,enriched,"Tu viện Danilov là tu viện lâu đời nhất Moskva, do hoàng thân Daniil sáng lập vào cuối thế kỷ 13. Ngày nay đây là trung tâm hành chính - tinh thần của Giáo hội Chính thống Nga và là nơi đặt tòa của Đức Thượng phụ cùng Thánh Công đồng."
moscow-donskoy-monastery,Tu viện Donskoy (Đôn-xkôi),Донской монастырь,Donskoy Monastery,Moskva,church,55.71444,37.60208,4.8,294,Tripadvisor,"Khoảng 1,5–2 giờ.",Miễn phí (một số hoạt động chuyên đề có thể thu phí).,"Khuôn viên mở cửa hằng ngày, khoảng 7:00–19:00; nghĩa trang thường đóng sớm hơn vào buổi chiều.","Ngày thường hoặc sáng cuối tuần, khi nắng làm nổi bật sắc tường đỏ - trắng.","https://yandex.com/maps/?pt=37.60208,55.71444&z=17&l=map","https://www.google.com/maps/search/?api=1&query=55.71444,37.60208",https://donskoi.org/,enriched,"Tu viện Donskoy được Sa hoàng Fyodor I lập năm 1591 để tạ ơn thoát khỏi cuộc vây hãm của quân Hãn Krym, mang tên bức linh ảnh Đức Mẹ sông Đông. Đây là một trong những tu viện - pháo đài đẹp và giàu chất thơ bậc nhất Moskva."
moscow-andronikov-monastery,Tu viện Andronikov và Bảo tàng nghệ thuật Nga cổ Andrei Rublev (An-đrô-ni-cốp / An-đrây Ru-bli-ốp),Спасо-Андроников монастырь,Andronikov Monastery (Andrei Rublev Museum of Old Russian Art),Moskva,church|museum,55.74889,37.67056,4.9,76,Tripadvisor,"Khoảng 1,5–2 giờ nếu tham quan cả bảo tàng.","Vào khuôn viên miễn phí; vé bảo tàng khoảng 450 RUB (trẻ 7–17 tuổi 50 RUB, dưới 6 tuổi miễn phí).","Khuôn viên tu viện mở cửa hằng ngày và miễn phí; Bảo tàng Rublev mở cửa Thứ Hai, Ba, Sáu 11:00–19:00, Thứ Năm 13:00–21:00, Thứ Bảy 11:00–19:00, Chủ nhật 11:00–18:00, đóng cửa Thứ Tư.",Buổi sáng các ngày bảo tàng mở cửa; tránh Thứ Tư vì bảo tàng đóng.,"https://yandex.com/maps/?pt=37.67056,55.74889&z=17&l=map","https://www.google.com/maps/search/?api=1&query=55.74889,37.67056",https://rublev-museum.ru/,enriched,Tu viện Andronikov (thành lập năm 1357) lưu giữ Nhà thờ Chúa Cứu Thế – công trình bằng đá cổ nhất còn lại của Moskva – và gắn liền với danh họa vẽ thánh tượng Andrei Rublev. Trong khuôn viên nay là Bảo tàng Trung ương về Văn hóa và Nghệ thuật Nga cổ mang tên ông.
moscow-yelokhovo-cathedral,Nhà thờ chính tòa Hiển Linh Yelokhovo (Ê-lô-khô-vô),Богоявленский собор в Елохове,Yelokhovo Cathedral (Epiphany Cathedral),Moskva,church,55.7725,37.67444,4.6,71,Tripadvisor,Khoảng 30–45 phút.,Miễn phí.,"Mở cửa hằng ngày, khoảng 7:00–19:00; lễ sáng và chiều theo lịch phụng vụ.",Sáng sớm hoặc trong giờ lễ để nghe hợp xướng nhà thờ.,"https://yandex.com/maps/?pt=37.67444,55.7725&z=17&l=map","https://www.google.com/maps/search/?api=1&query=55.7725,37.67444",https://elohovosobor.ru/,enriched,"Nhà thờ Hiển Linh ở Yelokhovo là thánh đường tráng lệ theo phong cách Đế chế muộn, hoàn thành năm 1845. Nơi đây từng là nhà thờ chính tòa của các Thượng phụ Moskva suốt thời Xô Viết và là nơi thi hào Pushkin được rửa tội."
moscow-krutitsy-metochion,Khu di tích Krutitsy (Cru-tít-xcôi),Крутицкое подворье,Krutitsy Metochion,Moskva,church|monument,55.7275,37.65833,4.7,639,Tripadvisor,Khoảng 45 phút–1 giờ.,Miễn phí (một số tour có hướng dẫn hoặc hoạt động bảo tàng có thể thu phí).,Khuôn viên ngoài trời mở cửa hằng ngày và tự do dạo bước; các nhà thờ mở theo giờ lễ.,Sáng sớm hoặc chiều muộn để có ánh sáng đẹp chụp ảnh và ít người.,"https://yandex.com/maps/?pt=37.65833,55.7275&z=17&l=map","https://www.google.com/maps/search/?api=1&query=55.7275,37.65833",https://krutitsy.moscow/,enriched,"Krutitsy là dinh thự cổ của các Giám mục Krutitsy, nổi tiếng với Teremok – cổng tháp phủ gạch men nhiều màu tuyệt đẹp. Đây là một góc Moskva trung cổ hiếm hoi còn sót lại, đẹp như bước ra từ cổ tích."
moscow-vysokopetrovsky-monastery,Tu viện Vysokopetrovsky (Vư-xô-cô-Pê-trốp-xki),Высоко-Петровский монастырь,Vysokopetrovsky Monastery,Moskva,church,55.76722,37.615,4.7,106,Tripadvisor,Khoảng 45 phút–1 giờ.,Miễn phí.,"Mở cửa hằng ngày, khoảng 8:00–20:00; giờ lễ theo lịch phụng vụ.","Ngày thường, kết hợp dạo phố Petrovka và các phố trung tâm.","https://yandex.com/maps/?pt=37.615,55.76722&z=17&l=map","https://www.google.com/maps/search/?api=1&query=55.76722,37.615",https://vpmon.ru/,enriched,"Tu viện Vysokopetrovsky là một quần thể baroque duyên dáng ngay trung tâm Moskva, khởi lập từ đầu thế kỷ 14 và gắn với tên Thánh Pyotr – vị Giáo trưởng đầu tiên của Moskva. Chính tu viện đã đặt tên cho con phố Petrovka nổi tiếng."
moscow-novospassky-monastery,Tu viện Novospassky (Nô-vô-xpa-xki),Новоспасский монастырь,Novospassky Monastery,Moskva,church,55.73194,37.65667,4.6,237,Tripadvisor,"Khoảng 1–1,5 giờ.",Miễn phí (tham quan hầm mộ hoặc tour chuyên đề có thể thu phí).,"Mở cửa hằng ngày, khoảng 8:00–20:00; giờ lễ theo lịch phụng vụ.",Sáng ngày thường để tận hưởng sự yên tĩnh và ánh sáng đẹp.,"https://yandex.com/maps/?pt=37.65667,55.73194&z=17&l=map","https://www.google.com/maps/search/?api=1&query=55.73194,37.65667",https://novospasskiymon.moseparh.ru/,enriched,"Tu viện Novospassky ('Tu viện Chúa Cứu Thế Mới') là một pháo đài tâm linh bên sông Moskva, nổi bật với Nhà thờ Chúa Biến Hình năm mái vòm và tháp chuông cao vút. Đây còn là nơi an nghỉ của nhiều tổ tiên dòng họ Romanov."
moscow-winzavod,Trung tâm Nghệ thuật Đương đại Winzavod (Vin-da-vốt),Центр современного искусства «Винзавод»,Winzavod Center for Contemporary Art,Moskva,museum,55.755556,37.664613,4.0,127,Tripadvisor,"Khoảng 1,5–2 giờ.","Vào khuôn viên miễn phí; một số triển lãm miễn phí, số khác thu vé tùy sự kiện (có thể lên tới khoảng 2.500 RUB).","Khuôn viên mở cửa hằng ngày 10:00–23:00; các phòng tranh và triển lãm mở thứ Ba–Chủ Nhật 12:00–20:00, đóng cửa thứ Hai.","Chiều muộn cuối tuần khi các phòng tranh, quán cà phê và sự kiện đều nhộn nhịp.","https://yandex.com/maps/?pt=37.664613,55.755556&z=17&l=map","https://www.google.com/maps/search/?api=1&query=55.755556,37.664613",https://www.winzavod.ru,enriched,"Winzavod là trung tâm nghệ thuật đương đại tư nhân lớn và lâu đời bậc nhất Moscow, cải tạo từ một xưởng bia - rượu vang cuối thế kỷ 19. Quần thể gồm bảy tòa nhà công nghiệp bằng gạch đỏ nay là nơi tập trung các phòng tranh, xưởng sáng tác, quán cà phê và cửa hàng thiết kế."
moscow-moscow-planetarium,Cung Thiên văn Moscow (Mát-xcốp-xki Pla-nê-ta-ri),Московский планетарий,Moscow Planetarium,Moskva,museum,55.761389,37.583611,4.2,970,Tripadvisor,Khoảng 2–3 giờ nếu tham quan nhiều khu.,"Vé Đại sảnh Sao khoảng 550–800 RUB, khu Lunarium khoảng 450–550 RUB tùy ngày; vé gộp nhiều khu cao hơn. Nên đặt trước trực tuyến.","Thường mở cửa các ngày trong tuần 09:00–21:00, cuối tuần 10:00–22:00; đóng cửa thứ Ba (nên kiểm tra lại lịch từng khu).",Buổi tối hoặc ngày trong tuần để tránh đông và xem chương trình vòm sao trọn vẹn.,"https://yandex.com/maps/?pt=37.583611,55.761389&z=17&l=map","https://www.google.com/maps/search/?api=1&query=55.761389,37.583611",https://www.planetarium-moscow.ru,enriched,"Cung Thiên văn Moscow là cung thiên văn lâu đời nhất nước Nga, khai trương năm 1929 và hồi sinh ngoạn mục sau đợt đại trùng tu kéo dài đến năm 2011. Mái vòm chiếu sao đường kính 25 m cùng hệ thống bảo tàng tương tác biến nơi đây thành điểm khám phá vũ trụ hấp dẫn cho mọi lứa tuổi."
moscow-ryabushinsky-mansion,Dinh thự Ryabushinsky (Ria-bu-sin-xki) – Nhà-Bảo tàng Gorky,Особняк Рябушинского,Ryabushinsky Mansion (Gorky House-Museum),Moskva,museum|palace,55.758154,37.596363,4.5,309,Tripadvisor,Khoảng 45–60 phút.,Vé vào khoảng 300–450 RUB; trẻ nhỏ thường được miễn phí.,"Khoảng thứ Ba–Chủ Nhật 11:00–18:00, đóng cửa thứ Hai (lịch có thể thay đổi, nên kiểm tra website).",Buổi sáng ngày thường khi vắng khách để thong thả ngắm cầu thang và ánh sáng qua kính màu.,"https://yandex.com/maps/?pt=37.596363,55.758154&z=17&l=map","https://www.google.com/maps/search/?api=1&query=55.758154,37.596363",https://museum.imli.ru,enriched,"Dinh thự Ryabushinsky là một kiệt tác kiến trúc Art Nouveau (Tân nghệ thuật) do Fyodor Shekhtel thiết kế năm 1900–1903 cho nhà tư sản Stepan Ryabushinsky. Từ năm 1931, ngôi nhà trở thành nơi ở của văn hào Maxim Gorky và nay là bảo tàng tưởng niệm ông."
moscow-nikulin-circus,"Rạp xiếc Nikulin trên Đại lộ Tsvetnoy (Ni-cu-lin, Đại lộ Xvét-nôi)",Цирк Никулина на Цветном бульваре,Nikulin Circus on Tsvetnoy Boulevard,Moskva,theatre,55.770583,37.620016,4.4,835,Tripadvisor,"Khoảng 2–2,5 giờ (có giải lao).","Giá vé dao động lớn tùy suất và vị trí ghế, khoảng từ 2.000–3.000 RUB trở lên (ghế đẹp hoặc suất đặc biệt có thể cao hơn nhiều); trẻ dưới 6 tuổi ngồi cùng bố mẹ thường được miễn phí.",Suất diễn thường vào tối thứ Sáu (19:00) và cuối tuần (14:00 và 18:00); lịch thay đổi theo chương trình.,Suất cuối tuần phù hợp cho gia đình; đặt vé sớm cho các chương trình dịp lễ.,"https://yandex.com/maps/?pt=37.620016,55.770583&z=17&l=map","https://www.google.com/maps/search/?api=1&query=55.770583,37.620016",https://www.circusnikulin.ru,enriched,"Rạp xiếc Nikulin trên Đại lộ Tsvetnoy là rạp xiếc cổ nhất Moscow, ra đời năm 1880. Gắn liền với tên tuổi nghệ sĩ hài huyền thoại Yuri Nikulin, nơi đây vẫn là một trong những sân khấu xiếc danh giá và được yêu thích bậc nhất nước Nga."
moscow-muzeon,Công viên Nghệ thuật Muzeon (Mu-dê-ôn),Парк искусств «Музеон»,Muzeon Park of Arts,Moskva,park_garden|monument,55.732778,37.605278,4.6,1035,Tripadvisor,Khoảng 1–2 giờ.,Miễn phí vào cửa.,Mở cửa tự do suốt 24 giờ mỗi ngày (là công viên công cộng).,"Mùa hè và đầu thu, lúc chiều tà bên sông; tránh mùa đông giá rét.","https://yandex.com/maps/?pt=37.605278,55.732778&z=17&l=map","https://www.google.com/maps/search/?api=1&query=55.732778,37.605278",https://park-gorkogo.com/en/muzeon,enriched,"Công viên Nghệ thuật Muzeon là bảo tàng điêu khắc ngoài trời lớn nhất nước Nga, nằm bên bờ sông Moskva cạnh Phòng trưng bày Tretyakov Mới. Hơn một nghìn tác phẩm, trong đó có nhiều tượng đài thời Xô Viết bị tháo dỡ, tạo nên một 'công viên của lịch sử' độc đáo và miễn phí."
moscow-darwin-museum,Bảo tàng Darwin Quốc gia (Đác-uyn),Государственный Дарвиновский музей,State Darwin Museum,Moskva,museum,55.690556,37.561667,4.5,678,Tripadvisor,Khoảng 2–3 giờ.,"Người lớn khoảng 400 RUB, vé ưu đãi 150 RUB, trẻ dưới 7 tuổi miễn phí.","Thứ Ba–Chủ Nhật 10:00–18:00, đóng cửa thứ Hai (quầy vé đóng trước 1 giờ).",Ngày thường buổi sáng để tránh các đoàn học sinh và gia đình đông đúc.,"https://yandex.com/maps/?pt=37.561667,55.690556&z=17&l=map","https://www.google.com/maps/search/?api=1&query=55.690556,37.561667",https://www.darwinmuseum.ru,enriched,"Bảo tàng Darwin Quốc gia là bảo tàng về tiến hóa đầu tiên trên thế giới, thành lập năm 1907. Với các mẫu vật nhồi bông sống động, mô hình khủng long và nhiều khu tương tác, đây là điểm đến khoa học tự nhiên hấp dẫn hàng đầu cho gia đình ở Moscow."
moscow-ges-2,Nhà Văn hóa GES-2 (Ghê-ét-hai),Дом культуры «ГЭС-2»,GES-2 House of Culture,Moskva,museum,55.742778,37.61275,3.1,30,Tripadvisor,"Khoảng 1,5–2 giờ.",Vào cửa miễn phí (một số sự kiện có thể cần đăng ký hoặc mua vé riêng).,Mở cửa hằng ngày 11:00–22:00.,Ban ngày khi ánh sáng tự nhiên đẹp nhất; ngày thường để tránh đông.,"https://yandex.com/maps/?pt=37.61275,55.742778&z=17&l=map","https://www.google.com/maps/search/?api=1&query=55.742778,37.61275",https://ges-2.org,enriched,"GES-2 là nhà văn hóa nghệ thuật đương đại nằm bên bờ kè Bolotnaya, cải tạo từ một nhà máy điện năm 1907 theo thiết kế của kiến trúc sư Renzo Piano. Khánh thành cuối năm 2021, nơi đây quy tụ triển lãm, hòa nhạc, hội thảo và cả một rừng bạch dương trong khuôn viên."
murmansk-teriberka,Làng Teriberka bên biển Barents (phiên âm: Tê-ri-be-ca),Териберка,Teriberka,Tỉnh Murmansk,other|park_garden,69.1656,35.1408,4.5,32,Tripadvisor,Nửa ngày cho chuyến trong ngày; lý tưởng là lưu trú 1–2 ngày.,"Vào làng miễn phí; các tour (đi bộ ra thác, ngắm cá voi, xe trượt tuyết, săn cực quang) thu phí riêng.",Làng mở tự do quanh năm; một số đoạn đường ven biển và khu bãi có thể hạn chế qua lại tùy thời tiết và thủy triều.,"Cuối tháng 8 đến tháng 4 để săn cực quang; tháng 6–8 biển êm, ngắm cá voi và tận hưởng ngày địa cực.","https://yandex.com/maps/?pt=35.1408,69.1656&z=17&l=map","https://www.google.com/maps/search/?api=1&query=69.1656,35.1408",,enriched,"Teriberka là ngôi làng chài nhỏ nằm ở 'tận cùng thế giới' bên bờ biển Barents, nơi đường bộ của nước Nga chạm tới Bắc Băng Dương. Từng chìm vào quên lãng, làng bừng tỉnh sau bộ phim 'Leviathan' (2014) và nay là điểm săn cực quang, ngắm cá voi nổi tiếng của bán đảo Kola."
murmansk-khibiny-mountains,Dãy núi Khibiny (phiên âm: Khi-bi-nư),Хибины,Khibiny Mountains,Tỉnh Murmansk,other|park_garden,67.735,33.7267,,,,Từ nửa ngày dạo thung lũng đến nhiều ngày cho các tuyến leo núi/trekking.,"Đi vào vùng núi miễn phí; vé cáp trượt tuyết, tour có hướng dẫn hoặc thuê thiết bị tính phí riêng.",Vùng núi mở tự do quanh năm; khu trượt tuyết Bolshoy Vudyavr và các tuyến cáp/leo núi có lịch riêng theo mùa.,Tháng 12 đến tháng 4 cho trượt tuyết và cực quang; tháng 7–9 cho trekking mùa hè trên lãnh nguyên.,"https://yandex.com/maps/?pt=33.7267,67.735&z=17&l=map","https://www.google.com/maps/search/?api=1&query=67.735,33.7267",,enriched,"Khibiny là dãy núi cổ hình bầu dục nằm trọn trên bán đảo Kola, phía trong Vòng Bắc Cực — vương quốc của lãnh nguyên núi cao, hồ băng và khoáng vật quý hiếm. Đây là thiên đường leo núi, trượt tuyết và ngắm cực quang bậc nhất miền Bắc nước Nga."
murmansk-kirovsk-snow-village-botanical-garden,Kirovsk — Làng Tuyết & Vườn Thực vật Cực–Núi cao (phiên âm: Ki-rốp-xcơ),Кировск — «Снежная деревня» и Полярно-альпийский ботанический сад,Kirovsk — Snow Village & Polar-Alpine Botanical Garden,Tỉnh Murmansk,park_garden|other,67.6156,33.6675,4.6,137,Tripadvisor,"Mỗi điểm khoảng 1–1,5 giờ; cả cụm Kirovsk nên dành trọn 1 ngày.",Cả hai nơi đều bán vé (khoảng vài trăm rúp mỗi người); Vườn Thực vật yêu cầu đi cùng hướng dẫn hoặc đặt tour trước. Nên kiểm tra giá hiện hành trước khi đi.,"Làng Tuyết mở theo mùa đông (khoảng cuối tháng 12 đến tháng 4), tham quan ban ngày; Vườn Thực vật mở quanh năm, thăm nhà kính và tuyến sinh thái theo đoàn.",Tháng 1 đến tháng 4 để xem Làng Tuyết trọn vẹn và ngắm cực quang; nhà kính Vườn Thực vật đẹp quanh năm.,"https://yandex.com/maps/?pt=33.6675,67.6156&z=17&l=map","https://www.google.com/maps/search/?api=1&query=67.6156,33.6675",https://snowderevnya.ru,enriched,"Kirovsk là thị trấn mỏ nép dưới chân dãy Khibiny, nổi tiếng với hai trải nghiệm trái ngược: 'Làng Tuyết' — mê cung sảnh băng điêu khắc dựng mới mỗi mùa đông, và Vườn Thực vật Cực–Núi cao, một trong những vườn thực vật ở cực bắc nhất thế giới. Về đêm mùa đông, cả vùng còn là nơi ngắm cực quang tuyệt đẹp."
murmansk-murmansk-alyosha-lenin-icebreaker,Murmansk: Tượng đài 'Alyosha' & Tàu phá băng nguyên tử 'Lenin' (phiên âm: Mua-man / A-li-ô-sa / Lê-nin),Мурманск: «Алёша» и атомный ледокол «Ленин»,Murmansk: Alyosha Monument & nuclear icebreaker Lenin,Tỉnh Murmansk,monument|museum,68.99306,33.07167,4.8,636,Tripadvisor,'Alyosha' khoảng 30–45 phút; tàu 'Lenin' khoảng 1 giờ theo tour. Cả hai: nửa ngày.,"Lên đồi 'Alyosha' miễn phí. Vé tham quan tàu 'Lenin' mua trực tiếp tại tàu (không bán trước), giá phải chăng; một số đối tượng được miễn phí vào thứ Năm tuần thứ ba hằng tháng.","Tượng 'Alyosha': ngoài trời, mở tự do 24/7. Bảo tàng tàu 'Lenin': mở thứ Tư đến Chủ nhật (nghỉ thứ Hai, thứ Ba), thường có các suất tham quan cố định (khoảng 10:30 và 16:30).",Quanh năm; mùa đông (tháng 11–3) có thêm cơ hội cực quang; mùa hè có ngày địa cực.,"https://yandex.com/maps/?pt=33.07167,68.99306&z=17&l=map","https://www.google.com/maps/search/?api=1&query=68.99306,33.07167",,enriched,"Murmansk — thành phố lớn nhất thế giới nằm sau Vòng Bắc Cực — có hai biểu tượng phải thấy: tượng lính 'Alyosha' cao 42,5 m sừng sững trên đồi tưởng niệm những người bảo vệ Bắc Cực thời Thế chiến II, và 'Lenin', con tàu mặt nước chạy bằng năng lượng nguyên tử đầu tiên trên thế giới, nay là bảo tàng."
murmansk-lovozero-seydozero,Lovozero & Hồ thiêng Seydozero - xứ người Sami (phiên âm: Lô-vô-dê-rô / Xây-đô-dê-rô),Ловозеро и Сейдозеро,Lovozero & Lake Seydozero (Sami land),Tỉnh Murmansk,other|park_garden,67.817,34.85,,,,Thăm làng Lovozero nửa ngày; trọn hành trình tới Seydozero cần 1–2 ngày.,"Vào vùng thiên nhiên miễn phí; bảo tàng Sami và các tour tới Seydozero (đi bộ, thuyền, xe địa hình, săn cực quang) thu phí.","Vùng thiên nhiên mở tự do; hồ Seydozero nằm trong khu bảo tồn, tiếp cận bằng đường mòn/thuyền và nên có hướng dẫn. Bảo tàng Sami ở làng Lovozero mở theo giờ hành chính (nghỉ đầu tuần).",Tháng 9 đến tháng 3 để ngắm cực quang; tháng 7–9 để trekking tới Seydozero khi lãnh nguyên khô ráo.,"https://yandex.com/maps/?pt=34.85,67.817&z=17&l=map","https://www.google.com/maps/search/?api=1&query=67.817,34.85",,enriched,"Lovozero là trái tim của người Sami bản địa trên bán đảo Kola, còn Seydozero là hồ thiêng nằm sâu trong khối núi Lovozero — nơi gắn với truyền thuyết người khổng lồ Kuiva. Vùng đất lãnh nguyên hoang vắng này nổi tiếng về cực quang, tuần lộc và những câu chuyện thần bí."
murmansk-kola-superdeep-borehole,Giếng khoan siêu sâu Kola (phiên âm: giếng Côn-xcai-a),Кольская сверхглубокая скважина,Kola Superdeep Borehole (SG-3),Tỉnh Murmansk,other,69.3965,30.61,,,,Tại hiện trường khoảng 20–30 phút; cả chuyến đi từ Murmansk mất trọn 1 ngày.,"Bản thân địa điểm không thu phí, nhưng rất khó tự tìm; thường tham quan qua tour trong ngày khởi hành từ Murmansk (có phí).","Không có cơ sở đón khách; hiện trường bỏ hoang nằm trên đất công nghiệp/khai khoáng, ra vào nên đi cùng tour để tránh khu vực hạn chế.",Mùa hè (tháng 6–9) đường dễ đi hơn; mùa đông có thể kết hợp săn cực quang nhưng đường tuyết khó khăn.,"https://yandex.com/maps/?pt=30.61,69.3965&z=17&l=map","https://www.google.com/maps/search/?api=1&query=69.3965,30.61",,enriched,"Đây là lỗ khoan nhân tạo sâu nhất Trái Đất: 12.262 m, giữ kỷ lục từ năm 1979 và vẫn chưa bị vượt qua. Dự án khoa học Xô-viết đầy tham vọng nay chỉ còn phế tích hoang tàn với một nắp giếng hàn kín, nhưng vẫn khơi gợi trí tò mò của cả thế giới."
murmansk-abram-mys,Đài ngắm cảnh Abram-Mys (phiên âm: A-bram-Mứs),Смотровая площадка «Абрам-Мыс»,Abram-Mys Observation Deck,Tỉnh Murmansk,other|monument,68.98125,33.02878,,,,Khoảng 30–60 phút.,Miễn phí.,"Ngoài trời, mở tự do 24/7.",Chiều tối để ngắm thành phố lên đèn; đêm đông (tháng 11–3) có thể thấy cực quang; ngày hè có ngày địa cực.,"https://yandex.com/maps/?pt=33.02878,68.98125&z=17&l=map","https://www.google.com/maps/search/?api=1&query=68.98125,33.02878",,enriched,"Nằm bên bờ tây vịnh Kola, đối diện thành phố, Abram-Mys là đài ngắm cảnh cho tầm nhìn trọn vẹn về Murmansk, cảng biển và cả tượng đài 'Alyosha' phía xa. Nơi đây cũng là khu tưởng niệm các xạ thủ phòng không đã bảo vệ bầu trời Murmansk trong chiến tranh."
nenets-naryan-mar,Thành phố Naryan-Mar (Na-ri-an Ma),Нарьян-Мар,Naryan-Mar,Khu tự trị Nenets,square_street,67.63869,53.00371,,,,"Nên dành 1-2 ngày để tham quan thành phố, hoặc dài hơn nếu kết hợp đi lãnh nguyên.","Không mất phí vào thành phố; chi phí phát sinh chủ yếu ở vé máy bay, khách sạn và các tour trải nghiệm.",Là một thành phố nên có thể tham quan tự do quanh năm; các bảo tàng và điểm tham quan trong thành phố thường mở cửa vào ban ngày.,Cuối đông đến đầu xuân (tháng 3-4) để xem Ngày hội Người chăn tuần lộc và bắc cực quang; mùa hè (tháng 6-7) để trải nghiệm mặt trời nửa đêm.,"https://yandex.com/maps/?pt=53.00371,67.63869&z=17&l=map","https://www.google.com/maps/search/?api=1&query=67.63869,53.00371",,enriched,"Naryan-Mar là thủ phủ của Khu tự trị Nenets, thành phố cực bắc nằm bên bờ sông Pechora, cách vòng Bắc Cực không xa. Tên thành phố trong tiếng Nenets nghĩa là 'Thành phố Đỏ', nổi bật với những dãy nhà gỗ sơn màu rực rỡ giữa vùng lãnh nguyên trắng xóa. Đây là cửa ngõ để khám phá văn hóa dân tộc Nenets và thiên nhiên Bắc Cực nước Nga."
nenets-pustozersk,Di chỉ lịch sử Pustozersk (Pu-xtô-de-rơxk),Пустозерск,Pustozersk,Khu tự trị Nenets,monument,67.53639,52.58639,,,,Thường mất nửa ngày đến trọn ngày tính cả thời gian di chuyển từ Naryan-Mar.,Bản thân di chỉ không có cổng thu phí cố định; chi phí chủ yếu là thuê thuyền hoặc xe trượt tuyết và tour hướng dẫn (không xác định được mức giá cụ thể).,"Là di chỉ ngoài trời, có thể tới quanh năm nhưng thường phải đi theo tour của bảo tàng - khu bảo tồn; nên liên hệ trước tại Naryan-Mar.",Mùa hè (tháng 7-8) đi bằng thuyền trên sông; mùa đông đi bằng xe trượt tuyết khi mặt hồ đã đóng băng.,"https://yandex.com/maps/?pt=52.58639,67.53639&z=17&l=map","https://www.google.com/maps/search/?api=1&query=67.53639,52.58639",,enriched,"Pustozersk là thị trấn Nga đầu tiên được xây dựng ở vùng Bắc Cực, thành lập năm 1499 bên hồ Gorodetskoye. Ngày nay nơi đây chỉ còn là một di chỉ hoang vắng với những cây thánh giá gỗ tưởng niệm, trong đó có nơi tổng tư tế Avvakum bị thiêu sống năm 1682. Pustozersk được ví như 'thành phố đã mất' - Atlantis của phương Bắc nước Nga."
nenets-nenets-local-lore-museum,Bảo tàng Địa phương học Nenets (Ne-nhét-xki krai-vê-đét-xki mu-dây),Ненецкий краеведческий музей,Nenets Local Lore Museum,Khu tự trị Nenets,museum,67.6381,53.0049,,,,Khoảng 1-2 giờ là đủ để tham quan các gian trưng bày chính.,"Có thu phí vào cửa với mức khá thấp; không xác nhận được giá hiện hành, nên kiểm tra trên trang chính thức naomuseum.ru.","Thứ Ba đến Thứ Sáu 10:00-18:00, Thứ Bảy 11:00-18:00; đóng cửa Chủ nhật và Thứ Hai (nên xác nhận lại trước khi đến).",Có thể ghé quanh năm; đặc biệt hữu ích khi kết hợp trong chuyến thăm Naryan-Mar mùa đông hoặc dịp Ngày hội Người chăn tuần lộc.,"https://yandex.com/maps/?pt=53.0049,67.6381&z=17&l=map","https://www.google.com/maps/search/?api=1&query=67.6381,53.0049",https://naomuseum.ru,enriched,"Bảo tàng Địa phương học Nenets ở Naryan-Mar lưu giữ toàn diện lịch sử tự nhiên và văn hóa của vùng Bắc Cực này. Thành lập từ năm 1932, bảo tàng trưng bày bộ sưu tập dân tộc học Nenets quý giá cùng các mẫu vật cổ sinh, khảo cổ và thiên nhiên. Đây là điểm dừng chân lý tưởng để hiểu về đời sống người bản địa và thiên nhiên lãnh nguyên."
nenets-epiphany-cathedral-naryan-mar,"Nhà thờ chính tòa Hiển Linh, Naryan-Mar (Bô-gô-yáp-len-xki sa-bo)",Богоявленский кафедральный собор,"Epiphany Cathedral, Naryan-Mar",Khu tự trị Nenets,church,67.638347,53.009859,,,,Khoảng 20-40 phút để tham quan bên ngoài và bên trong.,Miễn phí vào tham quan (là nhà thờ đang hoạt động).,"Mở cửa hằng ngày theo giờ lễ, thường từ sáng đến chiều tối; nên tránh làm phiền trong giờ hành lễ.",Đẹp nhất vào mùa đông khi nhà thờ được chiếu sáng trên nền tuyết; các dịp lễ lớn của Chính thống giáo cũng rất đáng trải nghiệm.,"https://yandex.com/maps/?pt=53.009859,67.638347&z=17&l=map","https://www.google.com/maps/search/?api=1&query=67.638347,53.009859",https://sobornm.pravorg.ru,enriched,"Nhà thờ chính tòa Hiển Linh là nhà thờ Chính thống giáo lớn nhất và là biểu tượng của Naryan-Mar. Được dựng hoàn toàn bằng gỗ thông rụng lá theo lối kiến trúc gỗ truyền thống miền Bắc nước Nga, công trình nổi bật với mái lều nhọn và tháp chuông cao. Đây là trung tâm tinh thần của cộng đồng Chính thống giáo nơi vùng cực."
nenets-nenets-tundra-reindeer-camps,"Lãnh nguyên Nenets, người chăn tuần lộc và lều chum (tun-đra, a-lê-na-vô-đư, chum)","Тундра, оленеводы, чум",Nenets tundra and reindeer herders' camps (chum),Khu tự trị Nenets,other,67.7,53.3,,,,Từ nửa ngày (tham quan trại gần) đến vài ngày nếu ở lại trại du mục.,"Phải đi theo tour có trả phí (giá tùy nhà tổ chức, thường khá cao vì hậu cần phức tạp); không có mức phí cố định công khai.",Không có giờ mở cửa cố định; trải nghiệm được tổ chức theo tour và theo lịch di cư của người chăn tuần lộc.,"Cuối đông đến đầu xuân (tháng 3-4) để đi xe trượt tuyết, ngắm bắc cực quang và dự Ngày hội Người chăn tuần lộc; mùa hè để xem đàn tuần lộc di cư.","https://yandex.com/maps/?pt=53.3,67.7&z=17&l=map","https://www.google.com/maps/search/?api=1&query=67.7,53.3",,enriched,"Vùng lãnh nguyên bao la của người Nenets là nơi những gia đình du mục vẫn chăn tuần lộc theo lối sống ngàn đời. Trung tâm đời sống của họ là chiếc lều chum hình chóp phủ da tuần lộc, di chuyển theo mùa cùng đàn gia súc. Trải nghiệm ở lại trại du mục giữa lãnh nguyên là hành trình chạm vào một trong những nền văn hóa Bắc Cực nguyên bản nhất còn sót lại."
nizhny-novgorod-nizhny-novgorod-kremlin,Thành cổ Kremlin Nizhny Novgorod (Nizhegorodsky kreml),Нижегородский кремль,Nizhny Novgorod Kremlin,Tỉnh Nizhny Novgorod,fortress|museum|monument,56.328503,44.002564,4.5,2267,Tripadvisor,"Khoảng 1,5–2,5 giờ; lâu hơn nếu vào nhiều bảo tàng.",Vào khuôn viên miễn phí; tham quan tuyến tường thành–tháp và các bảo tàng thu phí riêng; tour xe điện quanh kremlin khoảng 750 RUB cho 30 phút.,Khuôn viên mở cửa hằng ngày từ sáng sớm đến tối; các bảo tàng bên trong thường mở khoảng 10:00–18:00 và nghỉ một ngày trong tuần.,"Cuối xuân đến đầu thu, buổi sáng hoặc chiều muộn khi ánh sáng đẹp và ít đông.","https://yandex.com/maps/?pt=44.002564,56.328503&z=17&l=map","https://www.google.com/maps/search/?api=1&query=56.328503,44.002564",https://ngiamz.ru,enriched,"Kremlin Nizhny Novgorod là pháo đài gạch đỏ đồ sộ tọa lạc trên đồi cao nơi sông Oka đổ vào sông Volga. Được xây dựng đầu thế kỷ 16 với mười ba tòa tháp và bức tường dài gần hai cây số, đây là trái tim lịch sử và biểu tượng của thành phố."
nizhny-novgorod-chkalov-staircase,Cầu thang Chkalov (Chkalovskaya lestnitsa),Чкаловская лестница,Chkalov Staircase,Tỉnh Nizhny Novgorod,monument|square_street,56.33083,44.00944,4.7,1393,Tripadvisor,Khoảng 30–60 phút để lên xuống và ngắm cảnh.,Miễn phí.,"Không gian công cộng ngoài trời, mở cửa tự do suốt ngày đêm.",Chiều muộn mùa hè để đón hoàng hôn trên sông; thận trọng vào mùa đông vì bậc thang trơn.,"https://yandex.com/maps/?pt=44.00944,56.33083&z=17&l=map","https://www.google.com/maps/search/?api=1&query=56.33083,44.00944",,enriched,"Cầu thang Chkalov là bậc thang dài nhất nước Nga với 560 bậc, nối quảng trường Minin trên đồi với bờ sông Volga phía dưới. Thiết kế hình số tám độc đáo cùng tầm nhìn khoáng đạt ra dòng sông khiến đây thành một trong những biểu tượng được yêu thích nhất của Nizhny Novgorod."
nizhny-novgorod-diveyevo-monastery,Tu viện Seraphim-Diveyevo (Serafimo-Diveevsky monastyr),Серафимо-Дивеевский монастырь,Holy Trinity-Saint Seraphim-Diveyevo Monastery,Tỉnh Nizhny Novgorod,church|monument,55.04583,43.2325,4.7,407,Tripadvisor,"Khoảng 2–3 giờ, hoặc trọn ngày với khách hành hương.",Vào cửa miễn phí (là tu viện đang hoạt động); khách tự nguyện quyên góp.,Mở cửa hằng ngày từ sáng sớm đến tối theo lịch cử hành thánh lễ; con mương Kanavka có thể đi vào ban ngày.,Mùa hè ấm áp; đặc biệt đông vào ngày lễ Thánh Seraphim (1 tháng 8).,"https://yandex.com/maps/?pt=43.2325,55.04583&z=17&l=map","https://www.google.com/maps/search/?api=1&query=55.04583,43.2325",https://diveevo-monastyr.ru,enriched,"Tu viện Seraphim-Diveyevo là một trong những trung tâm hành hương Chính thống giáo quan trọng nhất nước Nga, gắn liền với Thánh Seraphim thành Sarov. Nơi đây lưu giữ thánh tích của ngài và con mương thiêng Kanavka mà tín đồ tin là dấu chân Đức Mẹ."
nizhny-novgorod-makaryev-monastery,Tu viện Makaryev bên sông Volga (Makarievsky Zheltovodsky monastyr),Макарьевский монастырь,Makaryev Monastery (Makaryevo-Zheltovodsky),Tỉnh Nizhny Novgorod,church|fortress,56.0825,45.063889,4.7,32,Tripadvisor,"Khoảng 1,5–2 giờ tham quan, chưa kể thời gian di chuyển.",Vào cửa miễn phí (tùy tâm quyên góp); chi phí phà hoặc du thuyền trên sông tính riêng.,"Mở cửa hằng ngày theo giờ tu viện, thường khoảng 8:00–18:00; lưu ý giờ hành lễ.",Cuối xuân đến đầu thu; đẹp nhất khi tiếp cận bằng du thuyền trên sông Volga.,"https://yandex.com/maps/?pt=45.063889,56.0825&z=17&l=map","https://www.google.com/maps/search/?api=1&query=56.0825,45.063889",,enriched,"Tu viện Makaryev là quần thể tường thành trắng với những mái vòm dát vàng soi bóng bên tả ngạn sông Volga. Từng là nơi diễn ra hội chợ lớn nhất Đông Âu suốt hơn hai thế kỷ, nay đây là một nữ tu viện thanh bình và điểm dừng chân đẹp trên các tuyến du thuyền."
nizhny-novgorod-gorodets,Thị trấn thủ công cổ Gorodets,Городец,Gorodets,Tỉnh Nizhny Novgorod,monument|museum,56.65,43.483,,,,Khoảng nửa ngày để dạo phố và ghé vài bảo tàng.,"Dạo phố cổ miễn phí; các bảo tàng và lớp trải nghiệm thủ công thu phí (mua vé tại chỗ), lớp học và tour có hướng dẫn tính thêm.","Khu 'Thành phố của những nghệ nhân' mở cửa Thứ Ba–Thứ Sáu 10:00–17:00, Thứ Bảy–Chủ Nhật 10:00–16:00, nghỉ Thứ Hai; các bảo tàng khác có giờ riêng.",Mùa hè và đầu thu để đi bộ dễ chịu; dịp lễ hội dân gian có trình diễn nghề.,"https://yandex.com/maps/?pt=43.483,56.65&z=17&l=map","https://www.google.com/maps/search/?api=1&query=56.65,43.483",,enriched,"Gorodets là thị trấn cổ nhất tỉnh Nizhny Novgorod, nằm bên bờ sông Volga và nổi danh với nghề vẽ tranh dân gian, bánh mật pryanik và chạm khắc gỗ. Khu phố cổ với những ngôi nhà gỗ chạm trổ tinh xảo cùng chuỗi bảo tàng thủ công biến nơi đây thành một 'bảo tàng ngoài trời' sống động."
nizhny-novgorod-boldino-pushkin,Điền trang Pushkin ở Bolshoye Boldino (Bolshoe Boldino),Большое Болдино,Bolshoye Boldino (Pushkin Museum-Reserve),Tỉnh Nizhny Novgorod,museum|monument|park_garden,55.003889,45.309722,,,,Khoảng 2–3 giờ cho nhà và vườn.,Tham quan nhà tưởng niệm và các khu trưng bày thu phí; khu vườn – công viên điền trang thường vào cửa tự do.,Bảo tàng thường mở cửa ban ngày (khoảng 9:00–17:00) và nghỉ một số ngày trong tuần; nên kiểm tra lịch trên trang chính thức trước khi đến.,Mùa thu (tháng 9–10) để cảm nhận trọn vẹn 'Mùa thu Boldino'.,"https://yandex.com/maps/?pt=45.309722,55.003889&z=17&l=map","https://www.google.com/maps/search/?api=1&query=55.003889,45.309722",https://www.boldinomuzey.ru,enriched,"Bolshoye Boldino là điền trang tổ tiên của đại thi hào Alexander Pushkin, nơi ông trải qua 'Mùa thu Boldino' năm 1830 – giai đoạn sáng tác sung mãn nhất đời mình. Ngôi nhà gỗ, nhà thờ và khu vườn cổ nay là bảo tàng – khu bảo tồn tưởng niệm nhà thơ."
nizhny-novgorod-nizhny-novgorod-fair,Hội chợ Nizhny Novgorod (Nizhegorodskaya yarmarka),Нижегородская ярмарка,Nizhny Novgorod Fair,Tỉnh Nizhny Novgorod,monument|museum,56.32833,43.96083,,,,Khoảng 1–2 giờ.,Vào khuôn viên và ngắm kiến trúc bên ngoài miễn phí; tham quan bảo tàng 'Nước Nga – Lịch sử của tôi' và các triển lãm mua vé riêng.,"Trung tâm triển lãm hoạt động theo lịch sự kiện; bảo tàng 'Nước Nga – Lịch sử của tôi' thường mở cửa hằng ngày trừ thứ Hai, vào ban ngày – nên kiểm tra lịch trước.",Quanh năm; sinh động nhất khi trùng dịp triển lãm hoặc lễ hội.,"https://yandex.com/maps/?pt=43.96083,56.32833&z=17&l=map","https://www.google.com/maps/search/?api=1&query=56.32833,43.96083",,enriched,"Nizhegorodskaya Yarmarka từng là hội chợ thương mại lớn nhất nước Nga thế kỷ 19, nơi hàng hóa từ châu Á và châu Âu gặp nhau. Tòa Nhà Hội chợ chính lộng lẫy theo phong cách Nga cổ nay là trung tâm triển lãm và nơi đặt bảo tàng đa phương tiện 'Nước Nga – Lịch sử của tôi'."
nizhny-novgorod-semyonov-khokhloma,Thành phố Semyonov – thủ phủ tranh sơn Khokhloma,Семёнов (хохлома),Semyonov (Khokhloma),Tỉnh Nizhny Novgorod,museum|monument,56.8,44.5,,,,Khoảng 1–2 giờ tại bảo tàng; lâu hơn nếu thăm xưởng và học vẽ.,Vé vào cửa khoảng 200 RUB (ưu đãi 100 RUB); tour có hướng dẫn cho nhóm tới 20 người khoảng 1.000 RUB; lớp vẽ tranh hoặc matryoshka khoảng 250 RUB mỗi buổi.,"Trung tâm 'Khokhloma Vàng': Thứ Ba–Thứ Sáu 9:00–17:00, Thứ Bảy 9:00–14:00, Chủ Nhật 10:00–16:00, nghỉ Thứ Hai.",Quanh năm; nên đặt trước lớp trải nghiệm vào cuối tuần cao điểm.,"https://yandex.com/maps/?pt=44.5,56.8&z=17&l=map","https://www.google.com/maps/search/?api=1&query=56.8,44.5",https://semenov-museum.ru,enriched,"Semyonov là thủ phủ của Khokhloma – nghệ thuật vẽ đồ gỗ sơn son ánh 'vàng' trứ danh của nước Nga. Thành phố là nơi đặt xưởng 'Khokhlomskaya rospis' và trung tâm bảo tàng 'Khokhloma Vàng', nơi du khách chiêm ngưỡng và tự tay thử vẽ những món đồ gỗ rực rỡ."
north-ossetia-dargavs-city-of-the-dead,"Thành phố của người chết, Dargavs (Đa-gáp-xơ)","Даргавс, «Город мёртвых»","Dargavs, City of the Dead",Cộng hoà Bắc Ossetia,monument,42.841111,44.446111,4.7,82,Tripadvisor,Khoảng 1 giờ; thường nằm trong tour cả ngày kết hợp các điểm ở thung lũng Gizeldon.,"Khoảng 100 rúp/người lớn; 50 rúp cho người hưu trí và sinh viên, 30 rúp cho trẻ em; thuê hướng dẫn viên khoảng 500 rúp.","Mở cửa hàng ngày, thường 10:00–18:00; hoạt động quanh năm nhưng đường núi có thể khó đi vào mùa đông.",Cuối xuân đến đầu thu (tháng 5–9) khi trời quang và đường dễ đi; buổi sáng ánh sáng đẹp để chụp ảnh.,"https://yandex.com/maps/?pt=44.446111,42.841111&z=17&l=map","https://www.google.com/maps/search/?api=1&query=42.841111,44.446111",,enriched,"Nằm trên sườn đồi xanh giữa thung lũng Gizeldon, 'Thành phố của người chết' Dargavs là nghĩa địa cổ lớn nhất vùng Bắc Kavkaz với gần một trăm hầm mộ đá trắng. Những mái nhà mồ nhọn xếp tầng trông như một ngôi làng tí hon, lưu giữ hài cốt của nhiều thế kỷ."
north-ossetia-kurtatinsky-gorge,Hẻm núi Kurtatinsky (Cua-ta-tin-xki),Куртатинское ущелье,Kurtatinsky Gorge,Cộng hoà Bắc Ossetia,park_garden,42.783333,44.233333,4.8,51,Tripadvisor,Nửa ngày đến trọn ngày để đi hết các điểm chính.,Vào thung lũng miễn phí; một số điểm hoặc bãi đỗ có thể thu phí nhỏ.,Thung lũng mở tự do suốt ngày đêm; các điểm như tu viện và quán ăn có giờ riêng.,"Tháng 5–10; mùa hè và đầu thu cảnh núi xanh mướt, đường khô ráo.","https://yandex.com/maps/?pt=44.233333,42.783333&z=17&l=map","https://www.google.com/maps/search/?api=1&query=42.783333,44.233333",,enriched,"Kurtatinsky là một trong những hẻm núi đẹp và giàu di sản nhất Bắc Ossetia, nơi con sông Fiagdon xẻ qua những vách đá dựng đứng. Chỉ trong một thung lũng, du khách gặp pháo đài đá cổ, tu viện Chính thống giáo cao nhất nước Nga và những hẻm vực hẹp ngoạn mục."
north-ossetia-tsey-gorge,Hẻm núi Tsey (Txây),Цейское ущелье,Tsey Gorge,Cộng hoà Bắc Ossetia,park_garden,42.767,43.883,5.0,4,Tripadvisor,Một ngày cho đi bộ và lên sông băng; có thể ở lại vài ngày nếu leo núi hoặc trượt tuyết.,Vào hẻm núi miễn phí; một lượt cáp treo khoảng 250 rúp (vé nhiều lượt và ski-pass mùa đông có giá riêng).,Hẻm núi mở tự do; cáp treo (ghế) lên sông băng Skazsky hoạt động khoảng 10:00–15:30.,Tháng 6–9 để đi bộ và ngắm sông băng; tháng 12–tháng 4 cho trượt tuyết.,"https://yandex.com/maps/?pt=43.883,42.767&z=17&l=map","https://www.google.com/maps/search/?api=1&query=42.767,43.883",,enriched,"Cách Vladikavkaz gần 100 km, hẻm núi Tsey là một trong những góc núi cao đẹp nhất Bắc Ossetia, được bao quanh bởi các đỉnh trên 4.000 m và những dòng sông băng lấp lánh. Đây vừa là thiên đường đi bộ đường dài mùa hè, vừa là khu trượt tuyết được yêu thích, lại ẩn chứa đền thiêng Rekom cổ kính."
north-ossetia-dzivgis-rock-fortress,Pháo đài đá Dzivgis (Dơ-víp-ghít),Дзивгисская наскальная крепость,Dzivgis Rock Fortress,Cộng hoà Bắc Ossetia,fortress|monument,42.875257,44.312578,4.7,9,Tripadvisor,"Khoảng 30–60 phút, thường kết hợp khi tham quan hẻm núi Kurtatinsky.",Miễn phí (không có quầy bán vé); tour có hướng dẫn viên tính phí riêng.,"Di tích ngoài trời, tham quan tự do mọi lúc; không có phòng vé hay lối đi được lắp đặt sẵn.",Cuối xuân đến đầu thu; buổi sáng hoặc chiều muộn để tránh nắng gắt.,"https://yandex.com/maps/?pt=44.312578,42.875257&z=17&l=map","https://www.google.com/maps/search/?api=1&query=42.875257,44.312578",,enriched,"Ẩn mình trong vách đá vôi dựng đứng ở làng Dzivgis, pháo đài đá Dzivgis là công trình phòng thủ trong hang lớn nhất và ngoạn mục nhất của Bắc Kavkaz. Người Alan xưa đã xây tường đá bịt kín các hang tự nhiên, biến vách núi thành một chuỗi công sự gần như bất khả xâm phạm."
north-ossetia-midagrabin-waterfalls,Thác nước Midagrabin (Mi-đa-gra-bin),Мидаграбинские водопады,Midagrabin Waterfalls,Cộng hoà Bắc Ossetia,park_garden,42.76988,44.36181,5.0,111,Yandex Maps,Trọn ngày tính cả đường đi; khoảng 2–3 giờ đi bộ và ngắm thác trong thung lũng.,Miễn phí; không có phí vào cửa.,Khu vực tự nhiên mở tự do; nên đi và về trong ngày vì đường xa và không có dịch vụ.,Tháng 7–8 khi băng tan mạnh nhất và các thác đổ dữ dội; ngoài mùa này nhiều thác cạn hoặc đóng băng.,"https://yandex.com/maps/?pt=44.36181,42.76988&z=17&l=map","https://www.google.com/maps/search/?api=1&query=42.76988,44.36181",,enriched,"Ẩn sâu trong thung lũng Midagrabin sát dãy núi biên giới, đây là quần thể thác nước ngoạn mục bậc nhất nước Nga. Ngôi sao của thung lũng là thác Bolshoy Zeygalan cao khoảng 650 m - một trong những thác cao nhất châu Âu, chỉ tuôn chảy dữ dội vào mùa hè khi băng tan."
north-ossetia-vladikavkaz-sunni-mosque,"Nhà thờ Hồi giáo Sunni (Thánh đường Mukhtarov), Vladikavkaz (Mu-kh-ta-rốp)","Суннитская мечеть (мечеть Мухтарова), Владикавказ","Sunni Mosque (Mukhtarov Mosque), Vladikavkaz",Cộng hoà Bắc Ossetia,church|monument,43.026101,44.675853,5.0,62,2GIS,Khoảng 30–45 phút.,Miễn phí (có thể quyên góp tùy tâm).,Mở cửa hàng ngày (2GIS ghi suốt ngày đêm); nên tránh giờ cầu nguyện tập thể khi vào tham quan.,Cuối chiều khi ánh nắng chiếu lên mặt tiền đá trắng và mặt sông Terek; tránh trưa thứ Sáu đông tín đồ.,"https://yandex.com/maps/?pt=44.675853,43.026101&z=17&l=map","https://www.google.com/maps/search/?api=1&query=43.026101,44.675853",,enriched,"Bên tả ngạn sông Terek giữa lòng Vladikavkaz, Thánh đường Mukhtarov (còn gọi là Nhà thờ Hồi giáo Sunni) là một viên ngọc kiến trúc đầu thế kỷ XX. Được xây bằng đá vôi trắng theo phong cách Cairo, hai ngọn tháp minaret thanh mảnh của nó soi bóng xuống dòng sông đã trở thành biểu tượng của thành phố."
north-ossetia-alania-national-park,Vườn quốc gia Alania (A-la-ni-a),Национальный парк «Алания»,Alania National Park,Cộng hoà Bắc Ossetia,park_garden,42.833333,43.333333,,,,Từ một ngày đến nhiều ngày tùy tuyến; các tuyến lên sông băng Karaugom cần trekking dài.,"Vào cửa miễn phí nhưng phải xin giấy phép (cấp ở Chikola); khu vực giáp biên cần giấy phép biên phòng, có thể mất vài ngày đến vài tuần.",Vào theo tuyến đường mòn dọc thung lũng Urukh; cần đăng ký/xin phép trước.,Tháng 6–9 khi đường mòn thông và thời tiết ổn định.,"https://yandex.com/maps/?pt=43.333333,42.833333&z=17&l=map","https://www.google.com/maps/search/?api=1&query=42.833333,43.333333",https://alaniazapoved.ru/,enriched,"Trải rộng trên sườn bắc dãy Kavkaz thuộc huyện Iraf, Vườn quốc gia Alania là vùng núi cao hoang sơ với những sông băng khổng lồ, hẻm vực sâu và thác nước. Đây là điểm đến của dân trekking ưa mạo hiểm, nơi thiên nhiên gần như còn nguyên vẹn và cần giấy phép để vào."
novgorod-novgorod-kremlin,Thành cổ Kremlin Novgorod (Detinets / Novgorodsky Detinets),Новгородский детинец,Novgorod Kremlin (Detinets),Tỉnh Novgorod,fortress|church|museum,58.520972,31.275556,4.8,1423,Tripadvisor,"Khoảng 1,5–2 giờ để dạo quanh; lâu hơn nếu vào các bảo tàng.",Vào khuôn viên miễn phí; vé tham quan các bảo tàng và phòng trưng bày khoảng 200–500 RUB tùy khu.,"Khuôn viên mở cửa hằng ngày, thường từ sáng sớm đến tối muộn; các bảo tàng bên trong có giờ riêng, phổ biến 10:00–18:00 và nghỉ một ngày trong tuần.","Cuối xuân đến đầu thu, buổi sáng hoặc chiều muộn khi ánh nắng đẹp và bớt đông.","https://yandex.com/maps/?pt=31.275556,58.520972&z=17&l=map","https://www.google.com/maps/search/?api=1&query=58.520972,31.275556",https://novgorodmuseum.ru,enriched,"Kremlin Novgorod, hay Detinets, là pháo đài gạch đỏ cổ kính bên bờ sông Volkhov, trái tim lịch sử của thành phố Veliky Novgorod. Được UNESCO công nhận là Di sản Thế giới, nơi đây quy tụ nhà thờ, bảo tàng và tượng đài quan trọng bậc nhất nước Nga."
novgorod-st-sophia-cathedral-novgorod,"Nhà thờ Thánh Sophia, Novgorod (Sofiysky Sobor)",Софийский собор,"Cathedral of St Sophia, Novgorod",Tỉnh Novgorod,church|monument,58.52217,31.2766,4.8,551,Tripadvisor,Khoảng 30–45 phút.,Vào cửa miễn phí (là nơi thờ tự đang hoạt động).,"Mở cửa hằng ngày, thường khoảng 8:00–20:00; nên tránh giờ hành lễ nếu chỉ tham quan.","Buổi sáng yên tĩnh, hoặc ghé trong lúc tham quan Kremlin.","https://yandex.com/maps/?pt=31.2766,58.52217&z=17&l=map","https://www.google.com/maps/search/?api=1&query=58.52217,31.2766",,enriched,"Nhà thờ Thánh Sophia là công trình nhà thờ bằng đá cổ nhất còn nguyên vẹn ở Nga, xây giữa thế kỷ 11. Với năm vòm mái hình mũ giáp và những bức bích họa cổ, đây là biểu tượng thiêng liêng của Veliky Novgorod."
novgorod-yaroslavs-court,Sân Yaroslav và Khu chợ cổ (Yaroslavovo Dvorishche),Ярославово дворище,Yaroslav's Court and Marketplace,Tỉnh Novgorod,monument|church,58.518471,31.282561,4.5,233,Tripadvisor,"Khoảng 1–1,5 giờ.",Tham quan khuôn viên miễn phí; vào một số nhà thờ có trưng bày có thể mất phí nhỏ.,Khu vực ngoài trời mở cửa tự do cả ngày; một số nhà thờ có phòng trưng bày mở theo giờ bảo tàng.,"Mùa hè hoặc đầu thu, khi thời tiết dễ chịu để đi bộ ven sông.","https://yandex.com/maps/?pt=31.282561,58.518471&z=17&l=map","https://www.google.com/maps/search/?api=1&query=58.518471,31.282561",,enriched,"Yaroslavovo Dvorishche là khu chợ cổ và quần thể nhà thờ nằm bên hữu ngạn sông Volkhov, đối diện Kremlin. Đây từng là trung tâm thương mại sầm uất của Novgorod thời trung cổ, nay là bảo tàng ngoài trời với nhiều nhà thờ hàng trăm năm tuổi."
novgorod-vitoslavlitsy-museum,Bảo tàng Kiến trúc Gỗ Vitoslavlitsy (Vitoslavlitsy),Витославлицы,Vitoslavlitsy Museum of Wooden Architecture,Tỉnh Novgorod,museum|church,58.490325,31.272267,4.4,969,Tripadvisor,Khoảng 2–3 giờ.,"Vé người lớn khoảng 900 RUB, có ưu đãi cho trẻ em và học sinh; giá thay đổi theo mùa và sự kiện.","Mở cửa hằng ngày, thường 10:00–18:00 (giờ có thể thay đổi theo mùa).","Cuối xuân đến đầu thu, hoặc dịp lễ hội dân gian để xem trình diễn.","https://yandex.com/maps/?pt=31.272267,58.490325&z=17&l=map","https://www.google.com/maps/search/?api=1&query=58.490325,31.272267",https://novgorodmuseum.ru/muzei/vitoslavlitsy,enriched,"Vitoslavlitsy là bảo tàng ngoài trời tái hiện ngôi làng Nga xưa với nhà thờ, nhà gỗ, cối xay và nông trại bằng gỗ. Nằm cạnh Tu viện Yuriev bên hồ Myachino, đây là một trong những bảo tàng kiến trúc gỗ đẹp nhất nước Nga."
novgorod-yuriev-monastery,Tu viện Thánh George (Tu viện Yuriev / Yuriev Monastyr),Юрьев монастырь,St George's (Yuriev) Monastery,Tỉnh Novgorod,church,58.487499,31.285278,4.6,316,Tripadvisor,Khoảng 45 phút đến 1 giờ.,Vào cửa miễn phí (khuyến khích quyên góp tùy tâm).,Mở cửa hằng ngày vào ban ngày; là tu viện đang hoạt động nên giờ có thể thay đổi theo lịch lễ.,"Buổi sáng hoặc chiều, mùa xuân đến thu.","https://yandex.com/maps/?pt=31.285278,58.487499&z=17&l=map","https://www.google.com/maps/search/?api=1&query=58.487499,31.285278",,enriched,"Tu viện Yuriev là một trong những tu viện cổ nhất nước Nga, tương truyền lập từ khoảng năm 1030. Nổi bật với Nhà thờ chính tòa Thánh George khổng lồ và những mái vòm xanh, tu viện tọa lạc bên sông Volkhov, phía nam Veliky Novgorod."
novgorod-millennium-of-russia-monument,Tượng đài Thiên niên kỷ nước Nga (Pamyatnik Tysyacheletiyu Rossii),Памятник «Тысячелетие России»,Millennium of Russia Monument,Tỉnh Novgorod,monument,58.521126,31.275242,4.8,833,Tripadvisor,Khoảng 20–30 phút.,Miễn phí.,"Ngoài trời trong khuôn viên Kremlin, có thể ngắm tự do bất kỳ lúc nào.","Ban ngày để nhìn rõ chi tiết, đẹp nhất vào sáng sớm hoặc chiều muộn.","https://yandex.com/maps/?pt=31.275242,58.521126&z=17&l=map","https://www.google.com/maps/search/?api=1&query=58.521126,31.275242",,enriched,"Tượng đài Thiên niên kỷ nước Nga là công trình bằng đồng khánh thành năm 1862, kỷ niệm một nghìn năm lập quốc. Đặt giữa Kremlin Novgorod, tượng đài khắc họa 128 nhân vật tiêu biểu làm nên lịch sử nước Nga."
novgorod-rurikovo-gorodishche,Thành cổ Rurik (Rurikovo Gorodishche),Рюриково городище,Rurikovo Gorodishche,Tỉnh Novgorod,monument,58.483334,31.283333,3.9,66,Tripadvisor,Khoảng 30–45 phút.,Tham quan khu di chỉ ngoài trời miễn phí.,"Di chỉ ngoài trời, có thể ghé thăm tự do vào ban ngày.","Ngày khô ráo, cuối xuân đến đầu thu; đẹp khi trời trong để ngắm cảnh sông.","https://yandex.com/maps/?pt=31.283333,58.483334&z=17&l=map","https://www.google.com/maps/search/?api=1&query=58.483334,31.283333",,enriched,"Rurikovo Gorodishche là khu di chỉ khảo cổ bên sông Volkhov, được xem là tiền thân của Veliky Novgorod từ thế kỷ 9. Tương truyền đây là nơi ở của thủ lĩnh Rurik, người khai sinh triều đại Rurik của nước Nga."
novgorod-valday-iversky-monastery,Tu viện Iversky Valday (Valdayskiy Iverskiy Monastyr),Валдайский Иверский монастырь,Valday Iversky Monastery,Tỉnh Novgorod,church,57.98861,33.30417,4.8,287,Tripadvisor,"Khoảng 1,5–2 giờ, gồm cả thời gian di chuyển ra đảo.",Vào cửa miễn phí (khuyến khích quyên góp tùy tâm).,Mở cửa hằng ngày vào ban ngày; là tu viện đang hoạt động nên giờ thay đổi theo lịch lễ.,"Cuối xuân đến đầu thu, khi mặt hồ trong xanh và cảnh quan đẹp nhất.","https://yandex.com/maps/?pt=33.30417,57.98861&z=17&l=map","https://www.google.com/maps/search/?api=1&query=57.98861,33.30417",https://iveron.ru,enriched,"Tu viện Iversky Valday là quần thể tu viện Chính thống giáo tuyệt đẹp, nằm trên một hòn đảo giữa hồ Valday trong xanh. Do Thượng phụ Nikon lập năm 1653, đây là một trong những trung tâm tôn giáo và văn hóa có ảnh hưởng của nước Nga."
novosibirsk-novosibirsk-opera-ballet-theatre,"Nhà hát Opera và Ballet Novosibirsk – NOVAT (Nô-vô-xi-biếc, Nô-vát)",Новосибирский государственный академический театр оперы и балета (НОВАТ),Novosibirsk State Academic Opera and Ballet Theatre (NOVAT),Tỉnh Novosibirsk,theatre,55.03056,82.92444,4.8,11698,2GIS,Một buổi diễn opera hoặc ballet thường kéo dài khoảng 2–3 giờ (kể cả giải lao).,"Giá vé thay đổi theo vở diễn và hạng ghế, dao động từ khoảng vài trăm đến vài nghìn RUB. Nên mua trên trang chính thức novat.ru hoặc tại phòng vé.","Biểu diễn chủ yếu vào buổi tối (thường bắt đầu khoảng 18:30–19:00), cuối tuần có suất ban ngày; phòng vé mở cửa hằng ngày theo lịch diễn. Bên trong không mở tham quan tự do ngoài giờ diễn.",Mùa diễn chính từ mùa thu đến mùa xuân; nên đi buổi tối để cảm nhận trọn không khí nhà hát.,"https://yandex.com/maps/?pt=82.92444,55.03056&z=17&l=map","https://www.google.com/maps/search/?api=1&query=55.03056,82.92444",https://novat.ru,enriched,"NOVAT là nhà hát opera và ballet lớn nhất nước Nga, biểu tượng kiến trúc của Novosibirsk với mái vòm bạc khổng lồ vươn lên bên Quảng trường Lenin. Được ví như 'Nhà hát Bolshoi của Siberia', đây là niềm tự hào văn hóa của cả vùng."
novosibirsk-akademgorodok,Thị trấn Khoa học Akademgorodok (A-ka-đem-gô-rô-đốc),Академгородок,Akademgorodok (Novosibirsk Science Town),Tỉnh Novosibirsk,other,54.851,83.106,,,,"Khoảng nửa ngày đến trọn ngày để đi dạo và kết hợp thăm bảo tàng, bãi 'biển Ob'.",Miễn phí dạo chơi trong khu; một số bảo tàng hoặc tour chuyên đề (như tham quan viện nghiên cứu) có thể thu phí riêng.,"Là một khu dân cư – khoa học mở, có thể tham quan tự do mọi lúc; các bảo tàng và viện nghiên cứu bên trong có giờ mở cửa riêng.",Mùa hè (tháng 6–8) để kết hợp tắm 'biển Ob' và đi dạo; mùa đông cho khung cảnh rừng thông tuyết phủ.,"https://yandex.com/maps/?pt=83.106,54.851&z=17&l=map","https://www.google.com/maps/search/?api=1&query=54.851,83.106",,enriched,"Akademgorodok là 'thành phố khoa học' nổi tiếng của Liên Xô, nằm giữa rừng thông bên bờ 'biển Ob' ở phía nam Novosibirsk. Đây là nơi quy tụ hàng chục viện nghiên cứu, trường đại học và những con phố rợp bóng cây yên bình."
novosibirsk-novosibirsk-zoo,Vườn thú Novosibirsk mang tên R. A. Shilo (Dô-ô-pác Nô-vô-xi-biếc),Новосибирский зоопарк имени Р. А. Шило,Novosibirsk Zoo (named after R. A. Shilo),Tỉnh Novosibirsk,park_garden,55.056,82.88,4.8,9559,2GIS,Khoảng 3–5 giờ; có thể trọn ngày nếu muốn xem hết và ghé Dolphinia.,Vé người lớn khoảng 600 RUB (năm 2025); trẻ nhỏ và các đối tượng ưu tiên được giảm giá hoặc miễn phí. Trung tâm 'Dolphinia' có thể thu vé riêng.,"Mở cửa hằng ngày, thường từ 9:00; giờ đóng cửa thay đổi theo mùa (mùa hè muộn, khoảng 21:00; mùa đông sớm hơn, khoảng 18:00).",Mùa hè (tháng 6–9) khi thời tiết dễ chịu và động vật hoạt động nhiều; đi buổi sáng để tránh đông.,"https://yandex.com/maps/?pt=82.88,55.056&z=17&l=map","https://www.google.com/maps/search/?api=1&query=55.056,82.88",https://zoonovosib.ru,enriched,"Vườn thú Novosibirsk là một trong những vườn thú lớn và được yêu thích nhất nước Nga, nằm giữa rừng thông xanh mát. Nơi đây nổi tiếng thế giới với các chương trình nhân giống quý hiếm và chú 'liger' khổng lồ lai giữa sư tử và hổ."
novosibirsk-alexander-nevsky-cathedral-novosibirsk,Nhà thờ chính tòa Alexander Nevsky (Xô-bo A-lếch-xan-đrơ Nhép-xki),Собор во имя святого благоверного князя Александра Невского,Alexander Nevsky Cathedral,Tỉnh Novosibirsk,church,55.0183,82.9202,4.5,215,Tripadvisor,Khoảng 20–40 phút để tham quan và chiêm ngưỡng nội thất.,Miễn phí (có thể tùy tâm quyên góp).,"Mở cửa hằng ngày cho khách hành lễ và tham quan, thường từ sáng sớm đến chiều tối theo lịch phụng vụ (khoảng 8:00–19:00).",Buổi sáng hoặc giờ có thánh lễ để cảm nhận không khí cầu nguyện; buổi chiều cho ánh sáng đẹp chụp ngoại thất.,"https://yandex.com/maps/?pt=82.9202,55.0183&z=17&l=map","https://www.google.com/maps/search/?api=1&query=55.0183,82.9202",,enriched,Nhà thờ Alexander Nevsky là một trong những công trình bằng đá đầu tiên và là biểu tượng tâm linh của Novosibirsk. Ngôi thánh đường gạch đỏ theo phong cách Tân Byzantine mang vẻ đẹp trang nghiêm bên đầu đại lộ Krasny Prospekt.
novosibirsk-ob-reservoir-sea,Hồ chứa Novosibirsk – 'Biển Ob' (Ốp-xcôi-e Mô-rê),Новосибирское водохранилище (Обское море),Novosibirsk Reservoir (Ob Sea),Tỉnh Novosibirsk,park_garden,54.84917,82.98889,,,,Từ vài giờ tắm nắng đến trọn ngày hoặc lưu trú qua đêm tại các khu nghỉ ven bờ.,"Vào các bãi công cộng thường miễn phí; một số bãi tư nhân, khu nghỉ dưỡng và dịch vụ (thuê ghế, thuyền) thu phí riêng.","Là mặt nước và bờ biển mở, có thể ghé tự do mọi lúc; các bãi tắm và khu nghỉ dưỡng có giờ hoạt động riêng.",Mùa hè (tháng 6–8) cho tắm và các hoạt động dưới nước; mùa đông cho câu cá trên băng và cảnh hồ đóng băng.,"https://yandex.com/maps/?pt=82.98889,54.84917&z=17&l=map","https://www.google.com/maps/search/?api=1&query=54.84917,82.98889",,enriched,"Được người dân trìu mến gọi là 'biển Ob', hồ chứa Novosibirsk là mặt nước nhân tạo khổng lồ trải dài 200 km bên rìa thành phố. Mùa hè, đây là thiên đường tắm biển, du thuyền và nghỉ dưỡng của người Siberia."
novosibirsk-west-siberian-railway-museum,"Bảo tàng Kỹ thuật Đường sắt Novosibirsk (Mu-dây Giê-lê-dô-rô-giơ-nôi Tếch-ni-ki, ga Xê-ia-ten)",Музей железнодорожной техники им. Н. А. Акулинина,Novosibirsk Museum of Railway Technology (named after N. A. Akulinin),Tỉnh Novosibirsk,museum,54.869157,83.076008,4.6,1358,2GIS,"Khoảng 1,5–2,5 giờ để đi hết các đường ray trưng bày.","Vé người lớn khoảng 200 RUB, đối tượng ưu tiên (học sinh, sinh viên, hưu trí) khoảng 100 RUB, trẻ dưới 6 tuổi miễn phí (giá tham khảo).","Mở cửa Thứ Tư–Chủ Nhật, khoảng 10:00–18:00 (mùa hè có thể đến 19:00); Thứ Hai và Thứ Ba nghỉ. Quầy vé đóng sớm hơn khoảng một giờ.",Mùa ấm (tháng 5–9) và ngày khô ráo vì khu trưng bày chủ yếu ngoài trời; buổi sáng cho ánh sáng đẹp.,"https://yandex.com/maps/?pt=83.076008,54.869157&z=17&l=map","https://www.google.com/maps/search/?api=1&query=54.869157,83.076008",,enriched,"Bảo tàng Kỹ thuật Đường sắt Novosibirsk là bảo tàng ngoài trời trưng bày hàng trăm đầu máy và toa xe qua các thời kỳ, bên ga Seyatel. Đây là một trong những bảo tàng giao thông lớn nhất nước Nga, thiên đường cho người mê tàu hỏa."
novosibirsk-monument-laboratory-mouse,Tượng đài Chú chuột Thí nghiệm (Pa-mi-át-nhích La-bô-ra-tor-nôi Mư-si),Памятник лабораторной мыши,Monument to the Laboratory Mouse,Tỉnh Novosibirsk,monument,54.848675,83.10655,4.6,109,Tripadvisor,Khoảng 10–20 phút để ngắm và chụp ảnh.,Miễn phí.,"Đặt ngoài trời trong công viên, có thể ghé tham quan tự do bất kỳ lúc nào.",Ban ngày để nhìn rõ chi tiết chuỗi ADN; mùa hè dễ chịu để kết hợp dạo Akademgorodok.,"https://yandex.com/maps/?pt=83.10655,54.848675&z=17&l=map","https://www.google.com/maps/search/?api=1&query=54.848675,83.10655",,enriched,"Tượng đài Chú chuột Thí nghiệm ở Akademgorodok là một trong những tượng đài khoa học độc đáo nhất thế giới. Chú chuột đeo kính, tay đan sợi ADN, tri ân loài vật đã hi sinh cho nghiên cứu di truyền."
omsk-omsk-dormition-cathedral,Nhà thờ Chính tòa Đức Mẹ An Giấc Omsk (U-xpen-xki xô-bo),Успенский кафедральный собор,"Dormition (Assumption) Cathedral, Omsk",Tỉnh Omsk,church,54.990178,73.36713,4.8,660,2GIS,Khoảng 30-45 phút để tham quan và chiêm ngưỡng nội thất.,"Vào cửa miễn phí. Có thể quyên góp tùy tâm hoặc mua nến, đồ lưu niệm tại quầy trong khuôn viên.","Mở cửa hằng ngày, thường từ khoảng 8:00 đến 20:00; có các buổi lễ sáng và chiều. Giờ giấc có thể thay đổi theo lịch phụng vụ và ngày lễ.","Buổi sáng khi ánh nắng làm nổi bật các mái vòm; các dịp lễ lớn của Chính Thống giáo (Giáng sinh, Phục sinh) không khí đặc biệt trang nghiêm.","https://yandex.com/maps/?pt=73.36713,54.990178&z=17&l=map","https://www.google.com/maps/search/?api=1&query=54.990178,73.36713",https://omsk-sobor.ru,enriched,"Nhà thờ Chính tòa Đức Mẹ An Giấc là ngôi thánh đường Chính Thống giáo lộng lẫy nhất Omsk, nổi bật giữa Quảng trường Nhà thờ với những mái vòm nhiều màu rực rỡ. Được xây lại nguyên bản đầu thế kỷ 21, đây vừa là biểu tượng tâm linh vừa là điểm hẹn quen thuộc của người dân thành phố."
omsk-lyubinsky-avenue,"Đại lộ Lyubinsky (Liu-bin-xki, nay là phố Lenin)",Любинский проспект (улица Ленина),Lyubinsky Avenue (Lenin Street),Tỉnh Omsk,square_street,54.985928,73.374308,4.9,17,2GIS,"Khoảng 1-2 giờ để dạo bộ, ngắm kiến trúc và chụp ảnh.",Hoàn toàn miễn phí.,Là phố công cộng nên mở cửa suốt ngày đêm; đẹp và nhộn nhịp nhất vào ban ngày và đầu buổi tối.,Cuối xuân đến đầu thu cho thời tiết dễ chịu; buổi tối mùa hè khi đèn phố bật sáng rất nên thơ.,"https://yandex.com/maps/?pt=73.374308,54.985928&z=17&l=map","https://www.google.com/maps/search/?api=1&query=54.985928,73.374308",,enriched,"Đại lộ Lyubinsky - đoạn lịch sử của phố Lenin - là trái tim cổ kính của Omsk, nơi những dãy nhà thương gia thế kỷ 19 nối nhau khoe kiến trúc cổ điển. Con phố đi bộ này gắn với truyền thuyết về nàng Lyuba và bức tượng 'Lyubochka' duyên dáng đã thành biểu tượng thành phố."
omsk-omsk-fortress,Pháo đài Omsk (Om-xkaia krê-pôxt),Омская крепость,Omsk Fortress,Tỉnh Omsk,fortress,54.985534,73.362759,4.9,673,2GIS,"Khoảng 1-2 giờ, lâu hơn nếu tham gia tour hoặc xem triển lãm.",Đi dạo trong khuôn viên miễn phí. Vé vào các triển lãm từ khoảng 150 RUB; tour hướng dẫn theo nhóm khoảng 200-250 RUB/người; lớp trải nghiệm thủ công 200-550 RUB.,"Khuôn viên pháo đài là không gian mở, có thể dạo tự do; các phòng trưng bày và bảo tàng thường mở Thứ Hai-Thứ Sáu 9:00-18:00 (nghỉ trưa 13:00-14:00), cuối tuần theo hẹn trước.","Mùa hè (tháng 6-8) cho thời tiết ấm áp và nhiều sự kiện ngoài trời; cuối tuần thường có hoạt động, lễ hội.","https://yandex.com/maps/?pt=73.362759,54.985534&z=17&l=map","https://www.google.com/maps/search/?api=1&query=54.985534,73.362759",https://omskfortress.ru,enriched,"Pháo đài Omsk là nơi khai sinh ra thành phố, một quần thể lịch sử - văn hóa bên hợp lưu sông Om và Irtysh. Tại đây còn lưu giữ Cổng Tobolsk cổ kính cùng ký ức về những năm tù khổ sai của văn hào Dostoevsky."
omsk-dostoevsky-literary-museum-omsk,Bảo tàng Văn học Quốc gia Omsk mang tên F. M. Dostoevsky (Đa-xtôi-ep-xki),Омский государственный литературный музей имени Ф. М. Достоевского,Omsk State Literary Museum named after F. M. Dostoevsky,Tỉnh Omsk,museum,54.983665,73.368708,4.7,218,2GIS,"Khoảng 1-1,5 giờ.",Vé vào cửa có thu phí ở mức phải chăng cho triển lãm thường trực; có thể mua vé tại quầy hoặc trực tuyến qua vmuzey.com. Nên hỏi giá cập nhật và các suất tham quan có hướng dẫn tại chỗ.,"Mở cửa hằng ngày 10:00-18:00, không nghỉ trưa; nghỉ Thứ Hai. Giờ giấc có thể thay đổi vào ngày lễ.",Quanh năm vì là bảo tàng trong nhà; buổi sáng thường vắng và yên tĩnh hơn.,"https://yandex.com/maps/?pt=73.368708,54.983665&z=17&l=map","https://www.google.com/maps/search/?api=1&query=54.983665,73.368708",https://lit-museum.ru,enriched,"Bảo tàng Văn học mang tên Dostoevsky là bảo tàng văn chương lâu đời của Omsk, đặt trong ngôi nhà viên chỉ huy pháo đài cuối thế kỷ 18 - một trong những công trình đá cổ nhất thành phố. Nơi đây kể lại những năm tù khổ sai của Dostoevsky ở Omsk và tôn vinh văn học Siberia."
omsk-ptichya-gavan-park,Công viên Tự nhiên 'Vịnh Chim' (Ptichya Gavan - Ptí-tra Ga-van),Природный парк «Птичья гавань»,Ptichya Gavan Natural Park (Bird Harbour),Tỉnh Omsk,park_garden,54.973006,73.343572,4.8,2035,2GIS,"Khoảng 1-1,5 giờ để dạo và ngắm chim.",Vào cửa miễn phí. Một số dịch vụ hoặc khu vui chơi nhỏ có thể tính phí riêng.,"Khu công viên là không gian mở, có thể vào dạo hằng ngày; nên tham quan vào ban ngày để ngắm chim. Bộ phận quản lý làm việc trong giờ hành chính (Thứ Hai-Thứ Sáu).","Cuối xuân đến đầu thu (tháng 5-9) là mùa chim di cư và làm tổ, cây cối xanh tốt; sáng sớm dễ quan sát chim nhất.","https://yandex.com/maps/?pt=73.343572,54.973006&z=17&l=map","https://www.google.com/maps/search/?api=1&query=54.973006,73.343572",,enriched,"'Vịnh Chim' (Ptichya Gavan) là công viên tự nhiên độc đáo nằm ngay trong lòng Omsk, nơi trú ngụ của hàng trăm loài chim di cư và bản địa. Với hệ hồ nước, đường mòn sinh thái và khu nuôi chim, đây là ốc đảo thiên nhiên yên bình giữa đô thị."
omsk-achair-monastery,Tu viện Thánh Giá Achair (A-trai-rơ-xki),Ачаирский монастырь (Ачаирский женский монастырь Честного Креста Господня),Achair Monastery (Achair Cross Convent),Tỉnh Omsk,church,54.668736,73.818308,4.8,462,2GIS,Khoảng 2-3 giờ tại chỗ; tính cả di chuyển nên dành trọn nửa ngày.,"Vào cửa và viếng suối nước nóng miễn phí. Tour hướng dẫn tính phí: khoảng 50-100 RUB/người với học sinh, sinh viên, hoặc 500-1000 RUB cho nhóm nhỏ dưới 10 người.",Mở cửa cho khách viếng hằng ngày khoảng 6:00-20:00; các suất tham quan có hướng dẫn thường trong khung 11:00-17:00.,Mùa hè cho cảnh quan xanh tươi và đi lại thuận tiện; các đại lễ Chính Thống giáo rất đông người hành hương và giàu không khí.,"https://yandex.com/maps/?pt=73.818308,54.668736&z=17&l=map","https://www.google.com/maps/search/?api=1&query=54.668736,73.818308",https://achair.ru,enriched,"Tu viện Thánh Giá Achair là quần thể tu viện nữ với những mái vòm xanh - vàng nổi bật giữa thảo nguyên bên sông Irtysh, cách Omsk khoảng 50 km về phía nam. Nơi đây nổi tiếng với suối khoáng nóng linh thiêng và câu chuyện bi tráng về vùng đất từng là trại lao cải."
omsk-vrubel-museum-of-fine-arts,Bảo tàng Mỹ thuật Vùng Omsk mang tên M. A. Vrubel (Vru-ben),Омский областной музей изобразительных искусств имени М. А. Врубеля,Omsk Regional Museum of Fine Arts named after M. A. Vrubel,Tỉnh Omsk,museum,54.988198,73.372877,4.8,889,2GIS,"Khoảng 1,5-2 giờ cho một tòa nhà; nhiều hơn nếu xem cả hai.","Vé mỗi tòa nhà: người lớn 300 RUB, sinh viên/học sinh 200 RUB, người hưu trí 150 RUB, trẻ 5-7 tuổi 50 RUB, dưới 5 tuổi miễn phí. Mỗi tòa nhà bán vé riêng.",Mở cửa Thứ Ba-Chủ Nhật 10:00-19:00 (quầy vé đến 18:00); nghỉ Thứ Hai.,Quanh năm vì là bảo tàng trong nhà; ngày thường thường vắng khách hơn cuối tuần.,"https://yandex.com/maps/?pt=73.372877,54.988198&z=17&l=map","https://www.google.com/maps/search/?api=1&query=54.988198,73.372877",https://vrubel.ru,enriched,"Bảo tàng Mỹ thuật mang tên M. A. Vrubel là bảo tàng nghệ thuật lớn và lâu đời bậc nhất Siberia, với bộ sưu tập khoảng 27.000 hiện vật. Bảo tàng vinh danh danh họa Mikhail Vrubel - người sinh ra tại chính Omsk - và trưng bày trong hai tòa nhà lịch sử trên phố Lenin."
orenburg-orenburg-europe-asia-bridge,Cầu đi bộ Âu - Á bắc qua sông Ural (Most Evropa-Aziya),Пешеходный мост «Европа — Азия»,Europe-Asia Pedestrian Bridge,Tỉnh Orenburg,monument,51.753348,55.107048,4.8,228,2GIS,Khoảng 20-40 phút.,Miễn phí. Cáp treo vượt sông tính phí riêng.,Mở cửa tự do cả ngày lẫn đêm (khu vực công cộng ngoài trời).,"Cuối chiều và buổi tối mùa hè, khi thời tiết mát và cầu lên đèn.","https://yandex.com/maps/?pt=55.107048,51.753348&z=17&l=map","https://www.google.com/maps/search/?api=1&query=51.753348,55.107048",,enriched,"Cây cầu đi bộ nổi tiếng bắc qua sông Ural, nối liền hai lục địa Âu và Á ngay giữa lòng Orenburg. Trên mặt cầu có cột mốc tượng trưng đánh dấu ranh giới địa lý giữa châu Âu và châu Á."
orenburg-caravanserai-orenburg,Karavan-Saray - Quần thể kiến trúc Bashkir (Karavan-Saray),Караван-Сарай,Orenburg Caravanserai,Tỉnh Orenburg,monument|church,51.77145,55.093111,4.6,15,2GIS,Khoảng 30-45 phút.,Miễn phí khi tham quan bên ngoài.,Khuôn viên bên ngoài có thể tham quan trong ngày; nội thất hạn chế do là cơ quan nhà nước.,"Mùa hè, ban ngày khi trời sáng đẹp để chụp ảnh tháp minaret.","https://yandex.com/maps/?pt=55.093111,51.77145&z=17&l=map","https://www.google.com/maps/search/?api=1&query=51.77145,55.093111",,enriched,"Quần thể kiến trúc độc đáo giữa thế kỷ 19, từng là 'ngôi nhà chung' và trung tâm tinh thần của người Bashkir tại Orenburg. Điểm nhấn là thánh đường Hồi giáo với ngọn tháp minaret cao vút, mang đậm dấu ấn phương Đông."
orenburg-sol-iletsk-salt-lakes,"Hồ nước mặn Sol-Iletsk - hồ Razval (Solyonye ozyora, ozero Razval)",Солёные озёра Соль-Илецка (озеро Развал),Sol-Iletsk Salt Lakes (Lake Razval),Tỉnh Orenburg,park_garden|other,51.1631,54.9903,,,,Nửa ngày đến trọn ngày.,Vé vào khu hồ khoảng 450 rúp/người lớn (2026); trẻ dưới 7 tuổi miễn phí (cần giấy khai sinh).,Khu nghỉ mở cửa theo mùa (chủ yếu mùa hè); giờ vào cửa thường từ sáng đến tối.,"Tháng 6 đến tháng 8, khi nước ấm; nên đi sớm để tránh đông.","https://yandex.com/maps/?pt=54.9903,51.1631&z=17&l=map","https://www.google.com/maps/search/?api=1&query=51.1631,54.9903",,enriched,"Cụm hồ nước mặn và bùn khoáng chữa bệnh nổi tiếng, thường được gọi là 'Biển Chết của nước Nga'. Ngôi sao là hồ Razval mặn đến mức người tắm nổi bồng bềnh mà không cần cử động."
orenburg-buzuluksky-bor,Vườn quốc gia Buzuluksky Bor - rừng thông Buzuluk (Buzulukskiy Bor),Национальный парк «Бузулукский бор»,Buzuluksky Bor National Park,Tỉnh Orenburg,park_garden,52.941522,52.031336,,,,Nửa ngày đến vài ngày (có khu lưu trú trong rừng).,Giấy phép tham quan cho khách du lịch khoảng 250 rúp/người lớn (có hiệu lực 7 ngày); trẻ dưới 18 tuổi miễn phí.,Vườn quốc gia mở quanh năm; văn phòng làm việc thứ Hai-thứ Sáu 9:00-18:00. Cần đăng ký giấy phép trước khi vào.,Cuối xuân đến đầu thu để đi bộ đường mòn; mùa đông cho hoạt động trên tuyết.,"https://yandex.com/maps/?pt=52.031336,52.941522&z=17&l=map","https://www.google.com/maps/search/?api=1&query=52.941522,52.031336",https://npbuzbor.ru,enriched,"'Ốc đảo' rừng thông rộng hơn 1.000 km² giữa vùng thảo nguyên, trải trên ranh giới hai tỉnh Orenburg và Samara. Nơi đây có những cây thông cổ thụ hàng trăm năm tuổi và hệ sinh thái quý hiếm."
orenburg-orenburg-museum-fine-arts,Bảo tàng Mỹ thuật tỉnh Orenburg - nơi trưng bày Khăn lông cừu Orenburg (Muzey izobrazitelnykh iskusstv),Оренбургский областной музей изобразительных искусств,Orenburg Regional Museum of Fine Arts,Tỉnh Orenburg,museum|other,51.762075,55.098024,,,,"Khoảng 1-1,5 giờ.",Vé tham khảo khoảng 200 rúp/người lớn cho phòng Khăn lông cừu; trẻ dưới 7 tuổi miễn phí. Xem giá từng khu trên omizo.ru.,Thứ Tư-Chủ Nhật 10:00-18:00; nghỉ thứ Hai và thứ Ba.,Quanh năm; lý tưởng cho ngày thời tiết xấu hoặc mùa đông lạnh.,"https://yandex.com/maps/?pt=55.098024,51.762075&z=17&l=map","https://www.google.com/maps/search/?api=1&query=51.762075,55.098024",https://omizo.ru,enriched,"Bảo tàng mỹ thuật hàng đầu của Orenburg, trưng bày tranh tượng Nga - châu Âu và di sản trứ danh 'Khăn lông cừu Orenburg'. Những chiếc khăn đan tay mỏng đến mức có thể luồn qua một chiếc nhẫn."
orenburg-orenburg-history-museum,Bảo tàng Lịch sử Orenburg (Muzey istorii Orenburga),Музей истории Оренбурга,Museum of History of Orenburg,Tỉnh Orenburg,museum|monument,51.7546,55.1049,,,,"Khoảng 1-1,5 giờ.",Vé vào cửa ở mức phải chăng (vài trăm rúp); xem giá cập nhật trên mio56.ru.,Thứ Ba-Chủ Nhật 10:00-18:00; nghỉ thứ Hai.,Quanh năm; kết hợp dạo bờ kè sông Ural khi trời đẹp.,"https://yandex.com/maps/?pt=55.1049,51.7546&z=17&l=map","https://www.google.com/maps/search/?api=1&query=51.7546,55.1049",https://mio56.ru,enriched,"Bảo tàng lịch sử thành phố nằm trong tòa nhà tân Gothic năm 1856 bên bờ kè sông Ural, có tháp đồng hồ đặc trưng. Nơi đây lưu giữ hơn 8.000 hiện vật kể chuyện hình thành và phát triển của Orenburg."
orenburg-orsk-preobrazhenskaya-hill,"Đồi Preobrazhenskaya (Đồi Chúa Biến Hình), Phố Cổ Orsk (Gora Preobrazhenskaya)","Преображенская гора (Орск, Старый город)","Preobrazhenskaya Hill, Orsk Old Town",Tỉnh Orenburg,monument|church,51.232494,58.478449,,,,Khoảng 45-60 phút.,Miễn phí.,Khu đồi và điểm ngắm cảnh mở tự do; nhà thờ mở theo giờ lễ.,"Ngày trời quang, buổi chiều để ngắm hoàng hôn trên sông Ural.","https://yandex.com/maps/?pt=58.478449,51.232494&z=17&l=map","https://www.google.com/maps/search/?api=1&query=51.232494,58.478449",,enriched,Ngọn đồi lịch sử ở Phố Cổ Orsk - nơi đặt nền móng pháo đài Orenburg đầu tiên năm 1735. Trên đỉnh có nhà thờ Chúa Biến Hình và điểm ngắm toàn cảnh thành phố cùng sông Ural.
oryol-spasskoye-lutovinovo,Điền trang - Bảo tàng Turgenev Spasskoye-Lutovinovo (Xpát-xcô-e Lu-tô-vi-nô-vô),Спасское-Лутовиново,Spasskoye-Lutovinovo — Turgenev Estate-Museum,Tỉnh Oryol,museum|park_garden,53.37371,36.633695,4.7,76,Tripadvisor,Khoảng 2–3 giờ.,"Có thu phí, mua vé tại chỗ; vé vào công viên và vé tham quan nhà chính tính riêng (không giảm giá cho người hưu trí).","Công viên: 1/4–31/10 các ngày trong tuần 9:00–18:00, cuối tuần 9:00–19:00; 1/11–31/3 hàng ngày 9:00–17:00. Nhà chính tham quan theo đoàn có hướng dẫn.",Cuối tháng 5 đến tháng 9 khi công viên xanh mướt; mùa thu lá vàng cũng rất đẹp.,"https://yandex.com/maps/?pt=36.633695,53.37371&z=17&l=map","https://www.google.com/maps/search/?api=1&query=53.37371,36.633695",https://spasskoye-lutovinovo.ru/,enriched,"Spasskoye-Lutovinovo là điền trang gia đình nơi đại văn hào Ivan Turgenev lớn lên và viết nên nhiều kiệt tác. Ngày nay, quần thể trở thành bảo tàng - khu bảo tồn quốc gia với ngôi nhà gỗ phục dựng, nhà thờ nhỏ và công viên cổ thụ trải rộng bên những mặt hồ phẳng lặng."
oryol-turgenev-literary-museum-oryol,"Bảo tàng Văn học Quốc gia I.S. Turgenev, Oryol (Tuốc-ghê-nhép)",Музей И.С. Тургенева,Oryol United State Literary Museum of I.S. Turgenev,Tỉnh Oryol,museum,52.967179,36.061168,4.4,21,2GIS,"Khoảng 1–1,5 giờ.",Khoảng 100 rúp/người lớn.,10:00–17:00; nghỉ thứ Sáu và ngày thứ Hai đầu tiên của mỗi tháng.,Quanh năm; có thể kết hợp thăm cả khu Phố Lịch sử - Văn học trong ngày.,"https://yandex.com/maps/?pt=36.061168,52.967179&z=17&l=map","https://www.google.com/maps/search/?api=1&query=52.967179,36.061168",https://turgenevmus.ru/,enriched,"Đây là hạt nhân của Bảo tàng Văn học Quốc gia Oryol, một trong những bảo tàng văn học lâu đời nhất nước Nga, thành lập năm 1918. Bảo tàng dành trọn cho cuộc đời và sự nghiệp của Ivan Turgenev, người con nổi tiếng của vùng Oryol."
oryol-oryol-polesie-national-park,Vườn quốc gia Orlovskoye Polesie (Oóc-lốp-xcôi-e Pô-le-xi-e),Национальный парк «Орловское полесье»,Oryol Polesie National Park,Tỉnh Oryol,park_garden,53.255515,35.294907,4.9,1641,Yandex Maps,Nửa ngày đến trọn ngày.,Vào các khu tự nhiên chi phí thấp; khu bảo tồn động vật và một số dịch vụ có thu phí riêng (nên kiểm tra trên trang chính thức).,"Vườn quốc gia mở cửa quanh năm; khu chuồng thú và các điểm tham quan có giờ mở riêng, thường 9:00–18:00.",Cuối xuân đến đầu thu để đi rừng thuận lợi; mùa thu lá vàng đặc biệt đẹp.,"https://yandex.com/maps/?pt=35.294907,53.255515&z=17&l=map","https://www.google.com/maps/search/?api=1&query=53.255515,35.294907",https://www.orlpolesie.ru/,enriched,"Orlovskoye Polesie là vườn quốc gia rộng gần 78.000 ha ở tây bắc tỉnh Oryol, nơi giao thoa giữa rừng phương bắc và thảo nguyên rừng phương nam. Công viên nổi tiếng với quần thể bò rừng bison châu Âu tự do lớn nhất nước Nga cùng hệ sinh thái rừng, hồ và đầm lầy phong phú."
oryol-epiphany-cathedral-oryol,"Nhà thờ chính tòa Hiển Linh (Bô-gô-áp-len-xki), Oryol",Богоявленский собор,"Epiphany Cathedral, Oryol",Tỉnh Oryol,church,52.966055,36.069797,5.0,9,2GIS,Khoảng 20–40 phút.,Miễn phí (khuyến khích quyên góp).,"Mở cửa hàng ngày theo giờ lễ, thường khoảng 7:30–19:00.",Buổi sáng có lễ; các dịp lễ Chính thống giáo lớn không khí đặc biệt trang nghiêm.,"https://yandex.com/maps/?pt=36.069797,52.966055&z=17&l=map","https://www.google.com/maps/search/?api=1&query=52.966055,36.069797",,enriched,"Nhà thờ Hiển Linh là công trình tôn giáo cổ nhất còn tồn tại ở Oryol, khởi nguồn từ giữa thế kỷ 17. Tọa lạc ngay trung tâm lịch sử bên ngã ba sông Oka và Orlik, đây là một biểu tượng tâm linh và kiến trúc của thành phố."
oryol-saburovo-fortress,Pháo đài Saburovo (Xa-bu-rốp-xcai-a),Сабуровская крепость,Saburovo Fortress,Tỉnh Oryol,fortress|church,52.910984,35.8984,4.9,645,Yandex Maps,Khoảng 45–60 phút.,Miễn phí.,"Di tích ngoài trời, tham quan tự do mọi thời điểm.",Cuối xuân đến đầu thu khi trời khô ráo; ánh nắng chiều đẹp cho chụp ảnh.,"https://yandex.com/maps/?pt=35.8984,52.910984&z=17&l=map","https://www.google.com/maps/search/?api=1&query=52.910984,35.8984",,enriched,"Pháo đài Saburovo là một điền trang - pháo đài độc đáo do dòng họ bá tước Kamensky xây dựng vào cuối thế kỷ 18. Những bức tường gạch dài cùng các tháp canh hình chóp, hình tròn còn sót lại khiến nơi đây trông như một 'điện Kremlin thu nhỏ' giữa đồng quê Oryol."
oryol-bolkhov-historic-town,Thị trấn cổ Bolkhov (Bôn-khốp),Болхов,Bolkhov historic town,Tỉnh Oryol,church|square_street,53.441895,36.005781,4.8,17,Tripadvisor,Nửa ngày (khoảng 3–4 giờ).,Miễn phí (vào thị trấn và các nhà thờ).,"Thị trấn tham quan tự do; các nhà thờ mở cửa theo giờ lễ, thường ban ngày.",Mùa hè và đầu thu trời đẹp; các dịp lễ Chính thống giáo rất trang nghiêm.,"https://yandex.com/maps/?pt=36.005781,53.441895&z=17&l=map","https://www.google.com/maps/search/?api=1&query=53.441895,36.005781",,enriched,"Bolkhov là thị trấn cổ hơn 800 năm tuổi ở phía bắc tỉnh Oryol, từng được mệnh danh là 'thành phố của các nhà thờ'. Với hàng chục thánh đường và kiến trúc thương nhân thế kỷ 18–19 gần như còn nguyên vẹn, nơi đây được xem như một bảo tàng lộ thiên về nước Nga xưa."
oryol-bunin-museum-oryol,"Bảo tàng I.A. Bunin, Oryol (Bu-nhin)",Музей И.А. Бунина,"I.A. Bunin Museum, Oryol",Tỉnh Oryol,museum,52.96597,36.060825,4.0,15,2GIS,Khoảng 1 giờ.,Khoảng 50 rúp/người.,10:00–17:00; nghỉ Chủ nhật và thứ Hai.,Quanh năm; kết hợp thăm khu Phố Lịch sử - Văn học của Oryol.,"https://yandex.com/maps/?pt=36.060825,52.96597&z=17&l=map","https://www.google.com/maps/search/?api=1&query=52.96597,36.060825",https://turgenevmus.ru/,enriched,"Bảo tàng dành riêng cho Ivan Bunin — nhà văn Nga đầu tiên đoạt giải Nobel Văn học năm 1933. Qua bảy gian trưng bày, bảo tàng tái hiện cuộc đời đầy trắc trở của ông, từ tuổi trẻ ở Oryol đến những năm lưu vong tại Pháp."
oryol-oryol-military-history-museum,Bảo tàng Lịch sử - Quân sự Oryol (bảo tàng tranh toàn cảnh diorama),Военно-исторический музей,Oryol Military-History Museum,Tỉnh Oryol,museum,52.953209,36.063918,4.8,1052,Yandex Maps,"Khoảng 1–1,5 giờ.","Khoảng 100 rúp/người lớn; 50 rúp cho trẻ em, sinh viên và người cao tuổi.","Thứ Ba, Tư, Sáu 10:00–18:00; thứ Năm 10:00–21:00; thứ Bảy, Chủ nhật 10:00–17:00; nghỉ thứ Hai và ngày thứ Năm cuối tháng.",Quanh năm; đặc biệt ý nghĩa dịp 5/8 (ngày giải phóng Oryol) và 9/5 (Ngày Chiến thắng).,"https://yandex.com/maps/?pt=36.063918,52.953209&z=17&l=map","https://www.google.com/maps/search/?api=1&query=52.953209,36.063918",https://okmuseum.ru/,enriched,Bảo tàng Lịch sử - Quân sự Oryol nổi tiếng với bức tranh toàn cảnh khổng lồ về trận đánh giải phóng thành phố mùa hè năm 1943. Đây là nơi lưu giữ ký ức Chiến tranh Vệ quốc Vĩ đại và truyền thống quân sự của vùng đất Oryol.
penza-tarkhany-lermontov-estate,Khu bảo tồn - điền trang Lermontov “Tarkhany” (Tác-kha-nư),Государственный Лермонтовский музей-заповедник «Тарханы»,State Lermontov Museum-Reserve Tarkhany,Tỉnh Penza,museum|park_garden|church,53.0847,43.9086,,,,Khoảng 3-4 giờ (nên dành nửa ngày).,"Vé bán trực tuyến qua website chính thức, giá thay đổi theo tổ hợp tham quan (nhà chủ, công viên, các bảo tàng); dịch vụ đi thuyền hoặc xe ngựa khoảng 200 rúp/người.","Mở cửa hằng ngày; các gian trưng bày và công trình mở khoảng 9:00-16:00 (mùa đông) đến 10:00-18:00 (mùa hè, thứ Bảy muộn hơn); công viên mở đến 19:00-21:00. Thứ Năm cuối tháng nghỉ vệ sinh.",Cuối xuân đến đầu thu khi công viên xanh tươi; đặc biệt vào các dịp lễ hội thơ Lermontov đầu tháng 7.,"https://yandex.com/maps/?pt=43.9086,53.0847&z=17&l=map","https://www.google.com/maps/search/?api=1&query=53.0847,43.9086",https://tarhany.ru,enriched,"Tarkhany là điền trang tuổi thơ của đại thi hào Nga Mikhail Lermontov, nay trở thành bảo tàng - khu bảo tồn văn học nổi tiếng bậc nhất nước Nga. Ngôi nhà chủ, nhà thờ cổ, hồ nước và công viên rộng lớn tái hiện trọn vẹn không gian quý tộc thế kỷ 19 nơi nhà thơ lớn lên và an nghỉ."
penza-museum-of-one-painting,Bảo tàng Một Bức Tranh (Mu-dây ốt-nôi các-ti-nư),Музей одной картины им. Г.В. Мясникова,Museum of One Painting,Tỉnh Penza,museum,53.1832,45.0192,,,,Khoảng 45-60 phút cho một suất.,"Khoảng 150 rúp/người lớn, 110 rúp cho sinh viên; miễn phí cho một số đối tượng ưu tiên.","Thứ Hai, Tư, Sáu, Bảy, Chủ nhật 11:00-18:00; nghỉ thứ Ba và thứ Năm. Các suất chiếu theo giờ, nên đặt trước.",Quanh năm (bảo tàng trong nhà); nên đi theo lịch suất chiếu đã đặt trước.,"https://yandex.com/maps/?pt=45.0192,53.1832&z=17&l=map","https://www.google.com/maps/search/?api=1&query=53.1832,45.0192",http://penza.gallery,enriched,"Bảo tàng Một Bức Tranh ở Penza là bảo tàng độc đáo hiếm có trên thế giới: mỗi đợt chỉ trưng bày duy nhất một kiệt tác hội họa. Khán giả ngồi trong khán phòng, xem phần thuyết minh bằng âm thanh - ánh sáng do các nghệ sĩ nổi tiếng lồng tiếng, rồi tấm màn được kéo lên để chiêm ngưỡng bức tranh."
penza-penza-picture-gallery-savitsky,Bảo tàng Mỹ thuật Penza mang tên K.A. Savitsky (Xa-vít-xki),Пензенская областная картинная галерея им. К.А. Савицкого,Penza Regional Art Gallery named after K.A. Savitsky,Tỉnh Penza,museum,53.1849,45.0166,4.5,,Tripadvisor,"Khoảng 1,5-2 giờ.","Người lớn khoảng 200 rúp, sinh viên 150 rúp, ưu đãi (người cao tuổi, học sinh) 130 rúp; trẻ dưới 7 tuổi miễn phí.",10:00-18:00; nghỉ thứ Hai và thứ Năm.,Quanh năm; tránh thứ Hai và thứ Năm.,"https://yandex.com/maps/?pt=45.0166,53.1849&z=17&l=map","https://www.google.com/maps/search/?api=1&query=53.1849,45.0166",http://penza.gallery,enriched,"Bảo tàng Mỹ thuật Penza mang tên K.A. Savitsky là một trong những phòng tranh vùng miền giàu có và uy tín nhất nước Nga. Bộ sưu tập trải dài từ hội họa Nga thế kỷ 18-20 đến nghệ thuật Tây Âu, được trưng bày trong tòa nhà cổ kính nguyên là Ngân hàng Ruộng đất Nông dân."
penza-zolotarevskoye-gorodishche,Di chỉ thành lũy cổ Zolotaryovskoye (Dô-lô-ta-riốp-x-côi-e gô-rô-đi-sê),Золотарёвское городище,Zolotarevskoye Gorodishche (medieval hillfort),Tỉnh Penza,fortress|museum,53.0844,45.2888,,,,Khoảng 1-2 giờ (chưa kể đường đi).,Vào khu di chỉ ngoài trời miễn phí; tham quan bảo tàng có thể mất phí nhỏ.,Khu di chỉ ngoài trời có thể tham quan tự do quanh ngày; phòng trưng bày/bảo tàng ở Zolotaryovka mở theo giờ hành chính (nên hỏi trước).,"Cuối xuân đến đầu thu, khi đường rừng khô ráo, dễ đi.","https://yandex.com/maps/?pt=45.2888,53.0844&z=17&l=map","https://www.google.com/maps/search/?api=1&query=53.0844,45.2888",,enriched,"Thành cổ Zolotaryovskoye là một di chỉ khảo cổ độc đáo bên rừng Penza - nơi từng là thành lũy sầm uất trên tuyến thương mại cổ, bị đạo quân Mông Cổ của Batu Khan san phẳng năm 1237. Được ví như “thành Troy của nước Nga”, đây là một trong những chiến địa thời trung cổ được bảo tồn nguyên vẹn bậc nhất."
penza-narovchat,"Tu viện hang động Skanov ở Narovchat (Xca-nốp, Na-rốp-chát)",Наровчатский пещерный монастырь (Сканов пещерный мужской монастырь),Narovchat Cave Monastery (Skanov Caves),Tỉnh Penza,church|other,53.858615,43.779094,,,,Khoảng 1-2 giờ (nửa ngày nếu kết hợp Tu viện Trinity-Skanov).,Tham quan hang thường theo hình thức đóng góp/phí nhỏ kèm hướng dẫn; nên chuẩn bị tiền mặt.,"Mở cửa hằng ngày; tham quan hang có tu sĩ dẫn đường, nên liên hệ hoặc đi cùng đoàn để sắp xếp.",Mùa ấm (tháng 5 đến tháng 9) để đường đến thuận tiện; trong hang lúc nào cũng mát lạnh.,"https://yandex.com/maps/?pt=43.779094,53.858615&z=17&l=map","https://www.google.com/maps/search/?api=1&query=53.858615,43.779094",,enriched,"Gần thị trấn cổ Narovchat, tu viện hang động Skanov là một mê cung đường hầm do các tu sĩ đào trong lòng đồi cát, dài hơn cả hang động của Tu viện Kiev-Pechersk lừng danh. Ba tầng hang mát lạnh với hàng chục phòng tu, nhà nguyện và mộ phần tạo nên một điểm hành hương huyền bí."
penza-monument-first-settler-penza,Tượng đài Người Định Cư Đầu Tiên (Per-vô-pô-xê-le-nhét),Памятник «Первопоселенец»,Monument to the First Settler,Tỉnh Penza,monument,53.1793,45.0246,,,,Khoảng 15-30 phút.,Miễn phí.,"Ngoài trời, tham quan tự do mọi lúc.",Ban ngày để ngắm cảnh sông và thành phố; hoàng hôn rất đẹp; mùa hè và đầu thu dễ chịu nhất.,"https://yandex.com/maps/?pt=45.0246,53.1793&z=17&l=map","https://www.google.com/maps/search/?api=1&query=53.1793,45.0246",,enriched,"Tượng đài “Người Định Cư Đầu Tiên” là một trong những biểu tượng của thành phố Penza, tôn vinh những người khai hoang lập nên pháo đài Penza năm 1663. Bức tượng đồng khắc họa một người đàn ông cùng con ngựa - một tay cầm giáo, một tay tì lên lưỡi cày - tượng trưng cho người vừa là chiến binh vừa là nông dân."
penza-spassky-cathedral-penza,Nhà thờ Chính tòa Spassky (Xpát-xki - Đấng Cứu Thế Nhân Từ),Спасский кафедральный собор,Spassky Cathedral (Cathedral of the Merciful Saviour),Tỉnh Penza,church,53.1836,45.0186,,,,Khoảng 30-45 phút.,Miễn phí (nhà thờ đang hoạt động; hoan nghênh quyên góp tùy tâm).,Mở cửa hằng ngày cho khách hành lễ và tham quan (thường khoảng 7:00-19:00); có lễ sáng và lễ chiều. Nên xem lịch trên website chính thức.,Quanh năm; đẹp nhất vào các giờ lễ hoặc buổi tối khi nhà thờ lên đèn.,"https://yandex.com/maps/?pt=45.0186,53.1836&z=17&l=map","https://www.google.com/maps/search/?api=1&query=53.1836,45.0186",https://soborpenza.cerkov.ru,enriched,"Nhà thờ Chính tòa Spassky là ngôi thánh đường chính và công trình cao nhất của thành phố Penza, ngự trên Quảng trường Sobornaya lịch sử. Bị chính quyền Xô Viết phá hủy năm 1934, nhà thờ đã được phục dựng nguyên vẹn và bề thế hơn xưa, với tháp chuông cao 82,5 mét."
perm-kungur-ice-cave,Hang băng Kungur (Kun-gua),Кунгурская ледяная пещера,Kungur Ice Cave,Vùng Perm,other,57.4409,57.0059,4.5,391,Tripadvisor,"Khoảng 1,5 giờ trong hang (khoảng 2 giờ nếu tính chờ đợi).",Vé tham quan có hướng dẫn khoảng 1.000–1.200 RUB/người lớn (dao động 800–1.300 RUB tùy ngày); chỉ vào hang theo đoàn.,"Bình thường mở cửa quanh năm, tham quan theo đoàn có hướng dẫn (khung giờ khoảng 9:00–18:00, đông khách hơn vào mùa hè). Lưu ý: hang đang tạm đóng cửa từ năm 2025 để cấp phép và khảo sát lại, chưa có ngày mở lại chính thức.","Đẹp nhất vào mùa đông và đầu xuân khi băng dày và tinh thể rực rỡ; mùa hè trong hang mát lạnh, dễ đi lại.","https://yandex.com/maps/?pt=57.0059,57.4409&z=17&l=map","https://www.google.com/maps/search/?api=1&query=57.4409,57.0059",https://kungurcave.ru/,enriched,"Hang băng Kungur là một trong những hang động thạch cao nổi tiếng nhất nước Nga, nằm dưới chân Núi Băng bên sông Sylva gần thành phố Kungur. Nổi bật với những hang phủ băng vĩnh cửu, tinh thể lấp lánh và hàng chục hồ ngầm trong vắt, đây là điểm đến kỳ ảo bậc nhất vùng Ural."
perm-perm-36-museum,Bảo tàng tưởng niệm Perm-36 (Péc-mơ 36),Мемориальный музей «Пермь-36»,Perm-36 Memorial Museum of the History of Political Repression,Vùng Perm,museum|monument,58.263111,57.432111,4.5,93,Tripadvisor,"Khoảng 1,5–2 giờ tại khu bảo tàng (cả ngày nếu đi từ Perm).",Vé vào từ khoảng 200 RUB mỗi khu trưng bày (người lớn); tour có hướng dẫn trọn cả ba khu khoảng 1.100 RUB.,"Thứ Tư đến Chủ nhật, 10:00–19:00; đóng cửa thứ Hai và thứ Ba.",Cuối xuân đến đầu thu (tháng 5–9) thời tiết dễ chịu để đi lại và tham quan ngoài trời.,"https://yandex.com/maps/?pt=57.432111,58.263111&z=17&l=map","https://www.google.com/maps/search/?api=1&query=58.263111,57.432111",https://mperm36.ru/,enriched,"Perm-36 là trại lao động khổ sai Gulag duy nhất thời Xô Viết còn được bảo tồn gần như nguyên vẹn, nay trở thành bảo tàng tưởng niệm nạn nhân của đàn áp chính trị. Nằm ở làng Kuchino hẻo lánh, nơi đây từng giam giữ nhiều nhà bất đồng chính kiến cho đến cuối thập niên 1980."
perm-perm-art-gallery,Bảo tàng Mỹ thuật Perm (Péc-mơ),Пермская государственная художественная галерея,Perm State Art Gallery,Vùng Perm,museum,58.019433,56.252067,,,Yandex Maps,"Khoảng 1,5–2 giờ.","Vé người lớn khoảng 500 RUB; ưu đãi 250 RUB cho học sinh, sinh viên; miễn phí cho trẻ dưới 14 tuổi.","Thứ Ba, Tư, Sáu, Bảy: 10:00–19:00; thứ Năm: 12:00–21:00; Chủ nhật: 11:00–19:00; đóng cửa thứ Hai (trụ sở mới tại Zavod Shpagina).",Quanh năm vì là bảo tàng trong nhà; nên đi ngày thường để tránh đông.,"https://yandex.com/maps/?pt=56.252067,58.019433&z=17&l=map","https://www.google.com/maps/search/?api=1&query=58.019433,56.252067",https://permartmuseum.ru/,enriched,"Bảo tàng Mỹ thuật Perm nổi tiếng khắp nước Nga nhờ bộ sưu tập 'các vị thần Perm' — những pho tượng gỗ Chính thống giáo độc nhất vô nhị. Tháng 4/2026, bảo tàng đã chuyển về tòa nhà mới hiện đại tại khu Zavod Shpagina bên bờ sông Kama."
perm-belogorsky-monastery,Tu viện Thánh Nicholas Belogorsky (Bê-lô-goóc-xki),Белогорский Свято-Николаевский монастырь,Belogorsky St. Nicholas Monastery,Vùng Perm,church,57.392283,56.2303,4.6,85,Tripadvisor,Khoảng 1–2 giờ tham quan; thường kết hợp thành chuyến đi trong ngày từ Perm.,Miễn phí (khuyến khích quyên góp tùy tâm).,"Khuôn viên tu viện mở cửa hằng ngày, quanh năm cho khách hành hương (gần như suốt ngày); nhà thờ mở theo giờ lễ.",Cuối xuân đến đầu thu (tháng 6–9) khi thời tiết ấm; mùa đông cảnh tuyết rất đẹp nhưng lạnh và gió mạnh.,"https://yandex.com/maps/?pt=56.2303,57.392283&z=17&l=map","https://www.google.com/maps/search/?api=1&query=57.392283,56.2303",http://уралафон.рф,enriched,"Tọa lạc trên đỉnh Núi Trắng cao 446 m, Tu viện Thánh Nicholas Belogorsky được mệnh danh là 'Núi Athos của vùng Ural' nhờ nhà thờ Nâng Thánh Giá trắng muốt kiểu Byzantine đồ sộ. Đây là một trong những trung tâm hành hương Chính thống giáo nổi tiếng nhất miền Ural."
perm-khokhlovka-museum,Bảo tàng kiến trúc gỗ Khokhlovka (Khóc-lốp-ca),Хохловка (архитектурно-этнографический музей),Khokhlovka Architectural and Ethnographic Museum,Vùng Perm,museum|park_garden,58.261111,56.261111,4.8,85,Tripadvisor,Khoảng 2 giờ.,Vé người lớn khoảng 150 RUB; ưu đãi khoảng 90 RUB; miễn phí cho người dưới 18 tuổi.,Hằng ngày 10:00–18:00 (mùa hè có thể tới 20:00); đóng cửa vào thứ Hai cuối cùng của mỗi tháng để vệ sinh.,Cuối xuân đến đầu thu (tháng 5–9) khi cây cỏ xanh tươi; mùa đông có tuyết và lễ hội Maslenitsa rất đặc sắc.,"https://yandex.com/maps/?pt=56.261111,58.261111&z=17&l=map","https://www.google.com/maps/search/?api=1&query=58.261111,56.261111",https://museumperm.ru/branch/khokhlovka,enriched,"Khokhlovka là bảo tàng ngoài trời về kiến trúc gỗ đầu tiên của vùng Ural, nằm trên một bán đảo thơ mộng bên sông Kama. Nơi đây quy tụ những nhà thờ, tháp chuông, nhà gỗ nông dân và công trình làm muối cổ từ khắp tỉnh Perm."
perm-vishera-reserve,Khu bảo tồn thiên nhiên Vishera (Vi-sê-ra),Вишерский заповедник,Vishera Nature Reserve,Vùng Perm,park_garden,61.48611,59.21722,,,Yandex Maps,Chuyến thám hiểm nhiều ngày (các tuyến 2–7 ngày; tour trọn gói thường khoảng 9 ngày).,"Phí vào khoảng 50 RUB; tuyến đi bộ khoảng 300 RUB/ngày, tuyến chèo thuyền khoảng 600 RUB/ngày; phí hướng dẫn, di chuyển và lưu trú tính riêng.","Khu bảo tồn nghiêm ngặt, chỉ vào được khi có giấy phép và có kiểm lâm/hướng dẫn đi kèm; không cho vào tự do. Mùa tham quan khả thi thường từ giữa tháng 6 đến giữa tháng 8.",Mùa hè ngắn ngủi (giữa tháng 6 đến giữa tháng 8) khi tuyết đã tan; các tuyến sinh thái chỉ mở vào mùa ấm.,"https://yandex.com/maps/?pt=59.21722,61.48611&z=17&l=map","https://www.google.com/maps/search/?api=1&query=61.48611,59.21722",https://www.vishersky.ru/,enriched,"Vishera là một trong những khu bảo tồn thiên nhiên nghiêm ngặt lớn nhất phần châu Âu của Nga, trải rộng trên vùng núi Bắc Ural hoang sơ ở cực bắc tỉnh Perm. Nơi đây bảo vệ thượng nguồn sông Vishera, rừng taiga bạt ngàn và đỉnh Tulymsky Kamen cao nhất tỉnh."
perm-cherdyn,Thị trấn cổ Cherdyn (Chéc-đưn),Чердынь,Cherdyn,Vùng Perm,other|museum,60.402568,56.486881,,,Tripadvisor,Khoảng nửa ngày cho thị trấn và bảo tàng; trọn một ngày nếu đi từ Perm.,"Dạo quanh thị trấn miễn phí; các bảo tàng thu vé (mức phí khiêm tốn, nên hỏi trực tiếp tại quầy).","Thị trấn tham quan tự do mọi lúc. Bảo tàng Địa phương (trụ sở chính) mở cửa: thứ Hai, Tư, Năm 9:30–18:00; thứ Sáu 9:30–17:00; thứ Bảy, Chủ nhật 9:00–17:00; đóng cửa thứ Ba.",Cuối xuân đến đầu thu (tháng 6–9) thời tiết dễ chịu; mùa đông tuyết phủ rất nên thơ nhưng lạnh giá.,"https://yandex.com/maps/?pt=56.486881,60.402568&z=17&l=map","https://www.google.com/maps/search/?api=1&query=60.402568,56.486881",https://cherdynmuseum.ru/,enriched,"Cherdyn là một trong những thị trấn cổ nhất vùng Ural, từng là thủ phủ của xứ Đại Perm. Nép mình bên sông Kolva với những nhà thờ cổ, dinh thự thương nhân thế kỷ 18–19 và một bảo tàng lừng danh, nơi đây mang đậm không khí trầm mặc của lịch sử."
perm-usolye,Quần thể kiến trúc cổ Usolye (U-xô-li-ê),Усолье (Усолье Строгановское),Usolye (Stroganov architectural ensemble),Vùng Perm,museum|church,59.411537,56.707636,,,Yandex Maps,Khoảng 2–4 giờ (nửa ngày) để đi hết quần thể.,Các tòa nhà bảo tàng thu vé (mức phí khiêm tốn theo từng công trình); nên hỏi giá trực tiếp tại quầy.,"Dinh Stroganov và dinh thự Golitsyn: thứ Tư đến Chủ nhật, 09:00–17:00; đóng cửa thứ Hai và thứ Ba.",Cuối xuân đến đầu thu (tháng 6–9) khi thời tiết ấm và cảnh sông Kama đẹp nhất.,"https://yandex.com/maps/?pt=56.707636,59.411537&z=17&l=map","https://www.google.com/maps/search/?api=1&query=59.411537,56.707636",https://pstroganov.com/,enriched,"Usolye là quần thể kiến trúc thế kỷ 18 do dòng họ thương nhân Stroganov giàu có xây dựng bên sông Kama. Nổi bật với Nhà thờ Chúa Biến Hình kiểu Baroque Stroganov, tháp chuông nghiêng và Dinh Stroganov, nơi đây nay là bảo tàng ngoài trời đầy hoài niệm."
primorsky-vd-golden-bridge-vladivostok,Cầu Vàng (Da-la-tôi Mốt),Золотой мост,Golden Bridge (Zolotoy Bridge),Vùng Primorsky,bridge,43.1086,131.8961,,,,30 phút đến 1 giờ để ngắm và chụp ảnh.,"Miễn phí (ngắm cảnh); cầu chỉ dành cho ô tô, người đi bộ không được lên.","Cầu giao thông, có thể ngắm tự do 24/24 từ các điểm quanh vịnh.",Lúc hoàng hôn và buổi tối khi cầu lên đèn; mùa hè (tháng 6-9) trời quang.,"https://yandex.com/maps/?pt=131.8961,43.1086&z=17&l=map","https://www.google.com/maps/search/?api=1&query=43.1086,131.8961",,enriched,"Cầu Vàng là biểu tượng hiện đại rực rỡ nhất của Vladivostok, cây cầu dây văng khổng lồ vắt ngang vịnh Sừng Vàng với hai trụ tháp hình chữ A cao hơn 220 mét. Khánh thành năm 2012, cây cầu đã thay đổi hoàn toàn diện mạo và nhịp sống của thành phố cảng Viễn Đông này."
primorsky-vd-russky-bridge,Cầu Đảo Russky (Rút-xki Mốt),Русский мост,Russky Bridge,Vùng Primorsky,bridge,43.0636,131.9081,,,,15-30 phút khi đi qua kết hợp dừng ngắm.,Miễn phí.,"Cầu giao thông, lưu thông và ngắm cảnh tự do quanh năm.",Mùa hè trời quang; ban ngày để thấy rõ quy mô cầu.,"https://yandex.com/maps/?pt=131.9081,43.0636&z=17&l=map","https://www.google.com/maps/search/?api=1&query=43.0636,131.9081",,enriched,"Cầu Đảo Russky là cây cầu dây văng có nhịp chính dài thứ nhì thế giới và trụ tháp cao thứ nhì hành tinh, một kỳ tích kỹ thuật vắt ngang eo biển Bosphorus Phương Đông. Hình ảnh cây cầu với những bó dây văng đỏ trắng được in trang trọng trên tờ tiền 2.000 rúp của Nga."
primorsky-vd-eagles-nest-hill,Đồi Tổ Đại Bàng (Oóc-li-nô-i-ê Gnhi-đô),Сопка Орлиное гнездо,Eagle's Nest Hill (Orlinoye Gnezdo),Vùng Primorsky,monument,43.1156,131.8922,,,,30 phút đến 1 giờ.,Ngắm cảnh miễn phí; vé cáp treo giá rất rẻ (vài chục rúp).,Đài quan sát mở tự do 24/24; cáp treo chạy theo giờ trong ngày.,Hoàng hôn và buổi tối để ngắm thành phố lên đèn; ngày trời quang.,"https://yandex.com/maps/?pt=131.8922,43.1156&z=17&l=map","https://www.google.com/maps/search/?api=1&query=43.1156,131.8922",,enriched,"Đồi Tổ Đại Bàng là điểm cao nhất khu trung tâm Vladivostok với đài quan sát ở độ cao gần 200 mét, nơi ngắm toàn cảnh vịnh Sừng Vàng và Cầu Vàng đẹp như tranh. Trên đỉnh còn có tượng đài hai vị thánh Cyril và Methodius, cha đẻ của bảng chữ cái Slav."
primorsky-vd-tokarevsky-lighthouse,Hải đăng Tokarevsky (Tô-ca-rép-xki),Токаревский маяк,Tokarevsky Lighthouse,Vùng Primorsky,monument,43.0728,131.8447,,,,"1-1,5 giờ tính cả đi bộ trên doi cát.",Miễn phí.,"Ngoài trời, tham quan tự do quanh năm.",Hoàng hôn; canh lúc thủy triều xuống để dải cát khô ráo; mùa đông có thể gặp hải cẩu.,"https://yandex.com/maps/?pt=131.8447,43.0728&z=17&l=map","https://www.google.com/maps/search/?api=1&query=43.0728,131.8447",,enriched,"Hải đăng Tokarevsky là ngọn hải đăng trắng nhỏ nhắn nằm ở cuối một dải cát mảnh vươn thẳng ra biển, một trong những biểu tượng lãng mạn và được chụp ảnh nhiều nhất Vladivostok. Được dựng từ năm 1876, đây là một trong những ngọn hải đăng cổ nhất vùng Viễn Đông Nga."
primorsky-vd-primorsky-aquarium,Thủy cung Primorsky (Pri-mo-rơ-xki A-kê-a-ri-um),Приморский океанариум,Primorsky Aquarium (Primorsky Oceanarium),Vùng Primorsky,other,43.024,131.7553,,,,3-4 giờ hoặc nửa ngày.,"Có thu phí; nên đặt và xem giá vé, suất biểu diễn cá heo trên trang primocean.ru.",Mở cửa các ngày trong tuần (thường nghỉ thứ Hai); nên kiểm tra giờ chính xác trên trang chính thức.,Buổi sáng để tránh đông; phù hợp cả ngày mưa hoặc mùa đông.,"https://yandex.com/maps/?pt=131.7553,43.024&z=17&l=map","https://www.google.com/maps/search/?api=1&query=43.024,131.7553",https://primocean.ru,enriched,"Thủy cung Primorsky là một trong những thủy cung lớn nhất nước Nga, nằm trên đảo Russky trong tòa nhà hình vỏ sò khổng lồ độc đáo. Nơi đây tái hiện đại dương thế giới với đường hầm kính dưới nước, rừng nhiệt đới trong nhà và nhà biểu diễn cá heo."
primorsky-vd-submarine-s56,Tàu ngầm bảo tàng S-56 (Es-56),Мемориальная подводная лодка С-56,Memorial Submarine S-56,Vùng Primorsky,museum|monument,43.1147,131.8876,,,,30-45 phút.,Vé vào rất rẻ; xem phần thân tàu ngoài trời có thể miễn phí.,Mở cửa hầu hết các ngày trong tuần (thường nghỉ một ngày đầu tuần); nên kiểm tra tại chỗ.,Quanh năm; kết hợp khi dạo bờ kè Korabelnaya.,"https://yandex.com/maps/?pt=131.8876,43.1147&z=17&l=map","https://www.google.com/maps/search/?api=1&query=43.1147,131.8876",,enriched,"Tàu ngầm S-56 là chiến hạm ngầm huyền thoại của Liên Xô trong Thế chiến thứ hai, nay trở thành bảo tàng ngay trên bờ kè trung tâm Vladivostok. Du khách có thể bước vào bên trong các khoang tàu thật để cảm nhận cuộc sống và những trận chiến dưới lòng biển."
primorsky-vd-railway-station,Ga xe lửa Vladivostok (Vla-đi-vô-xtốc),Владивостокский вокзал,Vladivostok Railway Station,Vùng Primorsky,monument,43.111161,131.85155,,,,30-45 phút.,Miễn phí tham quan bên ngoài và sảnh ga.,Nhà ga hoạt động 24/24; khu vực cột mốc và sân ga tham quan tự do.,Quanh năm; ban ngày để ngắm rõ kiến trúc và chụp ảnh cột mốc.,"https://yandex.com/maps/?pt=131.85155,43.111161&z=17&l=map","https://www.google.com/maps/search/?api=1&query=43.111161,131.85155",,enriched,"Ga Vladivostok là điểm cuối của tuyến đường sắt xuyên Siberia dài nhất thế giới, nơi có cột mốc số 9288 nổi tiếng. Tòa nhà ga tráng lệ theo phong cách Nga thế kỷ 17 được xây soi gương với ga Yaroslavsky ở Moskva - đầu bên kia của tuyến đường."
primorsky-vd-fortress,Pháo đài Vladivostok (Vla-đi-vô-xtốc-xcai-a Cre-pốt),Владивостокская крепость,Vladivostok Fortress,Vùng Primorsky,fortress|museum,43.1178,131.876,,,,"1-1,5 giờ.","Có thu phí, giá vé phải chăng.","Bảo tàng mở cửa ban ngày, hầu hết các ngày trong tuần; nên kiểm tra lịch tại chỗ.",Chiều muộn để kết hợp ngắm hoàng hôn trên vịnh Amur; mùa hè khô ráo.,"https://yandex.com/maps/?pt=131.876,43.1178&z=17&l=map","https://www.google.com/maps/search/?api=1&query=43.1178,131.876",,enriched,"Pháo đài Vladivostok là hệ thống công sự phòng thủ biển đồ sộ được xây suốt từ năm 1889 đến 1918, từng thuộc hàng mạnh nhất thế giới và chưa từng bị đánh chiếm. Ngày nay một phần pháo đài trở thành bảo tàng quân sự với đại bác, hầm ngầm và tầm nhìn tuyệt đẹp ra vịnh."
primorsky-primorsky-land-of-leopard,Vườn quốc gia Vùng Đất Của Báo (Dem-lia Lê-ô-pác-đa),Национальный парк «Земля леопарда»,Land of the Leopard National Park,Vùng Primorsky,park_garden,43.0,131.4167,,,,Nửa ngày đến trọn ngày (kể cả di chuyển từ Vladivostok).,Có thu phí vào cửa và phí hướng dẫn tuyến; nên đặt tour trước.,Tham quan theo tuyến du lịch sinh thái có tổ chức; cần đăng ký trước với ban quản lý vườn.,Cuối xuân đến mùa thu (tháng 5-10) khi thời tiết dễ chịu và cây cối xanh tốt.,"https://yandex.com/maps/?pt=131.4167,43.0&z=17&l=map","https://www.google.com/maps/search/?api=1&query=43.0,131.4167",,enriched,"Vùng Đất Của Báo là vườn quốc gia được lập năm 2012 để cứu loài báo Viễn Đông - loài mèo lớn hiếm nhất hành tinh, chỉ còn khoảng hơn một trăm cá thể trên thế giới. Khu rừng Mãn Châu nguyên sinh này cũng là nơi cư trú của hổ Amur và hàng trăm loài chim thú quý."
primorsky-primorsky-lake-khanka,Hồ Khanka (Ô-dê-rô Khan-ca),Озеро Ханка,Lake Khanka,Vùng Primorsky,park_garden,45.0,132.4167,,,,Nửa ngày đến trọn ngày (kể cả di chuyển).,Khu vực ngoài miễn phí; tuyến vào khu bảo tồn có thể thu phí và cần đăng ký.,Vùng ngoài tham quan tự do; vùng lõi khu bảo tồn cần xin phép và đi cùng hướng dẫn.,Cuối xuân đến đầu thu; tháng 7-8 để ngắm sen nở và mùa chim.,"https://yandex.com/maps/?pt=132.4167,45.0&z=17&l=map","https://www.google.com/maps/search/?api=1&query=45.0,132.4167",,enriched,"Hồ Khanka là hồ nước ngọt lớn nhất vùng Viễn Đông Nga, trải rộng trên biên giới Nga - Trung với diện tích hơn bốn nghìn cây số vuông. Đây là thiên đường đất ngập nước được UNESCO và Công ước Ramsar bảo vệ, nổi tiếng với sếu quý, cò phương Đông và những cánh đồng sen."
primorsky-vd-svetlanskaya-street,Phố Svetlanskaya (Xvét-lan-xcai-a),Улица Светланская,Svetlanskaya Street,Vùng Primorsky,square_street,43.1157,131.8875,,,,"1-2 giờ tản bộ, lâu hơn nếu ghé bảo tàng.","Miễn phí dạo phố; vé riêng cho bảo tàng, nhà hát.","Phố đi lại tự do 24/24; các bảo tàng, cửa hàng theo giờ riêng.",Ban ngày để ngắm kiến trúc; cuối tuần và dịp lễ có sự kiện tại quảng trường.,"https://yandex.com/maps/?pt=131.8875,43.1157&z=17&l=map","https://www.google.com/maps/search/?api=1&query=43.1157,131.8875",,enriched,"Svetlanskaya là con phố chính và cổ nhất của Vladivostok, chạy dọc vịnh Sừng Vàng qua trung tâm lịch sử. Hai bên phố là những tòa nhà kiến trúc cuối thế kỷ 19 - đầu thế kỷ 20 lộng lẫy, cùng quảng trường trung tâm với tượng đài lớn nhất vùng Viễn Đông."
primorsky-primorsky-cape-tobizina,Mũi Tobizina (Mưs Tô-bi-di-na),Мыс Тобизина,Cape Tobizina,Vùng Primorsky,park_garden,42.9236,131.7553,,,,3-4 giờ cả đi bộ khứ hồi.,Miễn phí.,"Ngoài trời, tham quan tự do quanh năm (đi bộ đường mòn).","Cuối xuân đến đầu thu (tháng 6-9), trời khô ráo; tránh ngày mưa vì đá trơn.","https://yandex.com/maps/?pt=131.7553,42.9236&z=17&l=map","https://www.google.com/maps/search/?api=1&query=42.9236,131.7553",,enriched,"Mũi Tobizina là mỏm đá hoang sơ ở cực nam đảo Russky, nổi tiếng với những vách đá dựng đứng, nước biển trong vắt và 'sân cờ' đá phẳng kỳ lạ. Đây là điểm trekking và ngắm biển được dân địa phương yêu thích bậc nhất Vladivostok."
pskov-pskov-krom,Điện Kremlin Pskov (Pskovsky Krom) và Nhà thờ Chính tòa Ba Ngôi,"Псковский Кром (Кремль), Троицкий собор",Pskov Krom (Kremlin) & Trinity Cathedral,Tỉnh Pskov,fortress|church,57.821945,28.328611,4.7,1085,Tripadvisor,"Khoảng 1,5-2,5 giờ cho cả khuôn viên, nhà thờ và Thành Dovmont.","Vào khuôn viên Krom và Nhà thờ Ba Ngôi miễn phí (khuyến khích quyên góp). Vé các gian trưng bày, tháp canh và bảo tàng khoảng 200-400 RUB tuỳ nội dung; nên kiểm tra tại museumpskov.ru.","Khuôn viên Krom mở cửa hằng ngày, thường từ khoảng 6:00 đến 21:00 vào mùa hè và thu hẹp giờ vào mùa đông; Nhà thờ Ba Ngôi mở theo giờ lễ. Các gian trưng bày và tháp do Bảo tàng - Khu bảo tồn Pskov quản lý có giờ riêng.",Buổi sáng hoặc chiều muộn mùa hè để ánh nắng làm nổi bật tường thành trắng; mùa đông tuyết phủ cũng nên thơ nhưng lạnh và trơn.,"https://yandex.com/maps/?pt=28.328611,57.821945&z=17&l=map","https://www.google.com/maps/search/?api=1&query=57.821945,28.328611",https://museumpskov.ru/,enriched,"Nằm trên mũi đất nơi sông Pskova đổ vào sông Velikaya, Điện Kremlin Pskov (Krom) là trái tim lịch sử ngàn năm của thành phố với những bức tường đá trắng vươn cao trên vách sông. Bên trong quần thể là Nhà thờ Chính tòa Ba Ngôi năm tầng vòm, ngôi đền linh thiêng bậc nhất vùng đất Pskov."
pskov-izborsk-fortress,Pháo đài Izborsk (Izborskaya krepost),Изборская крепость,Izborsk Fortress,Tỉnh Pskov,fortress|museum,57.710306,27.859278,4.7,190,Tripadvisor,"Khoảng 1,5-2,5 giờ cho pháo đài, nhà thờ và suối thiêng; có thể lâu hơn nếu đi bộ quanh thung lũng.","Vé vào lãnh thổ pháo đài khoảng 200 RUB (học sinh, sinh viên 100 RUB; trẻ dưới 14 tuổi miễn phí); vé gian trưng bày khoảng 300 RUB; vé trọn gói khoảng 1000 RUB; tour có hướng dẫn khoảng 500 RUB.","Khuôn viên pháo đài có thể tham quan hằng ngày; các gian trưng bày của Khu bảo tồn - Bảo tàng Izborsk thường mở khoảng 10:00-18:00, nên kiểm tra ngày nghỉ tại museum-izborsk.ru.","Cuối xuân đến đầu thu, khi thung lũng xanh mướt và suối nước dồi dào; buổi sáng sớm để tránh đông và có ánh sáng đẹp.","https://yandex.com/maps/?pt=27.859278,57.710306&z=17&l=map","https://www.google.com/maps/search/?api=1&query=57.710306,27.859278",https://museum-izborsk.ru/,enriched,"Là một trong những toà thành cổ xưa nhất nước Nga, Pháo đài Izborsk sừng sững trên đồi Zheravya với những bức tường đá và tháp canh từ thế kỷ 14. Xung quanh là thung lũng thơ mộng với suối Slovenskie thiêng, hồ nước và đàn thiên nga, tạo nên bức tranh 'lịch sử hoà quyện thiên nhiên'."
pskov-pskovo-pechersky-monastery,Tu viện Hang động Pskovo-Pechersky (Svyato-Uspensky Pskovo-Pechersky monastyr),Свято-Успенский Псково-Печерский монастырь,Pskovo-Pechersky (Pskov-Caves) Monastery,Tỉnh Pskov,church|fortress,57.809723,27.615278,4.8,456,Tripadvisor,Khoảng 2-3 giờ; lâu hơn nếu tham gia tour hang động và dự lễ.,Vào tu viện miễn phí. Tham quan hang động cần đặt lịch trước (thường miễn phí hoặc tuỳ tâm quyên góp); liên hệ qua ppmon.ru.,"Tu viện mở cửa hằng ngày cho khách hành hương, thường từ sáng sớm đến khoảng 20:00-21:00. Việc vào thăm hệ thống hang động sâu phải đăng ký trước và đi theo đoàn có tu sĩ hướng dẫn.",Quanh năm; các ngày lễ Chính thống giáo rất đông và giàu không khí nhưng chen chúc. Ngày thường buổi sáng yên tĩnh hơn.,"https://yandex.com/maps/?pt=27.615278,57.809723&z=17&l=map","https://www.google.com/maps/search/?api=1&query=57.809723,27.615278",https://ppmon.ru/,enriched,"Tu viện Pskovo-Pechersky nổi tiếng với hệ thống hang động cát tự nhiên nơi an nghỉ của hàng nghìn tu sĩ và tín đồ, cùng những bức tường thành kiên cố ôm trọn thung lũng. Đây là một trong số ít tu viện Chính thống giáo Nga chưa từng đóng cửa suốt lịch sử, được xem là 'chốn tựa tâm linh' của tín đồ khắp nước Nga."
pskov-mikhailovskoye,"Điền trang Mikhailovskoye — Khu bảo tồn Pushkin (Muzey-zapovednik Mikhaylovskoye, Pushkinskie Gory)","Музей-заповедник «Михайловское», Пушкинские Горы",Mikhailovskoye — Pushkin Museum-Reserve,Tỉnh Pskov,museum|park_garden,57.049999,28.933332,4.7,371,Tripadvisor,"Nửa ngày cho riêng Mikhailovskoye; trọn một ngày nếu thăm cả Trigorskoye, Petrovskoye và mộ Pushkin.",Vé vào mỗi ngôi nhà - bảo tàng khoảng 250-350 RUB; dạo công viên thường miễn phí; có vé trọn gói và tour hướng dẫn. Chấp nhận thẻ Pushkin.,"Các điền trang - bảo tàng thường mở cửa thứ Ba đến Chủ nhật, khoảng 10:00-17:00, nghỉ thứ Hai và một ngày vệ sinh trong tháng (thường thứ Ba cuối tháng); công viên mở rộng rãi hơn. Nên kiểm tra lịch tại pushkinland.ru.",Cuối xuân đến đầu thu khi công viên xanh tươi; đầu tháng 6 có lễ hội thơ Pushkin nhưng rất đông. Mùa thu lá vàng cũng rất đẹp.,"https://yandex.com/maps/?pt=28.933332,57.049999&z=17&l=map","https://www.google.com/maps/search/?api=1&query=57.049999,28.933332",https://pushkinland.ru/,enriched,"Mikhailovskoye là điền trang của gia đình đại thi hào Aleksandr Pushkin, nơi ông sống lưu đày và viết nên nhiều kiệt tác. Ngày nay điền trang cùng công viên cổ, hồ nước và rừng thông trở thành khu bảo tồn văn học thiêng liêng, được người Nga xem như 'thánh địa' của thi ca."
pskov-svyatogorsky-monastery,Tu viện Svyatogorsky và mộ Pushkin (Svyatogorsky Svyato-Uspensky monastyr),Святогорский Свято-Успенский монастырь,Svyatogorsky Monastery — Pushkin's Grave,Tỉnh Pskov,church|monument,57.02217,28.91972,4.6,129,Tripadvisor,"Khoảng 45 phút đến 1,5 giờ.",Vào tu viện và viếng mộ Pushkin miễn phí (khuyến khích quyên góp). Tour hướng dẫn về Pushkin do khu bảo tồn tổ chức có thu phí riêng.,"Tu viện mở cửa hằng ngày cho khách viếng, thường từ sáng đến chiều tối theo giờ lễ; khu mộ Pushkin có thể tới thăm trong giờ mở cửa tu viện.",Kết hợp cùng chuyến thăm Mikhailovskoye trong ngày; buổi sáng yên tĩnh và trang nghiêm hơn. Ngày giỗ Pushkin (10/2) và lễ hội thơ tháng 6 rất đông.,"https://yandex.com/maps/?pt=28.91972,57.02217&z=17&l=map","https://www.google.com/maps/search/?api=1&query=57.02217,28.91972",https://pushkinland.ru/,enriched,"Tu viện Svyatogorsky do Sa hoàng Ivan Bạo chúa lập năm 1569 là nơi an nghỉ của đại thi hào Aleksandr Pushkin bên chân tường Nhà thờ An giấc. Đây vừa là tu viện Chính thống giáo cổ kính, vừa là điểm hành hương văn học thiêng liêng của người Nga."
pskov-snetogorsky-monastery,Tu viện Snetogorsky (Snetogorsky monastyr),Снетогорский монастырь,Snetogorsky Monastery,Tỉnh Pskov,church,57.834852,28.263293,4.6,36,Tripadvisor,Khoảng 45 phút đến 1 giờ.,Vào tu viện miễn phí (khuyến khích quyên góp).,"Là nữ tu viện đang hoạt động, mở cửa hằng ngày cho khách viếng theo giờ ban ngày; việc vào xem bích hoạ trong nhà thờ có thể hạn chế để bảo tồn, nên hỏi trước.","Ban ngày, thời tiết khô ráo; mùa hè thuận lợi để kết hợp ngắm cảnh sông Velikaya.","https://yandex.com/maps/?pt=28.263293,57.834852&z=17&l=map","https://www.google.com/maps/search/?api=1&query=57.834852,28.263293",https://snetogor.ru/,enriched,"Tu viện Snetogorsky cổ kính nằm trên đồi đá vôi bên sông Velikaya, nổi bật với Nhà thờ Giáng sinh Đức Mẹ dựng năm 1311 và những bức bích hoạ đầu thế kỷ 14 quý giá. Cụm kiến trúc này là một trong mười công trình được UNESCO công nhận thuộc 'Trường phái kiến trúc Pskov'."
pskov-pskov-churches-unesco,Các nhà thờ trường phái kiến trúc Pskov - Di sản UNESCO (Khramy pskovskoy shkoly zodchestva),Храмы псковской архитектурной школы,Churches of the Pskov School of Architecture (UNESCO),Tỉnh Pskov,church,57.805599,28.329201,,,,Nửa ngày để thăm vài công trình tiêu biểu; trọn ngày nếu muốn đi hết mười điểm.,"Vào phần lớn nhà thờ miễn phí (khuyến khích quyên góp); tham quan bích hoạ ở Nhà thờ Chúa Biến hình (Mirozhsky) có thu vé, khoảng vài trăm RUB, phụ thuộc điều kiện thời tiết.","Nhiều nhà thờ là nơi thờ phụng đang hoạt động, mở theo giờ lễ (thường buổi sáng và chiều tối); Nhà thờ Chúa Biến hình ở Tu viện Mirozhsky do bảo tàng quản lý, mở theo giờ và có thể đóng khi thời tiết ẩm để bảo vệ bích hoạ.",Mùa hè khô ráo để dễ di chuyển giữa các điểm và để bích hoạ Mirozhsky mở cửa. Buổi sáng có ánh sáng đẹp để chụp các nhà thờ trắng.,"https://yandex.com/maps/?pt=28.329201,57.805599&z=17&l=map","https://www.google.com/maps/search/?api=1&query=57.805599,28.329201",https://whc.unesco.org/en/list/1523/,enriched,"Năm 2019, mười ngôi đền tiêu biểu của Pskov được UNESCO ghi danh Di sản Thế giới, đại diện cho 'trường phái kiến trúc Pskov' độc đáo hình thành từ thế kỷ 12 đến 17. Chúng nổi bật với dáng vẻ mộc mạc, tường đá quét vôi trắng, mái vòm đơn và tháp chuông kiểu 'zvonnitsa' đặc trưng."
pskov-gdov-lake-peipus,"Gdov và Hồ Peipus (Chudskoye) (Gdov, Chudskoe ozero)","Гдов, Чудское озеро",Gdov & Lake Peipus (Chudskoye),Tỉnh Pskov,fortress|park_garden,58.733334,27.833334,,,,"Nửa ngày cho Gdov; trọn ngày nếu kết hợp nghỉ ngơi, tắm hồ hoặc câu cá ven Hồ Peipus.","Miễn phí tham quan thành cổ, nhà thờ và bờ hồ.",Tàn tích thành Gdov và bờ hồ có thể tham quan tự do mọi lúc; Nhà thờ Derzhavnaya mở theo giờ lễ.,"Mùa hè (tháng 6-8) để tắm hồ, câu cá và dạo bờ cát; mùa đông hồ đóng băng gợi nhớ khung cảnh 'Trận chiến trên băng' nhưng lạnh giá.","https://yandex.com/maps/?pt=27.833334,58.733334&z=17&l=map","https://www.google.com/maps/search/?api=1&query=58.733334,27.833334",,enriched,Thị trấn nhỏ Gdov bên bờ đông Hồ Peipus lưu giữ tàn tích toà thành đá thế kỷ 15 và ngôi nhà thờ được phục dựng bên trong. Mặt hồ Peipus mênh mông — nơi diễn ra 'Trận chiến trên băng' huyền thoại năm 1242 — mang đến khung cảnh thiên nhiên yên bình và những bãi cát ven bờ.
rostov-rostov-on-don-embankment,Bờ kè sông Đông ở Rostov-na-Donu (Na-bê-rê-giơ-nai-a),Набережная Ростова-на-Дону,Rostov-on-Don Embankment,Tỉnh Rostov,square_street|park_garden,47.2127,39.707253,,,,Khoảng 1–2 giờ.,Miễn phí (đi du thuyền hoặc dịch vụ có thu phí riêng).,Mở tự do suốt ngày đêm; là không gian công cộng ngoài trời.,"Cuối xuân đến đầu thu, đẹp nhất vào chiều tối; dịp Ngày thành phố (tháng 9) rất nhộn nhịp.","https://yandex.com/maps/?pt=39.707253,47.2127&z=17&l=map","https://www.google.com/maps/search/?api=1&query=47.2127,39.707253",,enriched,"Bờ kè sông Đông là dải đi bộ sầm uất và lãng mạn nhất Rostov-na-Donu, trải dài bên hữu ngạn dòng Đông. Nổi tiếng với hàng chục tác phẩm điêu khắc lấy cảm hứng từ 'Sông Đông êm đềm', cùng các quán cà phê, du thuyền và lễ hội, đây là trái tim của đời sống ngoài trời thành phố."
rostov-starocherkasskaya,Làng Cossack Starocherkasskaya (Xta-rô-che-rơ-cát-xcai-a),Старочеркасская станица,Starocherkasskaya (Old Cherkassk),Tỉnh Rostov,church|museum|monument,47.2408,40.0508,,,,Khoảng nửa ngày (3–4 giờ).,Vào làng miễn phí; vé tham quan các bảo tàng và triển lãm thu phí riêng (thường vài trăm rúp cho vé gộp).,"Khuôn viên làng mở tự do; các bảo tàng và nhà thờ thường mở khoảng 9:00/10:00–17:00, một số nghỉ thứ Hai. Nên kiểm tra lịch trước khi đi.",Cuối xuân đến đầu thu; đặc biệt vào các dịp lễ hội văn hóa Cossack.,"https://yandex.com/maps/?pt=40.0508,47.2408&z=17&l=map","https://www.google.com/maps/search/?api=1&query=47.2408,40.0508",,enriched,"Starocherkasskaya là 'cái nôi' của người Cossack sông Đông – thủ phủ của Quân đoàn Cossack Đông suốt gần hai thế kỷ (1644–1805). Ngôi làng - bảo tàng ngoài trời này lưu giữ nhà thờ Phục Sinh chín mái vòm, dinh Ataman và hơn một trăm di tích, cùng ký ức về các thủ lĩnh khởi nghĩa Stepan Razin và Kondraty Bulavin."
rostov-novocherkassk-ascension-cathedral,Nhà thờ Chính tòa Thăng Thiên Novocherkassk (Vô-dơ-nê-xen-xki Xô-bo),Вознесенский войсковой кафедральный собор,Ascension Cathedral (Novocherkassk),Tỉnh Rostov,church|monument,47.414214,40.110176,,,,Khoảng 30–45 phút.,Vào cửa miễn phí (có thể quyên góp tùy tâm).,"Mở cửa hằng ngày cho khách hành hương và tham quan (thường khoảng 8:00–19:00, theo lịch lễ). Nên tra lịch lễ trên trang chính thức.",Quanh năm; đẹp nhất vào buổi sáng nắng và các dịp đại lễ Chính thống giáo.,"https://yandex.com/maps/?pt=40.110176,47.414214&z=17&l=map","https://www.google.com/maps/search/?api=1&query=47.414214,40.110176",https://soborpatriarha.ru,enriched,"Được mệnh danh là 'mặt trời thứ hai của sông Đông', Nhà thờ Thăng Thiên ở Novocherkassk là thánh đường chính của người Cossack Đông. Công trình tân-Byzantine đồ sộ cao gần 75 m, khánh thành năm 1905, là một trong những nhà thờ Chính thống giáo lớn và cao nhất nước Nga, nơi an nghỉ của các anh hùng Cossack."
rostov-tanais-museum,Bảo tàng Khảo cổ Tanais (Ta-na-ít),Археологический музей-заповедник «Танаис»,Tanais Archaeological Museum-Reserve,Tỉnh Rostov,museum|monument,47.269673,39.359671,4.7,2541,Yandex Maps,"Khoảng 1,5–2 giờ.","Vé vào khu bảo tồn khoảng 40–100 ₽; các gian triển lãm mua vé riêng; có ưu đãi cho học sinh, sinh viên.",Mở cửa hằng ngày 9:00–17:00 (quầy vé đóng khoảng 16:30).,"Cuối xuân đến đầu thu; nên đi buổi sáng, tránh nắng gắt giữa trưa trên thảo nguyên.","https://yandex.com/maps/?pt=39.359671,47.269673&z=17&l=map","https://www.google.com/maps/search/?api=1&query=47.269673,39.359671",https://museum-tanais.ru,enriched,"Tanais là thành phố Hy Lạp cổ nơi cửa sông Đông, do các thương nhân Hy Lạp lập nên từ thế kỷ III trước Công nguyên. Nay là khu bảo tàng - khảo cổ ngoài trời đầu tiên của nước Nga, nơi du khách dạo giữa nền móng phố cổ, tường thành và chiêm ngưỡng cổ vật hai nghìn năm tuổi."
rostov-taganrog-chekhov,Các bảo tàng Chekhov ở Taganrog (Ta-gan-rốc),Музеи А. П. Чехова в Таганроге,Chekhov Museums in Taganrog,Tỉnh Rostov,museum|monument,47.206864,38.931199,4.9,173,2GIS,Mỗi nhà khoảng 30–45 phút; cả cụm khoảng nửa ngày.,"Vé mỗi bảo tàng khoảng 100 ₽ với người lớn; ưu đãi cho học sinh, sinh viên; có vé gộp tham quan nhiều điểm.","Hằng ngày 10:00–18:00, nghỉ thứ Hai (quầy vé đến 17:00). Lịch có thể thay đổi theo mùa.",Quanh năm; mùa hè thuận tiện kết hợp dạo biển Azov và trung tâm Taganrog.,"https://yandex.com/maps/?pt=38.931199,47.206864&z=17&l=map","https://www.google.com/maps/search/?api=1&query=47.206864,38.931199",https://tgliamz.ru,enriched,"Taganrog là thành phố quê hương của đại văn hào Anton Chekhov. Cụm bảo tàng về ông gồm 'Ngôi nhà nhỏ' – nơi Chekhov chào đời năm 1860, và 'Cửa hiệu nhà Chekhov' – ngôi nhà kiêm tiệm tạp hóa nơi gia đình ông từng sống, tái hiện sinh động tuổi thơ của nhà văn."
rostov-azov-fortress,Pháo đài Azov (A-dốp),Азовская крепость,Azov Fortress,Tỉnh Rostov,fortress|museum|monument,47.111687,39.423564,,,,"Khoảng 1–1,5 giờ (thêm bảo tàng chính khoảng 1 giờ).","Dạo trên lũy thành miễn phí; vé vào 'Kho thuốc súng' thu phí (khoảng vài trăm rúp), có ưu đãi cho học sinh, sinh viên.",Lũy thành mở hằng ngày 9:00–22:00 (dạo bộ miễn phí); 'Kho thuốc súng' mở hằng ngày 10:00–18:00 (quầy vé đến 17:30).,Cuối xuân đến đầu thu; hoàng hôn trên lũy thành nhìn ra sông Đông rất đẹp.,"https://yandex.com/maps/?pt=39.423564,47.111687&z=17&l=map","https://www.google.com/maps/search/?api=1&query=47.111687,39.423564",https://azovmuseum.ru,enriched,"Pháo đài Azov canh giữ cửa sông Đông ra biển Azov từng là điểm nóng của các cuộc chiến Nga - Ottoman. Ngày nay du khách có thể dạo trên những lũy đất cổ, thăm 'Kho thuốc súng' thế kỷ XVIII với mô hình tái hiện cuộc vây hãm Azov năm 1696 của Peter Đại đế."
rostov-rostov-nativity-cathedral,Nhà thờ Chính tòa Giáng Sinh Đức Mẹ (Xô-bo Rô-giơ-đê-xtva),Собор Рождества Пресвятой Богородицы,Cathedral of the Nativity of the Theotokos (Rostov-on-Don),Tỉnh Rostov,church|monument,47.21724,39.71197,,,,Khoảng 30 phút.,Vào cửa miễn phí (có thể quyên góp tùy tâm).,"Mở cửa hằng ngày cho tín đồ và du khách (thường khoảng 7:00–19:00, theo lịch lễ).",Quanh năm; nên kết hợp tham quan Chợ Trung tâm liền kề vào buổi sáng.,"https://yandex.com/maps/?pt=39.71197,47.21724&z=17&l=map","https://www.google.com/maps/search/?api=1&query=47.21724,39.71197",,enriched,"Là nhà thờ chính của Rostov-na-Donu, thánh đường Giáng Sinh Đức Mẹ nổi bật với năm mái vòm và tháp chuông cao vút bên Chợ Trung tâm. Công trình phong cách Nga - Byzantine do kiến trúc sư Konstantin Ton thiết kế, xây năm 1854–1860, là trái tim Chính thống giáo của thành phố."
rostov-sholokhov-veshenskaya,"Khu bảo tàng - bảo tồn Sholokhov ở Veshenskaya (Sô-lô-khốp, Vi-ô-sen-xcai-a)",Государственный музей-заповедник М. А. Шолохова,Sholokhov State Museum-Reserve (Veshenskaya),Tỉnh Rostov,museum|monument|park_garden,49.626507,41.72873,,,,Từ nửa ngày đến cả ngày nếu thăm nhiều điểm.,"Vé theo từng điểm và loại hình, khoảng 50–500 ₽; có vé gộp và ưu đãi cho học sinh, sinh viên; một số dịp miễn phí (18/5, 21/2).","Theo mùa: mùa hè (khoảng 27/4–9/11) mở hằng ngày 9:00–17:00; mùa đông thường thứ Ba–Chủ nhật 9:00–16:00/17:00, nghỉ thứ Hai và ngày vệ sinh cuối tháng. Quầy vé đóng trước giờ đóng cửa ~45 phút.","Cuối xuân đến đầu thu, khi thảo nguyên và sông Đông đẹp nhất; dịp lễ hội 'Mùa xuân Sholokhov' (tháng 5).","https://yandex.com/maps/?pt=41.72873,49.626507&z=17&l=map","https://www.google.com/maps/search/?api=1&query=49.626507,41.72873",https://www.sholokhov.ru,enriched,"Veshenskaya là quê hương của Mikhail Sholokhov – nhà văn Nga đoạt giải Nobel Văn học 1965, tác giả 'Sông Đông êm đềm'. Khu bảo tàng - bảo tồn quốc gia gìn giữ tư dinh nơi ông sống và an nghỉ, các ngôi nhà tưởng niệm và cả vùng cảnh quan thảo nguyên sông Đông đã đi vào trang văn của ông."
ryazan-ryazan-kremlin,Điện Kremlin Ryazan (Ri-a-dan-xki Krem-lơ),Рязанский кремль,Ryazan Kremlin,Tỉnh Ryazan,fortress|church|museum,54.635799,39.748299,4.5,822,Tripadvisor,Khoảng 2–3 giờ.,Vé vào khuôn viên miễn phí; vé tham quan bảo tàng khoảng 320 rúp (2 gian trưng bày) đến 550 rúp (5 gian); dịch vụ hướng dẫn từ 100 rúp/người.,"Các bảo tàng mở cửa 10:00–18:00, nghỉ thứ Hai; khuôn viên thành cổ mở tự do cả ngày.",Cuối xuân đến đầu thu để tản bộ dễ chịu; mùa đông tuyết phủ cũng rất nên thơ.,"https://yandex.com/maps/?pt=39.748299,54.635799&z=17&l=map","https://www.google.com/maps/search/?api=1&query=54.635799,39.748299",https://ryazankreml.ru/,enriched,"Điện Kremlin Ryazan là quần thể pháo đài - tôn giáo cổ kính nằm trên ngọn đồi cao bên sông Trubezh, được coi là trái tim lịch sử và tâm hồn của thành phố Ryazan. Nơi đây quy tụ nhà thờ chính tòa Uspensky đồ sộ, tháp chuông cao vút cùng nhiều bảo tàng, là điểm đến không thể bỏ qua của cả vùng."
ryazan-yesenin-konstantinovo,"Điền trang - Bảo tàng Sergei Yesenin, làng Konstantinovo (Xéc-gây Ê-xê-nhin, Côn-xtan-ti-nô-vô)",Государственный музей-заповедник С.А. Есенина (Константиново),"State Museum-Reserve of Sergei Yesenin, Konstantinovo",Tỉnh Ryazan,museum|park_garden,54.849998,39.599998,4.6,296,Tripadvisor,Khoảng 3–4 giờ (nửa ngày).,"Vé bán riêng cho từng điểm tham quan; vé trọn gói cả khu bảo tồn khoảng 600 rúp/người lớn, các nhà riêng lẻ rẻ hơn.",Thứ Hai–thứ Năm 10:00–18:00; thứ Sáu–Chủ nhật 10:00–20:00 (giờ có thể thay đổi theo mùa và từng điểm).,Cuối tháng 5 đến tháng 9; đặc biệt mùa thu tháng 9–10 lá vàng rực rất đẹp và đúng chất thơ Yesenin.,"https://yandex.com/maps/?pt=39.599998,54.849998&z=17&l=map","https://www.google.com/maps/search/?api=1&query=54.849998,39.599998",https://www.museum-esenin.ru/,enriched,"Đây là quê hương và điền trang gắn với tuổi thơ của Sergei Yesenin — nhà thơ trữ tình được yêu mến bậc nhất nước Nga. Bảo tàng - khu bảo tồn trải rộng bên bờ cao sông Oka, gồm ngôi nhà cha mẹ nhà thơ, trường học, nhà thờ và khung cảnh làng quê Nga thơ mộng đã đi vào thi ca."
ryazan-solotcha-monastery,Tu viện Solotcha (Xô-lô-tchin-xki) — Tu viện Giáng Sinh Đức Mẹ,Солотчинский монастырь,Solotcha Convent (Nativity of the Virgin Monastery),Tỉnh Ryazan,church,54.791283,39.833737,4.4,48,Tripadvisor,Khoảng 45–60 phút.,Miễn phí (khuyến khích quyên góp); một số tour có hướng dẫn có thể thu phí.,"Mở cửa hàng ngày, thường khoảng 7:00–19:00; có các buổi lễ sáng và chiều.",Cuối xuân đến đầu thu trời khô ráo; các dịp lễ Chính thống giáo không khí đặc biệt trang nghiêm.,"https://yandex.com/maps/?pt=39.833737,54.791283&z=17&l=map","https://www.google.com/maps/search/?api=1&query=54.791283,39.833737",https://srbgm.cerkov.ru/,enriched,"Tu viện Solotcha là tu viện nữ cổ kính do Đại công tước Oleg xứ Ryazan sáng lập năm 1390, nằm bên rìa rừng thông Meshchera. Quần thể nổi bật với các thánh đường gạch đỏ - trắng duyên dáng và khung cảnh thanh bình bên dòng sông Staritsa."
ryazan-st-john-theologian-monastery-poshchupovo,"Tu viện Thánh Gioan Thần Học, làng Poshchupovo (I-ô-an-nô Bô-gô-xlốp-xki, Pô-shu-pô-vô)",Иоанно-Богословский монастырь,"St John the Theologian Monastery, Poshchupovo",Tỉnh Ryazan,church,54.817267,39.715546,4.9,61,Tripadvisor,"Khoảng 1–1,5 giờ.","Miễn phí; nến và các dịch vụ hành lễ giá phải chăng, nhóm trên 10 người có hướng dẫn miễn phí.",Khuôn viên mở cửa ban ngày; lễ sáng khoảng 5:30–7:00 và lễ chiều 17:00–18:00.,"Cuối xuân đến đầu thu; sáng sớm yên tĩnh, tránh cuối tuần cao điểm nếu ngại đông.","https://yandex.com/maps/?pt=39.715546,54.817267&z=17&l=map","https://www.google.com/maps/search/?api=1&query=54.817267,39.715546",http://www.obitel-bogoslov.ru/,enriched,"Tu viện nam Thánh Gioan Thần Học ở Poshchupovo là một trong những tu viện cổ nhất vùng Ryazan, tương truyền do các tu sĩ Hy Lạp lập nên từ khoảng thế kỷ 12–13. Quần thể nằm trên gò cao bên sông Oka, nổi bật với tháp chuông cao vút và nguồn nước thánh linh thiêng."
ryazan-kasimov,Thị trấn cổ Kasimov (Ca-xi-mốp),Касимов,Kasimov historic town,Tỉnh Ryazan,square_street|church|museum,54.933334,41.400002,4.3,56,Tripadvisor,Nửa ngày đến trọn ngày.,Dạo phố miễn phí; vé vào tháp minaret/bảo tàng và các bảo tàng địa phương khoảng 100–200 rúp.,"Thị trấn tham quan tự do; bảo tàng trong nhà thờ Hồi giáo Khan và các bảo tàng khác thường mở 10:00–17:00, nghỉ một ngày đầu tuần.",Cuối xuân đến đầu thu trời đẹp để đi bộ; có thể kết hợp du thuyền trên sông Oka mùa hè.,"https://yandex.com/maps/?pt=41.400002,54.933334&z=17&l=map","https://www.google.com/maps/search/?api=1&query=54.933334,41.400002",,enriched,"Kasimov là thị trấn cổ độc đáo bên sông Oka, nơi văn hóa Nga và Tatar giao thoa suốt hàng thế kỷ. Từng là kinh đô của Hãn quốc Kasimov, nơi đây lưu giữ nhà thờ Hồi giáo Khan với tháp minaret bằng đá, các lăng mộ tekie và những quảng trường, phố cổ thương nhân xinh đẹp."
ryazan-meshchera-national-park,Vườn quốc gia Meshchyorsky (Me-she-rơ-xki),Мещёрский национальный парк,Meshchyorsky National Park,Tỉnh Ryazan,park_garden,55.133333,40.166667,,,,Nửa ngày đến vài ngày (tùy hoạt động).,"Vào phần lớn khu vực tự nhiên miễn phí; một số tuyến sinh thái, tour và bảo tàng có thu phí — nên liên hệ ban quản lý trước.",Khu thiên nhiên mở cửa quanh năm; trung tâm du khách và các bảo tàng ở Spas-Klepiki có giờ làm việc riêng (thường 9:00–17:00).,"Cuối xuân đến đầu thu cho đi bộ, chèo thuyền và ngắm chim; mùa hè hái nấm, quả mọng.","https://yandex.com/maps/?pt=40.166667,55.133333&z=17&l=map","https://www.google.com/maps/search/?api=1&query=55.133333,40.166667",,enriched,"Vườn quốc gia Meshchyorsky bảo tồn vùng đất trũng Meshchera đặc trưng ở phía bắc tỉnh Ryazan — thế giới của rừng thông, đầm lầy than bùn, hồ nước và những dòng sông lững lờ. Đây là thiên đường của các loài chim, gắn liền với tuổi thơ nhà thơ Yesenin và những trang văn của Paustovsky."
ryazan-old-ryazan,Di chỉ khảo cổ Cựu Ryazan (Xta-ra-ia Ri-a-dan),Старая Рязань,Old Ryazan (Staraya Ryazan) archaeological site,Tỉnh Ryazan,fortress|monument,54.396703,40.42216,4.5,12,Tripadvisor,"Khoảng 1,5–2 giờ.",Miễn phí; tour có hướng dẫn khảo cổ có thể đặt qua Bảo tàng lịch sử - kiến trúc Ryazan (theo điện thoại).,"Di tích ngoài trời, tham quan tự do mọi thời điểm.","Cuối xuân đến đầu thu khi trời khô ráo, cỏ xanh; tránh sau mưa vì đường lầy.","https://yandex.com/maps/?pt=40.42216,54.396703&z=17&l=map","https://www.google.com/maps/search/?api=1&query=54.396703,40.42216",https://ryazankreml.ru/,enriched,"Cựu Ryazan là di chỉ khảo cổ của kinh đô cổ công quốc Ryazan, thành phố hùng mạnh bị đại quân Mông Cổ của Batu Khan san phẳng năm 1237 và không bao giờ hồi sinh. Ngày nay chỉ còn cánh đồng rộng lớn bao quanh bởi những lũy đất khổng lồ — một chứng tích đầy ám ảnh của nước Nga cổ."
ryazan-pavlov-museum-estate,"Bảo tàng - Điền trang tưởng niệm viện sĩ I.P. Pavlov, Ryazan (I-van Páp-lốp)",Мемориальный музей-усадьба академика И.П. Павлова,Memorial Museum-Estate of Academician I.P. Pavlov,Tỉnh Ryazan,museum,54.631748,39.730182,4.7,175,Tripadvisor,"Khoảng 1–1,5 giờ.","Vé khoảng 125 rúp/người lớn; 50 rúp cho học sinh, sinh viên và trẻ em.",Mở cửa tham quan khoảng 10:00–17:30; thường nghỉ thứ Hai (nên kiểm tra trước).,Quanh năm; mùa hè khu vườn xanh tươi dễ chịu để dạo.,"https://yandex.com/maps/?pt=39.730182,54.631748&z=17&l=map","https://www.google.com/maps/search/?api=1&query=54.631748,39.730182",https://pavlovmuseum.ru/,enriched,"Đây là ngôi nhà gỗ nơi Ivan Pavlov — nhà sinh lý học lừng danh, người Nga đầu tiên đoạt giải Nobel Y học (1904) — chào đời và lớn lên. Bảo tàng - điền trang tái hiện sinh động cuộc sống gia đình Nga thế kỷ 19 cùng sự nghiệp khoa học vĩ đại của ông."
saint-petersburg-hermitage,Bảo tàng Ẩn Cung (Hermitage) – Cung điện Mùa Đông,Государственный Эрмитаж,State Hermitage Museum,Saint Petersburg,museum|palace,59.940556,30.313611,4.7,26762,Tripadvisor,3–4 giờ (nửa ngày).,Khoảng 500 RUB (khách nước ngoài); vé mở ngày ~1.200 RUB; dưới 18 tuổi miễn phí.,"Thứ Ba, Sáu, Bảy 11:00–20:00; Thứ Tư, Năm, CN 11:00–18:00; đóng cửa Thứ Hai.",Sáng sớm giữa tuần để tránh đông; mùa hè (Đêm Trắng) đẹp nhất.,"https://yandex.com/maps/?pt=30.313611,59.940556&z=17&l=map","https://www.google.com/maps/search/?api=1&query=59.940556,30.313611",https://www.hermitagemuseum.org,enriched,"Bảo tàng nghệ thuật lớn bậc nhất thế giới, đặt trong Cung điện Mùa Đông lộng lẫy bên bờ sông Neva — nơi lưu giữ khoảng 3 triệu hiện vật, từ Da Vinci, Rembrandt đến chiếc Đồng hồ Công bằng vàng vẫn còn chạy."
saint-petersburg-savior-on-blood,Nhà thờ Chúa Cứu Thế trên Máu Đổ (Spas na Krovi),Спас на Крови,Church of the Savior on Spilled Blood,Saint Petersburg,church,59.94,30.32861,4.8,21728,Tripadvisor,45–90 phút.,~450 RUB người lớn (~400 RUB suất tối); trẻ dưới 7 tuổi miễn phí.,10:30–18:00; đóng cửa Thứ Tư; mùa hè có suất tối tới ~22:30.,"Mùa hè, buổi tối muộn để tránh đông; ánh chiều làm mosaic rực rỡ.","https://yandex.com/maps/?pt=30.32861,59.94&z=17&l=map","https://www.google.com/maps/search/?api=1&query=59.94,30.32861",https://eng.cathedral.ru,enriched,"Nhà thờ mái vòm củ hành sặc sỡ nhất Saint Petersburg, dựng ngay nơi Sa hoàng Aleksandr II bị ám sát, với nội thất phủ hơn 7.000 m² tranh khảm (mosaic) lấp lánh."
saint-petersburg-st-isaacs,Nhà thờ Thánh Isaac (Isaakievsky),Исаакиевский собор,Saint Isaac's Cathedral,Saint Petersburg,church,59.933994,30.305969,4.7,10350,Tripadvisor,"1–1,5 giờ (gồm hàng cột).",Nhà thờ ~450 RUB; hàng cột ngắm cảnh thêm ~400 RUB; dưới 7 tuổi miễn phí.,10:30–18:00; đóng cửa Thứ Tư; hàng cột mở tới ~22:30 vào mùa hè.,Hoàng hôn mùa hè để ngắm toàn cảnh từ colonnade.,"https://yandex.com/maps/?pt=30.305969,59.933994&z=17&l=map","https://www.google.com/maps/search/?api=1&query=59.933994,30.305969",https://eng.cathedral.ru,enriched,"Một trong những thánh đường Chính thống giáo lớn nhất thế giới, với mái vòm dát vàng rực rỡ; leo lên hàng cột (colonnade) trên cao để ngắm toàn cảnh Saint Petersburg."
saint-petersburg-kazan-cathedral,Nhà thờ Kazan (Kazansky),Казанский собор,Kazan Cathedral,Saint Petersburg,church,59.934116,30.324432,4.6,4185,Tripadvisor,30–45 phút.,Miễn phí (giáo đường đang hoạt động; hoan nghênh quyên góp).,Hằng ngày ~06:30 đến hết buổi lễ tối (thường ~20:00).,Trong giờ lễ để nghe hợp xướng; buổi tối khi lên đèn.,"https://yandex.com/maps/?pt=30.324432,59.934116&z=17&l=map","https://www.google.com/maps/search/?api=1&query=59.934116,30.324432",https://kazansky-spb.ru,enriched,"Thánh đường đang hoạt động với hàng cột hình bán nguyệt 96 cột gợi nhớ Vương cung Thánh đường Thánh Peter ở Roma; nơi an nghỉ của Thống chế Kutuzov, vào cửa miễn phí."
saint-petersburg-russian-museum,Bảo tàng Nga (Russkiy Muzey),Русский музей,State Russian Museum,Saint Petersburg,museum|palace,59.93861,30.33222,4.7,3306,Tripadvisor,2–3 giờ.,~500 RUB người lớn (Cung điện Mikhailovsky); sinh viên ~250 RUB; trẻ em miễn phí.,"Thứ 2,4,6,7,CN 10:00–18:00; Thứ 5 13:00–21:00; đóng cửa Thứ Ba.","Giữa tuần, buổi sáng.","https://yandex.com/maps/?pt=30.33222,59.93861&z=17&l=map","https://www.google.com/maps/search/?api=1&query=59.93861,30.33222",https://rusmuseum.ru,enriched,"Bảo tàng nghệ thuật Nga đầu tiên của nhà nước, đặt trong Cung điện Mikhailovsky tân cổ điển; yên tĩnh hơn Hermitage, với kiệt tác của Repin, Aivazovsky, Bryullov."
saint-petersburg-palace-square,Quảng trường Cung điện (Dvortsovaya),Дворцовая площадь,Palace Square,Saint Petersburg,square_street|monument,59.939305,30.315425,4.7,5479,Tripadvisor,20–45 phút.,Miễn phí.,Mở cửa 24 giờ (quảng trường ngoài trời).,Buổi tối khi lên đèn; các dịp lễ hội.,"https://yandex.com/maps/?pt=30.315425,59.939305&z=17&l=map","https://www.google.com/maps/search/?api=1&query=59.939305,30.315425",,enriched,"Quảng trường trung tâm hoành tráng với Cung điện Mùa Đông, Toà nhà Bộ Tổng tham mưu hình vòng cung và Cột Aleksandr cao 47,5 m — sân khấu của những biến cố lịch sử Nga."
saint-petersburg-peter-paul-fortress,Pháo đài Petropavlovsk (Thánh Phêrô và Phaolô),Петропавловская крепость,Peter and Paul Fortress,Saint Petersburg,fortress|church,59.950191,30.316346,4.4,5155,Tripadvisor,2–3 giờ.,Khuôn viên miễn phí; vé combo các bảo tàng ~750 RUB.,"Khuôn viên ~09:30–20:00 (miễn phí); bảo tàng Thứ 5–Thứ 3 10:00–18:00, đóng cửa Thứ Tư.",Gần trưa để xem bắn đại bác; mùa hè.,"https://yandex.com/maps/?pt=30.316346,59.950191&z=17&l=map","https://www.google.com/maps/search/?api=1&query=59.950191,30.316346",https://www.spbmuseum.ru,enriched,"Nơi khai sinh Saint Petersburg (1703), với thánh đường mũi nhọn dát vàng cao 122,5 m — lăng mộ các Sa hoàng — và khẩu đại bác bắn đúng trưa mỗi ngày."
saint-petersburg-palace-bridge,Cầu Cung điện (Dvortsovy Most),Дворцовый мост,Palace Bridge,Saint Petersburg,bridge,59.941149,30.308105,4.7,1658,Tripadvisor,15–30 phút (tới ~1 giờ nếu xem nâng cầu).,Miễn phí (cầu công cộng).,"Đi lại 24/7; nâng cầu ban đêm mùa thông thuyền (cuối T4–T11), khoảng 01:10–02:50 và 03:10–04:55.",Rạng sáng mùa Đêm Trắng (tháng 6–7).,"https://yandex.com/maps/?pt=30.308105,59.941149&z=17&l=map","https://www.google.com/maps/search/?api=1&query=59.941149,30.308105",,enriched,"Cây cầu bập bênh biểu tượng của Đêm Trắng — khi các nhịp cầu nâng lên trong đêm, mũi nhọn Nhà thờ Petropavlovsk hiện ra giữa khung cầu như một tấm bưu thiếp."
saint-petersburg-bronze-horseman,Kỵ sĩ Đồng (Medny Vsadnik),Медный всадник,The Bronze Horseman,Saint Petersburg,monument,59.936424,30.302245,4.5,1394,Tripadvisor,15–30 phút.,Miễn phí.,Mở cửa 24 giờ (tượng đài ngoài trời trên Quảng trường Thượng viện).,Buổi sáng ít người để chụp ảnh; kết hợp tản bộ quanh Thánh Isaac.,"https://yandex.com/maps/?pt=30.302245,59.936424&z=17&l=map","https://www.google.com/maps/search/?api=1&query=59.936424,30.302245",,enriched,"Tượng đài Pyotr Đại đế cưỡi ngựa trên 'Tảng đá Sấm' khổng lồ — nguồn cảm hứng cho bài thơ nổi tiếng của Pushkin, đứng uy nghi trên Quảng trường Thượng viện."
saint-petersburg-nevsky-prospect,Đại lộ Nevsky (Nevsky Prospekt),Невский проспект,Nevsky Prospect,Saint Petersburg,square_street,59.935944,30.324097,4.5,4730,Tripadvisor,"2–3 giờ (tản bộ, khám phá).",Miễn phí.,Mở cửa 24 giờ (đường phố công cộng).,Buổi tối khi lên đèn; mùa hè.,"https://yandex.com/maps/?pt=30.324097,59.935944&z=17&l=map","https://www.google.com/maps/search/?api=1&query=59.935944,30.324097",,enriched,"Đại lộ chính dài ~4,5 km — trái tim sôi động của thành phố với kiến trúc tráng lệ, nhà thờ, cửa hàng và quán cà phê; nơi tản bộ lý tưởng cả ngày lẫn đêm."
saint-petersburg-kunstkamera,Bảo tàng Kunstkamera (Nhân học & Dân tộc học),Кунсткамера,Kunstkamera,Saint Petersburg,museum,59.941545,30.304488,3.7,835,Tripadvisor,"1,5–2 giờ.",Người lớn ~300–400 RUB; sinh viên/trẻ em ~100 RUB.,Thứ Ba–CN 11:00–18:00; đóng cửa Thứ Hai.,Giữa tuần buổi sáng.,"https://yandex.com/maps/?pt=30.304488,59.941545&z=17&l=map","https://www.google.com/maps/search/?api=1&query=59.941545,30.304488",https://www.kunstkamera.ru,enriched,"Bảo tàng công cộng đầu tiên của Nga (1714), nổi tiếng với 'tủ kỳ vật' của Pyotr Đại đế và các tiêu bản giải phẫu — kỳ lạ nhưng đầy mê hoặc."
saint-petersburg-summer-garden,Vườn Mùa Hè (Letny Sad),Летний сад,Summer Garden,Saint Petersburg,park_garden,59.944908,30.335553,4.5,886,Tripadvisor,"1–1,5 giờ.",Miễn phí.,1/5–30/9: 10:00–22:00; 1/10–31/3: 10:00–20:00; đóng cửa Thứ Ba và cả tháng Tư.,"Mùa hè, buổi chiều; tránh tháng Tư (đóng cửa).","https://yandex.com/maps/?pt=30.335553,59.944908&z=17&l=map","https://www.google.com/maps/search/?api=1&query=59.944908,30.335553",https://igardens.ru,enriched,"Khu vườn cổ nhất Saint Petersburg (1704), do Pyotr Đại đế tự tay lên ý tưởng — những lối đi rợp bóng cây, đài phun nước, hồ thiên nga và hàng tượng cẩm thạch."
saint-petersburg-peterhof,Peterhof (Petergof) — Cung điện Lớn & đài phun nước,Петергоф,Peterhof Grand Palace and Fountains,Saint Petersburg,palace|park_garden,59.884444,29.908889,4.7,12817,Tripadvisor,3–4 giờ (nửa ngày).,Công viên Hạ ~1.000 RUB; Cung điện Lớn ~1.200 RUB (khách nước ngoài cao hơn); dưới 16 tuổi miễn phí.,"Công viên Hạ ~9:00–20:00 (đài phun nước ~T5–T10); Cung điện Lớn ~10:30–19:00, đóng cửa Thứ Hai.",Tháng 5–10 khi đài phun nước hoạt động; sáng để tránh đông.,"https://yandex.com/maps/?pt=29.908889,59.884444&z=17&l=map","https://www.google.com/maps/search/?api=1&query=59.884444,29.908889",https://peterhofmuseum.ru,enriched,'Versailles của nước Nga' — quần thể cung điện và Công viên Hạ với hơn 60 đài phun nước mạ vàng chảy hoàn toàn bằng trọng lực; Di sản Thế giới UNESCO.
saint-petersburg-catherine-palace,Cung điện Ekaterina & Phòng Hổ phách (Tsarskoye Selo),Екатерининский дворец,Catherine Palace (Amber Room),Saint Petersburg,palace,59.716111,30.395556,4.7,8689,Tripadvisor,2–3 giờ.,Cung điện gồm Phòng Hổ phách ~1.500 RUB; Công viên thu phí nhỏ mùa hè (~150–200 RUB).,"Cung điện ~10:00–18:00, đóng cửa Thứ Ba và Thứ Hai cuối tháng; Công viên Ekaterina mở hằng ngày.","Sáng sớm, giữa tuần; mùa hè để dạo công viên.","https://yandex.com/maps/?pt=30.395556,59.716111&z=17&l=map","https://www.google.com/maps/search/?api=1&query=59.716111,30.395556",https://tzar.ru,enriched,Cung điện Rococo lộng lẫy ở Tsarskoye Selo với mặt tiền dài hơn 300 m và Phòng Hổ phách huyền thoại — từng bị Đức Quốc xã cướp phá và được phục dựng.
saint-petersburg-pavlovsk,Cung điện & Công viên Pavlovsk,Павловск,Pavlovsk Palace and Park,Saint Petersburg,palace|park_garden,59.685833,30.453333,4.7,1347,Tripadvisor,2–4 giờ (cung điện + công viên rộng).,Cung điện ~700–900 RUB; công viên ~100–150 RUB (miễn phí mùa đông).,"Cung điện ~10:00–18:00 (đóng cửa Thứ Hai đầu tháng, vài phòng đóng Thứ Sáu); công viên mở hằng ngày.",Mùa hè hoặc thu; kết hợp cùng Tsarskoye Selo.,"https://yandex.com/maps/?pt=30.453333,59.685833&z=17&l=map","https://www.google.com/maps/search/?api=1&query=59.685833,30.453333",https://pavlovskmuseum.ru,enriched,"Cung điện Palladian thanh nhã của Hoàng đế Pavel I, nằm giữa một trong những công viên phong cảnh kiểu Anh lớn nhất châu Âu (~600 ha) — yên tĩnh hơn hẳn các cung điện lân cận."
saint-petersburg-mariinsky-theatre,Nhà hát Mariinsky,Мариинский театр,Mariinsky Theatre,Saint Petersburg,theatre,59.925556,30.296111,4.6,2164,Tripadvisor,"~2,5–3 giờ (một buổi diễn).","Tuỳ buổi diễn và chỗ ngồi, khoảng 1.000–8.000+ RUB.",Buổi diễn thường bắt đầu 19:00 (đôi khi có suất matinee); phòng vé ~11:00–19:00.,Mùa diễn (thu–xuân); đặt vé sớm cho vở nổi tiếng.,"https://yandex.com/maps/?pt=30.296111,59.925556&z=17&l=map","https://www.google.com/maps/search/?api=1&query=59.925556,30.296111",https://www.mariinsky.ru,enriched,"Thánh đường của ballet và opera Nga, nơi ra mắt 'Kẹp hạt dẻ' và 'Người đẹp ngủ trong rừng' của Tchaikovsky — khán phòng dát vàng lộng lẫy, quê nhà của đoàn Mariinsky (Kirov)."
saint-petersburg-alexander-nevsky-lavra,Tu viện Aleksandr Nevsky (Lavra),Александро-Невская лавра,Alexander Nevsky Lavra,Saint Petersburg,church,59.921111,30.388889,4.6,413,Tripadvisor,1–2 giờ.,Khuôn viên và thánh đường miễn phí; Nghĩa trang (Tikhvin/Lazarev) ~300–500 RUB.,Khuôn viên & Thánh đường Chúa Ba Ngôi ~6:00–20:00; nghĩa trang bảo tàng ~9:30–18:00.,Buổi sáng để yên tĩnh.,"https://yandex.com/maps/?pt=30.388889,59.921111&z=17&l=map","https://www.google.com/maps/search/?api=1&query=59.921111,30.388889",https://lavra.spb.ru,enriched,"Tu viện Chính thống giáo bậc 'lavra' do Pyotr Đại đế lập năm 1710, với thánh đường Chúa Ba Ngôi tân cổ điển và nghĩa trang nơi Dostoevsky, Tchaikovsky an nghỉ."
saint-petersburg-smolny-cathedral,Nhà thờ Smolny,Смольный собор,Smolny Cathedral,Saint Petersburg,church,59.948611,30.395,4.5,626,Tripadvisor,30–60 phút.,Vào cửa miễn phí (hoan nghênh quyên góp); đài quan sát tháp chuông ~200–360 RUB.,Hằng ngày ~7:00–20:00 (nay là thánh đường Chính thống đang hoạt động).,Ngày nắng để ngắm sắc xanh-trắng; buổi sáng.,"https://yandex.com/maps/?pt=30.395,59.948611&z=17&l=map","https://www.google.com/maps/search/?api=1&query=59.948611,30.395",https://smolnyspb.ru,enriched,"Kiệt tác Baroque xanh-trắng của Rastrelli, khởi công năm 1748 cho Nữ hoàng Elizaveta — mặt ngoài rực rỡ, nội thất sáng bừng, vào cửa miễn phí."
saint-petersburg-yusupov-palace,Cung điện Yusupov (Iu-xu-pốp) bên sông Moika,Юсуповский дворец (на Мойке),Yusupov Palace on the Moika,Saint Petersburg,palace|museum,59.9295,30.2987,4.5,2816,Tripadvisor,"Khoảng 1,5–2 giờ (2–3 giờ nếu đi hết các lộ trình).",Lộ trình 'phòng khánh tiết + Rasputin' khoảng 1.050 rúp; trẻ dưới 7 tuổi miễn phí; phụ phí chụp ảnh khoảng 150 rúp.,"Mở cửa hằng ngày; khu trưng bày nội thất khoảng 10:00–19:30, quầy vé mở 09:30–18:00 (buổi tham quan cuối bắt đầu khoảng 18:00).",Buổi sáng sớm ngay khi mở cửa để tránh đoàn đông và dễ mua vé.,"https://yandex.com/maps/?pt=30.2987,59.9295&z=17&l=map","https://www.google.com/maps/search/?api=1&query=59.9295,30.2987",https://yusupov-palace.ru/en,enriched,"Một dinh thự quý tộc lộng lẫy bên bờ sông Moika, nổi tiếng là nơi hoàng thân Felix Yusupov cùng đồng mưu sát hại 'nhà tiên tri' Rasputin trong đêm cuối năm 1916. Bên trong là chuỗi phòng khách xa hoa, phòng hòa nhạc mạ vàng và một nhà hát rococo tí hon đẹp như mơ."
saint-petersburg-mikhailovsky-castle,Lâu đài Mikhailovsky (Mi-khai-lốp-xki) – Lâu đài Kỹ sư,Михайловский замок (Инженерный замок),Saint Michael's Castle (Mikhailovsky / Engineers' Castle),Saint Petersburg,palace|museum,59.940278,30.337778,4.4,376,Tripadvisor,"Khoảng 1,5–2 giờ.",Người lớn khoảng 500 rúp; sinh viên khoảng 250 rúp; trẻ em miễn phí.,"Thứ Hai, Tư, Sáu, Bảy, Chủ nhật 10:00–18:00; thứ Năm 13:00–21:00; đóng cửa thứ Ba.","Chiều muộn thứ Năm khi lâu đài mở đến 21:00, thường ít khách hơn.","https://yandex.com/maps/?pt=30.337778,59.940278&z=17&l=map","https://www.google.com/maps/search/?api=1&query=59.940278,30.337778",https://rusmuseum.ru,enriched,"Tòa lâu đài đỏ hồng độc đáo được Sa hoàng Pavel I xây làm nơi ở kiên cố vì luôn ám ảnh sợ bị mưu sát. Trớ trêu thay, chỉ 40 ngày sau khi dọn vào, chính ông bị sát hại ngay trong phòng ngủ tại đây năm 1801."
saint-petersburg-stroganov-palace,Cung điện Stroganov (Xtơ-rô-ga-nốp),Строгановский дворец,Stroganov Palace,Saint Petersburg,palace|museum,59.935736,30.320672,4.3,212,Tripadvisor,"Khoảng 1–1,5 giờ.",Vé lẻ khoảng 200–400 rúp; có vé combo nhiều chi nhánh Bảo tàng Nga 350–750 rúp.,"Thứ Hai, Tư, Sáu, Bảy, Chủ nhật 10:00–18:00; thứ Năm 13:00–21:00; đóng cửa thứ Ba.","Ngày thường buổi sáng, khi rất vắng khách.","https://yandex.com/maps/?pt=30.320672,59.935736&z=17&l=map","https://www.google.com/maps/search/?api=1&query=59.935736,30.320672",https://rusmuseum.ru,enriched,"Kiệt tác Baroque màu xanh ngọc do kiến trúc sư Rastrelli thiết kế, tọa lạc ngay góc đại lộ Nevsky và sông Moika. Đây là dinh thự của dòng họ Stroganov quyền quý, cái tên gắn liền với món bò 'beef Stroganoff' trứ danh."
saint-petersburg-sheremetev-palace,Cung điện Sheremetev (Sê-rê-mê-chép) – Nhà Đài Phun Nước (Fontanny Dom),Шереметевский дворец (Фонтанный дом),Sheremetev Palace (Fountain House) – Museum of Music,Saint Petersburg,palace|museum,59.936632,30.34575,4.5,110,Tripadvisor,"Khoảng 1–1,5 giờ.",Vé vào khoảng 250 rúp; thuê audio guide thêm khoảng 100 rúp.,Mở cửa hằng ngày 11:00–19:00 (nhận khách cuối lúc 18:00); đóng cửa thứ Ba và thứ Tư cuối cùng của tháng.,Buổi sáng ngày thường; lý tưởng nếu ghép với một buổi hòa nhạc cổ điển.,"https://yandex.com/maps/?pt=30.34575,59.936632&z=17&l=map","https://www.google.com/maps/search/?api=1&query=59.936632,30.34575",https://theatremuseum.ru,enriched,"Dinh thự Baroque màu vàng của gia tộc bá tước Sheremetev bên bờ sông Fontanka, nay là Bảo tàng Âm nhạc với hơn 3.000 nhạc cụ quý. Trong khuôn viên còn có căn hộ - bảo tàng của nữ thi sĩ Anna Akhmatova, người từng sống nhiều năm tại đây."
saint-petersburg-menshikov-palace,Cung điện Menshikov (Men-si-cốp),Меншиковский дворец,Menshikov Palace,Saint Petersburg,palace|museum,59.939525,30.295545,4.4,270,Tripadvisor,"Khoảng 1–1,5 giờ.",Người lớn khoảng 300 rúp; trẻ em và sinh viên miễn phí; miễn phí cho mọi người vào thứ Năm đầu tháng.,Mở cửa 10:30–18:00 (thứ Tư đến 21:00); đóng cửa thứ Hai.,Buổi sáng ngày thường; kết hợp tham quan Kunstkamera và mũi đất Strelka gần đó.,"https://yandex.com/maps/?pt=30.295545,59.939525&z=17&l=map","https://www.google.com/maps/search/?api=1&query=59.939525,30.295545",https://www.hermitagemuseum.org/visitus/menshikov-palace,enriched,"Tòa nhà đá đầu tiên của Saint Petersburg, xây cho Aleksandr Menshikov, người bạn thân và cánh tay phải của Pyotr Đại đế. Nổi bật với những căn phòng ốp gạch men Hà Lan xanh - trắng độc đáo, nay là chi nhánh của Bảo tàng Hermitage."
saint-petersburg-marble-palace,Cung điện Cẩm Thạch (Marble / Mra-mor-nưi),Мраморный дворец,Marble Palace,Saint Petersburg,palace|museum,59.945178,30.326797,4.1,183,Tripadvisor,Khoảng 1 giờ.,Vé lẻ khoảng 250–500 rúp; vé combo nhiều chi nhánh 350–1.000 rúp.,Mở cửa hằng ngày 10:00–18:00 (thứ Hai đến 17:00); đóng cửa thứ Ba.,Ngày thường; dễ ghép với Vườn Mùa Hè và Cánh đồng Sao Hỏa kế bên.,"https://yandex.com/maps/?pt=30.326797,59.945178&z=17&l=map","https://www.google.com/maps/search/?api=1&query=59.945178,30.326797",https://rusmuseum.ru,enriched,"Cung điện tân cổ điển độc đáo được Nữ hoàng Ekaterina Đại đế ban tặng cho sủng thần Grigori Orlov, ốp bằng 32 loại đá cẩm thạch và đá quý khác nhau. Ngày nay là chi nhánh nghệ thuật đương đại của Bảo tàng Nga."
saint-petersburg-faberge-museum,"Bảo tàng Fabergé (Pha-be-giê), Cung điện Shuvalov (Su-va-lốp)",Музей Фаберже (Шуваловский дворец),Fabergé Museum (Shuvalov Palace),Saint Petersburg,museum|palace,59.934711,30.342863,4.7,4810,Tripadvisor,"Khoảng 1–1,5 giờ.",Người lớn khoảng 500 rúp; sinh viên/trẻ em khoảng 250 rúp; dưới 7 tuổi miễn phí; tour có hướng dẫn khoảng 700 rúp; audio guide khoảng 150 rúp (kèm đặt cọc).,"Mở cửa hầu hết các ngày, khoảng 10:00–20:45 (quầy vé đóng khoảng 20:15; tour có hướng dẫn 10:00–18:00). Lịch có thể thay đổi, nên kiểm tra trước.",Giữa buổi sáng hoặc đầu giờ chiều ngày thường để tránh các đoàn khách.,"https://yandex.com/maps/?pt=30.342863,59.934711&z=17&l=map","https://www.google.com/maps/search/?api=1&query=59.934711,30.342863",https://fabergemuseum.ru/en/,enriched,"Bảo tàng tư nhân lộng lẫy trong cung điện Shuvalov, trưng bày bộ sưu tập trứng Phục Sinh hoàng gia Fabergé danh giá nhất thế giới. Chín quả trứng vàng khảm ngọc từng thuộc về các Sa hoàng Nga là điểm nhấn không thể bỏ lỡ."
saint-petersburg-st-nicholas-naval-cathedral,Nhà thờ Hải quân Thánh Nikolas (Nikolsky Morskoy Sobor),Никольский морской собор,St Nicholas Naval Cathedral,Saint Petersburg,church,59.922499,30.300102,4.6,549,Tripadvisor,"Khoảng 30-45 phút, gồm cả dạo vườn Nikolsky.",Miễn phí (khuyến khích quyên góp tùy tâm).,"Mở cửa hàng ngày, khoảng 6:30-20:00; lễ sáng lúc 7:00 và lễ chiều lúc 18:00 (giờ có thể thay đổi theo lịch phụng vụ).",Sáng sớm hoặc lúc hoàng hôn; mùa thu lá vàng làm nổi bật tường xanh.,"https://yandex.com/maps/?pt=30.300102,59.922499&z=17&l=map","https://www.google.com/maps/search/?api=1&query=59.922499,30.300102",https://nikolskiysobor.ru/,enriched,"Nhà thờ Hải quân Thánh Nikolas là một trong những viên ngọc baroque thời Nữ hoàng Elizabeth đẹp nhất Saint Petersburg, nổi bật với tường xanh da trời, chi tiết trắng và năm mái vòm dát vàng. Đây là thánh đường chính của Hải quân Nga trong nhiều thế kỷ và là một trong số ít nhà thờ không bao giờ đóng cửa suốt thời Xô Viết lẫn cuộc phong tỏa Leningrad."
saint-petersburg-trinity-izmailovsky-cathedral,Nhà thờ Chúa Ba Ngôi Trung đoàn Izmailovsky (Troitse-Izmailovsky Sobor),Троице-Измайловский собор,Trinity-Izmailovsky Cathedral,Saint Petersburg,church,59.916451,30.305825,4.5,143,Tripadvisor,Khoảng 30-45 phút.,Miễn phí (quyên góp tùy tâm).,"Mở cửa hàng ngày, khoảng 9:00-19:00 (có thể thay đổi theo lịch lễ).",Ngày nắng để mái vòm xanh và sao vàng rực rỡ nhất.,"https://yandex.com/maps/?pt=30.305825,59.916451&z=17&l=map","https://www.google.com/maps/search/?api=1&query=59.916451,30.305825",https://izmsobor.ru/,enriched,"Nhà thờ Chúa Ba Ngôi của Trung đoàn Izmailovsky là một đại giáo đường tân cổ điển hùng vĩ, nổi bật với năm mái vòm xanh thẫm điểm những ngôi sao vàng. Khi hoàn thành năm 1835, đây từng là một trong những nhà thờ lớn nhất Đế quốc Nga."
saint-petersburg-chesme-church,Nhà thờ Chesme (Chesmenskaya Tserkov),Чесменская церковь,Chesme Church,Saint Petersburg,church,59.856939,30.330942,4.5,123,Tripadvisor,Khoảng 20-30 phút.,Miễn phí.,"Mở cửa hàng ngày, khoảng 9:00-19:00 (giờ lễ có thể thay đổi).",Ban ngày trời sáng để chụp trọn sắc hồng của mặt tiền.,"https://yandex.com/maps/?pt=30.330942,59.856939&z=17&l=map","https://www.google.com/maps/search/?api=1&query=59.856939,30.330942",https://chesma.spb.ru/,enriched,Nhà thờ Chesme là một viên kẹo kiến trúc hiếm có của Saint Petersburg: mặt tiền hồng - trắng theo phong cách Gothic giả với những sọc dọc và tháp nhọn trông như một chiếc bánh cưới. Công trình do Nữ hoàng Ekaterina II cho xây để mừng chiến thắng hải quân Chesme trước hạm đội Thổ năm 1770.
saint-petersburg-vladimirsky-cathedral,Nhà thờ Đức Mẹ Vladimir (Vladimirsky Sobor),Владимирский собор,Vladimirsky Cathedral (Cathedral of the Vladimir Icon of the Mother of God),Saint Petersburg,church,59.928181,30.348459,4.5,83,Tripadvisor,Khoảng 30-45 phút (thêm 15-20 phút nếu lên tháp chuông).,Vào nhà thờ miễn phí; đài quan sát tháp chuông khoảng 300 rúp.,"Nhà thờ mở cửa hàng ngày, khoảng 8:00-20:00; đài quan sát tháp chuông có giờ riêng.",Cuối buổi chiều đến hoàng hôn để ngắm cảnh từ tháp chuông.,"https://yandex.com/maps/?pt=30.348459,59.928181&z=17&l=map","https://www.google.com/maps/search/?api=1&query=59.928181,30.348459",https://vladimirsobor.spb.ru/,enriched,"Nhà thờ Đức Mẹ Vladimir là một đại giáo đường năm vòm hai tầng chuyển tiếp giữa baroque và tân cổ điển, nổi tiếng với iconostasis baroque lộng lẫy. Đây từng là giáo xứ của văn hào Dostoevsky, và tháp chuông của nhà thờ có đài quan sát ngắm toàn cảnh thành phố."
saint-petersburg-saint-petersburg-cathedral-mosque,Nhà thờ Hồi giáo lớn Saint Petersburg (Sankt-Peterburgskaya Sobornaya Mechet),Санкт-Петербургская соборная мечеть,Saint Petersburg Cathedral Mosque,Saint Petersburg,other,59.955178,30.323926,4.2,211,Tripadvisor,Khoảng 30-45 phút.,Miễn phí (nên đi theo tour có hướng dẫn để được vào bên trong).,"Mở cửa hàng ngày nhưng khách tham quan chỉ vào ngoài giờ cầu nguyện, thường khoảng 10:00-17:00; hạn chế vào thứ Sáu và các giờ lễ.","Buổi sáng ngày thường, tránh giờ cầu nguyện và thứ Sáu.","https://yandex.com/maps/?pt=30.323926,59.955178&z=17&l=map","https://www.google.com/maps/search/?api=1&query=59.955178,30.323926",https://dum-spb.ru/,enriched,"Nhà thờ Hồi giáo lớn Saint Petersburg gây ấn tượng mạnh với mái vòm gốm sứ xanh da trời và hai tháp giáo đường cao 49 mét, lấy cảm hứng từ các thánh tích Trung Á. Khi khánh thành năm 1913, đây là nhà thờ Hồi giáo lớn nhất châu Âu bên ngoài Thổ Nhĩ Kỳ."
saint-petersburg-grand-choral-synagogue,Đại Giáo đường Do Thái Hợp xướng (Bolshaya Khoralnaya Sinagoga),Большая хоральная синагога,Grand Choral Synagogue,Saint Petersburg,other,59.924727,30.291758,4.5,168,Tripadvisor,Khoảng 45-60 phút nếu tham gia tour.,Vào cửa miễn phí; tour có hướng dẫn thu phí nhỏ hoặc quyên góp.,"Mở cửa Chủ nhật đến thứ Sáu, khoảng 10:00-18:00; đóng cửa thứ Bảy (ngày Sabbath) và các ngày lễ Do Thái.",Buổi sáng các ngày trong tuần (trừ thứ Bảy).,"https://yandex.com/maps/?pt=30.291758,59.924727&z=17&l=map","https://www.google.com/maps/search/?api=1&query=59.924727,30.291758",https://sinagoga.jeps.ru/,enriched,"Đại Giáo đường Do Thái Hợp xướng là hội đường Do Thái lớn nhất nước Nga và một trong những công trình lớn nhất châu Âu, nổi bật với kiến trúc Phục hưng Moorish tráng lệ. Khánh thành năm 1893, nơi đây còn nổi tiếng với căn phòng cưới có hiệu ứng vọng âm kỳ lạ."
saint-petersburg-feodorovsky-cathedral,Nhà thờ Feodorovsky (Feodorovsky Sobor),Феодоровский собор,Feodorovsky Cathedral (Cathedral of the Feodorovskaya Icon of the Mother of God),Saint Petersburg,church,59.925945,30.36871,4.8,71,Tripadvisor,Khoảng 45-60 phút cho cả hai tầng nhà thờ.,Miễn phí (quyên góp tùy tâm).,"Mở cửa hàng ngày, khoảng 9:00-20:00 (giờ có thể thay đổi theo lịch lễ).",Ban ngày để thấy rõ các chi tiết chạm khắc và mái vòm.,"https://yandex.com/maps/?pt=30.36871,59.925945&z=17&l=map","https://www.google.com/maps/search/?api=1&query=59.925945,30.36871",https://feosobor.ru/,enriched,"Nhà thờ Feodorovsky là một đại giáo đường theo phong cách Tân-Nga được xây để mừng 300 năm vương triều Romanov, gợi nhớ kiến trúc cổ của vùng Rostov và Suzdal. Công trình có năm mái vòm mạ vàng, tường đá trắng chạm khắc và cả một bức tường thành kiểu điện Kremlin bao quanh."
saint-petersburg-spit-of-vasilievsky-island-rostral-columns,Mũi đảo Vasilievsky và Cột Rostral (Strelka Vasilyevskogo ostrova),Стрелка Васильевского острова (Ростральные колонны),Spit of Vasilievsky Island with the Rostral Columns,Saint Petersburg,monument|square_street,59.943103,30.306862,4.3,188,Tripadvisor,Khoảng 20-40 phút.,Miễn phí.,"Không gian ngoài trời, mở cửa tự do 24/7 quanh năm.",Hoàng hôn hoặc đêm trắng mùa hè; đặc biệt đẹp vào các ngày lễ khi cột được thắp lửa.,"https://yandex.com/maps/?pt=30.306862,59.943103&z=17&l=map","https://www.google.com/maps/search/?api=1&query=59.943103,30.306862",,enriched,"Mũi đất phía đông của đảo Vasilievsky, nơi sông Neva tách thành hai nhánh, là một trong những góc nhìn ngoạn mục nhất của Saint Petersburg. Tại đây, hai Cột Rostral màu đỏ gạch vươn cao, được trang trí bằng mũi tàu chiến và những pho tượng tượng trưng cho các dòng sông lớn của nước Nga."
saint-petersburg-anichkov-bridge,Cầu Anichkov (Anichkov most),Аничков мост,Anichkov Bridge,Saint Petersburg,bridge|monument,59.933333,30.343333,4.6,1339,Tripadvisor,Khoảng 15-30 phút.,Miễn phí.,"Cầu công cộng ngoài trời, tham quan tự do mọi lúc.",Buổi sáng sớm hoặc chiều muộn để tránh đông và có ánh sáng đẹp chụp tượng.,"https://yandex.com/maps/?pt=30.343333,59.933333&z=17&l=map","https://www.google.com/maps/search/?api=1&query=59.933333,30.343333",,enriched,"Cầu Anichkov bắc qua sông Fontanka ngay trên đại lộ Nevsky sầm uất, nổi tiếng nhờ bốn cụm tượng đồng 'Người thuần ngựa' của nhà điêu khắc Pyotr Klodt. Đây là một trong những cây cầu được yêu thích và chụp ảnh nhiều nhất Saint Petersburg."
saint-petersburg-bank-bridge,Cầu Ngân Hàng với tượng griffin vàng (Bankovsky most),Банковский мост,Bank Bridge,Saint Petersburg,bridge|monument,59.931944,30.324722,4.6,166,Tripadvisor,Khoảng 10-20 phút.,Miễn phí.,"Cầu đi bộ công cộng, mở cửa tự do 24/7.","Sáng sớm để có không gian yên tĩnh chụp ảnh, hoặc buổi tối khi cánh griffin ánh vàng dưới đèn.","https://yandex.com/maps/?pt=30.324722,59.931944&z=17&l=map","https://www.google.com/maps/search/?api=1&query=59.931944,30.324722",,enriched,"Cầu Ngân Hàng là cây cầu treo dành cho người đi bộ nhỏ xinh bắc qua kênh Griboedov, nổi bật với bốn tượng griffin mạ vàng đôi cánh. Đây là một trong những cây cầu lãng mạn và được chụp ảnh nhiều nhất thành phố."
saint-petersburg-singer-house-house-of-books,Nhà Singer / Nhà Sách (Dom Zingera / Dom Knigi),Дом Зингера (Дом книги),Singer House (House of Books),Saint Petersburg,other,59.935833,30.325556,4.4,286,Tripadvisor,Khoảng 30-60 phút.,Miễn phí (vào cửa hiệu sách và ngắm nội thất không mất phí).,Ngắm mặt ngoài tự do mọi lúc; hiệu sách Dom Knigi mở cửa 9:00-23:00 hằng ngày.,"Buổi tối khi tòa nhà và quả cầu thủy tinh lên đèn, hoặc ghé Café Singer lúc chiều.","https://yandex.com/maps/?pt=30.325556,59.935833&z=17&l=map","https://www.google.com/maps/search/?api=1&query=59.935833,30.325556",https://www.spbdk.ru/,enriched,"Nhà Singer là một kiệt tác kiến trúc Tân nghệ thuật (Art Nouveau) trên đại lộ Nevsky, nổi bật với mái vòm kính và quả cầu thủy tinh trên đỉnh. Ngày nay tòa nhà là Dom Knigi - hiệu sách lớn nhất thành phố - cùng một quán cà phê nhìn ra Nhà thờ Kazan."
saint-petersburg-eliseyev-emporium,Cửa hàng Eliseyev (Yeliseyevsky magazin),Елисеевский магазин,Eliseyev Emporium,Saint Petersburg,other,59.934167,30.3375,4.5,1242,Tripadvisor,Khoảng 20-40 phút.,Miễn phí (chỉ trả tiền nếu mua hàng hoặc dùng đồ tại quán).,Mở cửa hằng ngày 10:00-23:00.,Buổi tối khi mặt tiền và ô cửa 'Kẹp Hạt Dẻ' lên đèn rực rỡ.,"https://yandex.com/maps/?pt=30.3375,59.934167&z=17&l=map","https://www.google.com/maps/search/?api=1&query=59.934167,30.3375",https://www.kupetzeliseevs.ru/en/,enriched,"Cửa hàng Eliseyev là một 'thánh đường ẩm thực' theo phong cách Art Nouveau lộng lẫy trên đại lộ Nevsky, mở cửa từ năm 1903. Bên trong bày bán đủ loại đặc sản cao cấp giữa không gian đèn chùm pha lê và trang trí xa hoa như một cung điện."
saint-petersburg-field-of-mars,Cánh đồng Sao Hỏa (Marsovo pole),Марсово поле,Field of Mars,Saint Petersburg,park_garden|monument,59.943611,30.331667,4.0,192,Tripadvisor,Khoảng 20-40 phút.,Miễn phí.,"Công viên công cộng ngoài trời, mở cửa tự do 24/7.","Cuối tháng 5 - đầu tháng 6 khi tử đinh hương nở, hoặc mùa đêm trắng.","https://yandex.com/maps/?pt=30.331667,59.943611&z=17&l=map","https://www.google.com/maps/search/?api=1&query=59.943611,30.331667",,enriched,"Cánh đồng Sao Hỏa là một quảng trường - công viên rộng lớn ở trung tâm Saint Petersburg, từng là nơi duyệt binh thời Sa hoàng. Ngày nay đây là không gian xanh yên bình với đài tưởng niệm và Ngọn lửa Vĩnh cửu đầu tiên của nước Nga."
saint-petersburg-trinity-bridge,Cầu Trinity / Cầu Ba Ngôi (Troitsky most),Троицкий мост,Trinity Bridge,Saint Petersburg,bridge,59.948753,30.327406,4.4,192,Tripadvisor,Khoảng 20-40 phút.,Miễn phí.,"Cầu công cộng, qua lại tự do cả ngày; nhịp cầu nâng lên vào ban đêm (khoảng 1h20-4h50 sáng).",Hoàng hôn hoặc đêm trắng mùa hè; xem cầu mở về khuya.,"https://yandex.com/maps/?pt=30.327406,59.948753&z=17&l=map","https://www.google.com/maps/search/?api=1&query=59.948753,30.327406",,enriched,"Cầu Trinity là một trong những cây cầu đẹp và dài nhất bắc qua sông Neva, khánh thành năm 1903 theo phong cách Tân nghệ thuật. Cầu nổi bật với những cột đèn hình nến, tháp trang trí và tầm nhìn tuyệt đẹp ra trung tâm lịch sử của Saint Petersburg."
saint-petersburg-alexandrinsky-theatre,Nhà hát Alexandrinsky (A-lếch-xan-đrin-xki),Александринский театр,Alexandrinsky Theatre,Saint Petersburg,theatre,59.931801,30.336201,4.0,433,Tripadvisor,"Khoảng 2-3 giờ cho một buổi diễn, hoặc 1 giờ nếu tham gia tour tham quan.","Giá vé tùy theo vở diễn và vị trí ghế, dao động từ vài trăm đến vài nghìn RUB.","Phòng vé mở ban ngày, các buổi diễn thường bắt đầu lúc 19:00; suất chiều diễn ra vào cuối tuần. Nên xem lịch diễn cụ thể trên trang chính thức.",Buổi tối để xem trọn một vở kịch; đặt vé trước vài tuần với các vở nổi tiếng.,"https://yandex.com/maps/?pt=30.336201,59.931801&z=17&l=map","https://www.google.com/maps/search/?api=1&query=59.931801,30.336201",https://alexandrinsky.ru,enriched,"Nhà hát kịch quốc gia lâu đời nhất nước Nga, ra đời năm 1756, tọa lạc giữa Quảng trường Ostrovsky trên Đại lộ Nevsky. Tòa nhà tân cổ điển do kiến trúc sư Carlo Rossi thiết kế, nổi bật với cỗ xe thần Apollo trên nóc và tượng Nữ hoàng Ekaterina II phía trước."
saint-petersburg-mikhailovsky-theatre,Nhà hát Mikhailovsky (Mi-khai-lốp-xki),Михайловский театр,Mikhailovsky Theatre,Saint Petersburg,theatre,59.93778,30.32944,4.6,879,Tripadvisor,"Khoảng 2-3 giờ cho một buổi diễn, đã tính thời gian nghỉ giải lao.","Giá vé tùy vở diễn và hạng ghế, khoảng từ 1.000 RUB đến trên 10.000 RUB cho các ghế đẹp.","Phòng vé mở cửa ban ngày; các buổi diễn opera và ballet thường bắt đầu lúc 19:00. Lịch diễn thay đổi theo mùa, nên tra cứu trước trên trang chính thức.",Buổi tối; nên đặt vé trước với các vở ballet kinh điển hoặc mùa cao điểm.,"https://yandex.com/maps/?pt=30.32944,59.93778&z=17&l=map","https://www.google.com/maps/search/?api=1&query=59.93778,30.32944",https://mikhailovsky.ru,enriched,"Một trong những nhà hát opera và ballet danh giá nhất Saint Petersburg, khánh thành năm 1833 bên Quảng trường Nghệ thuật. Mặt tiền giản dị hòa vào tổng thể quảng trường, nhưng bên trong là khán phòng dát vàng lộng lẫy nổi tiếng với âm học tuyệt vời."
saint-petersburg-erarta-museum,Bảo tàng Nghệ thuật Đương đại Erarta (Ê-rác-ta),Музей Эрарта,Erarta Museum of Contemporary Art,Saint Petersburg,museum,59.931944,30.251667,4.6,1227,Tripadvisor,Khoảng 2-3 giờ để tham quan trọn năm tầng.,Vé tham quan một lần khoảng 1.500 RUB (đã gồm máy thuyết minh); giá ưu đãi 600-900 RUB cho trẻ em và người trên 60 tuổi; trẻ dưới 4 tuổi miễn phí.,"Mở cửa tất cả các ngày trừ Thứ Ba, từ 11:00 đến 23:00.",Ngày thường hoặc buổi tối muộn để tránh đông; bảo tàng mở đến 23:00 rất thuận tiện.,"https://yandex.com/maps/?pt=30.251667,59.931944&z=17&l=map","https://www.google.com/maps/search/?api=1&query=59.931944,30.251667",https://www.erarta.com,enriched,"Bảo tàng nghệ thuật đương đại tư nhân lớn nhất nước Nga, khai trương năm 2010 trên Đảo Vasilyevsky. Năm tầng trưng bày với hơn 2.800 tác phẩm tranh, điêu khắc, video art và các dự án thể nghiệm độc đáo."
saint-petersburg-new-holland-island,Đảo Tân Hà Lan (Novaya Gollandiya),Новая Голландия,New Holland Island,Saint Petersburg,park_garden,59.928889,30.29,4.2,549,Tripadvisor,"Khoảng 1,5-3 giờ để dạo chơi, ăn uống và tận hưởng không gian.","Vào cửa hoàn toàn miễn phí (chỉ trả phí cho đồ ăn, sự kiện hoặc hoạt động riêng).",Thứ Hai đến Thứ Năm: 9:00-22:00; Thứ Sáu đến Chủ Nhật: 9:00-23:00. Ngừng nhận khách trước giờ đóng cửa 30 phút.,Mùa hè và mùa Đêm Trắng để tận hưởng ngoài trời; mùa đông có sân trượt băng lãng mạn.,"https://yandex.com/maps/?pt=30.29,59.928889&z=17&l=map","https://www.google.com/maps/search/?api=1&query=59.928889,30.29",https://www.newhollandsp.ru,enriched,"Hòn đảo nhân tạo hình tam giác giữa lòng Saint Petersburg, hình thành từ thời Pyotr Đại đế và từng là kho gỗ đóng tàu của hải quân. Sau nhiều thế kỷ đóng kín, đảo được cải tạo và mở cửa năm 2016 thành không gian công cộng hiện đại, vào cửa miễn phí."
saint-petersburg-cruiser-aurora,Tuần dương hạm Rạng Đông (Aurora / Av-rô-ra),Крейсер «Аврора»,Cruiser Aurora,Saint Petersburg,museum|monument,59.955276,30.338055,4.1,897,Tripadvisor,"Khoảng 1-1,5 giờ để tham quan boong và các khoang trưng bày.","Vé người lớn khoảng 600 RUB; học sinh, sinh viên và trẻ em khoảng 400 RUB.","Thứ Tư đến Chủ Nhật, khoảng 10:00-18:00; đóng cửa Thứ Hai và Thứ Ba. Nên kiểm tra giờ mở cửa theo mùa trước khi đến.",Buổi sáng các ngày trong tuần để tránh đông và có ánh sáng đẹp chụp ảnh.,"https://yandex.com/maps/?pt=30.338055,59.955276&z=17&l=map","https://www.google.com/maps/search/?api=1&query=59.955276,30.338055",https://navalmuseum.ru,enriched,"Con tàu chiến huyền thoại neo bên bờ kè Petrogradskaya, biểu tượng của Cách mạng Tháng Mười Nga 1917. Hạ thủy năm 1900, nay là tàu bảo tàng thuộc Bảo tàng Hải quân Trung ương."
saint-petersburg-zoological-museum,Bảo tàng Động vật học (Zoologichesky),Зоологический музей,Zoological Museum,Saint Petersburg,museum,59.942372,30.305456,4.3,332,Tripadvisor,"Khoảng 1,5-2,5 giờ tùy mức độ quan tâm.","Vé người lớn khoảng 350 RUB; có ưu đãi cho học sinh, sinh viên và trẻ em.","Mở cửa Thứ Tư đến Thứ Hai, 11:00-18:00; đóng cửa Thứ Ba.",Buổi sáng ngày thường để tránh đông khách và không khí bớt ngột ngạt.,"https://yandex.com/maps/?pt=30.305456,59.942372&z=17&l=map","https://www.google.com/maps/search/?api=1&query=59.942372,30.305456",https://www.zin.ru/departments/museum/index_en.html,enriched,"Một trong những bảo tàng động vật lớn và lâu đời nhất thế giới, nằm trên bờ kè Universitetskaya cạnh Kunstkamera. Thuộc Viện Động vật học Viện Hàn lâm Khoa học Nga, nổi tiếng với bộ sưu tập voi ma mút bậc nhất hành tinh."
saint-petersburg-russian-museum-of-ethnography,Bảo tàng Dân tộc học Nga (Rossiysky Etnografichesky),Российский этнографический музей,Russian Museum of Ethnography,Saint Petersburg,museum,59.937778,30.334167,4.6,357,Tripadvisor,"Khoảng 1,5-2,5 giờ để tham quan các gian chính.","Vé người lớn khoảng 300-400 RUB; có ưu đãi cho học sinh, sinh viên và trẻ em.","Thứ Ba đến Chủ Nhật, khoảng 10:00-18:00; đóng cửa Thứ Hai. Một số ngày có thể mở muộn hơn, nên kiểm tra trước.",Ngày thường buổi sáng; có thể kết hợp cùng Bảo tàng Nga ngay bên cạnh.,"https://yandex.com/maps/?pt=30.334167,59.937778&z=17&l=map","https://www.google.com/maps/search/?api=1&query=59.937778,30.334167",https://ethnomuseum.ru,enriched,"Kho tàng văn hóa của hơn 150 dân tộc từng sinh sống trên lãnh thổ Đế quốc Nga, đặt trong tòa nhà tân cổ điển cạnh Bảo tàng Nga. Được xây dựng giai đoạn 1902-1911, nơi đây lưu giữ gần nửa triệu hiện vật về đời sống và phong tục."
saint-petersburg-gatchina-palace,Cung điện và Công viên Gatchina (Gatchinsky dvorets),Гатчинский дворец,Gatchina Palace and Park,Saint Petersburg,palace|park_garden,59.563889,30.108056,4.6,728,Tripadvisor,Khoảng 3–4 giờ cho cả cung điện và công viên.,Vé vào cung điện khoảng 450 rúp/người lớn; dạo công viên miễn phí.,"Mở cửa thứ Ba–Chủ nhật 10:00–18:00 (phòng vé đóng lúc 17:00), nghỉ thứ Hai. Công viên mở tự do hằng ngày.",Cuối xuân đến đầu thu khi công viên xanh mát; nên đi buổi sáng để tránh đông.,"https://yandex.com/maps/?pt=30.108056,59.563889&z=17&l=map","https://www.google.com/maps/search/?api=1&query=59.563889,30.108056",https://gatchinapalace.ru/en/,enriched,"Cung điện Gatchina là một trong những dinh thự hoàng gia ngoạn mục nhất ở ngoại ô phía nam Saint Petersburg, mang dáng dấp một lâu đài trung cổ bằng đá. Được kiến trúc sư Antonio Rinaldi xây dựng cho Bá tước Grigory Orlov, nơi đây sau này trở thành nơi ở yêu thích của Sa hoàng Pavel I."
saint-petersburg-oranienbaum-lomonosov,Cung điện và Công viên Oranienbaum (Lomonosov),Ораниенбаум,Oranienbaum (Lomonosov) Palace and Park,Saint Petersburg,palace|park_garden,59.914903,29.753956,4.6,484,Tripadvisor,Khoảng 3–5 giờ nếu tham quan cả công viên lẫn các cung điện.,"Vé vào công viên khoảng 450 rúp; mỗi cung điện (Trung Hoa, Menshikov...) khoảng 750 rúp tính riêng.",Công viên mở hằng ngày (thường 09:00–20:00 vào mùa hè); các cung điện mở theo khung giờ cố định và nghỉ một số ngày trong tuần.,Mùa hè để tận hưởng công viên; nên đến sớm và mua vé cung điện trước theo khung giờ.,"https://yandex.com/maps/?pt=29.753956,59.914903&z=17&l=map","https://www.google.com/maps/search/?api=1&query=59.914903,29.753956",https://peterhofmuseum.ru/,enriched,"Oranienbaum là quần thể cung điện – công viên hoàng gia ở thị trấn Lomonosov bên bờ vịnh Phần Lan, nổi tiếng vì là dinh thự ngoại ô duy nhất quanh Saint Petersburg không bị Đức Quốc xã tàn phá trong Thế chiến. Nơi đây lưu giữ Cung điện Trung Hoa lộng lẫy và Cung điện Menshikov nguy nga."
saint-petersburg-kronstadt-naval-cathedral,Nhà thờ Hải quân Thánh Nikolai ở Kronstadt (Morskoy Nikolsky sobor),"Морской Никольский собор, Кронштадт",Naval Cathedral of Saint Nicholas in Kronstadt,Saint Petersburg,church,59.991667,29.777778,4.8,2749,Tripadvisor,"Khoảng 1–1,5 giờ cho nhà thờ, thêm thời gian dạo quanh Kronstadt.",Vào cửa tự do (có hòm công đức); một số tour hướng dẫn hoặc lên gác/tháp có thể tính phí.,"Mở cửa hằng ngày, thường khoảng 10:00–18:00; giờ hành lễ có thể sớm hơn. Nên kiểm tra lịch lễ trước khi đến.",Ban ngày trời quang để ngắm mái vòm và cảnh biển; tránh giờ hành lễ nếu chỉ tham quan.,"https://yandex.com/maps/?pt=29.777778,59.991667&z=17&l=map","https://www.google.com/maps/search/?api=1&query=59.991667,29.777778",,enriched,"Tọa lạc trên đảo Kotlin, Nhà thờ Hải quân Kronstadt là thánh đường chính của Hải quân Nga và là công trình theo phong cách Tân Byzantine hùng vĩ nhất nước. Mái vòm khổng lồ cùng nội thất trang trí họa tiết mỏ neo và biển cả tưởng niệm những thủy thủ đã ngã xuống."
saint-petersburg-vitebsky-railway-station,Ga xe lửa Vitebsky (Vitebsky vokzal),Витебский вокзал,Vitebsky Railway Station,Saint Petersburg,other,59.9199,30.3289,4.5,113,Tripadvisor,Khoảng 30–45 phút để ngắm và chụp ảnh nội thất.,Miễn phí tham quan khu vực sảnh (không cần mua vé tàu).,"Là nhà ga đang hoạt động, mở cửa cho khách gần như cả ngày; có thể vào tham quan khu sảnh tự do.",Ban ngày khi ánh sáng tự nhiên chiếu qua cửa kính; tránh giờ cao điểm đi lại.,"https://yandex.com/maps/?pt=30.3289,59.9199&z=17&l=map","https://www.google.com/maps/search/?api=1&query=59.9199,30.3289",,enriched,"Vitebsky là nhà ga xe lửa đầu tiên của nước Nga và là một kiệt tác kiến trúc Art Nouveau (Modern) tuyệt đẹp. Bên trong là những cầu thang uốn lượn, kính màu, đèn chùm và sảnh chờ được ví như một trong những phòng chờ ga tàu đẹp nhất thế giới."
saint-petersburg-sennaya-square,Quảng trường Sennaya (Sennaya ploshchad),Сенная площадь,Sennaya Square (Haymarket Square),Saint Petersburg,square_street,59.926944,30.318333,3.7,121,Tripadvisor,"Khoảng 30–45 phút, hoặc lâu hơn nếu đi bộ theo tuyến 'dấu chân Dostoevsky'.",Miễn phí.,"Quảng trường ngoài trời, mở cửa tự do 24/7.",Ban ngày để an toàn và dễ ngắm cảnh; kết hợp tham quan cùng Bảo tàng Dostoevsky gần đó.,"https://yandex.com/maps/?pt=30.318333,59.926944&z=17&l=map","https://www.google.com/maps/search/?api=1&query=59.926944,30.318333",,enriched,"Sennaya (Quảng trường Cỏ khô) là một trong những quảng trường lâu đời và sôi động nhất Saint Petersburg, đồng thời là trái tim của 'khu phố Dostoevsky'. Chính nơi đây cùng những con hẻm chật chội quanh nó đã trở thành bối cảnh cho tiểu thuyết 'Tội ác và Trừng phạt'."
saint-petersburg-dostoevsky-museum,Bảo tàng Văn học – Tưởng niệm F.M. Dostoevsky (Muzey Dostoevskogo),Литературно-мемориальный музей Ф. М. Достоевского,F. M. Dostoevsky Literary Memorial Museum,Saint Petersburg,museum,59.92722,30.35083,4.4,298,Tripadvisor,"Khoảng 1–1,5 giờ (có thể tới 2 giờ nếu nghe hết audio guide).","Vé vào cửa tính bằng rúp Nga (khoảng 300 rúp/người lớn); có mức ưu đãi cho học sinh, sinh viên; audio guide tính thêm.","Thứ Ba, thứ Năm–Chủ nhật 11:00–18:00 (phòng vé đến 17:30); thứ Tư 13:00–20:00; nghỉ thứ Hai.",Buổi sáng các ngày trong tuần để tránh đông; kết hợp dạo khu phố Dostoevsky quanh Kuznechny và Sennaya.,"https://yandex.com/maps/?pt=30.35083,59.92722&z=17&l=map","https://www.google.com/maps/search/?api=1&query=59.92722,30.35083",https://www.md.spb.ru/,enriched,"Đây là căn hộ nơi văn hào Fyodor Dostoevsky đã sống những năm cuối đời, viết nên kiệt tác 'Anh em nhà Karamazov' và trút hơi thở cuối cùng vào tháng 1 năm 1881. Bảo tàng tái hiện chân thực không gian sống và thế giới nội tâm của nhà văn."
saint-petersburg-pushkin-apartment-museum,"Bảo tàng – Căn hộ A.S. Pushkin, Moika 12 (Muzey-kvartira A.S. Pushkina)",Музей-квартира А. С. Пушкина,Pushkin Apartment Museum (Moika 12),Saint Petersburg,museum,59.94101,30.321517,4.5,626,Tripadvisor,"Khoảng 1–1,5 giờ.","Vé vào cửa khoảng 800 rúp/người lớn; miễn phí vào một số ngày kỷ niệm (6/6, 10/2).",Mở cửa 10:30–18:00 (nhận khách cuối lúc 17:00); nghỉ thứ Ba và thứ Sáu cuối cùng của tháng.,Buổi sáng giữa tuần để tránh đông; nên đặt vé hoặc tour trước vào mùa cao điểm (tháng 5–9).,"https://yandex.com/maps/?pt=30.321517,59.94101&z=17&l=map","https://www.google.com/maps/search/?api=1&query=59.94101,30.321517",https://www.museumpushkin.ru/,enriched,"Căn hộ tại số 12 kè sông Moika là nơi đại thi hào Aleksandr Pushkin sống những tháng cuối đời và qua đời sau cuộc đấu súng định mệnh năm 1837. Ngày nay, nơi đây là một trong những bảo tàng tưởng niệm thiêng liêng bậc nhất với người Nga."
sakha-lena-pillars,Cột đá Lena (Len-xki-ê Xtôn-bư),Ленские столбы,Lena Pillars Nature Park,Cộng hoà Sakha (Yakutia),park_garden,61.14619,127.58471,4.9,110,Tripadvisor,Thường là hành trình tàu 2 ngày; thời gian dừng chân leo núi khoảng 2–3 giờ,"Chi phí chính là tour du thuyền từ Yakutsk, khoảng từ 12.000 rúp cho chuyến 2 ngày; ngoài ra có phí vào vườn quốc gia","Tham quan theo tour tàu, chủ yếu vào mùa hè (tháng 6–9) khi sông thông thuyền; mùa đông có tour trên mặt sông băng",Tháng 6–9 cho cảnh xanh mát và đi tàu; cuối tháng 9 lá vàng rực rỡ,"https://yandex.com/maps/?pt=127.58471,61.14619&z=17&l=map","https://www.google.com/maps/search/?api=1&query=61.14619,127.58471",https://lena-pillars.ru,enriched,"Bức tường đá vôi khổng lồ cao 150–300 mét dựng đứng suốt hàng chục cây số bên bờ sông Lena, được UNESCO công nhận là Di sản Thế giới năm 2012. Kỳ quan địa chất nửa tỷ năm tuổi này chỉ có thể chiêm ngưỡng trọn vẹn từ boong tàu xuôi dòng Lena hùng vĩ."
sakha-kingdom-of-permafrost-yakutsk,Vương quốc Băng vĩnh cửu (Tsar-xtvô Vê-tsnôi Mer-lô-tư),Царство вечной мерзлоты,Permafrost Kingdom,Cộng hoà Sakha (Yakutia),museum|other,62.04405,129.62425,4.6,246,Tripadvisor,Khoảng 40–60 phút tham quan bên trong hầm băng,"Vé vào cửa khoảng 500 rúp/người, đã gồm mượn áo ấm và ủng","Thường mở cửa hằng ngày khoảng 10:00–19:00; nên gọi đặt trước, nhất là ngoài mùa cao điểm",Quanh năm; đặc biệt hấp dẫn vào mùa hè khi bên ngoài nóng mà bên trong vẫn băng giá,"https://yandex.com/maps/?pt=129.62425,62.04405&z=17&l=map","https://www.google.com/maps/search/?api=1&query=62.04405,129.62425",,enriched,"Đường hầm khoét sâu vào lòng ngọn đồi băng vĩnh cửu, nơi nhiệt độ quanh năm dưới 0°C và trưng bày hàng loạt tác phẩm điêu khắc từ băng. Một thế giới mùa đông kỳ ảo ngay giữa mùa hè Yakutsk."
sakha-oymyakon-pole-of-cold,Làng Oymyakon – Cực lạnh (Ôi-mi-a-côn),Оймякон (Полюс холода),Oymyakon (Pole of Cold),Cộng hoà Sakha (Yakutia),monument|other,63.46083,142.78583,,,,Thường là tour 2–5 ngày do đường xa; riêng đi đường mỗi chiều mất khoảng 2 ngày,Vào làng và chụp ảnh bia miễn phí; chi phí lớn nằm ở tour trọn gói và thuê xe từ Yakutsk,Làng và tấm bia Cực lạnh tham quan tự do suốt ngày; hầu hết chuyến đi tổ chức vào mùa đông để cảm nhận cái lạnh kỷ lục,Tháng 12–2 để trải nghiệm cái lạnh cực đoan; mùa hè dễ đi lại hơn nhưng mất đi 'chất' băng giá,"https://yandex.com/maps/?pt=142.78583,63.46083&z=17&l=map","https://www.google.com/maps/search/?api=1&query=63.46083,142.78583",,enriched,"Ngôi làng được mệnh danh là nơi có người ở lạnh nhất hành tinh, từng ghi nhận -67,7°C. Một tấm bia 'Cực lạnh' giữa làng đánh dấu kỷ lục băng giá huyền thoại của vùng Viễn Đông Siberia."
sakha-mammoth-museum-yakutsk,Bảo tàng Voi ma mút (Mu-dây Ma-môn-ta),Музей мамонта,Mammoth Museum,Cộng hoà Sakha (Yakutia),museum,62.016617,129.70418,4.7,127,Tripadvisor,Khoảng 45–60 phút,"Có thu phí vào cửa theo quy định của bảo tàng; tham quan có thuyết minh cần đặt trước, thường cho nhóm từ 5 người","Thường mở cửa thứ Ba–thứ Sáu, 10:00–17:00 (nghỉ trưa 13:00–14:00); nên gọi xác nhận trước khi đến",Quanh năm; là lựa chọn lý tưởng cho ngày lạnh giá hoặc thời tiết xấu ở Yakutsk,"https://yandex.com/maps/?pt=129.70418,62.016617&z=17&l=map","https://www.google.com/maps/search/?api=1&query=62.016617,129.70418",https://www.s-vfu.ru/en/university/mammoth/,enriched,"Bảo tàng chuyên đề về voi ma mút duy nhất trên thế giới, lưu giữ hàng nghìn hóa thạch và xác động vật kỷ Băng Hà từ lớp băng vĩnh cửu Sakha. Nơi khoa học gặp gỡ những sinh vật khổng lồ đã tuyệt chủng."
sakha-tukulan-sands,Đồi cát Tukulan Saamys Kumaga (Tu-cu-lan Xa-a-mứt Cu-ma-ga),Тукулан «Саамыс Кумага»,Tukulan Saamys Kumaga (Sand Dunes),Cộng hoà Sakha (Yakutia),park_garden,61.208391,128.060302,,,,Thường dừng chân khoảng 2–3 giờ trong hành trình du thuyền,Nằm trong Vườn quốc gia Ленские столбы nên có phí vào vườn; chi phí chính là tour tàu từ Yakutsk,"Ngoài trời, tham quan tự do; chủ yếu tiếp cận bằng tàu vào mùa hè khi sông thông thuyền","Tháng 6–9 khi sông thông thuyền và cát khô ráo, ấm áp","https://yandex.com/maps/?pt=128.060302,61.208391&z=17&l=map","https://www.google.com/maps/search/?api=1&query=61.208391,128.060302",https://lena-pillars.ru,enriched,Một 'sa mạc' cát vàng rộng lớn nằm lọt thỏm giữa rừng taiga và đất băng vĩnh cửu bên bờ sông Lena. Cảnh tượng đụn cát trải dài dưới nắng phương Bắc khiến du khách ngỡ như lạc sang một hành tinh khác.
sakha-old-yakutsk-old-town,Phố Cổ Yakutsk (Xta-rưi Gô-rôt),Старый город (Якутск),Old Town (Yakutsk),Cộng hoà Sakha (Yakutia),square_street,62.025699,129.73556,,,,Khoảng 1–2 giờ dạo chơi và thưởng thức ẩm thực,"Vào khu phố hoàn toàn miễn phí; chỉ trả tiền khi ăn uống, mua sắm hay vào bảo tàng nhỏ","Khu phố đi bộ mở tự do suốt ngày đêm; quán ăn, cửa hàng thường hoạt động khoảng 10:00–22:00","Chiều tối khi lên đèn; ấm áp nhất từ tháng 6 đến tháng 9, mùa đông rất lạnh nhưng lung linh tuyết","https://yandex.com/maps/?pt=129.73556,62.025699&z=17&l=map","https://www.google.com/maps/search/?api=1&query=62.025699,129.73556",,enriched,Quần thể phố đi bộ tái hiện diện mạo Yakutsk xưa với những ngôi nhà gỗ mái nhọn và tháp canh của pháo đài cổ. Không gian hoài niệm ấm cúng giữa lòng thành phố lạnh nhất thế giới.
sakha-sottintsy-lena-friendship-park,"Bảo tàng ngoài trời 'Druzhba' ở Sottintsy (Xôt-tin-tsư, Đru-giơ-ba)","Соттинцы, музей-заповедник «Дружба»",Druzhba Museum-Reserve (Sottintsy),Cộng hoà Sakha (Yakutia),museum|park_garden,62.527183,130.036878,,,,"Khoảng 2–3 giờ tham quan, cả ngày nếu tính thời gian di chuyển",Có thu phí vào cửa theo quy định của bảo tàng; chi phí đi lại (tàu/phà từ Yakutsk) thường là khoản lớn hơn,"Bảo tàng ngoài trời, đón khách chủ yếu vào mùa hè theo lịch tàu/phà; nên liên hệ trước để xác nhận giờ mở cửa",Mùa hè (tháng 6–9) khi sông thông thuyền và thời tiết dễ chịu,"https://yandex.com/maps/?pt=130.036878,62.527183&z=17&l=map","https://www.google.com/maps/search/?api=1&query=62.527183,130.036878",https://muzei-druzhba.ru,enriched,"Bảo tàng lịch sử - kiến trúc ngoài trời bên sông Lena, dựng ngay trên nền pháo đài Yakutsk đầu tiên năm 1632. Nơi lưu giữ nhà thờ gỗ cổ, tháp canh và câu chuyện gặp gỡ giữa người Nga với các dân tộc phương Bắc."
sakhalin-cape-velikan-sakhalin,Mũi Velikan (Mys Velikan),Мыс Великан,Cape Velikan (Cape Giant),Tỉnh Sakhalin,park_garden,46.63028,143.51583,,,,Cả ngày (khoảng 8–10 tiếng tính cả di chuyển bằng xe địa hình).,Bản thân mũi đất không thu phí; du khách chủ yếu trả tiền cho tour xe địa hình khứ hồi từ Yuzhno-Sakhalinsk.,"Địa điểm ngoài trời, tham quan tự do; nên đến vào ban ngày và canh theo lịch thủy triều xuống.","Tháng 6 đến tháng 9, chọn ngày trời quang và trùng lúc thủy triều xuống.","https://yandex.com/maps/?pt=143.51583,46.63028&z=17&l=map","https://www.google.com/maps/search/?api=1&query=46.63028,143.51583",,enriched,"Mũi Velikan là một trong những kỳ quan ven biển ngoạn mục nhất của đảo Sakhalin, nơi sóng và gió đã bào mòn những vách đá thành các vòm cổng, hang động và cột đá kỳ vĩ nhô lên từ biển Okhotsk. Nằm trên bán đảo hoang sơ Tonino-Aniva ở đông nam đảo, đây là điểm đến trong mơ của những ai yêu thiên nhiên nguyên bản và nhiếp ảnh."
sakhalin-tunaicha-lake,Hồ Tunaicha (Ozero Tunaycha),Озеро Тунайча,Lake Tunaicha,Tỉnh Sakhalin,park_garden,46.769444,143.225,,,,"Từ nửa ngày đến trọn ngày, hoặc lưu trú qua đêm nếu cắm trại.","Miễn phí; có thể phát sinh chi phí thuê chỗ nghỉ, thuyền hoặc dịch vụ câu cá.","Khu vực thiên nhiên mở, tham quan tự do quanh năm.","Mùa hè (tháng 6–9) để tắm nắng, câu cá; mùa đông cho trải nghiệm câu cá trên băng.","https://yandex.com/maps/?pt=143.225,46.769444&z=17&l=map","https://www.google.com/maps/search/?api=1&query=46.769444,143.225",,enriched,"Tunaicha là hồ nước lợ lớn thứ hai của đảo Sakhalin, một đầm phá rộng lớn nằm sát biển Okhotsk và chỉ ngăn cách với bãi biển bởi một dải cát hẹp. Nổi tiếng với làn nước trong, đàn thiên nga và nguồn cá dồi dào, đây là điểm nghỉ ngơi và câu cá yêu thích của người dân địa phương."
sakhalin-sakhalin-regional-museum,Bảo tàng Địa phương học tỉnh Sakhalin (Sakhalinsky oblastnoy krayevedchesky muzey),Сахалинский областной краеведческий музей,Sakhalin Regional Museum,Tỉnh Sakhalin,museum|monument,46.959,142.7444,,,,"Khoảng 1,5–2 tiếng.",Vé vào cửa có thu phí ở mức phải chăng (một số khu trưng bày có thể tính vé riêng); xem bảng giá cập nhật trên trang chính thức sakhalinmuseum.ru.,"Bảo tàng mở cửa gần như quanh năm; lịch và giờ mở cửa cụ thể có thể thay đổi, nên kiểm tra trên website chính thức trước khi đến.",Quanh năm; là lựa chọn lý tưởng cho những ngày mưa hoặc mùa đông lạnh giá.,"https://yandex.com/maps/?pt=142.7444,46.959&z=17&l=map","https://www.google.com/maps/search/?api=1&query=46.959,142.7444",https://sakhalinmuseum.ru,enriched,"Bảo tàng Địa phương học tỉnh Sakhalin nằm trong tòa nhà kiểu Nhật độc đáo xây năm 1937, thời kỳ nam đảo thuộc tỉnh Karafuto của Nhật Bản. Với kiến trúc 'teikan-zukuri' mái ngói cong đặc trưng, đây vừa là biểu tượng lịch sử vừa là kho tàng thiên nhiên và văn hóa bậc nhất của hòn đảo."
sakhalin-mountain-air-resort,"Khu thể thao – du lịch Gorny Vozdukh (Gornyy Vozdukh, 'Không khí núi')",СТК «Горный воздух»,Gorny Vozdukh (Mountain Air) Resort,Tỉnh Sakhalin,other,46.94961,142.797042,,,,Từ nửa ngày đến trọn ngày.,Vé trượt tuyết trọn ngày mùa cao điểm vào khoảng 2.800 rúp (giá tham khảo); vé đi cáp treo ngắm cảnh rẻ hơn nhiều.,Mùa đông thường mở cửa hằng ngày khoảng 09:00–21:00 (có trượt đêm); mùa hè chạy cáp treo theo lịch riêng.,Từ tháng 12 đến tháng 3 cho trượt tuyết; tháng 7–9 cho đi cáp treo ngắm cảnh và dã ngoại.,"https://yandex.com/maps/?pt=142.797042,46.94961&z=17&l=map","https://www.google.com/maps/search/?api=1&query=46.94961,142.797042",,enriched,"Gorny Vozdukh ('Không khí núi') là khu nghỉ dưỡng trượt tuyết nằm ngay trên sườn núi Bolshevik, sát rìa thành phố Yuzhno-Sakhalinsk. Là một trong những khu trượt tuyết hiện đại nhất vùng Viễn Đông Nga, nơi đây hấp dẫn du khách quanh năm với cáp treo, đường trượt dài và tầm nhìn toàn cảnh thành phố."
sakhalin-iturup-white-rocks,Vách Đá Trắng đảo Iturup (Belye skaly),Белые скалы (Итуруп),White Rocks of Iturup,Tỉnh Sakhalin,park_garden,45.033333,147.616667,,,,Thường là một phần của tour Iturup kéo dài vài ngày; riêng khu vực vách đá tham quan khoảng nửa ngày.,"Không có vé vào cửa; chi phí nằm ở tour, di chuyển tới đảo và giấy phép vùng biên giới Kuril.","Địa điểm thiên nhiên ngoài trời, không giới hạn giờ; phụ thuộc lịch tour và thời tiết.","Cuối tháng 6 đến tháng 9, khi biển lặng và ít sương mù nhất.","https://yandex.com/maps/?pt=147.616667,45.033333&z=17&l=map","https://www.google.com/maps/search/?api=1&query=45.033333,147.616667",,enriched,"Vách Đá Trắng là một trong những kỳ quan thiên nhiên siêu thực nhất của quần đảo Kuril: những vách đá bọt núi lửa trắng xóa trải dài nhiều cây số bên vịnh Prostor trên đảo Iturup. Dưới chân vách là bãi cát pha hạt titan – magnetit đen nhánh có từ tính, tạo nên khung cảnh tương phản như trên hành tinh khác."
sakhalin-moneron-island,Đảo Moneron (Ostrov Moneron),Остров Монерон,Moneron Island,Tỉnh Sakhalin,park_garden,46.25,141.233,,,,Tour trong ngày hoặc lưu trú 1–2 ngày trên đảo.,Không bán vé lẻ tại chỗ; chi phí trọn gói gồm tour tàu hoặc trực thăng và phí vào công viên tự nhiên.,Chỉ tham quan theo tour trong mùa hè; đảo là khu bảo tồn nên cần đăng ký trước.,"Tháng 7 đến tháng 9, khi biển lặng nhất.","https://yandex.com/maps/?pt=141.233,46.25&z=17&l=map","https://www.google.com/maps/search/?api=1&query=46.25,141.233",,enriched,"Moneron là hòn đảo nhỏ giữa biển Nhật Bản, cách bờ tây nam Sakhalin vài chục cây số, và là công viên tự nhiên biển đầu tiên của nước Nga. Nổi tiếng với làn nước trong xanh nhờ dòng hải lưu ấm Tsushima, nơi đây được mệnh danh là thiên đường lặn biển và ngắm chim của vùng Viễn Đông."
sakhalin-dagi-hot-springs,Suối nước nóng Dagi (Daginskiye termalnyye istochniki),Дагинские термальные источники,Daginskie Thermal Springs,Tỉnh Sakhalin,park_garden,52.04254,143.08426,,,,Từ 1–2 tiếng ngâm khoáng đến lưu trú vài ngày để điều dưỡng.,"Nhiều bồn suối tự nhiên có thể ngâm miễn phí; các dịch vụ nhà tắm, hồ và lưu trú của khu nghỉ dưỡng thu phí riêng.",Các bồn ngâm tự nhiên mở tự do; khu điều dưỡng và dịch vụ có giờ hoạt động riêng.,Quanh năm; đặc biệt ấn tượng vào mùa đông khi ngâm nước nóng giữa tuyết.,"https://yandex.com/maps/?pt=143.08426,52.04254&z=17&l=map","https://www.google.com/maps/search/?api=1&query=52.04254,143.08426",https://dagisakh.com,enriched,"Suối nước nóng Dagi là một điểm nghỉ dưỡng thiên nhiên nổi tiếng ở phía bắc đảo Sakhalin, bên bờ vịnh Daginsky của biển Okhotsk. Dòng nước khoáng nóng 40–54°C giàu khoáng chất từ lâu đã được người dân địa phương tìm đến để ngâm mình chữa bệnh và thư giãn."
sakhalin-cape-aniva-lighthouse,Ngọn hải đăng Aniva (Mayak Aniva),Маяк Анива,Aniva Lighthouse,Tỉnh Sakhalin,monument,46.018885,143.414077,,,,"Tour thường kéo dài cả ngày, trong đó thời gian ở gần hải đăng khoảng 1–2 tiếng.",Không thu phí tham quan; chi phí nằm ở tour thuyền hoặc cano khứ hồi từ Korsakov hay Novikovo.,"Không có giờ mở cửa; chỉ tiếp cận được bằng thuyền theo tour, tùy thời tiết và mùa.","Từ cuối tháng 6 đến tháng 9, khi biển lặng nhất.","https://yandex.com/maps/?pt=143.414077,46.018885&z=17&l=map","https://www.google.com/maps/search/?api=1&query=46.018885,143.414077",,enriched,"Hải đăng Aniva là công trình bị bỏ hoang nổi tiếng bậc nhất Sakhalin, đứng chơ vơ trên một tảng đá giữa biển ở mũi cực nam bán đảo Tonino-Aniva. Được người Nhật xây dựng năm 1939, tòa tháp phủ rêu phong nay trở thành biểu tượng đầy ma mị và lãng mạn của hòn đảo."
samara-samara-embankment,Bờ kè Samara bên sông Volga (Samarskaya Naberezhnaya),Самарская набережная,Samara Embankment,Tỉnh Samara,square_street|park_garden,53.2036,50.0894,,,Yandex,1-2 giờ (có thể lâu hơn),Miễn phí,"Không gian công cộng, mở tự do 24/7",Mùa hè (tháng 6-8); đẹp nhất vào lúc chiều tối và hoàng hôn,"https://yandex.com/maps/?pt=50.0894,53.2036&z=17&l=map","https://www.google.com/maps/search/?api=1&query=53.2036,50.0894",,enriched,"Bờ kè Samara là dải đi bộ dài khoảng 5 km dọc sông Volga, được xem là một trong những bờ kè sông đẹp và dài nhất nước Nga. Nơi đây có bãi cát vàng, công viên, đài phun nước và tượng đài 'Ладья' (Con thuyền) biểu tượng của thành phố."
samara-stalin-bunker-samara,Hầm trú ẩn Stalin (Bunker Stalina),Бункер Сталина,Stalin's Bunker (Samara),Tỉnh Samara,museum,53.196704,50.097785,,,Tripadvisor,Khoảng 1 giờ (theo tour),"Người lớn 500 RUB, trẻ em 300 RUB","Thứ Hai đến Thứ Sáu; nhóm đầu tiên vào 11:00, nghỉ trưa 13:00-14:00, đóng cửa 15:00 (cuối tuần thường nghỉ)","Quanh năm (tham quan trong nhà, dưới lòng đất)","https://yandex.com/maps/?pt=50.097785,53.196704&z=17&l=map","https://www.google.com/maps/search/?api=1&query=53.196704,50.097785",,enriched,"Hầm trú ẩn Stalin nằm sâu 37 mét dưới lòng Samara, được xây bí mật năm 1942 khi thành phố là 'thủ đô dự phòng' của Liên Xô. Ngày nay nơi đây là bảo tàng độc đáo tái hiện phòng làm việc của Stalin và không khí căng thẳng thời Thế chiến II."
samara-zhiguli-samarskaya-luka,Dãy núi Zhiguli và Vườn quốc gia Samarskaya Luka (Zhigulyovskiye gory / Samarskaya Luka),Жигулёвские горы / Национальный парк «Самарская Лука»,Zhiguli Mountains / Samarskaya Luka National Park,Tỉnh Samara,park_garden,53.417,49.5,,,Yandex,Cả ngày (có thể nhiều ngày),"Phí vào vườn quốc gia khoảng 50 RUB/ngày; một số tuyến sinh thái (Стрельная, Молодецкий курган) thu phí riêng",Khu vực thiên nhiên mở tự do ban ngày; trung tâm du khách và một số tuyến mở khoảng 9:00-17:00,Cuối xuân đến đầu thu (tháng 5-9); mùa thu lá vàng rất đẹp,"https://yandex.com/maps/?pt=49.5,53.417&z=17&l=map","https://www.google.com/maps/search/?api=1&query=53.417,49.5",https://npsamluka.ru/,enriched,"Dãy núi Zhiguli và Vườn quốc gia Samarskaya Luka bao quanh khúc uốn khổng lồ của sông Volga, tạo nên rặng núi thật sự duy nhất của đồng bằng Đông Âu. Đây là thiên đường của những cung đường mòn, điểm ngắm cảnh và rừng nguyên sinh."
samara-shiryaevo,Làng Shiryaevo (Shiryaevo),Село Ширяево,Shiryaevo (village),Tỉnh Samara,other|museum,53.4083,50.025,,,Yandex,Nửa ngày (3-5 giờ),Vào làng miễn phí; vé tham quan tổ hợp nhà-bảo tàng có thu phí (khoảng vài trăm rúp),Bản thân ngôi làng tham quan tự do; các nhà-bảo tàng thường mở Thứ Ba đến Chủ Nhật (Thứ Hai nghỉ) - nên kiểm tra trước khi đi,Mùa hè (tháng 6-8); có thể kết hợp leo núi Popova,"https://yandex.com/maps/?pt=50.025,53.4083&z=17&l=map","https://www.google.com/maps/search/?api=1&query=53.4083,50.025",https://artmus.ru/,enriched,"Shiryaevo là ngôi làng cổ bên sông Volga, nổi tiếng nhờ danh họa Ilya Repin từng đến đây vẽ nên kiệt tác 'Những người kéo thuyền trên sông Volga'. Làng quyến rũ du khách bằng nhà-bảo tàng, núi đá vôi và khung cảnh nên thơ."
samara-samara-space-museum,Bảo tàng 'Samara Vũ trụ' và đài tượng tên lửa Soyuz (Samara Kosmicheskaya),Музей «Самара Космическая» / Монумент «Ракета-носитель Союз»,Samara Space Museum & Soyuz Rocket Monument,Tỉnh Samara,museum|monument,53.2111,50.1436,,,Yandex,"1-1,5 giờ","Đài tượng miễn phí; vé bảo tàng người lớn 400 RUB, ưu đãi 300 RUB; miễn phí vào thứ Tư đầu tháng","Đài tượng tên lửa ngoài trời xem tự do 24/7; phần bảo tàng (địa điểm tạm) mở Thứ Ba đến Chủ Nhật 10:00-18:00 (Thứ Năm 12:00-20:00), Thứ Hai nghỉ",Quanh năm; đài tượng đẹp nhất khi lên đèn buổi tối,"https://yandex.com/maps/?pt=50.1436,53.2111&z=17&l=map","https://www.google.com/maps/search/?api=1&query=53.2111,50.1436",https://samaracosmos.ru/,enriched,Bảo tàng 'Samara Vũ trụ' nổi bật với quả tên lửa Soyuz thật cao gần 50 mét dựng trước cửa - biểu tượng của thành phố từng chế tạo tên lửa đưa Gagarin vào không gian. Bên trong là phần trưng bày sinh động về ngành công nghiệp vũ trụ Nga.
samara-togliatti-technical-museum,Bảo tàng Kỹ thuật Tolyatti mang tên Sakharov (Parkovy kompleks im. Sakharova),"Технический музей им. К. Г. Сахарова (Парковый комплекс истории техники), Тольятти","AvtoVAZ Technical Museum (K. G. Sakharov Park Complex), Tolyatti",Tỉnh Samara,museum,53.55222,49.25028,,,Tripadvisor,2-3 giờ (hoặc hơn),"Người lớn 200 RUB, trẻ em 100 RUB; có hướng dẫn 250/150 RUB; tour tàu ngầm Б-307 thêm 250 RUB; nhà chứa xe thử nghiệm thêm 50 RUB","Mở cửa hằng ngày, khoảng 08:00-17:00 (khu nhà chứa xe thử nghiệm mở 10:00-17:00 từ tháng 4 đến tháng 9) - nên kiểm tra theo mùa",Mùa ấm (tháng 5-9) vì phần lớn ngoài trời,"https://yandex.com/maps/?pt=49.25028,53.55222&z=17&l=map","https://www.google.com/maps/search/?api=1&query=53.55222,49.25028",,enriched,Bảo tàng Kỹ thuật Sakharov ở Tolyatti là công viên khí tài ngoài trời rộng khoảng 38 ha với hơn 450 hiện vật quân sự và dân sự. Ngôi sao của bảo tàng là chiếc tàu ngầm Б-307 dài 90 mét được dựng trên cạn cho khách vào tham quan.
samara-syzran-kremlin,Kremlin Syzran (Syzransky kreml),Сызранский кремль,Syzran Kremlin,Tỉnh Samara,fortress|church,53.1469,48.4543,,,Yandex,30-60 phút,Vào khuôn viên miễn phí; vé bảo tàng trong tháp khoảng 150 RUB,Khuôn viên/công viên mở tự do; phần bảo tàng trong tháp thường mở theo hẹn cho đoàn (từ 10 người); nhà thờ có giờ lễ riêng,"Mùa hè và đầu thu, thời tiết dễ chịu để đi dạo","https://yandex.com/maps/?pt=48.4543,53.1469&z=17&l=map","https://www.google.com/maps/search/?api=1&query=53.1469,48.4543",,enriched,"Kremlin Syzran là pháo đài duy nhất còn lại ở tỉnh Samara, được lập năm 1683. Ngày nay chỉ còn tòa tháp đá Спасская cổ kính cùng một nhà thờ nhỏ nằm giữa công viên trung tâm thành phố."
samara-tsarev-kurgan,Gò Sa Hoàng - Tsarev Kurgan (Tsaryov kurgan),Царёв курган,Tsarev Kurgan,Tỉnh Samara,monument,53.4233,50.1227,,,Yandex,1-2 giờ (kể cả leo lên đỉnh),Miễn phí,"Không gian ngoài trời, mở tự do 24/7",Cuối xuân đến mùa thu; hoàng hôn rất đẹp để ngắm sông,"https://yandex.com/maps/?pt=50.1227,53.4233&z=17&l=map","https://www.google.com/maps/search/?api=1&query=53.4233,50.1227",,enriched,"Царёв курган là ngọn gò lịch sử bên nơi sông Sok gặp sông Volga, gắn với nhiều truyền thuyết về vua chúa và thủ lĩnh cổ xưa. Trên đỉnh có cây thánh giá mạ vàng và tầm nhìn tuyệt đẹp ra sông núi."
saratov-saratov-embankment,Bờ kè Các Nhà Du hành Vũ trụ (Na-bê-rê-giơ-nai-a Cô-xmô-náp-tốp),Набережная Космонавтов,Cosmonauts Embankment,Tỉnh Saratov,square_street|park_garden,51.526,46.0445,,,,Khoảng 1–2 giờ.,Miễn phí.,Mở cửa tự do suốt ngày đêm; là không gian công cộng ngoài trời.,"Chiều tối mùa hè, đặc biệt lúc hoàng hôn; cuối xuân đến đầu thu dễ chịu nhất.","https://yandex.com/maps/?pt=46.0445,51.526&z=17&l=map","https://www.google.com/maps/search/?api=1&query=51.526,46.0445",,enriched,"Bờ kè Các Nhà Du hành Vũ trụ là dải đi bộ đẹp nhất Saratov, trải dài bên bờ sông Volga rộng lớn. Con đường mang tên các nhà du hành vũ trụ để tôn vinh mối liên hệ đặc biệt của vùng đất này với Yuri Gagarin, và là điểm dạo chơi, ngắm hoàng hôn, hóng gió sông được người dân yêu thích nhất."
saratov-gagarin-landing-site,Nơi Gagarin Tiếp đất (Mê-xtô Pri-zem-lê-ni-a Ga-ga-ri-na),Место приземления Ю. А. Гагарина,Yuri Gagarin Landing Site,Tỉnh Saratov,monument,51.2769,45.9975,,,,Khoảng 1 giờ.,Miễn phí (tham quan khuôn viên tưởng niệm).,"Khu tưởng niệm ngoài trời, tham quan tự do; công viên có trung tâm thông tin phục vụ ban ngày.",Cuối xuân đến đầu thu; đặc biệt ý nghĩa quanh Ngày Vũ trụ 12/4.,"https://yandex.com/maps/?pt=45.9975,51.2769&z=17&l=map","https://www.google.com/maps/search/?api=1&query=51.2769,45.9975",,enriched,"Đây chính là cánh đồng gần Engels nơi Yuri Gagarin đáp xuống an toàn ngày 12/4/1961 sau chuyến bay đầu tiên của loài người vào vũ trụ. Một cột đài tưởng niệm cao 27 mét cùng tượng nhà du hành đánh dấu địa điểm lịch sử, nay nằm trong Công viên Những Người Chinh phục Vũ trụ."
saratov-sokolovaya-gora-victory-park,Công viên Chiến thắng trên núi Sokolovaya (Xô-cô-lô-vai-a),Парк Победы на Соколовой горе,Victory Park on Sokolovaya Gora,Tỉnh Saratov,park_garden|monument,51.54432,46.053615,,,,Khoảng 2–3 giờ.,Vào công viên miễn phí; vé bảo tàng/khu trưng bày khoảng 60–150 ₽ tùy nội dung.,Công viên mở cửa hằng ngày; Bảo tàng Vinh quang Chiến đấu và Lao động khoảng 10:30–19:00 (ngừng bán vé ~18:40).,Cuối xuân đến đầu thu; dịp Ngày Chiến thắng 9/5 rất sôi động.,"https://yandex.com/maps/?pt=46.053615,51.54432&z=17&l=map","https://www.google.com/maps/search/?api=1&query=51.54432,46.053615",https://sargmbs.ru,enriched,"Trên đỉnh núi Sokolovaya nhìn xuống sông Volga, Công viên Chiến thắng là đài tưởng niệm hoành tráng dành cho những người Saratov đã ngã xuống trong Thế chiến II. Biểu tượng của công viên là tượng đài 'Đàn Sếu' cao 40 mét, bên cạnh ngọn lửa vĩnh cửu và bảo tàng khí tài quân sự ngoài trời."
saratov-radishchev-art-museum,Bảo tàng Mỹ thuật Radishchev (Ra-đi-sép),Саратовский художественный музей имени А. Н. Радищева,Radishchev Art Museum,Tỉnh Saratov,museum,51.53306,46.02861,,,,Khoảng 1–2 giờ.,"Khoảng 160 ₽/người lớn cho trưng bày thường xuyên; ưu đãi ~80 ₽ (sinh viên, hưu trí, gia đình đông con); triển lãm đặc biệt có giá riêng.",Thứ Ba–Tư và Thứ Bảy–Chủ nhật 10:00–17:00; Thứ Năm–Sáu 12:00–19:00; nghỉ Thứ Hai (giờ có thể đổi theo mùa/triển lãm).,Quanh năm (bảo tàng trong nhà); ngày thường ít đông hơn cuối tuần.,"https://yandex.com/maps/?pt=46.02861,51.53306&z=17&l=map","https://www.google.com/maps/search/?api=1&query=51.53306,46.02861",https://radmuseumart.ru,enriched,"Khai trương năm 1885, Bảo tàng Mỹ thuật Radishchev là bảo tàng nghệ thuật công cộng đầu tiên ở Nga mở cửa cho mọi tầng lớp. Do họa sĩ Aleksei Bogolyubov sáng lập, nơi đây lưu giữ bộ sưu tập tranh Nga và châu Âu quý giá trong một tòa nhà lịch sử duyên dáng bên Quảng trường Nhà hát."
saratov-khvalynsk-national-park,Vườn quốc gia Khvalynsky (Khơ-va-lưn-xki),Национальный парк «Хвалынский»,Khvalynsky National Park,Tỉnh Saratov,park_garden,52.48,48.09,,,,Nửa ngày đến trọn ngày (kể cả di chuyển).,"Phí vào cửa danh nghĩa (khoảng 30 ₽); một số tuyến, khu bảo tồn và tour có thu phí riêng.",Trung tâm/khu tham quan thường mở khoảng 8:00–16:00; đường mòn ngoài trời.,Cuối xuân đến đầu thu để đi bộ đường mòn; mùa đông cho trượt tuyết.,"https://yandex.com/maps/?pt=48.09,52.48&z=17&l=map","https://www.google.com/maps/search/?api=1&query=52.48,48.09",https://nphvalynskiy.ru,enriched,"Vườn quốc gia Khvalynsky nổi tiếng với những dãy 'núi phấn' trắng độc đáo, rừng thông cổ thụ và suối trong bên bờ sông Volga. Được thành lập năm 1994, đây là điểm đến thiên nhiên đẹp nhất tỉnh Saratov với nhiều đường mòn, khu bảo tồn động vật và khu trượt tuyết."
saratov-saratov-conservatory,Nhạc viện Quốc gia Saratov mang tên Sobinov (Xô-bi-nốp),Саратовская государственная консерватория имени Л. В. Собинова,Saratov State Conservatory named after L. V. Sobinov,Tỉnh Saratov,theatre|other,51.5327,46.0081,,,,"Khoảng 30–60 phút ngắm kiến trúc; 1,5–2 giờ nếu xem hòa nhạc.",Ngắm kiến trúc bên ngoài miễn phí; vé hòa nhạc tùy chương trình (nhiều buổi của sinh viên miễn phí hoặc giá thấp).,Mở cửa theo lịch biểu diễn và giờ hành chính của nhà trường; đại sảnh hòa nhạc mở vào các buổi diễn.,Buổi tối có lịch hòa nhạc; ban ngày kết hợp dạo phố Prospekt Kirova.,"https://yandex.com/maps/?pt=46.0081,51.5327&z=17&l=map","https://www.google.com/maps/search/?api=1&query=51.5327,46.0081",https://sarcons.ru,enriched,"Nhạc viện Saratov mang tên Sobinov là nhạc viện thứ ba của nước Nga, thành lập năm 1912. Tòa nhà theo phong cách Gothic với những tòa tháp và tượng quái vật 'biết hát' trên mặt tiền là một trong những công trình kiến trúc đẹp và độc đáo nhất thành phố."
saratov-limonarium-saratov,Vườn Chanh Nhiệt đới Saratov (Li-mô-na-ri Xa-ra-tốp),Саратовский лимонарий,Saratov Limonarium,Tỉnh Saratov,park_garden|other,51.553,46.05,,,,Khoảng 45–60 phút.,Có thu phí theo suất tham quan; nên hỏi giá và đặt chỗ trước qua kênh chính thức.,Đón khách chủ yếu theo suất tham quan có hướng dẫn; nên liên hệ hoặc đặt lịch trước khi đến.,"Đẹp và ý nghĩa nhất vào mùa thu–đông lạnh, khi khu vườn xanh ấm tương phản với bên ngoài.","https://yandex.com/maps/?pt=46.05,51.553&z=17&l=map","https://www.google.com/maps/search/?api=1&query=51.553,46.05",https://xn--80apbeghhhu.xn--p1ai,enriched,"Giữa mùa đông giá lạnh của nước Nga, Vườn Chanh Nhiệt đới Saratov là 'một mảnh nhiệt đới' xanh mướt với hàng trăm cây chanh, quýt trĩu quả cùng nhiều loài cây nhiệt đới. Đây là điểm tham quan ấm áp, thơm hương cam chanh được các gia đình và du khách yêu thích."
sevastopol-chersonesus,Khu di tích khảo cổ Chersonesus Tauric (Khéc-xô-nê Táp-ri-tri-xki),Херсонес Таврический,Tauric Chersonesos,Sevastopol,monument|museum|park_garden,44.61167,33.49333,4.7,1046,Tripadvisor,Khoảng 2–4 giờ.,Vé vào khuôn viên khoảng 300 rúp; combo kèm bảo tàng 500–700 rúp; trẻ dưới 7 tuổi miễn phí (giá có thể thay đổi).,Khuôn viên mở cửa 9:00–20:00 (tháng 5–9) và 9:00–18:00 (tháng 10–4); các bảo tàng đóng sớm hơn một tiếng.,Cuối chiều mùa hè để tránh nắng gắt và ngắm hoàng hôn buông trên hàng cột cẩm thạch.,"https://yandex.com/maps/?pt=33.49333,44.61167&z=17&l=map","https://www.google.com/maps/search/?api=1&query=44.61167,33.49333",https://chersonesos-sev.ru,enriched,"Trên bờ Biển Đen ở rìa tây Sevastopol, Chersonesus Tauric là tàn tích của một thành bang Hy Lạp cổ hơn 2.400 năm tuổi, được UNESCO ghi danh năm 2013. Đây cũng là nơi tương truyền Đại công Vladimir chịu phép rửa tội năm 988, khởi nguồn cho Chính thống giáo Nga, khiến di tích mang ý nghĩa thiêng liêng đặc biệt."
sevastopol-panorama-defence-sevastopol,Bảo tàng Panorama 'Cuộc phòng thủ Sevastopol 1854-1855' (Pa-nô-ra-ma ô-bô-rô-na Xê-vát-xtô-pôn),Панорама «Оборона Севастополя 1854—1855»,Panorama 'The Defence of Sevastopol 1854-1855',Sevastopol,museum,44.595558,33.523392,4.7,806,Tripadvisor,Khoảng 45 phút đến 1 giờ.,"Khoảng 500 rúp cho khu panorama, 550 rúp nếu kèm phòng trưng bày; trẻ dưới 7 tuổi miễn phí.",Mở cửa hằng ngày 10:00–19:00 (có thể thay đổi theo mùa).,Buổi sáng giữa tuần để tránh các đoàn khách và có góc nhìn thoáng lên bục quan sát.,"https://yandex.com/maps/?pt=33.523392,44.595558&z=17&l=map","https://www.google.com/maps/search/?api=1&query=44.595558,33.523392",https://sevmuseum.ru,enriched,"Tòa nhà tròn trên Đại lộ Lịch sử là nơi lưu giữ Panorama 'Cuộc phòng thủ Sevastopol 1854-1855', một trong những bức tranh toàn cảnh lớn nhất thế giới do họa sĩ Franz Roubaud thực hiện, khánh thành năm 1905. Đứng giữa sảnh tròn, bạn như bị cuốn vào trận đánh ngày 6 tháng 6 năm 1855 với khói súng, chiến hào và pháo đài hiện ra sống động quanh mình."
sevastopol-malakhov-kurgan,Đồi Malakhov (Ma-la-khốp Kur-gan),Малахов курган,Malakhov Kurgan,Sevastopol,monument|museum|park_garden,44.606516,33.545649,4.7,108,Tripadvisor,"Khoảng 1–1,5 giờ.","Vào công viên miễn phí; vé bảo tàng tháp khoảng 200 rúp người lớn, trẻ 7–16 tuổi 100 rúp.",Khuôn viên công viên mở cửa hằng ngày 7:00–22:00; bảo tàng trong tháp mở 10:00–18:00.,"Sáng hoặc chiều muộn, đẹp nhất vào mùa xuân khi hoa hạnh nhân nở rộ.","https://yandex.com/maps/?pt=33.545649,44.606516&z=17&l=map","https://www.google.com/maps/search/?api=1&query=44.606516,33.545649",https://sevmuseum.ru,enriched,"Ngọn đồi Malakhov ở khu Korabelnaya là điểm phòng thủ then chốt trong cả Chiến tranh Crimea lẫn Thế chiến thứ hai. Phó Đô đốc Kornilov đã ngã xuống tại đây năm 1854, và tòa tháp phòng thủ bằng đá nay trở thành bảo tàng nhỏ giữa một công viên tưởng niệm rợp bóng cây."
sevastopol-monument-sunken-ships,Đài tưởng niệm Những con tàu bị đánh đắm (Pa-mi-át-nhic za-tô-plen-nưm ko-ráp-liam),Памятник затопленным кораблям,Monument to the Sunken Ships,Sevastopol,monument,44.618388,33.524263,4.8,799,Tripadvisor,Khoảng 15–30 phút.,Miễn phí (nếu muốn ngắm gần có thể đi tour thuyền trên vịnh có thu phí).,"Ngoài trời, có thể ngắm tự do 24/24.",Bình minh hoặc hoàng hôn để có ánh sáng vàng đẹp nhất và ít người.,"https://yandex.com/maps/?pt=33.524263,44.618388&z=17&l=map","https://www.google.com/maps/search/?api=1&query=44.618388,33.524263",,enriched,"Vươn lên từ một tảng đá granite ngay giữa làn nước vịnh Sevastopol, Đài tưởng niệm Những con tàu bị đánh đắm là biểu tượng bất diệt của thành phố. Cột đá cao gần 17 mét, đỉnh là chú đại bàng hai đầu bằng đồng ngậm vòng nguyệt quế, tưởng nhớ những chiến hạm đã tự đánh đắm năm 1854-1855 để chặn hạm đội địch."
sevastopol-grafskaya-pier,Bến tàu Bá tước Grafskaya (Gráp-xka-ya pri-xtan),Графская пристань,Count's Wharf (Grafskaya Pier),Sevastopol,monument|square_street,44.616944,33.526667,4.7,366,Tripadvisor,Khoảng 20–40 phút.,Miễn phí.,"Không gian công cộng ngoài trời, mở cửa tự do 24/24.",Chiều tà hoặc buổi tối khi hàng cột được chiếu sáng và có thể ngắm hoàng hôn trên vịnh.,"https://yandex.com/maps/?pt=33.526667,44.616944&z=17&l=map","https://www.google.com/maps/search/?api=1&query=44.616944,33.526667",,enriched,"Bến Grafskaya với hàng cột trắng cổ điển và đôi sư tử cẩm thạch là cánh cổng biển trang trọng của Sevastopol, gắn liền với thành phố từ ngày lập nên năm 1783. Đây vừa là điểm khởi đầu lịch sử của Hạm đội Biển Đen, vừa là nơi người dân và du khách tụ họp ngắm tàu chiến ra vào vịnh."
sevastopol-sapun-gora,Quần thể tưởng niệm Núi Sapun và bức Diorama (Xa-pun-gô-ra),Сапун-гора,Sapun Mountain Memorial & Diorama,Sevastopol,monument|museum|park_garden,44.553347,33.582861,4.5,237,Tripadvisor,"Khoảng 1,5–2 giờ.","Vào công viên miễn phí; vé Diorama kèm thuyết minh khoảng 400 rúp người lớn, trẻ nhỏ ưu đãi.","Công viên tưởng niệm mở 7:00–22:00 hằng ngày; bảo tàng Diorama mở 10:00–18:00, đóng cửa thứ Hai.",Sáng hoặc chiều mát; dịp 7–9 tháng 5 có lễ kỷ niệm rất xúc động nhưng đông người.,"https://yandex.com/maps/?pt=33.582861,44.553347&z=17&l=map","https://www.google.com/maps/search/?api=1&query=44.553347,33.582861",https://sevmuseum.ru,enriched,"Núi Sapun ở đông nam Sevastopol là nơi diễn ra những trận đánh quyết định trong Thế chiến thứ hai, đỉnh điểm là cuộc tổng tấn công giải phóng thành phố ngày 7 tháng 5 năm 1944. Quần thể tưởng niệm gồm Đài Vinh quang, ngọn lửa vĩnh cửu, bảo tàng khí tài ngoài trời và đặc biệt là bức Diorama tái hiện trận đánh hào hùng."
sevastopol-35th-coastal-battery,Quần thể tưởng niệm Trận địa pháo Bờ biển số 35 (35-a-ya be-re-gô-va-ya ba-ta-rê-ya),35-я береговая батарея,35th Coastal Battery Memorial Complex,Sevastopol,museum|monument|fortress,44.558806,33.406257,4.9,661,Tripadvisor,"Khoảng 1,5 giờ.",Miễn phí (tham quan theo tour ghép đoàn); nên đăng ký trước vì số chỗ hạn chế.,Tháng 5–10: 9:00–20:00 (nghỉ thứ Hai); tháng 11–4: 10:00–18:00 (nghỉ thứ Hai và thứ Ba). Chỉ tham quan theo đoàn có hướng dẫn.,Buổi sáng để kịp ghép đoàn và tránh nắng gắt trên bãi trống.,"https://yandex.com/maps/?pt=33.406257,44.558806&z=17&l=map","https://www.google.com/maps/search/?api=1&query=44.558806,33.406257",https://35batery.ru,enriched,"Trận địa pháo Bờ biển số 35 trên mũi Kazachy từng là pháo đài bọc thép cuối cùng che chở Sevastopol trong Thế chiến thứ hai, nơi hàng nghìn người bảo vệ đã chiến đấu đến hơi thở cuối cùng vào tháng 7 năm 1942. Nay là một quần thể tưởng niệm xúc động với các hầm ngầm và Điện Pantheon Ký ức chiếu tên, gương mặt những người đã ngã xuống."
sevastopol-balaklava-submarine-base,Balaklava và Bảo tàng căn cứ tàu ngầm trong lòng núi (Ba-la-kla-va),"Балаклава (музей подземной базы подводных лодок, объект 825 ГТС)",Balaklava & the Underground Submarine Base Museum (Object 825 GTS),Sevastopol,museum|fortress,44.50104,33.59648,4.4,407,Tripadvisor,"Khoảng 1,5 giờ (tour kéo dài chừng 1 giờ 20 phút).",Khoảng 300 rúp người lớn; học sinh - sinh viên và trẻ dưới 18 tuổi 100 rúp; trẻ dưới 5 tuổi không được vào.,"Thứ Tư–Chủ nhật: 10:00–18:30 (tháng 5–10) và 10:00–17:30 (tháng 11–4); nghỉ thứ Hai, thứ Ba.","Mùa hè để kết hợp tắm biển và đi thuyền quanh vịnh, nhưng nên đặt vé trước vì rất đông.","https://yandex.com/maps/?pt=33.59648,44.50104&z=17&l=map","https://www.google.com/maps/search/?api=1&query=44.50104,33.59648",https://muzey-sevastopol.com,enriched,"Thị trấn Balaklava nép mình bên một vịnh biển hẹp quanh co, nổi tiếng với căn cứ tàu ngầm bí mật thời Chiến tranh Lạnh khoét sâu trong lòng núi Tavros. Được xây kiên cố để chịu được cả một vụ nổ hạt nhân, 'Đối tượng 825 GTS' nay là bảo tàng ngầm độc đáo cho những ai mê lịch sử quân sự."
sevastopol-vladimir-cathedral-admirals,Nhà thờ chính tòa Thánh Vladimir - Lăng mộ các Đô đốc (Vla-đi-mia-xki xô-bo),Владимирский собор — усыпальница адмиралов,St. Vladimir's Cathedral — Tomb of the Admirals,Sevastopol,church|monument,44.610447,33.523536,4.8,119,Tripadvisor,Khoảng 30–45 phút.,"Vào nhà thờ miễn phí; tham quan hầm mộ kèm thuyết minh khoảng 350 rúp người lớn, trẻ nhỏ ưu đãi.",Mở cửa 10:00–18:00 (bán vé đến 17:30); đóng cửa thứ Hai.,"Buổi sáng yên tĩnh, tránh giờ lễ nếu muốn tham quan thong thả.","https://yandex.com/maps/?pt=33.523536,44.610447&z=17&l=map","https://www.google.com/maps/search/?api=1&query=44.610447,33.523536",https://sevmuseum.ru,enriched,"Trên Đồi Trung tâm của Sevastopol, Nhà thờ Thánh Vladimir mang phong cách tân Byzantine là nơi an nghỉ của bốn vị đô đốc huyền thoại: Lazarev, Kornilov, Istomin và Nakhimov. Đây vừa là một thánh đường Chính thống giáo, vừa là lăng mộ thiêng liêng tưởng nhớ những anh hùng bảo vệ thành phố."
sevastopol-cape-fiolent,Mũi Fiolent (Mưs Phi-ô-len),мыс Фиолент,Cape Fiolent,Sevastopol,park_garden|other,44.49861,33.48889,4.8,640,Tripadvisor,Khoảng 2–3 giờ nếu xuống bãi biển và quay lên.,Miễn phí.,"Ngoài trời, tham quan tự do quanh năm (đẹp và an toàn nhất vào ban ngày).",Cuối xuân đến đầu thu để tắm biển; hoàng hôn cho khung cảnh đẹp nhất.,"https://yandex.com/maps/?pt=33.48889,44.49861&z=17&l=map","https://www.google.com/maps/search/?api=1&query=44.49861,33.48889",,enriched,"Mũi Fiolent ở cực nam Sevastopol mê hoặc du khách bằng những vách đá núi lửa dựng đứng, làn nước trong xanh như ngọc và bãi biển Ngọc Bích ẩn dưới chân. Trên đỉnh vách là Tu viện Thánh George cổ kính, còn phía dưới là hàng trăm bậc thang dẫn xuống một trong những bãi tắm đẹp nhất Crimea."
smolensk-smolensk-fortress-wall,Tường thành pháo đài Smolensk (Smolenskaya krepostnaya stena),Смоленская крепостная стена,Smolensk Fortress Wall,Tỉnh Smolensk,fortress|monument,54.77997,32.04395,4.5,444,Tripadvisor,Khoảng 1-2 giờ để đi một đoạn tường tiêu biểu và thăm bảo tàng trong tháp.,Đi dạo dọc tường thành ngoài trời miễn phí. Vé vào bảo tàng tháp Gromovaya có giá phải chăng (khoảng trên 100 RUB); nên kiểm tra giá mới nhất tại chỗ.,"Các đoạn tường và tháp ngoài trời có thể tham quan tự do mọi lúc. Bảo tàng trong tháp Gromovaya (Tháp Sấm) mở thứ Ba-Năm 10:00-18:00, thứ Sáu 10:00-17:00, thứ Bảy-Chủ nhật 11:00-19:00; nghỉ thứ Hai.",Cuối xuân đến đầu thu để đi bộ dễ chịu; buổi chiều muộn ánh nắng nghiêng rất đẹp để chụp ảnh tường gạch đỏ.,"https://yandex.com/maps/?pt=32.04395,54.77997&z=17&l=map","https://www.google.com/maps/search/?api=1&query=54.77997,32.04395",https://www.smolensk-museum.ru/,enriched,"Được kiến trúc sư Fyodor Kon xây dựng năm 1595-1602, Tường thành Smolensk từng dài 6,5 km với 38 tòa tháp, được mệnh danh là 'chuỗi ngọc của toàn nước Nga'. Là lá chắn trấn giữ biên cương phía tây, tường thành đã chống chọi quân Ba Lan, Napoléon và phát xít Đức. Nay còn khoảng một nửa cùng chừng mười tám tháp, trong đó tháp Gromovaya là bảo tàng pháo đài."
smolensk-assumption-cathedral-smolensk,Nhà thờ chính tòa Đức Mẹ Lên Trời Smolensk (Uspensky sobor),Успенский собор (Смоленск),"Assumption Cathedral, Smolensk",Tỉnh Smolensk,church,54.78889,32.05444,4.9,714,Tripadvisor,Khoảng 30-60 phút.,Vào cửa miễn phí; đón nhận quyên góp tùy tâm.,"Mở cửa hằng ngày, thường khoảng 7:00-20:00; các buổi lễ diễn ra sáng sớm và chiều tối.",Ngoài giờ hành lễ để tham quan thong thả; buổi sáng ánh sáng đẹp chiếu vào tường thánh dát vàng.,"https://yandex.com/maps/?pt=32.05444,54.78889&z=17&l=map","https://www.google.com/maps/search/?api=1&query=54.78889,32.05444",,enriched,"Nhà thờ chính tòa Đức Mẹ Lên Trời là biểu tượng của Smolensk, tọa lạc uy nghi trên Đồi Nhà thờ. Công trình Baroque trắng - lục với mái vòm vàng hiện nay được dựng từ cuối thế kỷ 17, nổi tiếng với bức tường thánh dát vàng cao 30 mét. Đây là một trong những nhà thờ lớn và đẹp nhất nước Nga, vẹn nguyên qua Thế chiến II."
smolensk-talashkino-teremok-flyonovo,"Điền trang Talashkino và nhà gỗ Teremok ở Flyonovo (Talashkino, Teremok)","Талашкино, историко-архитектурный комплекс «Теремок» (Флёново)","Talashkino Estate and Teremok, Flyonovo",Tỉnh Smolensk,museum|church,54.6597,32.209323,4.5,82,Tripadvisor,"Khoảng 1,5-2 giờ cho nhà Teremok, nhà thờ và khuôn viên.",Vé vào khuôn viên khoảng 50 RUB (giảm còn 30 RUB); vé từng khu trưng bày 40-100 RUB; thuê audio guide 150-200 RUB; phí chụp ảnh chuyên nghiệp 500 RUB.,"Thường mở thứ Ba-Chủ nhật 10:00-18:00 (thứ Sáu đến 17:00), nghỉ thứ Hai; có thể có ngày vệ sinh trong tháng. Nên kiểm tra lịch trên trang bảo tàng.",Mùa hè và đầu thu khi vườn táo và ao nước đẹp nhất; ngày thường vắng khách hơn.,"https://yandex.com/maps/?pt=32.209323,54.6597&z=17&l=map","https://www.google.com/maps/search/?api=1&query=54.6597,32.209323",https://www.smolensk-museum.ru/catalog/teremok/,enriched,"Talashkino ở Flyonovo là điền trang của nữ công tước Maria Tenisheva, một trung tâm hồi sinh nghệ thuật dân gian Nga đầu thế kỷ 20. Điểm nhấn là ngôi nhà gỗ Teremok chạm trổ như trong cổ tích và Nhà thờ Chúa Thánh Thần với tranh khảm của Nicholas Roerich. Nhiều danh họa Nga như Malyutin, Vrubel và Roerich từng sáng tác tại đây."
smolensk-katyn-memorial,Khu tưởng niệm Katyn (Memorial «Katyn»),Мемориал «Катынь»,Katyn Memorial,Tỉnh Smolensk,monument|museum,54.7754,31.788507,4.5,111,Tripadvisor,"Khoảng 1,5-2 giờ.",Vào khu tưởng niệm ngoài trời miễn phí. Trung tâm bảo tàng - triển lãm có thể thu phí; nên xem thông tin vé trên trang chính thức.,"Khu tưởng niệm mở cửa hằng ngày, thường khoảng 9:00-17:00 (trung tâm bảo tàng có thể nghỉ một ngày đầu tuần - nên kiểm tra trước).","Mùa xuân đến mùa thu; nên đi vào ban ngày. Đây là nơi tưởng niệm trang nghiêm, phù hợp với tâm thế tĩnh lặng.","https://yandex.com/maps/?pt=31.788507,54.7754&z=17&l=map","https://www.google.com/maps/search/?api=1&query=54.7754,31.788507",https://memorial-katyn.ru/,enriched,"Khu tưởng niệm Katyn trong rừng Kozy Gory tưởng nhớ các nạn nhân của những cuộc đàn áp chính trị thập niên 1930-1940. Tại đây năm 1940, hơn bốn nghìn sĩ quan Ba Lan bị mật vụ NKVD hành quyết, cùng hàng nghìn công dân Xô Viết. Khánh thành năm 2000, đây là một trong những đài tưởng niệm bi tráng và lay động nhất nước Nga."
smolensk-gnyozdovo-burial-mounds,Quần thể gò mộ cổ Gnyozdovo (Gnyozdovskiye kurgany),Гнёздовские курганы (Гнёздовский археологический комплекс),Gnyozdovo Burial Mounds,Tỉnh Smolensk,monument|museum,54.78472,31.87944,4.6,330,Google,Khoảng 1-2 giờ.,Đi dạo khu gò mộ ngoài trời miễn phí. Các tour có hướng dẫn hoặc chương trình khảo cổ tương tác thu phí ở mức vừa phải.,Cánh đồng gò mộ ngoài trời có thể tham quan tự do quanh năm. Các chương trình tham quan có hướng dẫn và hoạt động của khu bảo tàng - bảo tồn thường tổ chức vào mùa ấm; nên liên hệ trước.,Cuối xuân đến đầu thu khi cỏ xanh và đường mòn khô ráo; tránh mùa lầy lội.,"https://yandex.com/maps/?pt=31.87944,54.78472&z=17&l=map","https://www.google.com/maps/search/?api=1&query=54.78472,31.87944",https://gnezdovo-museum.ru/,enriched,"Quần thể gò mộ Gnyozdovo là một trong những di chỉ khảo cổ thời đại Viking lớn nhất châu Âu, có niên đại thế kỷ 10. Nơi đây từng là khu định cư Varangian - Slav sầm uất trên tuyến thương mại 'từ người Varangian đến người Hy Lạp'. Gần bốn nghìn gò mộ và vô số hiện vật quý gắn liền với nguồn gốc thành phố Smolensk."
smolensk-khmelita-griboyedov-estate,Điền trang - bảo tàng Griboyedov ở Khmelita (Khmelita),Музей-заповедник А. С. Грибоедова «Хмелита»,Griboyedov Estate-Museum Khmelita,Tỉnh Smolensk,museum|palace,55.40559,33.888706,4.6,64,Tripadvisor,"Khoảng 1,5-2 giờ cho tòa nhà chính và công viên.","Khoảng 60-500 RUB tùy khu: vào khuôn viên/công viên từ ~70 RUB, trưng bày chính từ ~400 RUB, vé gộp cả quần thể từ ~435 RUB; trung tâm Nakhimov và điền trang Bogoroditskoe từ ~110 RUB.","Thứ Tư-Chủ nhật; mùa hè (1/4-31/10) 10:00-18:00, mùa đông (1/11-31/3) 9:00-17:00; nghỉ thứ Hai và thứ Ba; thứ Tư cuối tháng là ngày vệ sinh.",Cuối xuân đến đầu thu khi công viên cổ thụ xanh mát; tránh thứ Hai và thứ Ba (đóng cửa).,"https://yandex.com/maps/?pt=33.888706,55.40559&z=17&l=map","https://www.google.com/maps/search/?api=1&query=55.40559,33.888706",https://khmelita.com/,enriched,"Điền trang Khmelita là một dinh thự Baroque giữa thế kỷ 18, thuộc dòng họ Griboyedov, nơi văn hào Aleksandr Griboyedov trải qua tuổi thơ. Sau nhiều năm hoang phế, điền trang được phục dựng công phu và trở thành bảo tàng - khu bảo tồn từ năm 1990. Quần thể còn có trung tâm bảo tàng Đô đốc Nakhimov và khu tưởng niệm chiến tranh."
smolensk-smolensk-lakeland-national-park,Vườn quốc gia Smolenskoye Poozerye - Vùng hồ Smolensk (Smolenskoye Poozyorye),Национальный парк «Смоленское Поозерье»,Smolenskoye Poozerye National Park (Smolensk Lakeland),Tỉnh Smolensk,park_garden,55.517,31.867,,,,Từ nửa ngày đến vài ngày tùy lịch trình; nhiều du khách lưu trú qua đêm.,"Vé vào vườn quốc gia khoảng 150 RUB/người lớn, trẻ em miễn phí; tour có hướng dẫn khoảng 250 RUB (người lớn)/100 RUB (trẻ em); cắm trại có phụ phí (khoảng 150 RUB/người/ngày và 150 RUB/xe).",Khu thiên nhiên mở quanh năm; văn phòng/trung tâm du khách của vườn quốc gia làm việc các ngày trong tuần khoảng 9:00-17:00 (nghỉ trưa).,"Mùa hè để bơi, chèo thuyền trên hồ Sapsho và đi rừng; mùa thu lá vàng rất đẹp; mùa đông có trượt tuyết băng đồng.","https://yandex.com/maps/?pt=31.867,55.517&z=17&l=map","https://www.google.com/maps/search/?api=1&query=55.517,31.867",https://www.poozerie.ru/,enriched,"Vườn quốc gia Smolenskoye Poozerye - 'Vùng hồ Smolensk' - là khu dự trữ sinh quyển UNESCO rộng hơn 1.460 km² với 35 hồ băng hà. Nổi bật là hồ Sapsho thơ mộng và thị trấn nghỉ dưỡng Przhevalskoye. Đây là thiên đường cho những ai yêu rừng, hồ và các hoạt động ngoài trời."
smolensk-vyazma,Thành phố cổ Vyazma (Vyazma),Вязьма,Vyazma,Tỉnh Smolensk,square_street|church|monument,55.2107,34.2912,4.9,80,Tripadvisor,Khoảng nửa ngày để đi bộ khám phá trung tâm cổ và các nhà thờ chính.,"Dạo phố và vào các nhà thờ, tu viện miễn phí (đón nhận quyên góp); một số bảo tàng thu phí vé khiêm tốn.",Thành phố tham quan tự do mọi lúc. Các nhà thờ và Tu viện Thánh Gioan Tẩy Giả thường mở cửa hằng ngày (khoảng 8:00-20:00 theo lịch lễ); bảo tàng địa phương có giờ riêng.,Cuối xuân đến đầu thu để đi bộ dễ chịu; các ngày lễ Chính thống giáo không khí đặc biệt sống động.,"https://yandex.com/maps/?pt=34.2912,55.2107&z=17&l=map","https://www.google.com/maps/search/?api=1&query=55.2107,34.2912",,enriched,"Vyazma là thị trấn cổ gần 800 năm tuổi bên đường Moskva-Smolensk, giàu di sản kiến trúc và ký ức chiến tranh. Nổi bật là nhà thờ Odigitrievskaya ba chóp nhọn thế kỷ 17 trong Tu viện Thánh Gioan Tẩy Giả. Thị trấn còn nổi danh với món bánh gừng 'pryanik' trứ danh và những trang sử Thế chiến II bi hùng."
stavropol-pyatigorsk-mashuk-proval,"Núi Mashuk và hồ Proval, Pyatigorsk (Ma-suc / Prô-van)",Гора Машук и озеро Провал (Пятигорск),"Mount Mashuk & Lake Proval, Pyatigorsk",Vùng Stavropol,park_garden|other,44.043698,43.081353,,,,"Khoảng 2–4 giờ nếu kết hợp cả cáp treo, đỉnh núi và hồ Proval.","Vào hồ Proval miễn phí. Cáp treo Mashuk: khoảng 250 rúp/lượt và 400 rúp khứ hồi (người lớn), trẻ em 50–100 rúp, dưới 5 tuổi miễn phí.","Hồ Proval mở cửa tự do cả ngày, đông khách nhất khoảng 9:00–18:00. Cáp treo Mashuk chạy thứ Hai–Năm 10:00–21:00, thứ Sáu–Chủ nhật 10:00–22:00.",Cuối xuân đến đầu thu; nên lên đỉnh vào buổi sáng trời trong để dễ nhìn thấy đỉnh Elbrus.,"https://yandex.com/maps/?pt=43.081353,44.043698&z=17&l=map","https://www.google.com/maps/search/?api=1&query=44.043698,43.081353",,enriched,"Biểu tượng của thành phố suối khoáng Pyatigorsk, núi Mashuk cao gần 1.000 m cho tầm nhìn bao trọn dãy Kavkaz và đỉnh Elbrus tuyết phủ. Dưới sườn núi là Proval - hồ nước ngầm xanh biếc nằm trong lòng hang, nổi tiếng nhờ tiểu thuyết trào phúng 'Mười hai chiếc ghế'."
stavropol-kislovodsk-national-park,Vườn quốc gia Kislovodsk (Ki-xlô-vôt-xcơ),Кисловодский национальный парк,Kislovodsk National Park,Vùng Stavropol,park_garden,43.9053,42.7188,,,,Từ 2–3 giờ dạo quanh khu trung tâm đến trọn một ngày nếu leo lên đỉnh Bolshoe Sedlo.,Vào cửa miễn phí. Một số dịch vụ có thu phí như cáp treo và các điểm trưng bày nhỏ trong công viên.,Công viên mở cửa tự do quanh năm; các cổng và tuyến chính nhộn nhịp nhất từ sáng đến chiều tối.,"Đẹp quanh năm; tháng 6–9 hoa hồng nở rộ, mùa thu lá vàng, mùa đông tuyết phủ yên bình.","https://yandex.com/maps/?pt=42.7188,43.9053&z=17&l=map","https://www.google.com/maps/search/?api=1&query=43.9053,42.7188",https://kispark.ru/,enriched,"Được xem là một trong những công viên đô thị lớn nhất châu Âu, Vườn quốc gia Kislovodsk trải rộng gần 1.000 ha trên các sườn đồi ngập tràn thông, tùng và không khí trong lành. Đây là cái nôi của 'terrenkur' - liệu pháp đi bộ chữa bệnh theo những cung đường được đánh dấu tỉ mỉ."
stavropol-narzan-gallery-kislovodsk,"Hành lang nước khoáng Narzan, Kislovodsk (Na-rơ-dan)",Нарзанная галерея (Кисловодск),"Narzan Gallery, Kislovodsk",Vùng Stavropol,other|monument,43.9049,42.7197,,,,Khoảng 30–45 phút.,Vào cửa và nếm thử nước khoáng miễn phí; nên mang theo cốc riêng hoặc mua cốc sứ lưu niệm tại chỗ.,"Thường mở theo các khung giờ uống nước trong ngày (sáng, trưa và chiều); nên kiểm tra lịch tại chỗ vì có thể thay đổi theo mùa.",Quanh năm; nên ghé vào buổi sáng trước khi dạo công viên.,"https://yandex.com/maps/?pt=42.7197,43.9049&z=17&l=map","https://www.google.com/maps/search/?api=1&query=43.9049,42.7197",,enriched,"Tòa nhà đá hình chiếc chìa khóa cong theo phong cách Gothic Anh là nơi du khách nếm thử nước khoáng Narzan trứ danh ngay tại nguồn. Được dựng giữa thế kỷ XIX bên miệng suối 'anh hùng', đây là biểu tượng gắn liền với danh xưng của cả thành phố Kislovodsk."
stavropol-essentuki-resort,Công viên nghỉ dưỡng Essentuki (E-xen-tu-ki),Курортный парк (Ессентуки),Essentuki Resort Park,Vùng Stavropol,park_garden,44.0447,42.8608,,,,"Khoảng 1,5–3 giờ.","Vào công viên miễn phí. Uống nước khoáng tại vòi thường miễn phí hoặc phí tượng trưng; một số cơ sở trị liệu, tắm bùn thu phí riêng.",Công viên mở cửa tự do; các nhà uống nước khoáng phục vụ theo khung giờ nhất định trong ngày.,Cuối xuân đến đầu thu để tận hưởng cây xanh và hoa; buổi sáng mát mẻ hợp cho việc uống nước.,"https://yandex.com/maps/?pt=42.8608,44.0447&z=17&l=map","https://www.google.com/maps/search/?api=1&query=44.0447,42.8608",,enriched,"Trái tim của thành phố suối khoáng Essentuki là công viên nghỉ dưỡng khai lập từ năm 1849, nơi hội tụ những nhà uống nước khoáng, cột đình nghỉ mát và công trình trị liệu độc đáo. Đây là nơi thưởng thức hai loại nước khoáng trứ danh mang tên Essentuki số 4 và số 17."
stavropol-zheleznovodsk-resort,Công viên nghỉ dưỡng Zheleznovodsk (Giê-lê-znô-vôt-xcơ),Курортный парк (Железноводск),Zheleznovodsk Resort Park,Vùng Stavropol,park_garden,44.1385,43.0295,,,,Khoảng 2–3 giờ.,"Vào công viên miễn phí. Một số công trình, buổi hòa nhạc trong Hành lang Pushkin và dịch vụ trị liệu thu phí riêng.",Công viên mở cửa tự do quanh năm; các nhà uống nước khoáng phục vụ theo khung giờ trong ngày.,"Đẹp quanh năm; mùa hè mát nhờ rừng cây, buổi tối cầu thang thác nước lên đèn rất đáng ngắm.","https://yandex.com/maps/?pt=43.0295,44.1385&z=17&l=map","https://www.google.com/maps/search/?api=1&query=44.1385,43.0295",,enriched,"Nhỏ nhắn và yên bình nhất trong bốn đô thị suối khoáng, Zheleznovodsk có công viên nghỉ dưỡng độc đáo mọc tự nhiên trên sườn núi rừng Zheleznaya. Nơi đây quy tụ Hành lang Pushkin bằng gang - kính, Cung điện Tiểu vương Bukhara và cầu thang thác nước dài bậc nhất nước Nga."
stavropol-honey-waterfalls,Thác Mật Ong (Medovye Vodopady / Mê-đô-vưi Vô-đô-pa-đư),Медовые водопады,Honey Waterfalls,Vùng Stavropol,park_garden|other,43.8761,42.5086,,,,"Khoảng 1–2 giờ tại thác, hoặc nửa ngày nếu kết hợp núi Vòng.","Phí vào khu vực thác thường ở mức tượng trưng (khoảng 100 rúp/người); các dịch vụ như công viên mạo hiểm, cưỡi ngựa, ăn uống tính phí riêng.","Khu thác đón khách cả ngày, đông nhất vào ban ngày; khu phức hợp du lịch bên cạnh phục vụ theo giờ mở cửa riêng.",Cuối xuân đến đầu thu; thác nhiều nước và đồng cỏ xanh nhất vào tháng 5–6.,"https://yandex.com/maps/?pt=42.5086,43.8761&z=17&l=map","https://www.google.com/maps/search/?api=1&query=43.8761,42.5086",https://medovye-vodopady.com/,enriched,"Nằm trong hẻm núi sông Alikonovka gần Kislovodsk, Thác Mật Ong là cụm năm ngọn thác đổ xuống giữa vách đá dựng đứng và đồng cỏ núi. Đây là điểm dã ngoại quen thuộc, thường được kết hợp cùng núi Vòng đá kỳ lạ trong một tour trong ngày."
stavropol-stavropol-kazan-cathedral,"Nhà thờ chính tòa Kazan, Stavropol (Ka-zan)",Казанский кафедральный собор (Ставрополь),"Kazan Cathedral, Stavropol",Vùng Stavropol,church,45.0453,41.969,,,,Khoảng 30–45 phút.,Vào cửa miễn phí (là nơi thờ phụng đang hoạt động); có thể quyên góp tùy tâm.,"Mở cửa hằng ngày cho tín đồ và khách tham quan, thường từ sáng sớm đến chiều tối theo lịch lễ; các buổi lễ diễn ra buổi sáng và chiều.",Quanh năm; đẹp nhất khi nắng chiếu lên các mái vòm vàng và vào các dịp lễ lớn của Chính thống giáo.,"https://yandex.com/maps/?pt=41.969,45.0453&z=17&l=map","https://www.google.com/maps/search/?api=1&query=45.0453,41.969",https://stavropol-sobor.cerkov.ru/,enriched,"Vươn cao trên đồi Thành giữa lòng Stavropol, Nhà thờ chính tòa Kazan với năm mái vòm vàng và tháp chuông chọc trời là biểu tượng phục sinh của thành phố. Ngôi đền nguyên bản thế kỷ XIX từng bị phá hủy thời Xô Viết và được dựng lại nguyên dạng vào đầu thế kỷ XXI."
sverdlovsk-church-on-blood-yekaterinburg,Nhà thờ Trên Máu (Khram-na-Krovi),"Храм-на-Крови во имя Всех святых, в земле Российской просиявших",Church on the Blood,Tỉnh Sverdlovsk,church|monument,56.844381,60.608877,4.4,1148,Tripadvisor,"Khoảng 1–1,5 giờ cho nhà thờ và bảo tàng.",Vào nhà thờ miễn phí; một vài khu trưng bày/bảo tàng có thể thu phí nhỏ.,"Mở cửa hằng ngày, khoảng 7:30–23:00; các buổi lễ thường vào sáng sớm và chiều tối.",Sáng sớm để tránh đông; đặc biệt ấn tượng vào đêm 16–17/7 dịp lễ tưởng niệm hoàng gia.,"https://yandex.com/maps/?pt=60.608877,56.844381&z=17&l=map","https://www.google.com/maps/search/?api=1&query=56.844381,60.608877",https://xram-na-krovi.ru/,enriched,"Nhà thờ Chính thống giáo năm mái vòm vàng dựng ngay trên nền ngôi nhà Ipatiev, nơi Sa hoàng Nikolai II và gia đình bị hành quyết năm 1918. Đây là đài tưởng niệm hoàng gia Romanov linh thiêng và là một biểu tượng của Yekaterinburg."
sverdlovsk-ganina-yama-monastery,Tu viện Ganina Yama (Ganina Yama),Ганина Яма (Монастырь Святых Царственных Страстотерпцев),Ganina Yama (Monastery of the Holy Royal Martyrs),Tỉnh Sverdlovsk,church|monument,56.941839,60.473417,4.9,1193,2GIS,"Khoảng 2–3 giờ, tính cả thời gian di chuyển từ trung tâm.",Vào cửa tự do (khuyến khích công đức); một số tour có hướng dẫn viên thu phí.,"Mở cửa hằng ngày, thường khoảng 9:00–17:00; dịch vụ hướng dẫn/đặt tham quan 9:00–20:00.",Cuối xuân đến đầu thu khi rừng xanh mát; dịp 16–17/7 có lễ và đoàn hành hương lớn.,"https://yandex.com/maps/?pt=60.473417,56.941839&z=17&l=map","https://www.google.com/maps/search/?api=1&query=56.941839,60.473417",https://ganinayama.ru/,enriched,"Tu viện nam Chính thống giáo lập năm 2000 tại khu mỏ bỏ hoang, nơi hài cốt gia đình Sa hoàng Nikolai II từng bị phi tang năm 1918. Quần thể bảy nhà thờ gỗ giữa rừng thông là điểm hành hương nổi tiếng gắn với các Thánh Tử đạo Hoàng gia."
sverdlovsk-vysotsky-tower-observation,Đài quan sát «Vysotsky» (Vysotsky),Смотровая площадка «Высоцкий»,Vysotsky Skyscraper Observation Deck,Tỉnh Sverdlovsk,other,56.836022,60.614521,4.6,1589,2GIS,Khoảng 30–60 phút.,"Vé người lớn từ khoảng 600 RUB; học sinh, sinh viên, người cao tuổi 400–500 RUB; trẻ dưới 5 tuổi miễn phí.",Ngày thường 12:00–22:00; cuối tuần 10:00–22:00 (có thể thay đổi theo mùa).,Trước hoàng hôn để ngắm cả cảnh ngày lẫn thành phố lên đèn; nên chọn ngày trời quang.,"https://yandex.com/maps/?pt=60.614521,56.836022&z=17&l=map","https://www.google.com/maps/search/?api=1&query=56.836022,60.614521",https://visotsky-e.ru/,enriched,Đài quan sát trên tầng 52 của tòa nhà chọc trời «Vysotsky» cao 188 mét — một trong những điểm ngắm toàn cảnh cao nhất nước Nga ngoài Moskva. Từ đây có thể phóng tầm mắt bao quát toàn bộ Yekaterinburg và vùng Ural xung quanh.
sverdlovsk-europe-asia-border-obelisk,Đài kỷ niệm «Âu – Á» (Obelisk Evropa–Aziya),Обелиск «Европа — Азия»,Europe-Asia Border Obelisk,Tỉnh Sverdlovsk,monument,56.832136,60.350693,4.8,148,2GIS,Khoảng 20–30 phút.,Miễn phí.,"Công trình ngoài trời, tham quan tự do 24/7.",Mùa hè hoặc đầu thu khi thời tiết dễ chịu; nên ghép chung tour quanh thành phố.,"https://yandex.com/maps/?pt=60.350693,56.832136&z=17&l=map","https://www.google.com/maps/search/?api=1&query=56.832136,60.350693",,enriched,"Cột đài đánh dấu ranh giới tượng trưng giữa hai châu lục Âu và Á, dựng năm 2004 bên đường cao tốc phía tây Yekaterinburg. Điểm thú vị là du khách có thể đứng mỗi chân ở một châu lục để chụp ảnh."
sverdlovsk-deer-streams-park,Công viên thiên nhiên «Suối Hươu» (Oleni Ruchi),Природный парк «Оленьи ручьи»,Deer Streams Nature Park,Tỉnh Sverdlovsk,park_garden,56.517224,59.245134,4.7,399,2GIS,"Từ nửa ngày đến trọn ngày, tùy tuyến (khoảng 3–7 giờ đi bộ).","Vé vào tuyến đường mòn khoảng 500 RUB (có loại giá trị 3 ngày); trẻ em, người cao tuổi, người khuyết tật thường được miễn.","Mở cửa hằng ngày, quầy vé và trung tâm đón khách khoảng 9:00–18:00.",Cuối xuân đến đầu thu để đi bộ dễ dàng; mùa thu lá vàng đặc biệt đẹp.,"https://yandex.com/maps/?pt=59.245134,56.517224&z=17&l=map","https://www.google.com/maps/search/?api=1&query=56.517224,59.245134",http://olenpark.ru/,enriched,"Công viên thiên nhiên bên bờ sông Serga với vách đá vôi, hang động, rừng taiga và những cây thông cổ thụ. Hệ thống đường mòn có cầu treo, thang gỗ đưa du khách tới các điểm ngắm cảnh và tranh khắc đá thời tiền sử."
sverdlovsk-verkhoturye-kremlin,Điện Kremlin Verkhoturye (Verkhotursky Kreml),Верхотурский кремль,Verkhoturye Kremlin,Tỉnh Sverdlovsk,fortress|church,58.860618,60.808585,4.9,104,2GIS,"Khoảng 1,5–2 giờ cho kremlin và các gian bảo tàng.",Vé trọn gói 4 khu trưng bày khoảng 500 RUB (trẻ em 240 RUB); một khu lẻ 100 RUB; khuôn viên kremlin vào tự do.,"Thứ Ba–Năm và cuối tuần 10:00–18:00, thứ Sáu 10:00–17:00; đóng cửa thứ Hai (quầy vé ngừng bán trước giờ đóng 1 tiếng).","Mùa hè khi ngày dài, thuận tiện cho chuyến đi trong ngày; nên ghép cùng tu viện Thánh Nikolai.","https://yandex.com/maps/?pt=60.808585,58.860618&z=17&l=map","https://www.google.com/maps/search/?api=1&query=58.860618,60.808585",https://vgiamz.ru/,enriched,"Điện Kremlin nhỏ nhất nước Nga và là kremlin bằng đá duy nhất ở vùng Ural, hoàn thành đầu thế kỷ 18. Bên trong nổi bật với Nhà thờ Chính Ba Ngôi lộng lẫy, nằm ở thị trấn hành hương cổ Verkhoturye."
sverdlovsk-nevyansk-leaning-tower,Tháp nghiêng Nevyansk (Nevyanskaya bashnya),Невьянская наклонная башня,Leaning Tower of Nevyansk,Tỉnh Sverdlovsk,monument|museum,57.489878,60.223322,4.8,148,Tripadvisor,"Tour tháp khoảng 1,5 giờ; cả cụm di tích nửa ngày.",Vé lên tháp kèm hướng dẫn khoảng 400 RUB; học sinh 200–250 RUB.,"Thứ Ba–Chủ nhật 9:00–18:00 (mùa ấm tháng 4–10 tới 19:00); đóng cửa thứ Hai. Tham quan tháp theo đoàn, khoảng 15 phút một lượt.","Ngày thường và mùa ấm (tháng 5–9) để thời tiết dễ chịu, ít đông.","https://yandex.com/maps/?pt=60.223322,57.489878&z=17&l=map","https://www.google.com/maps/search/?api=1&query=57.489878,60.223322",https://nevyanskaya-bashnya.ru/,enriched,"Tháp nghiêng bằng đá do dòng họ công nghiệp Demidov xây dựng nửa đầu thế kỷ 18, cao khoảng 57,5 mét. Công trình nổi tiếng với độ nghiêng bí ẩn, «phòng nghe lén» và cột thu lôi ra đời trước phát minh của Franklin."
sverdlovsk-yekaterinburg-plotinka,"Plotinka – Quảng trường Lịch sử (Plotinka, Istorichesky skver)",Плотинка (Исторический сквер),Plotinka (Historical Square),Tỉnh Sverdlovsk,square_street|park_garden,56.836763,60.60417,4.9,9948,2GIS,"Khoảng 30–60 phút dạo bộ, lâu hơn nếu ghé bảo tàng.",Miễn phí (một số bảo tàng quanh quảng trường thu phí riêng).,"Không gian công cộng ngoài trời, mở tự do 24/7 (các bảo tàng lân cận có giờ riêng).",Chiều tối mùa hè để dạo mát và ngắm đèn; dịp Ngày Thành phố (tháng 8) rất sôi động.,"https://yandex.com/maps/?pt=60.60417,56.836763&z=17&l=map","https://www.google.com/maps/search/?api=1&query=56.836763,60.60417",,enriched,"Con đập cổ trên sông Iset — nơi khai sinh Yekaterinburg năm 1723 — cùng công viên lịch sử bao quanh. Đây là trái tim của thành phố, điểm dạo chơi, gặp gỡ và tổ chức lễ hội quen thuộc của người dân."
tambov-aseev-mansion,Dinh thự Aseev (Usadba Aseevykh),Музейный комплекс «Усадьба Асеевых»,Aseev Mansion (Museum Estate),Tỉnh Tambov,palace|museum,52.707106,41.477803,4.7,169,Tripadvisor,"Khoảng 1–1,5 giờ cho phần dinh thự; dạo thêm công viên có thể mất tới 3 giờ.",Vé vào khoảng 150 rúp; sinh viên/học viên 80 rúp; phí chụp ảnh 170 rúp.,"Thứ Ba, Tư, Sáu 10:00–18:00; thứ Năm 13:00–21:00; thứ Bảy, Chủ nhật 10:00–16:00. Đóng cửa thứ Hai và thứ Ba cuối tháng (ngày vệ sinh).","Cuối xuân đến đầu thu, khi công viên ven sông xanh mát; nên đi theo khung giờ có tour hướng dẫn.","https://yandex.com/maps/?pt=41.477803,52.707106&z=17&l=map","https://www.google.com/maps/search/?api=1&query=52.707106,41.477803",https://mk-aseeva.ru,enriched,"Dinh thự Aseev là công trình lộng lẫy nhất Tambov, một kiệt tác kiến trúc Art Nouveau bên bờ sông Tsna. Từng là tư dinh của nhà kỹ nghệ và mạnh thường quân Mikhail Aseev, ngày nay nơi đây là bảo tàng với nội thất được phục chế công phu."
tambov-ivanovka-rachmaninoff-estate,Điền trang - Bảo tàng Rachmaninov (Ivanovka),Музей-заповедник С. В. Рахманинова «Ивановка»,Rachmaninoff Estate-Museum «Ivanovka»,Tỉnh Tambov,museum|park_garden,51.952171,42.003071,4.3,33,Tripadvisor,Khoảng 2–3 giờ; nếu kết hợp nghe hòa nhạc hoặc lưu trú có thể trọn một ngày.,Người lớn khoảng 200 rúp; sinh viên và người hưu trí 100 rúp (giá vé tham quan cơ bản).,"Thường mở cửa 10:00–18:00; nên gọi trước để xác nhận, nhất là vào các ngày diễn ra liên hoan âm nhạc.",Cuối tháng 5 mùa tử đinh hương nở rộ và các dịp liên hoan Rachmaninov mùa hè là thời điểm đẹp nhất.,"https://yandex.com/maps/?pt=42.003071,51.952171&z=17&l=map","https://www.google.com/maps/search/?api=1&query=51.952171,42.003071",https://ivanovka-museum.ru,enriched,"Ivanovka là điền trang nơi nhà soạn nhạc thiên tài Sergei Rachmaninov trải qua gần ba mươi mùa hè và viết nên nhiều tác phẩm. Ngày nay đây là bảo tàng - khu bảo tồn duy nhất về Rachmaninov ở Nga, với những tòa nhà phục dựng và công viên rộng lớn."
tambov-michurinsk,Thành phố Michurinsk,Мичуринск,Michurinsk,Tỉnh Tambov,other|museum|park_garden,52.898352,40.52606,5.0,6,Tripadvisor,Nửa ngày đến trọn một ngày nếu muốn thăm nhiều bảo tàng và nhà thờ.,Vé mỗi bảo tàng thường ở mức vài trăm rúp; dạo phố và ghé nhà thờ không mất phí.,Các bảo tàng thường mở 10:00–17:00/18:00 và đóng cửa thứ Hai; nên kiểm tra giờ từng điểm trước khi đến. Nhà thờ mở cửa hằng ngày.,"Cuối hè - đầu thu, đúng mùa thu hoạch và dịp Lễ hội Táo Michurinsk.","https://yandex.com/maps/?pt=40.52606,52.898352&z=17&l=map","https://www.google.com/maps/search/?api=1&query=52.898352,40.52606",,enriched,"Michurinsk là 'thành phố khoa học' (naukograd) và thủ phủ nghề làm vườn của nước Nga, mang tên nhà chọn giống cây trồng Ivan Michurin. Từ pháo đài Kozlov xưa, nơi đây đã trở thành trung tâm nghiên cứu cây ăn quả nổi tiếng."
tambov-kazan-monastery-tambov,Tu viện Kazan (Tambov),Казанский Богородичный мужской монастырь,Kazan (Mother of God) Monastery,Tỉnh Tambov,church|monument,52.720627,41.460123,4.9,11,Tripadvisor,Khoảng 45 phút đến 1 giờ; thêm thời gian nếu lên đài quan sát.,Vào tham quan tu viện miễn phí; leo tháp chuông có thể cần một khoản phí hoặc quyên góp nhỏ.,"Mở cửa hằng ngày, thường từ sáng sớm đến chiều tối theo giờ lễ; đài quan sát trên tháp chuông có thể giới hạn giờ.",Buổi sáng trời quang để ngắm mái vòm và lên tháp chuông có tầm nhìn đẹp nhất.,"https://yandex.com/maps/?pt=41.460123,52.720627&z=17&l=map","https://www.google.com/maps/search/?api=1&query=52.720627,41.460123",,enriched,"Tu viện Kazan là một trong những quần thể tôn giáo đẹp và cổ kính nhất Tambov, nổi bật với những mái vòm xanh và tháp chuông cao vút. Được lập từ thế kỷ 17, tu viện từng là trung tâm của giáo phận Tambov."
tambov-trinity-cathedral-morshansk,Nhà thờ chính tòa Ba Ngôi Morshansk,Троицкий собор (Моршанск),"Trinity Cathedral, Morshansk",Tỉnh Tambov,church,53.442363,41.822959,,,,Khoảng 30–45 phút.,Vào tham quan miễn phí; hoan nghênh quyên góp tùy tâm.,"Mở cửa hằng ngày theo giờ lễ, thường từ sáng đến chiều tối.",Ngày nắng để mái vòm vàng và mặt tiền trắng nổi bật; dịp lễ lớn để cảm nhận không khí thờ phụng.,"https://yandex.com/maps/?pt=41.822959,53.442363&z=17&l=map","https://www.google.com/maps/search/?api=1&query=53.442363,41.822959",,enriched,Nhà thờ chính tòa Ba Ngôi là biểu tượng và công trình cao nhất của thị trấn thương nhân Morshansk. Kiến trúc tân cổ điển đồ sộ này có thể chứa tới 4.000 người.
tambov-mamontova-pustyn,Tu viện Mamontova Pustyn,Мамонтова Свято-Никольская пустынь,Mamontova Pustyn (St. Nicholas Hermitage),Tỉnh Tambov,church|park_garden,53.228633,41.700947,,,,"Khoảng 1–2 giờ, bao gồm thời gian ra Hồ Thiêng.",Vào cửa miễn phí; hoan nghênh quyên góp tùy tâm.,Mở cửa hằng ngày vào ban ngày cho khách hành hương; hoạt động theo lịch lễ của đan viện.,Cuối xuân đến đầu thu khi thời tiết dễ chịu; các dịp lễ Thánh Nikolai thu hút đông người hành hương.,"https://yandex.com/maps/?pt=41.700947,53.228633&z=17&l=map","https://www.google.com/maps/search/?api=1&query=53.228633,41.700947",,enriched,"Mamontova Pustyn là một tu viện ẩn mình giữa thiên nhiên Tambov, gắn với truyền thuyết và Hồ Thiêng nổi tiếng. Đây là điểm hành hương được người dân khắp vùng tìm về."
tambov-transfiguration-cathedral-tambov,Nhà thờ chính tòa Chúa Biến Hình Tambov,Спасо-Преображенский кафедральный собор (Тамбов),Transfiguration Cathedral (Tambov),Tỉnh Tambov,church|monument,52.727232,41.45862,4.9,39,Tripadvisor,Khoảng 30–45 phút.,Vào tham quan miễn phí; hoan nghênh quyên góp tùy tâm.,"Mở cửa hằng ngày, khoảng 7:00–19:00 theo giờ lễ.",Buổi sáng hoặc trước giờ lễ để không gian yên tĩnh; đứng ở bờ sông gần đó để ngắm toàn cảnh nhà thờ.,"https://yandex.com/maps/?pt=41.45862,52.727232&z=17&l=map","https://www.google.com/maps/search/?api=1&query=52.727232,41.45862",https://spaso-preobr-sobor.ru,enriched,"Đây là nhà thờ cổ nhất Tambov, khởi nguồn cùng pháo đài lập nên thành phố. Thánh đường gắn liền với Thánh Pitirim - vị thánh bảo trợ của vùng đất Tambov."
tambov-tambov-regional-local-lore-museum,Bảo tàng Địa phương học tỉnh Tambov,Тамбовский областной краеведческий музей,Tambov Regional Local Lore Museum,Tỉnh Tambov,museum,52.725195,41.453798,4.4,51,Tripadvisor,"Khoảng 1–1,5 giờ.",Người lớn 165 rúp; trẻ em (7–14 tuổi) 100 rúp; người hưu trí 145 rúp; vé gia đình 270 rúp; trẻ dưới 7 tuổi miễn phí.,10:00–18:00; thứ Năm 13:00–21:00. Đóng cửa thứ Hai và thứ Sáu cuối tháng; quầy vé ngừng bán trước giờ đóng 30 phút.,Quanh năm vì là điểm tham quan trong nhà; thích hợp cho ngày mưa hoặc mùa lạnh.,"https://yandex.com/maps/?pt=41.453798,52.725195&z=17&l=map","https://www.google.com/maps/search/?api=1&query=52.725195,41.453798",https://tmbmuseum.ru,enriched,"Bảo tàng Địa phương học tỉnh Tambov là kho lưu giữ hơn 112.000 hiện vật về thiên nhiên, lịch sử và văn hóa của vùng. Đây là điểm đến lý tưởng để hiểu trọn vẹn về xứ Tambov."
tatarstan-kazan-kremlin,"Điện Kremlin Kazan và Nhà thờ Hồi giáo Kul-Sharif (Kazanskiy Kreml, Kul-Sharif)",Казанский кремль и мечеть Кул-Шариф,Kazan Kremlin and Kul Sharif Mosque,Cộng hoà Tatarstan,fortress|church|museum,55.79917,49.10556,4.8,3904,Tripadvisor,Khoảng 2–3 giờ.,"Vào tham quan khuôn viên và Nhà thờ Kul-Sharif miễn phí; các bảo tàng bên trong (Hermitage-Kazan, Bảo tàng Văn hóa Hồi giáo…) bán vé riêng.",Khuôn viên Kremlin mở cửa tự do hằng ngày (thường khoảng 8:00–22:00 vào mùa hè); Nhà thờ Hồi giáo Kul-Sharif mở khoảng 9:00–19:30.,Buổi sáng sớm hoặc lúc hoàng hôn; đẹp nhất từ cuối xuân đến đầu thu.,"https://yandex.com/maps/?pt=49.10556,55.79917&z=17&l=map","https://www.google.com/maps/search/?api=1&query=55.79917,49.10556",https://kazan-kremlin.ru,enriched,"Điện Kremlin Kazan là quần thể pháo đài – tôn giáo bên sông Kazanka, được UNESCO công nhận là Di sản Thế giới năm 2000. Nơi đây nổi bật với Nhà thờ Hồi giáo Kul-Sharif tráng lệ và tháp nghiêng Söyembikä, biểu tượng cho sự chung sống hài hòa giữa văn hóa Hồi giáo Tatar và Chính thống giáo Nga."
tatarstan-sviyazhsk,Đảo–thị trấn Sviyazhsk (Ostrov-grad Sviyazhsk),Остров-град Свияжск,Island Town of Sviyazhsk,Cộng hoà Tatarstan,church|museum|fortress,55.77028,48.65278,4.7,225,Tripadvisor,Nửa ngày (khoảng 3–4 giờ).,"Vào đảo, các nhà thờ và tu viện miễn phí; các bảo tàng chuyên đề bán vé riêng.",Đảo mở cửa tham quan tự do cả ngày; các bảo tàng thường mở khoảng 9:00–18:00.,Cuối xuân đến đầu thu; nên đi buổi sáng để tránh đông và kịp chuyến tàu/thuyền về.,"https://yandex.com/maps/?pt=48.65278,55.77028&z=17&l=map","https://www.google.com/maps/search/?api=1&query=55.77028,48.65278",https://ostrovgrad.org,enriched,"Sviyazhsk là đảo–thị trấn lịch sử nằm giữa nơi hợp lưu sông Volga và Sviyaga, do Ivan Bạo chúa lập năm 1551. Quần thể tu viện và nhà thờ cổ nơi đây, với những bích họa quý hiếm, đã được UNESCO ghi danh năm 2017."
tatarstan-bolgar,Khu bảo tồn lịch sử – kiến trúc Bolgar (Bolgar / Velikiy Bolgar),Болгарский историко-архитектурный музей-заповедник,Bolgar Historical and Archaeological Complex,Cộng hoà Tatarstan,museum|monument|church,54.97889,49.05639,4.5,136,Tripadvisor,Nửa ngày đến trọn một ngày.,"Vào khu di tích miễn phí; các bảo tàng bán vé riêng (50–200 RUB), vé gộp tham quan tất cả bảo tàng khoảng 400 RUB (trẻ mẫu giáo miễn phí).","Mùa hè (tháng 5–9) 8:00–18:00; mùa đông (tháng 10–4) 8:00–17:00, mở cửa cả tuần.","Mùa hè, đặc biệt khi kết hợp đi thuyền trên sông Volga từ Kazan.","https://yandex.com/maps/?pt=49.05639,54.97889&z=17&l=map","https://www.google.com/maps/search/?api=1&query=54.97889,49.05639",https://vbolgar.ru,enriched,"Bolgar là khu di tích khảo cổ bên sông Volga, kinh đô xưa của nền văn minh Volga Bulgaria và là nơi tổ tiên người Tatar tiếp nhận đạo Hồi. Được UNESCO công nhận năm 2014, nơi đây quy tụ những minaret, lăng mộ cổ và Nhà thờ Hồi giáo Trắng lộng lẫy."
tatarstan-temple-all-religions,Đền Mọi Tôn giáo (Khram vsekh religiy),Храм всех религий,Temple of All Religions,Cộng hoà Tatarstan,church|monument,55.80056,48.975,3.8,840,Tripadvisor,Khoảng 30–60 phút.,Tham quan nội thất khoảng 200 RUB; trẻ dưới 10 tuổi miễn phí; tour đoàn 800–1.000 RUB.,Mùa hè 8:00–20:00; mùa đông 9:00–18:00.,Ban ngày để thấy rõ các mái vòm nhiều màu; tiện ghé trên đường tới Raifa hoặc Sviyazhsk.,"https://yandex.com/maps/?pt=48.975,55.80056&z=17&l=map","https://www.google.com/maps/search/?api=1&query=55.80056,48.975",,enriched,"Đền Mọi Tôn giáo là công trình kiến trúc độc đáo ở ngoại ô Kazan, kết hợp biểu tượng của nhiều tôn giáo dưới những mái vòm nhiều màu sắc. Được họa sĩ Ildar Khanov khởi công năm 1992, đây là biểu tượng cho khát vọng hòa hợp giữa các tín ngưỡng."
tatarstan-bauman-street,Phố Bauman (Ulitsa Baumana),Улица Баумана,Bauman Street,Cộng hoà Tatarstan,square_street|monument,55.7925,49.1115,4.6,2538,Tripadvisor,Khoảng 1–2 giờ.,Miễn phí.,Phố đi bộ mở tự do 24/7.,Buổi chiều muộn và buổi tối khi phố lên đèn và có nghệ sĩ đường phố; tránh giữa trưa nếu ngại đông.,"https://yandex.com/maps/?pt=49.1115,55.7925&z=17&l=map","https://www.google.com/maps/search/?api=1&query=55.7925,49.1115",,enriched,"Phố Bauman là tuyến phố đi bộ nhộn nhịp bậc nhất Kazan, được ví như 'Arbat của Kazan'. Trải dài từ chân Kremlin tới quảng trường Tukay, phố đầy ắp cửa hàng, quán ăn, tượng đài và không khí lễ hội sôi động."
tatarstan-raifa-monastery,Tu viện Raifa (Raifskiy Bogoroditskiy monastyr),Раифский Богородицкий монастырь,Raifa Bogoroditsky Monastery,Cộng hoà Tatarstan,church|park_garden,55.903611,48.731667,,,,"Khoảng 1,5–2 giờ.",Vào tu viện miễn phí (tour có hướng dẫn từ khoảng 650 RUB/người lớn).,Mở cửa hằng ngày khoảng 7:00–20:45.,Mùa hè để dạo hồ Sumskoye và rừng thông; sáng sớm cho không gian tĩnh lặng.,"https://yandex.com/maps/?pt=48.731667,55.903611&z=17&l=map","https://www.google.com/maps/search/?api=1&query=55.903611,48.731667",https://raifa.ru,enriched,"Tu viện Raifa là một tu viện Chính thống giáo thanh bình bên hồ Sumskoye, giữa rừng thông của khu bảo tồn Volga–Kama, cách Kazan khoảng 30 km. Được lập từ năm 1613, nơi đây nổi tiếng với kiến trúc cổ kính và bức icon Đức Mẹ Gruzia linh thiêng."
tatarstan-kazan-family-center,Trung tâm Gia đình 'Kazan' – 'Chiếc Chảo' (Tsentr semyi «Kazan» / Chasha),Центр семьи «Казан» (Чаша),Kazan Family Center (Chasha),Cộng hoà Tatarstan,palace|monument,55.815278,49.106389,4.5,751,Tripadvisor,Khoảng 30–45 phút.,"Vé lên đài quan sát khoảng 200 RUB/người lớn, 100 RUB/trẻ 7–18 tuổi, trẻ dưới 7 tuổi miễn phí; thuê ống nhòm 100 RUB.",Đài quan sát trên nóc mở hằng ngày khoảng 10:00–22:00 (có vài lần nghỉ kỹ thuật trong ngày).,Lúc hoàng hôn để ngắm toàn cảnh Kremlin và sông Kazanka 360 độ.,"https://yandex.com/maps/?pt=49.106389,55.815278&z=17&l=map","https://www.google.com/maps/search/?api=1&query=55.815278,49.106389",,enriched,"Trung tâm Gia đình 'Kazan', hay 'Chiếc Chảo', là Cung điện Hôn lễ mang hình chiếc vạc khổng lồ bên sông Kazanka, khánh thành năm 2013. Trên nóc công trình là đài quan sát 360 độ ngắm toàn cảnh Kremlin và thành phố Kazan."
tatarstan-elabuga,Thành phố cổ Elabuga (Yelabuga),Елабуга,Yelabuga (Elabuga),Cộng hoà Tatarstan,museum|fortress|monument,55.7613,52.0649,,,,Trọn một ngày (nếu đi từ Kazan).,"Vé gộp Khu bảo tồn khoảng 1.000 RUB (người lớn)/700 RUB (sinh viên, người cao tuổi); từng bảo tàng 100–200 RUB; 'Thành Quỷ' miễn phí.","Các bảo tàng thường mở 9:00–18:00, nghỉ thứ Hai; di tích 'Thành Quỷ' mở tự do cả ngày.",Cuối xuân đến đầu thu; nên đi trong ngày và tránh thứ Hai vì bảo tàng đóng cửa.,"https://yandex.com/maps/?pt=52.0649,55.7613&z=17&l=map","https://www.google.com/maps/search/?api=1&query=55.7613,52.0649",https://elabuga.com,enriched,"Elabuga là thị trấn cổ bên sông Kama, nổi tiếng với phố thương nhân thế kỷ 19 được bảo tồn nguyên vẹn và di tích 'Thành Quỷ'. Đây là quê hương danh họa Ivan Shishkin và nơi gắn với nữ thi sĩ Marina Tsvetaeva."
tomsk-tomsk-wooden-architecture,Nghệ thuật kiến trúc gỗ Tomsk (Tôm-xcơ),Деревянное зодчество Томска,Wooden Architecture of Tomsk,Tỉnh Tomsk,monument|square_street,56.471055,84.964759,4.5,36,Tripadvisor,2–3 giờ nếu thong dong đi bộ qua vài tuyến phố,Đi bộ ngắm các ngôi nhà gỗ từ bên ngoài hoàn toàn miễn phí; chỉ mất vé nếu vào tham quan Bảo tàng Kiến trúc gỗ.,"Các phố nhà gỗ tham quan tự do ngoài trời suốt ngày; riêng Bảo tàng Kiến trúc gỗ (đại lộ Kirov 7) mở cửa theo giờ hành chính, nên kiểm tra lịch trước khi đến.","Mùa hè hoặc đầu thu, ban ngày trời nắng để thấy rõ hoa văn chạm khắc; mùa đông tuyết phủ cũng rất nên thơ","https://yandex.com/maps/?pt=84.964759,56.471055&z=17&l=map","https://www.google.com/maps/search/?api=1&query=56.471055,84.964759",,enriched,"Tomsk được mệnh danh là 'thủ đô kiến trúc gỗ' của nước Nga, với hàng trăm ngôi nhà chạm khắc tinh xảo tựa ren. Chỉ cần dạo qua vài con phố cổ là du khách đã lạc vào một bảo tàng lộ thiên độc nhất vô nhị của Siberia."
tomsk-tomsk-imperial-university,Đại học Tổng hợp Quốc gia Tomsk (Tôm-xcơ),Томский государственный университет,Tomsk State University (former Imperial Siberian University),Tỉnh Tomsk,other|monument|park_garden,56.4694,84.9475,4.9,55,Tripadvisor,"1–1,5 giờ cho khuôn viên và vườn; lâu hơn nếu vào bảo tàng",Tham quan khuôn viên và vườn miễn phí; một số bảo tàng và nhà kính trong trường có thể thu vé nhỏ.,"Khuôn viên và Vườn Đại học có thể dạo chơi tự do ban ngày; thư viện, vườn bách thảo và các bảo tàng mở cửa theo giờ riêng, nên tra cứu trước.",Mùa hè khi vườn đại học xanh mát nhất; đầu thu lá vàng cũng rất đẹp,"https://yandex.com/maps/?pt=84.9475,56.4694&z=17&l=map","https://www.google.com/maps/search/?api=1&query=56.4694,84.9475",https://www.tsu.ru,enriched,"Ngôi trường đại học đầu tiên của toàn vùng Siberia, thành lập theo sắc lệnh của Nga hoàng và mở cửa năm 1888. Tòa nhà chính tân cổ điển soi bóng giữa 'Vườn Đại học' xanh mát là niềm tự hào của cả thành phố."
tomsk-chekhov-monument-tomsk,Tượng đài Chekhov (Sê-khốp),Памятник А. П. Чехову,Monument to Anton Chekhov,Tỉnh Tomsk,monument,56.485528,84.945056,4.7,417,Tripadvisor,15–20 phút,Miễn phí.,"Ngoài trời, tham quan tự do suốt ngày đêm.",Bất kỳ lúc nào; đẹp nhất vào lúc hoàng hôn bên bờ sông Tom,"https://yandex.com/maps/?pt=84.945056,56.485528&z=17&l=map","https://www.google.com/maps/search/?api=1&query=56.485528,84.945056",,enriched,"Bức tượng châm biếm nổi tiếng nhất Tomsk, tạc nhà văn Chekhov qua con mắt hài hước của người dân địa phương. Đứng bên kè sông Tom, đây là điểm check-in được yêu thích số một thành phố."
tomsk-resurrection-church-tomsk,Nhà thờ Phục Sinh (Vô-xcrê-xen-xca-ia),Воскресенская церковь,Resurrection Church,Tỉnh Tomsk,church|monument,56.493908,84.954834,4.9,49,Tripadvisor,30–45 phút,Vào tham quan miễn phí; hoan nghênh đóng góp tùy tâm.,"Là nhà thờ Chính thống giáo còn hoạt động, thường mở cửa hằng ngày từ sáng đến chiều tối (khoảng 8:00–19:00) quanh các giờ lễ; nên kiểm tra lịch lễ tại chỗ.",Ban ngày trời sáng; đặc biệt sống động vào các dịp đại lễ Chính thống giáo,"https://yandex.com/maps/?pt=84.954834,56.493908&z=17&l=map","https://www.google.com/maps/search/?api=1&query=56.493908,84.954834",,enriched,"Kiệt tác của phong cách 'baroque Siberia', xây dựng cuối thế kỷ 18 trên ngọn đồi khai sinh thành phố Tomsk. Ngôi nhà thờ trắng vươn cao là một trong những công trình đẹp và độc đáo nhất vùng."
tomsk-epiphany-cathedral-tomsk,Nhà thờ Chính tòa Hiển Linh (Bô-gô-áp-len-xki),Богоявленский собор,Epiphany Cathedral,Tỉnh Tomsk,church|monument,56.488611,84.946944,4.8,30,Tripadvisor,30–45 phút,Vào tham quan miễn phí; hoan nghênh đóng góp tùy tâm.,"Là nhà thờ chính tòa còn hoạt động, thường mở cửa hằng ngày từ sáng đến chiều tối (khoảng 8:00–19:00) quanh các giờ lễ.",Ban ngày; trang nghiêm và sống động nhất vào các dịp đại lễ Chính thống giáo,"https://yandex.com/maps/?pt=84.946944,56.488611&z=17&l=map","https://www.google.com/maps/search/?api=1&query=56.488611,84.946944",,enriched,"Ngôi nhà thờ đá cổ nhất còn lại của Tomsk, khởi dựng từ năm 1777. Chính tại đây, sắc lệnh thành lập tỉnh Tomsk từng được long trọng công bố."
tomsk-novosobornaya-square-tomsk,Quảng trường Novosobornaya (Nô-vô-xô-boóc-na-ia),Ново-Соборная площадь,Novosobornaya Square,Tỉnh Tomsk,square_street|park_garden,56.4665,84.9505,4.8,55,Tripadvisor,30–45 phút,Miễn phí.,"Không gian công cộng ngoài trời, tham quan tự do suốt ngày đêm.",Chiều tối mùa hè khi đài phun nước hoạt động; mùa đông có sân trượt băng và trang trí lễ hội,"https://yandex.com/maps/?pt=84.9505,56.4665&z=17&l=map","https://www.google.com/maps/search/?api=1&query=56.4665,84.9505",,enriched,"Quảng trường trung tâm và cũng là 'trái tim' sinh hoạt của Tomsk, bao quanh bởi các trường đại học danh tiếng. Nơi đây có đài phun nước, tượng nữ thánh bảo trợ sinh viên và một khoảng xanh yên bình giữa lòng phố."
tomsk-nkvd-remand-prison-museum-tomsk,Bảo tàng 'Nhà tù điều tra NKVD' (En-Ka-Vê-Đê),Музей «Следственная тюрьма НКВД»,Memorial Museum 'NKVD Remand Prison',Tỉnh Tomsk,museum|monument,56.4667,84.9487,4.4,136,Tripadvisor,"1–1,5 giờ",Vé vào cửa thu phí ở mức thấp; giá vé cụ thể và các suất thuyết minh nên kiểm tra trên trang chính thức nkvdmuseum.ru.,"Mở cửa thứ Ba đến Chủ nhật, 10:00–18:00; thứ Hai đóng cửa.",Quanh năm vì tham quan trong nhà; lưu ý tránh thứ Hai đóng cửa,"https://yandex.com/maps/?pt=84.9487,56.4667&z=17&l=map","https://www.google.com/maps/search/?api=1&query=56.4667,84.9487",https://nkvdmuseum.ru,enriched,"Bảo tàng tưởng niệm nằm ngay trong tầng hầm nhà tù NKVD năm xưa, tái hiện những trang sử đau thương của thời đàn áp Stalin. Một điểm đến ám ảnh nhưng đầy ý nghĩa nhân văn."
tula-tula-kremlin,Điện Kremlin Tula (Tulsky Kreml),Тульский кремль,Tula Kremlin,Tỉnh Tula,fortress|museum|church,54.195278,37.62,5.0,14522,Yandex Maps,"Khoảng 1,5–2 giờ","Vào khuôn viên miễn phí. Vé xem triển lãm khoảng 150 RUB (người lớn), 100 RUB (học sinh, sinh viên, người cao tuổi), miễn phí trẻ dưới 16 tuổi; vé leo tường – tháp mùa hè khoảng 200 RUB.","Khuôn viên mở cửa và miễn phí hằng ngày; các gian trưng bày mở khoảng 10:00–18:00, riêng thứ Sáu và thứ Bảy đến 20:00. Thứ Tư cuối tháng đóng cửa vệ sinh.","Cuối xuân đến đầu thu, khi có thể leo tường thành và dạo bờ sông Upa","https://yandex.com/maps/?pt=37.62,54.195278&z=17&l=map","https://www.google.com/maps/search/?api=1&query=54.195278,37.62",https://museum-tula.ru,enriched,"Tòa thành đá trắng - đỏ nằm ngay trái tim Tula, được xây dựng đầu thế kỷ 16 để chặn các cuộc xâm lấn từ phương nam. Bên trong tường thành là hai nhà thờ chính tòa, dãy phố buôn bán cổ và nhiều gian trưng bày bảo tàng."
tula-yasnaya-polyana,Điền trang - Bảo tàng Lev Tolstoy “Yasnaya Polyana” (Yasnaya Polyana),Ясная Поляна,Yasnaya Polyana — Leo Tolstoy Estate-Museum,Tỉnh Tula,museum|park_garden,54.076111,37.526111,4.5,1082,Tripadvisor,"Khoảng 3–4 giờ, hoặc trọn nửa ngày nếu đi dạo rừng",Vé vào khuôn viên và vé tham quan nhà chính được bán riêng; vào nhà phải theo tour có hướng dẫn. Nên mua trước qua kênh chính thức để tránh xếp hàng.,"Điền trang mở cửa hằng ngày từ khoảng 9:00; tham quan nhà Tolstoy theo tour có hướng dẫn với khung giờ cố định, thường đến khoảng 15:30–17:00. Nên kiểm tra lịch ngày lễ.","Cuối tháng 5 đến tháng 9, khi vườn cây và rừng bạch dương xanh mướt","https://yandex.com/maps/?pt=37.526111,54.076111&z=17&l=map","https://www.google.com/maps/search/?api=1&query=54.076111,37.526111",https://ypmuseum.ru,enriched,"Điền trang nơi đại văn hào Lev Tolstoy chào đời, sinh sống và viết nên “Chiến tranh và Hòa bình” cùng “Anna Karenina”. Ngôi nhà gỗ, thư viện, khu vườn và cánh rừng nơi ông an nghỉ vẫn được gìn giữ gần như nguyên vẹn."
tula-tula-state-museum-of-weapons,Bảo tàng Vũ khí Quốc gia Tula (Tulsky muzey oruzhiya),Тульский государственный музей оружия,Tula State Museum of Weapons,Tỉnh Tula,museum,54.204116,37.61633,4.9,1267,Yandex Maps,Khoảng 2–3 giờ,"Triển lãm chính khoảng 600 RUB (người lớn); 300 RUB cho học sinh, sinh viên, người cao tuổi; 50 RUB cho trẻ 7–13 tuổi; miễn phí trẻ dưới 7 tuổi. Triển lãm chuyên đề khoảng 200 RUB.",Tòa nhà hình mũ giáp: Thứ Hai–Thứ Tư và Chủ nhật 10:00–18:00; Thứ Năm–Thứ Bảy 10:00–20:00. Thứ Hai cuối tháng đóng cửa vệ sinh.,Quanh năm; lý tưởng vào buổi sáng đầu tuần để tránh đông,"https://yandex.com/maps/?pt=37.61633,54.204116&z=17&l=map","https://www.google.com/maps/search/?api=1&query=54.204116,37.61633",https://museum-arms.ru,enriched,"Một trong những bảo tàng vũ khí lâu đời nhất nước Nga, có nguồn gốc từ kho súng mẫu của xưởng vũ khí Tula thế kỷ 18. Tòa nhà mới hình chiếc mũ giáp khổng lồ bên sông Upa trưng bày kho súng ống trải dài từ thời trung cổ đến hiện đại."
tula-polenovo,Khu bảo tồn - Bảo tàng Polenovo (Polenovo),Поленово,Polenovo — Vasily Polenov Museum-Reserve,Tỉnh Tula,museum|park_garden,54.749931,37.244436,5.0,9140,Yandex Maps,Khoảng 3–4 giờ (nửa ngày),"Nhà Lớn khoảng 250 RUB (người lớn), 150 RUB (học sinh, sinh viên, người cao tuổi), miễn phí trẻ em; các tòa khác khoảng 200 RUB; công viên miễn phí; phí đỗ xe khoảng 300 RUB/ngày.",Mở cửa hằng ngày trừ Thứ Hai và Thứ Ba; Thứ Năm cuối tháng đóng để vệ sinh. Bảo tàng 11:00–17:00; công viên 9:00–18:00 (miễn phí vào cửa).,"Mùa hè và mùa thu, khi công viên ven sông đẹp nhất","https://yandex.com/maps/?pt=37.244436,54.749931&z=17&l=map","https://www.google.com/maps/search/?api=1&query=54.749931,37.244436",https://polenovo.ru,enriched,"Điền trang bên sông Oka do chính danh họa Nga Vasily Polenov thiết kế và xây dựng cuối thế kỷ 19. Quần thể nhà cửa, xưởng vẽ và công viên hòa quyện với thiên nhiên thơ mộng, đúng như giấc mơ về một “ngôi làng nghệ thuật” của ông."
tula-kulikovo-field,Khu tưởng niệm chiến trường Cánh đồng Kulikovo (Kulikovo pole),Куликово поле,Kulikovo Field battle memorial,Tỉnh Tula,monument|museum,53.622684,38.667007,5.0,779,Yandex Maps,Nửa ngày trở lên nếu tham quan nhiều điểm,Vé vào bảo tàng trận Kulikovo khoảng 250 RUB (người lớn); thuê máy thuyết minh tự động thêm khoảng 250 RUB. Có vé lẻ cho từng điểm trong khu phức hợp.,"Bảo tàng mở cửa hằng ngày khoảng 10:00–19:00. Nên kiểm tra lịch từng điểm (bảo tàng Mokhovoye, Gò Đỏ, Monastyrshchino) trước khi đi.",Cuối xuân đến đầu thu; đặc biệt dịp lễ hội tái hiện trận đánh vào tháng 9,"https://yandex.com/maps/?pt=38.667007,53.622684&z=17&l=map","https://www.google.com/maps/search/?api=1&query=53.622684,38.667007",https://kulpole.ru,enriched,"Nơi diễn ra trận Kulikovo năm 1380, khi quân Nga do Đại công tước Dmitry Donskoy chỉ huy đánh bại đại quân Kim Trướng, mở đầu cho công cuộc giành lại độc lập. Cánh đồng lịch sử nay là khu bảo tồn với bảo tàng hiện đại, cột đài tưởng niệm và nhà thờ kỷ niệm."
tula-bogoroditsk-palace-park,Cung điện - Bảo tàng và Công viên Bogoroditsk (Bogoroditsky dvorets),Богородицкий дворец-музей и парк,Bogoroditsk Palace & Park,Tỉnh Tula,palace|park_garden|museum,53.77173,38.141261,4.6,100,Tripadvisor,Khoảng 2–3 giờ (cung điện và công viên),Vé khoảng 50–200 RUB tùy khu trưng bày; công viên vào cửa tự do.,"Mở cửa Thứ Ba–Chủ nhật (Thứ Hai đóng cửa); khoảng 9:15–18:00, một số ngày trong tuần mở muộn hơn. Nên kiểm tra lịch trước khi đi.",Mùa hè và mùa thu để tận hưởng công viên bên hồ,"https://yandex.com/maps/?pt=38.141261,53.77173&z=17&l=map","https://www.google.com/maps/search/?api=1&query=53.77173,38.141261",https://museum-tula.ru/muzei/muzej-bogoroditsk/,enriched,"Cung điện tân cổ điển thanh lịch được xây từ thập niên 1770 cho Aleksey Bobrinsky - con trai ngoài giá thú của Nữ hoàng Ekaterina II. Công viên bao quanh do nhà bác học Andrey Bolotov thiết kế, được coi là một trong những công viên cảnh quan đầu tiên của nước Nga."
tula-tula-gingerbread-museum,Bảo tàng “Bánh gừng Tula” (Muzey Tulsky pryanik),Музей «Тульский пряник»,Tula Gingerbread Museum,Tỉnh Tula,museum,54.211387,37.622091,4.5,3129,Yandex Maps,Khoảng 45–60 phút,Vé từ khoảng 80 RUB; các gói tham quan kèm trà và bánh hoặc trải nghiệm trang trí có giá cao hơn (tới khoảng 1.000 RUB).,Thứ Tư–Chủ nhật 9:00–17:00 (nhận khách đến 16:30); Thứ Hai và Thứ Ba đóng cửa.,Quanh năm; nên đặt trước theo khung giờ tour,"https://yandex.com/maps/?pt=37.622091,54.211387&z=17&l=map","https://www.google.com/maps/search/?api=1&query=54.211387,37.622091",https://oldtula.ru,enriched,"Bảo tàng bánh gừng đầu tiên của nước Nga, mở cửa năm 1996, tôn vinh món bánh pryanik trứ danh của Tula. Nơi đây kể câu chuyện hơn ba thế kỷ của nghề làm bánh gừng qua gần 2.000 hiện vật, kèm phần thưởng trà bánh ngọt ngào."
tula-anastasov-monastery,Tu viện Anastasov (Anastasov monastyr),Богородице-Рождественский Анастасов монастырь,Anastasov Monastery,Tỉnh Tula,church|monument,53.945041,36.715376,5.0,655,Yandex Maps,Khoảng 30–45 phút,Vào cửa miễn phí; hoan nghênh đóng góp tùy tâm.,"Là tu viện đang hoạt động, mở cửa hằng ngày cho khách hành hương (thường từ sáng đến chiều tối, quanh các giờ lễ). Nên ăn mặc kín đáo, lịch sự.",Cuối xuân đến đầu thu; đẹp nhất vào các dịp lễ Chính Thống giáo,"https://yandex.com/maps/?pt=36.715376,53.945041&z=17&l=map","https://www.google.com/maps/search/?api=1&query=53.945041,36.715376",,enriched,"Tu viện nam cổ kính nằm bên sông Upa gần thị trấn Odoev, phía tây tỉnh Tula. Trung tâm là nhà thờ Giáng Sinh Đức Mẹ xây năm 1673, một viên ngọc kiến trúc Nga thế kỷ 17 giữa khung cảnh làng quê thanh bình."
tula-tula-samovars-museum,Bảo tàng “Ấm samovar Tula” (Muzey Tulskie samovary),Музей «Тульские самовары»,"Museum ""Tula Samovars""",Tỉnh Tula,museum,54.194385,37.618863,4.0,554,Tripadvisor,Khoảng 45–60 phút,Người lớn khoảng 350 RUB; người cao tuổi và sinh viên khoảng 300 RUB; miễn phí trẻ dưới 16 tuổi.,Thứ Hai–Thứ Năm và Chủ nhật 10:00–18:00; Thứ Sáu–Thứ Bảy 10:00–20:00. Thứ Tư cuối tháng đóng cửa vệ sinh.,Quanh năm; tiện ghép cùng buổi tham quan Điện Kremlin,"https://yandex.com/maps/?pt=37.618863,54.194385&z=17&l=map","https://www.google.com/maps/search/?api=1&query=54.194385,37.618863",https://museum-tula.ru/muzei/muzej-samovar/,enriched,"Bảo tàng chuyên đề nằm sát Điện Kremlin, tôn vinh chiếc ấm samovar - biểu tượng của văn hóa trà và nghề thủ công Tula. Bộ sưu tập phong phú trải dài từ cuối thế kỷ 18 đến thời hiện đại, từ ấm tí hon đến những kiểu dáng cầu kỳ."
tuva-center-of-asia-obelisk-kyzyl,Đài tưởng niệm 'Trung tâm châu Á' (Obelisk Tsentr Azii),обелиск «Центр Азии»,Center of Asia Obelisk,Cộng hoà Tuva,monument,51.724898,94.443588,4.9,60,2GIS,Khoảng 20-40 phút.,Miễn phí.,"Tượng đài ngoài trời, tham quan tự do 24/7.",Cuối chiều đến hoàng hôn mùa hè (tháng 6-9) khi thời tiết dễ chịu và ánh sáng đẹp.,"https://yandex.com/maps/?pt=94.443588,51.724898&z=17&l=map","https://www.google.com/maps/search/?api=1&query=51.724898,94.443588",,enriched,"Đài tưởng niệm đánh dấu điểm được xem là trung tâm địa lý của châu Á, dựng ngay trên bờ sông Yenisei ở Kyzyl. Phiên bản hiện nay (2014) là một cụm điêu khắc lộng lẫy gồm ba con sư tử nâng quả địa cầu và cột tháp vươn cao."
tuva-tuva-national-museum-scythian-gold,Bảo tàng Quốc gia Tuva mang tên Aldan-Maadyr (Natsionalny muzey Respubliki Tyva),Национальный музей имени Алдан-Маадыр Республики Тыва,National Museum of the Republic of Tuva (Aldan-Maadyr),Cộng hoà Tuva,museum,51.719013,94.4294,4.6,191,2GIS,"Khoảng 1,5-2,5 giờ.",Người lớn 250 ₽; sinh viên và người hưu trí 200 ₽; học sinh 100 ₽; trẻ mẫu giáo miễn phí (chưa gồm phí hướng dẫn).,Thứ Tư-Chủ nhật 10:00-18:00 (quầy vé đến 17:00); đóng cửa thứ Hai và thứ Ba.,Buổi sáng các ngày trong tuần để tránh đông; phù hợp cả khi thời tiết xấu.,"https://yandex.com/maps/?pt=94.4294,51.719013&z=17&l=map","https://www.google.com/maps/search/?api=1&query=51.719013,94.4294",https://tuvmuseum.ru,enriched,"Bảo tàng lớn nhất Tuva, nổi tiếng khắp nước Nga nhờ kho báu 'vàng Scythia' khai quật từ gò mộ hoàng gia Arzhaan-2. Không gian nhiều tầng trưng bày lịch sử, khảo cổ, thiên nhiên và văn hóa du mục của vùng đất giữa châu Á."
tuva-dogee-mountain,Núi Dögee (gora Dogee),гора Догээ,Mount Dögee,Cộng hoà Tuva,monument,51.761635,94.423224,,,,Khoảng 2-3 giờ cả lên và xuống.,Miễn phí.,"Núi mở tự do, nên leo vào ban ngày.",Cuối xuân đến đầu thu (tháng 5-9); sáng sớm hoặc chiều muộn để tránh nắng và có ánh sáng đẹp.,"https://yandex.com/maps/?pt=94.423224,51.761635&z=17&l=map","https://www.google.com/maps/search/?api=1&query=51.761635,94.423224",,enriched,"Ngọn núi thiêng cao 1.002 m ngay sát Kyzyl, nổi bật với câu thần chú Phật giáo 'Om mani padme hum' xếp bằng đá trắng khổng lồ trên sườn núi. Đường lên đỉnh là cung leo nhẹ, đổi lại là tầm nhìn toàn cảnh thành phố và sông Yenisei."
tuva-ubsunur-hollow,Lòng chảo Ubsunur (Ubsunurskaya kotlovina / Uvs Nuur),Убсунурская котловина,Uvs Nuur Basin (Ubsunur Hollow),Cộng hoà Tuva,park_garden,50.66292,93.177212,,,,Thường theo tour nhiều giờ đến vài ngày tùy cụm tham quan.,Không có biểu phí công bố; liên hệ ban quản lý khu bảo tồn để xin phép và thuê hướng dẫn.,Khu bảo tồn thiên nhiên; nhiều cụm cần giấy phép và có kiểm lâm đi kèm.,"Mùa hè (tháng 6-9), thời tiết ấm và dễ tiếp cận nhất.","https://yandex.com/maps/?pt=93.177212,50.66292&z=17&l=map","https://www.google.com/maps/search/?api=1&query=50.66292,93.177212",https://ubsunurtuva.ru,enriched,"Di sản Thiên nhiên Thế giới UNESCO xuyên biên giới Nga - Mông Cổ, được xem là lòng chảo khép kín ở cực bắc Trung Á. Chỉ trong một khu vực, cảnh quan biến chuyển kỳ lạ từ sa mạc, thảo nguyên, hồ mặn cho tới rừng taiga và núi phủ tuyết."
tuva-ustuu-huree-monastery,Tu viện Ustuu-Khuree (Ustuu-Huree),Устуу-Хурээ (Верхне-Чаданский хурээ),Ustuu-Huree Monastery (Upper Chadan Khuree),Cộng hoà Tuva,church,51.257401,91.656614,5.0,62,2GIS,Khoảng 30-60 phút.,Miễn phí (có thể tùy tâm công đức).,"Nơi thờ tự đang hoạt động; tham quan ban ngày, tự do.","Mùa hè, đặc biệt dịp lễ hội Ustuu-Khuree (thường vào tháng 7).","https://yandex.com/maps/?pt=91.656614,51.257401&z=17&l=map","https://www.google.com/maps/search/?api=1&query=51.257401,91.656614",,enriched,"Một trong những tu viện Phật giáo quan trọng bậc nhất lịch sử Tuva, xây năm 1905-1907, bị phá hủy thời Xô-viết và nay được hồi sinh. Bên cạnh phế tích tường đất của ngôi chùa cổ là ngôi đền mới, cùng lễ hội âm nhạc 'Ustuu-Khuree' nổi tiếng."
tuva-tsugeer-els-sands,Đồi cát Tsugeer-Els (peski Tsugeer-Els),пески Цугээр-Элс,Tsugeer-Els Sands,Cộng hoà Tuva,park_garden,50.15,95.1,,,,"Thường 1-3 giờ tại chỗ, chưa kể quãng đường di chuyển dài.",Không có biểu phí công bố; liên hệ khu bảo tồn Ubsunur để biết thủ tục.,"Khu vực thiên nhiên được bảo vệ; tiếp cận ban ngày, có thể cần giấy phép của khu bảo tồn.",Mùa hè (tháng 6-9); sáng sớm hoặc chiều muộn khi ánh sáng làm nổi vân cát.,"https://yandex.com/maps/?pt=95.1,50.15&z=17&l=map","https://www.google.com/maps/search/?api=1&query=50.15,95.1",https://ubsunurtuva.ru,enriched,"Dải đồi cát rộng lớn nằm giữa thảo nguyên và núi non nam Tuva - một 'sa mạc tí hon' đầy siêu thực. Đây là một cụm được bảo vệ của khu dự trữ sinh quyển Ubsunur, rộng khoảng 4.900 ha."
tuva-aldyn-bulak-ethno-resort,Khu nghỉ dưỡng văn hóa dân tộc Aldyn-Bulak (Aldyn-Bulak),Алдын-Булак,Aldyn-Bulak Ethno-cultural Resort,Cộng hoà Tuva,other,51.553275,93.887395,4.4,57,Tripadvisor,"Ghé chơi và dùng bữa vài giờ, hoặc nghỉ qua đêm.",Vào tham quan/ăn uống tùy dịch vụ; lưu trú trong yurt tính phí theo đêm (liên hệ khu để biết giá hiện hành).,Hoạt động theo mùa (chủ yếu mùa ấm); nên liên hệ trước để xác nhận lịch mở cửa và đặt chỗ.,Cuối xuân đến đầu thu (tháng 5-9); mùa hè là thời điểm đẹp và thuận tiện nhất.,"https://yandex.com/maps/?pt=93.887395,51.553275&z=17&l=map","https://www.google.com/maps/search/?api=1&query=51.553275,93.887395",,enriched,"Khu phức hợp văn hóa - du lịch mô phỏng một 'trại du mục' Tuva bên sông Yenisei, với những chiếc yurt (lều tròn) trắng xếp thành vòng quanh yurt trung tâm của 'khả hãn'. Là nơi nghỉ dưỡng và trải nghiệm văn hóa được yêu thích gần Kyzyl."
tver-tver-imperial-travel-palace,Hành cung Hoàng gia Tver (Tverskoy imperatorsky putevoy dvorets),Тверской императорский путевой дворец,Tver Imperial Travel Palace,Tỉnh Tver,palace|museum,56.861944,35.899722,4.4,259,Tripadvisor,"Khoảng 1,5-2,5 giờ để tham quan các sảnh và phòng tranh.",Người lớn (công dân Nga) khoảng 250 RUB; khách nước ngoài khoảng 500 RUB; sinh viên và người cao tuổi 100 RUB; trẻ dưới 16 tuổi miễn phí; tour hướng dẫn từ 300 đến 2000 RUB. Chấp nhận thẻ Pushkin.,"Thứ Tư, Năm và cuối tuần 11:00-18:00; thứ Sáu đến 20:00; thứ Ba chỉ nhận khách theo đoàn đặt trước; nghỉ thứ Hai. Nên kiểm tra lịch trước khi đến.",Ban ngày các ngày trong tuần để tránh đông; tránh thứ Hai (đóng cửa). Mùa hè có thể kết hợp dạo bờ sông Volga ngay bên cạnh.,"https://yandex.com/maps/?pt=35.899722,56.861944&z=17&l=map","https://www.google.com/maps/search/?api=1&query=56.861944,35.899722",,enriched,"Được xây dựng thập niên 1760 làm nơi nghỉ chân cho Nữ hoàng Ekaterina II trên đường giữa Moskva và Sankt-Peterburg, Hành cung Hoàng gia Tver là công trình tân cổ điển pha baroque tráng lệ bên sông Volga. Ngày nay cung điện là nơi đặt Phòng tranh vùng Tver với nhiều kiệt tác hội họa Nga."
tver-lake-seliger-ostashkov,"Hồ Seliger và thị trấn Ostashkov (Ozero Seliger, Ostashkov)","Озеро Селигер, Осташков",Lake Seliger & Ostashkov,Tỉnh Tver,park_garden|other,57.19194,33.07222,4.8,209,Tripadvisor,"Ít nhất một ngày; lý tưởng là lưu trú 2-3 ngày để khám phá đảo, rừng và các điểm quanh hồ.","Tham quan hồ miễn phí. Vé du thuyền quanh hồ, thuê thuyền, câu cá và các khu nghỉ tính phí riêng, giá thay đổi theo mùa.","Khu vực hồ mở tự do quanh năm. Các chuyến du thuyền và dịch vụ thuê thuyền thường hoạt động từ cuối xuân đến đầu thu, tùy thời tiết.",Tháng 6 đến tháng 9 cho hoạt động dưới nước và du thuyền; mùa đông cho câu cá trên băng và cảnh tuyết. Đặt chỗ nghỉ sớm vào cao điểm hè.,"https://yandex.com/maps/?pt=33.07222,57.19194&z=17&l=map","https://www.google.com/maps/search/?api=1&query=57.19194,33.07222",,enriched,"Trải rộng hơn 200 km² với khoảng 160 hòn đảo lớn nhỏ nối nhau bằng eo nước, Seliger là một trong những hồ đẹp và nổi tiếng nhất miền trung nước Nga. Thị trấn cổ Ostashkov bên bờ hồ là cửa ngõ để khám phá vùng nghỉ dưỡng thiên nhiên này."
tver-nilov-monastery-stolobny,Tu viện Nilova Pustyn trên đảo Stolobny (Nilo-Stolobenskaya pustyn),Нилова пустынь (Нило-Столобенская пустынь),Nilov Monastery (Nilo-Stolobensky Monastery),Tỉnh Tver,church|monument,57.234722,33.063611,4.8,220,Tripadvisor,Khoảng 2-3 giờ cho quần thể tu viện và tháp chuông.,Vào tu viện miễn phí (đón nhận quyên góp tùy tâm). Leo tháp chuông hoặc vào bảo tàng thu phí nhỏ; chuyến thuyền từ Ostashkov ra đảo tính phí riêng.,Mở cửa hằng ngày; các buổi phụng vụ diễn ra buổi sáng và chiều tối. Giờ mở cửa tháp chuông và khu trưng bày có thể thay đổi theo mùa.,Cuối xuân đến đầu thu khi có thể đi thuyền; hoàng hôn cho khung cảnh đẹp nhất. Các dịp lễ lớn rất đông khách hành hương.,"https://yandex.com/maps/?pt=33.063611,57.234722&z=17&l=map","https://www.google.com/maps/search/?api=1&query=57.234722,33.063611",http://nilostolobenskaja-pustyn.ru,enriched,"Tọa lạc trên đảo Stolobny giữa hồ Seliger, Nilova Pustyn là một trong những tu viện chính thống giáo tráng lệ và linh thiêng nhất nước Nga. Quần thể nhà thờ mái vòm mạ vàng soi bóng xuống mặt hồ tạo nên khung cảnh tựa cổ tích."
tver-torzhok-borisoglebsky-monastery,Thị trấn Torzhok và Tu viện Borisoglebsky (Novotorzhsky Borisoglebsky monastyr),"Торжок, Борисоглебский монастырь",Torzhok & Borisoglebsky Monastery,Tỉnh Tver,church|monument,57.033611,34.956667,4.5,226,Tripadvisor,Khoảng 2-3 giờ cho tu viện; nửa ngày nếu dạo cả thị trấn Torzhok.,Vào khuôn viên tu viện miễn phí hoặc quyên góp tùy tâm; vé lên đài quan sát hoặc tháp nến khoảng 150 RUB.,"Tu viện mở cửa hằng ngày, thường khoảng 8:00-20:00; tháp chuông và đài quan sát có giờ riêng, nên hỏi tại chỗ.",Cuối xuân đến đầu thu khi thời tiết dễ chịu; buổi sáng ánh sáng đẹp để chụp toàn cảnh từ đài quan sát.,"https://yandex.com/maps/?pt=34.956667,57.033611&z=17&l=map","https://www.google.com/maps/search/?api=1&query=57.033611,34.956667",,enriched,"Torzhok là thị trấn cổ bên sông Tvertsa, nổi tiếng với nghề thêu chỉ vàng truyền thống và kiến trúc thế kỷ 18. Trái tim của thị trấn là tu viện Borisoglebsky, tương truyền lập từ năm 1038, mang dáng vẻ tân cổ điển do kiến trúc sư Nikolay Lvov thiết kế."
tver-kalyazin-bell-tower,Tháp chuông ngập nước Kalyazin (Kalyazinskaya kolokolnya),Калязинская колокольня,Kalyazin Flooded Bell Tower,Tỉnh Tver,church|monument,57.243628,37.857306,4.6,275,Tripadvisor,Khoảng 30-60 phút để ngắm và chụp ảnh; thêm thời gian nếu đi thuyền.,"Ngắm cảnh miễn phí. Thuê thuyền hoặc canô ra tháp có phí, thường khoảng vài trăm đến gần một nghìn RUB tùy dịch vụ.",Ngắm tháp từ bờ tự do mọi lúc. Dịch vụ thuyền ra tháp hoạt động theo mùa (chủ yếu mùa hè) và tùy thời tiết.,"Hoàng hôn và bình minh cho ánh sáng đẹp nhất; mùa hè để đi thuyền, mùa đông cho khung cảnh tuyết và mặt hồ đóng băng.","https://yandex.com/maps/?pt=37.857306,57.243628&z=17&l=map","https://www.google.com/maps/search/?api=1&query=57.243628,37.857306",,enriched,"Vươn cao 74,5 mét giữa mặt nước sông Volga, tháp chuông Kalyazin là tàn tích duy nhất còn sót lại của một tu viện bị nhấn chìm khi xây đập Uglich năm 1939-1940. Hình ảnh tháp chuông cô đơn giữa hồ đã trở thành biểu tượng nao lòng của vùng thượng Volga."
tver-rzhev-memorial-soviet-soldier,Đài tưởng niệm Người lính Xô Viết ở Rzhev (Rzhevsky memorial Sovetskomu soldatu),Ржевский мемориал Советскому солдату,Rzhev Memorial to the Soviet Soldier,Tỉnh Tver,monument,56.218611,34.262778,4.5,85,Tripadvisor,"Khoảng 1-1,5 giờ cho tượng đài, lối đi và khu trưng bày.","Vào khu tưởng niệm miễn phí. Một số khu trưng bày hoặc bảo tàng có thể thu phí nhỏ hoặc miễn phí, nên hỏi tại chỗ.","Khu tưởng niệm ngoài trời mở tự do cả ngày. Bảo tàng và khu trưng bày ngầm dưới chân tượng có giờ mở cửa riêng, thường ban ngày.",Bình minh hoặc hoàng hôn cho ánh sáng và không khí trang nghiêm; ngày 9/5 (Ngày Chiến thắng) rất đông và nhiều nghi lễ.,"https://yandex.com/maps/?pt=34.262778,56.218611&z=17&l=map","https://www.google.com/maps/search/?api=1&query=56.218611,34.262778",https://rzhevskiimemorial.ru/,enriched,"Khánh thành năm 2020, đài tưởng niệm cao 25 mét khắc họa người lính Hồng quân đang tan dần thành đàn sếu bay lên trời. Công trình tưởng nhớ hàng trăm nghìn binh sĩ Xô Viết ngã xuống trong các trận đánh khốc liệt quanh Rzhev những năm 1942-1943."
tver-staritsa-dormition-monastery,Thị trấn Staritsa và Tu viện Uspensky (Staritsky Svyato-Uspensky monastyr),"Старица, Успенский монастырь",Staritsa & Holy Dormition Monastery,Tỉnh Tver,church|monument,56.513442,34.931161,4.8,101,Tripadvisor,"Khoảng 1,5-2 giờ cho tu viện; nửa ngày nếu khám phá cả thị trấn và hai bờ Volga.","Vào tu viện miễn phí, đón nhận quyên góp tùy tâm. Một số khu trưng bày hoặc tour có thể thu phí nhỏ.","Tu viện mở cửa hằng ngày, khoảng 8:00-19:00; có các buổi đọc kinh akathist vào thứ Tư và Chủ nhật.",Cuối xuân đến đầu thu cho cảnh sắc xanh tươi; sáng sớm yên tĩnh và ánh sáng đẹp để chụp toàn cảnh.,"https://yandex.com/maps/?pt=34.931161,56.513442&z=17&l=map","https://www.google.com/maps/search/?api=1&query=56.513442,34.931161",https://staritsamonastery.ru/,enriched,"Bên khúc sông Volga uốn lượn, thị trấn cổ Staritsa lưu giữ quần thể tu viện Uspensky bằng đá trắng với lịch sử gần một thiên niên kỷ. Nơi đây gắn liền với thời hoàng kim của công quốc Staritsa và những câu chuyện từ thời Ivan Bạo chúa."
tver-vyshny-volochyok,Thành phố Vyshny Volochyok - 'Venice của nước Nga' (Vyshny Volochyok),Вышний Волочёк,Vyshny Volochyok (Russian Venice),Tỉnh Tver,square_street|bridge,57.583333,34.566667,4.1,39,Tripadvisor,Khoảng nửa ngày để dạo kênh và thăm một vài bảo tàng.,"Dạo phố và ngắm kênh miễn phí. Vé vào bảo tàng lịch sử địa phương, bảo tàng thủy tinh hay xem kịch tính phí riêng, thường không cao.","Khu phố và các con kênh tham quan tự do quanh năm. Bảo tàng, nhà hát và nhà máy thủy tinh có giờ mở cửa riêng.",Cuối xuân đến đầu thu khi kênh nước và cây xanh đẹp nhất; mùa hè ánh sáng dài thuận tiện dạo bộ.,"https://yandex.com/maps/?pt=34.566667,57.583333&z=17&l=map","https://www.google.com/maps/search/?api=1&query=57.583333,34.566667",,enriched,"Được mệnh danh là 'Venice của nước Nga', Vyshny Volochyok nổi tiếng với mạng lưới kênh đào và cầu cống chằng chịt giữa lòng thành phố. Đây là nơi ra đời hệ thống thủy lộ nhân tạo đầu tiên của nước Nga, khởi công dưới thời Pyotr Đại đế."
tver-tver-embankment-afanasy-nikitin,"Bờ kè Tver và Tượng đài Afanasy Nikitin (Naberezhnaya Tveri, pamyatnik Afanasiyu Nikitinu)","Набережная Твери, памятник Афанасию Никитину",Tver Embankment & Monument to Afanasy Nikitin,Tỉnh Tver,monument|square_street,56.865556,35.904444,4.7,208,Tripadvisor,"Khoảng 30-60 phút để dạo bộ, ngắm tượng và chụp ảnh.",Miễn phí.,Bờ kè và tượng đài tham quan tự do mọi thời điểm trong ngày.,Chiều muộn và hoàng hôn khi ánh nắng vàng trải trên sông; mùa hè và đầu thu dễ chịu nhất cho tản bộ.,"https://yandex.com/maps/?pt=35.904444,56.865556&z=17&l=map","https://www.google.com/maps/search/?api=1&query=56.865556,35.904444",,enriched,"Trên bờ kè bên sông Volga ở Tver sừng sững tượng đài Afanasy Nikitin - thương nhân người Tver được xem là người Nga và người châu Âu đầu tiên đặt chân tới Ấn Độ. Bờ kè mang tên ông là nơi dạo bộ, ngắm sông yêu thích của người dân và du khách."
tyumen-tobolsk-kremlin,Thành Kremlin Tobolsk (Tô-bôn-xcơ),Тобольский кремль,Tobolsk Kremlin,Tỉnh Tyumen,fortress|museum,58.198889,68.252778,4.9,264,Tripadvisor,Khoảng 2–4 tiếng (nửa ngày nếu vào các bảo tàng).,"Vào khuôn viên miễn phí; vé từng bảo tàng khoảng 50–300 RUB, tour có hướng dẫn từ 150–1.500 RUB/người.","Khuôn viên kremlin mở cửa tự do; các bảo tàng mở thứ Ba–Chủ nhật 10:00–18:00, đóng cửa thứ Hai (phòng vé đóng lúc 17:45).",Cuối xuân đến đầu thu (tháng 5–9) để dạo bộ thoải mái; mùa đông tuyết phủ cho khung cảnh cổ tích nhưng rất lạnh.,"https://yandex.com/maps/?pt=68.252778,58.198889&z=17&l=map","https://www.google.com/maps/search/?api=1&query=58.198889,68.252778",http://tiamz.ru,enriched,"Kremlin Tobolsk là tòa thành bằng đá duy nhất ở toàn Siberia, sừng sững trên mũi đất Troitsky nhìn xuống sông Irtysh. Quần thể trắng muốt gồm nhà thờ Sofia-Uspensky, tháp chuông, Gostiny Dvor và dinh Toàn quyền được xây từ cuối thế kỷ 17 đến thế kỷ 18, là biểu tượng của 'thủ phủ lịch sử Siberia'."
tyumen-abalak-monastery,Tu viện Znamensky Abalak (A-ba-lắc),Абалакский Знаменский монастырь,Abalak (Znamensky) Monastery,Tỉnh Tyumen,church|monument,58.129167,68.59,4.9,93,Tripadvisor,"Khoảng 1–2 tiếng, hoặc nửa ngày nếu kết hợp tham quan Tobolsk.",Vào cửa miễn phí (khuyến khích quyên góp tùy tâm).,"Khuôn viên tu viện mở cửa hằng ngày cho khách hành hương, thường từ sáng sớm đến chiều tối theo giờ lễ.",Tháng 6–9 khi thời tiết ấm áp; các dịp lễ lớn Chính thống giáo có không khí đặc biệt.,"https://yandex.com/maps/?pt=68.59,58.129167&z=17&l=map","https://www.google.com/maps/search/?api=1&query=58.129167,68.59",https://abalak-monastery.cerkov.ru,enriched,"Tu viện Znamensky Abalak là một trong những trung tâm hành hương Chính thống giáo linh thiêng nhất Siberia, tọa lạc trên vách cao bên bờ phải sông Irtysh, cách Tobolsk chừng 20 km. Nổi tiếng với biểu tượng thánh Đức Mẹ Abalak, quần thể mái vòm vàng óng nổi bật giữa khung cảnh đồng bằng và dòng sông."
tyumen-tyumen-hot-springs,Suối nước nóng Tyumen (Tiu-men),Горячие источники Тюмени,Tyumen Hot Springs (Thermal Springs),Tỉnh Tyumen,other,57.234622,65.440925,4.1,44,Tripadvisor,"Từ 2–4 tiếng cho một buổi ngâm, hoặc nghỉ qua đêm.","Vé vào tùy khu, khoảng 700–1.600 RUB/người lớn (Verkhny Bor ~1.300–1.550 RUB, trẻ em rẻ hơn); một số khu cao cấp đắt hơn.","Phần lớn khu tắm mở cửa hằng ngày, nhiều nơi từ sáng đến tối muộn hoặc 24/24; giờ giấc thay đổi theo từng cơ sở.",Đẹp nhất vào mùa đông (tháng 12–2) để tận hưởng tương phản nóng–lạnh; có thể tắm quanh năm.,"https://yandex.com/maps/?pt=65.440925,57.234622&z=17&l=map","https://www.google.com/maps/search/?api=1&query=57.234622,65.440925",,enriched,"Tyumen được mệnh danh là 'thủ phủ suối nước nóng' của nước Nga, với hàng loạt khu tắm khoáng nóng lộ thiên quanh thành phố. Dòng nước khoáng ấm 38–45°C phun lên từ lòng đất cho phép ngâm mình thư giãn ngay giữa trời tuyết - một trải nghiệm rất đặc trưng của Siberia."
tyumen-tyumen-embankment,"Bờ kè sông Tura, Tyumen (Tu-ra, Tiu-men)",Набережная реки Туры,Tyumen Embankment (Tura River Embankment),Tỉnh Tyumen,square_street|monument,57.164197,65.52194,4.7,664,Tripadvisor,Khoảng 1–2 tiếng tản bộ.,Miễn phí.,Mở cửa tự do 24/24 quanh năm.,Buổi tối mùa hè (tháng 6–8) để ngắm đèn và đài phun nước; hoàng hôn cho khung cảnh đẹp nhất.,"https://yandex.com/maps/?pt=65.52194,57.164197&z=17&l=map","https://www.google.com/maps/search/?api=1&query=57.164197,65.52194",,enriched,"Bờ kè sông Tura ở Tyumen là bờ kè bốn tầng bằng đá granite độc đáo bậc nhất nước Nga, trải dài khoảng 3 km dọc hữu ngạn dòng sông. Với những bậc thang, đài phun nước, tượng đài và Cầu Tình Yêu rực sáng về đêm, đây là không gian dạo chơi được yêu thích nhất thành phố."
tyumen-znamensky-cathedral-tyumen,"Nhà thờ Chính tòa Znamensky, Tyumen (Zna-men-xki, Tiu-men)",Знаменский собор (Тюмень),Znamensky Cathedral (Tyumen),Tỉnh Tyumen,church,57.158821,65.531974,4.8,70,Tripadvisor,Khoảng 30–45 phút.,Vào cửa miễn phí (khuyến khích quyên góp tùy tâm).,"Mở cửa hằng ngày, thường khoảng 8:00–19:00 theo giờ lễ.",Buổi sáng khi có lễ để cảm nhận không khí; có thể ghé bất kỳ mùa nào trong năm.,"https://yandex.com/maps/?pt=65.531974,57.158821&z=17&l=map","https://www.google.com/maps/search/?api=1&query=57.158821,65.531974",,enriched,"Nhà thờ Chính tòa Znamensky là ngôi thánh đường Chính thống giáo chính và cổ kính bậc nhất Tyumen, nổi bật với tường trắng, mái vòm dát vàng và lối kiến trúc baroque Siberia. Nơi đây lưu giữ biểu tượng thánh Đức Mẹ 'Znamenie' (Điềm Lành) được tôn kính là vị hộ mệnh của thành phố."
tyumen-yalutorovsk-ostrog,"Thành gỗ Yalutorovsk Ostrog (Ya-lu-tô-rốp, Ô-xtơ-rốc)",Ялуторовский острог,Yalutorovsk Ostrog,Tỉnh Tyumen,fortress|museum,56.654689,66.312206,4.5,52,Tripadvisor,"Khoảng 1,5–2 tiếng.",Vé vào từ khoảng 300 RUB/người lớn và 150 RUB/trẻ em; các hoạt động trải nghiệm có thể tính phí riêng.,"Thứ Ba–Chủ nhật 10:00–18:00, đóng cửa thứ Hai (phòng vé đóng lúc 17:30).",Mùa hè để đi lại dễ dàng; các dịp lễ hội dân gian như Maslenitsa (cuối đông) rất sôi động.,"https://yandex.com/maps/?pt=66.312206,56.654689&z=17&l=map","https://www.google.com/maps/search/?api=1&query=56.654689,66.312206",https://yalutmuzey.ru,enriched,"Ostrog Yalutorovsk là bản phục dựng công phu của pháo đài gỗ Siberia thế kỷ 17, dựng lại năm 2009 ngay trên nền thành cổ. Với tường gỗ, tháp canh, nhà xưởng thủ công và nhiều hoạt động trải nghiệm, nơi đây đưa du khách ngược dòng thời gian về thuở người Nga khai phá Siberia."
tyumen-tobolsk-prison-castle-museum,Lâu đài nhà tù Tobolsk (Tô-bôn-xcơ),Тюремный замок (Тобольск),Tobolsk Prison Castle (Museum of Siberian Penal Servitude and Exile),Tỉnh Tyumen,museum|monument,58.197,68.251,4.5,82,Tripadvisor,"Khoảng 1–1,5 tiếng.",Vé tham quan khoảng 200–350 RUB tùy khu trưng bày; tour có hướng dẫn từ 200–350 RUB/người.,"Thứ Ba–Chủ nhật, khoảng 10:00–18:00 (một số nguồn ghi đến 19:00), đóng cửa thứ Hai; phòng vé đóng sớm 30 phút.",Quanh năm; nên kết hợp cùng chuyến thăm Kremlin Tobolsk ngay bên cạnh.,"https://yandex.com/maps/?pt=68.251,58.197&z=17&l=map","https://www.google.com/maps/search/?api=1&query=58.197,68.251",http://tiamz.ru,enriched,"Lâu đài nhà tù Tobolsk là bảo tàng độc đáo về lao tù và lưu đày Siberia, đặt trong một nhà tù đá xây năm 1855 từng hoạt động đến tận năm 1989. Những phòng giam u ám, xà lim tối tăm và câu chuyện về các tù nhân nổi tiếng khiến nơi đây trở thành điểm 'du lịch bóng tối' đầy ám ảnh."
udmurtia-kalashnikov-museum-izhevsk,Tổ hợp Bảo tàng - Triển lãm mang tên M.T. Kalashnikov (Muzey Kalashnikova),Музейно-выставочный комплекс им. М.Т. Калашникова,M.T. Kalashnikov Museum and Exhibition Complex of Small Arms,Cộng hoà Udmurtia,museum,56.8516,53.2069,4.3,387,Tripadvisor,"Khoảng 1,5-2 giờ (thêm thời gian nếu tham gia bắn súng).",Vé tham quan khu trưng bày ở mức vài trăm RUB; trải nghiệm trường bắn tính phí riêng theo loại súng và số phát bắn.,"Thường mở cửa từ thứ Ba đến Chủ nhật, đóng cửa thứ Hai; nên kiểm tra giờ cụ thể trên trang chính thức trước khi đến.",Buổi sáng các ngày trong tuần để tránh đông và có thời gian trải nghiệm trường bắn.,"https://yandex.com/maps/?pt=53.2069,56.8516&z=17&l=map","https://www.google.com/maps/search/?api=1&query=56.8516,53.2069",https://museum-mtk.ru,enriched,"Tổ hợp bảo tàng - triển lãm mang tên Mikhail Kalashnikov là điểm đến biểu tượng của Izhevsk, thành phố quê hương khẩu súng trường AK-47 huyền thoại. Nơi đây tôn vinh cuộc đời nhà thiết kế vũ khí lừng danh và hơn hai thế kỷ lịch sử chế tạo vũ khí của vùng Udmurtia."
udmurtia-votkinsk-tchaikovsky-estate,Nhà - Điền trang Tchaikovsky (Muzey-usadba Chaykovskogo),Музей-усадьба П. И. Чайковского,Tchaikovsky Estate Museum (Votkinsk),Cộng hoà Udmurtia,museum|park_garden,57.0553,53.985,4.7,93,Tripadvisor,"Khoảng 1,5-2 giờ, có thể lâu hơn nếu dạo hết khuôn viên.",Vé vào cửa ở mức vài trăm RUB; các chương trình và tour có hướng dẫn có thể tính thêm.,Thường mở cửa từ thứ Ba đến Chủ nhật; nên kiểm tra lịch và ngày nghỉ trên trang chính thức trước khi đến.,Cuối xuân đến đầu thu khi vườn và cảnh hồ đẹp nhất.,"https://yandex.com/maps/?pt=53.985,57.0553&z=17&l=map","https://www.google.com/maps/search/?api=1&query=57.0553,53.985",https://tchaikovskyhome.ru,enriched,Điền trang - bảo tàng bên hồ Votkinsk là nơi nhà soạn nhạc vĩ đại Pyotr Ilyich Tchaikovsky chào đời năm 1840 và sống những năm đầu đời. Ngôi nhà gỗ được gìn giữ nguyên vẹn cùng nội thất thế kỷ 19 đưa du khách trở về không gian tuổi thơ của thiên tài âm nhạc Nga.
udmurtia-ludorvai-open-air-museum,Bảo tàng ngoài trời Ludorvai (Ludorvay),Архитектурно-этнографический музей-заповедник «Лудорвай»,Ludorvai Architectural-Ethnographic Museum-Reserve,Cộng hoà Udmurtia,museum|park_garden,56.7717,53.035,,,,Khoảng 2-3 giờ.,Vé vào cửa và các chương trình trải nghiệm ở mức vài trăm RUB; nhiều hoạt động cần đặt trước.,"Mở cửa theo mùa, thường từ thứ Ba đến Chủ nhật; giờ và lịch sự kiện nên tra trên trang chính thức hoặc gọi trước.","Cuối xuân đến đầu thu, hoặc vào các dịp lễ hội dân gian để trải nghiệm sôi động nhất.","https://yandex.com/maps/?pt=53.035,56.7717&z=17&l=map","https://www.google.com/maps/search/?api=1&query=56.7717,53.035",https://ludorvay.ru,enriched,"Bảo tàng ngoài trời Ludorvai trải rộng gần 60 ha giữa vùng đồi rừng cách Izhevsk 17 km, tái hiện sống động kiến trúc gỗ và đời sống truyền thống của người Udmurt cùng cư dân Nga. Đây là nơi lý tưởng để tìm hiểu văn hóa bản địa qua các trang trại cổ, cối xay gió và những màn trình diễn dân gian."
udmurtia-sarapul-historic-town,Thị trấn cổ Sarapul,Сарапул,Sarapul (historic town),Cộng hoà Udmurtia,other|monument|museum,56.4636,53.8078,,,,Nửa ngày đến trọn một ngày.,"Dạo phố miễn phí; vé vào các bảo tàng, khu trưng bày ở mức vài trăm RUB.",Không gian phố cổ và bờ sông mở tự do cả ngày; các bảo tàng thường mở từ thứ Ba đến Chủ nhật.,Cuối xuân đến đầu thu để dạo bộ và ngắm sông Kama thuận lợi.,"https://yandex.com/maps/?pt=53.8078,56.4636&z=17&l=map","https://www.google.com/maps/search/?api=1&query=56.4636,53.8078",,enriched,"Sarapul là một trong những đô thị cổ nhất Udmurtia, thành phố thương nhân sầm uất một thời bên bờ cao sông Kama. Trung tâm lịch sử còn lưu giữ nhiều dinh thự, nhà thờ và công trình theo phong cách chiết trung, Art Nouveau từ cuối thế kỷ 19 đến đầu thế kỷ 20."
udmurtia-izhevsk-mikhailovsky-cathedral,Nhà thờ chính tòa Thánh Mikhail (Svyato-Mikhaylovsky sobor),Свято-Михайловский собор,St. Michael's Cathedral (Izhevsk),Cộng hoà Udmurtia,church,56.8562,53.1999,,,,Khoảng 30-45 phút.,Vào cửa miễn phí (đón nhận tiền công đức tùy tâm).,"Mở cửa hằng ngày cho khách tham quan và hành lễ, thường từ sáng sớm đến chiều tối theo lịch phụng vụ.","Ban ngày để chiêm ngưỡng kiến trúc, hoặc trong giờ lễ để cảm nhận không khí phụng vụ.","https://yandex.com/maps/?pt=53.1999,56.8562&z=17&l=map","https://www.google.com/maps/search/?api=1&query=56.8562,53.1999",https://izhsobor.ru,enriched,"Nhà thờ chính tòa Thánh Mikhail là công trình tôn giáo cao lớn và tráng lệ nhất Izhevsk, nổi bật với kiến trúc gạch đỏ theo phong cách phục hưng Nga. Vươn cao trên ngọn đồi giữa thành phố, đây là biểu tượng tâm linh và điểm nhấn kiến trúc dễ nhận biết của thủ phủ Udmurtia."
udmurtia-buranovo-village,Làng Buranovo (Các bà lão Buranovo - Buranovskiye Babushki),Бураново (Бурановские бабушки),Buranovo village (Buranovskiye Babushki),Cộng hoà Udmurtia,other|museum,56.5236,52.9553,,,,Khoảng 2-3 giờ tùy chương trình.,"Các chương trình văn hóa, ẩm thực có thu phí theo gói; nên hỏi giá khi đặt.",Các chương trình đón khách và bảo tàng thường tổ chức theo lịch hẹn trước; nên liên hệ đặt trải nghiệm.,Quanh năm; các dịp lễ hội dân gian Udmurt càng thêm đặc sắc.,"https://yandex.com/maps/?pt=52.9553,56.5236&z=17&l=map","https://www.google.com/maps/search/?api=1&query=56.5236,52.9553",,enriched,"Buranovo là ngôi làng Udmurt nhỏ bé bỗng nổi tiếng khắp thế giới nhờ nhóm 'Các bà lão Buranovo' (Buranovskiye Babushki) - những cụ bà hát dân ca đại diện nước Nga tại Eurovision 2012. Du khách đến đây để nghe hát Udmurt, thưởng thức ẩm thực dân tộc và cảm nhận đời sống làng quê ấm áp."
udmurtia-national-museum-udmurtia,Bảo tàng Quốc gia Cộng hòa Udmurtia mang tên Kuzebay Gerd (Natsionalny muzey UR),Национальный музей Удмуртской Республики имени Кузебая Герда,National Museum of the Udmurt Republic named after Kuzebay Gerd,Cộng hoà Udmurtia,museum,56.8503,53.2036,,,,"Khoảng 1,5-2 giờ.","Vé vào cửa và các triển lãm ở mức vài trăm RUB, thay đổi theo trưng bày; có thể mua vé trực tuyến.","Thứ Ba đến Chủ nhật 10:00-18:00, riêng thứ Năm 13:00-21:00; đóng cửa thứ Hai.",Bất kỳ thời điểm nào trong năm; đặc biệt hợp làm điểm khởi đầu khi mới đến Izhevsk.,"https://yandex.com/maps/?pt=53.2036,56.8503&z=17&l=map","https://www.google.com/maps/search/?api=1&query=56.8503,53.2036",https://nmur.ru,enriched,"Bảo tàng Quốc gia Udmurtia mang tên nhà thơ Kuzebay Gerd là bảo tàng lớn và lâu đời nhất vùng, đặt trong tòa nhà Kho vũ khí (Arsenal) cổ kính đầu thế kỷ 19. Đây là nơi lý tưởng để tìm hiểu thiên nhiên, lịch sử và văn hóa độc đáo của người Udmurt."
ulyanovsk-lenin-memorial-ulyanovsk,Đài tưởng niệm Lenin (Leninsky memorial),Ленинский мемориал,Lenin Memorial,Tỉnh Ulyanovsk,museum|monument,54.3181,48.3945,,,,"Khoảng 1,5–3 giờ nếu tham quan cả bảo tàng và công viên.",,,"Ban ngày, đẹp nhất vào mùa hè khi công viên và bờ kè Venets xanh mát.","https://yandex.com/maps/?pt=48.3945,54.3181&z=17&l=map","https://www.google.com/maps/search/?api=1&query=54.3181,48.3945",https://leninmemorial.ru,enriched,"Đài tưởng niệm Lenin là quần thể kiến trúc đồ sộ được khánh thành năm 1970 nhân kỷ niệm 100 năm ngày sinh V.I. Lenin, người con nổi tiếng nhất của thành phố. Công trình khối vuông màu trắng nằm trên đồi Venets nhìn ra sông Volga, vừa là bảo tàng vừa là trung tâm văn hóa lớn nhất Ulyanovsk."
ulyanovsk-simbirsk-museum-reserve,Khu bảo tồn – Bảo tàng “Quê hương V.I. Lenin” (Muzey-zapovednik Rodina V.I. Lenina),Музей-заповедник «Родина В. И. Ленина»,State Historical-Memorial Museum-Reserve “Homeland of V.I. Lenin”,Tỉnh Ulyanovsk,museum|monument,54.317,48.403,,,,Từ 2 đến 4 giờ tùy số lượng bảo tàng muốn vào.,,Các bảo tàng trong khu bảo tồn đóng cửa vào Thứ Hai; giờ cụ thể nên xác nhận trên trang chính thức.,"Mùa xuân đến đầu thu, khi dạo bộ ngoài trời dễ chịu.","https://yandex.com/maps/?pt=48.403,54.317&z=17&l=map","https://www.google.com/maps/search/?api=1&query=54.317,48.403",https://ulzapovednik.ru,enriched,"Đây là khu bảo tồn lịch sử ngoài trời tái hiện cả một khu phố cổ của Simbirsk cuối thế kỷ 19, nơi gia đình Lenin từng sinh sống. Quần thể gồm gần hai chục bảo tàng chuyên đề nằm trong những ngôi nhà gỗ và biệt thự được gìn giữ nguyên vẹn."
ulyanovsk-ulyanovsk-aviation-museum,Bảo tàng Lịch sử Hàng không Dân dụng (Muzey istorii grazhdanskoy aviatsii),Музей истории гражданской авиации,Museum of Civil Aviation History,Tỉnh Ulyanovsk,museum|other,54.289702,48.234795,,,,Khoảng 1–2 giờ.,"Người lớn khoảng 120 ₽; học sinh, sinh viên, người hưu trí khoảng 60 ₽; phụ thu chụp ảnh khoảng 50 ₽ (mức tham khảo).",Thứ Ba đến Thứ Sáu 10:00–17:00; Thứ Bảy và Chủ Nhật 10:00–16:00; đóng cửa Thứ Hai.,Mùa ấm (tháng 5 đến tháng 9); nên đi buổi sáng và tránh ngày mưa vì trưng bày ngoài trời.,"https://yandex.com/maps/?pt=48.234795,54.289702&z=17&l=map","https://www.google.com/maps/search/?api=1&query=54.289702,48.234795",https://www.uvauga.ru,enriched,"Bảo tàng ngoài trời nằm cạnh học viện hàng không Ulyanovsk, trưng bày khoảng 36 máy bay và trực thăng dân dụng từ đầu thế kỷ 20 đến nay. Nổi bật là những huyền thoại hàng không Xô Viết như Tu-114 và máy bay chở khách siêu thanh Tu-144."
ulyanovsk-undory-geopark,Bảo tàng Cổ sinh vật học Undory (Undorovsky paleontologichesky muzey),Ундоровский палеонтологический музей,Undory Paleontological Museum (Geopark),Tỉnh Ulyanovsk,museum|park_garden,54.617,48.6,,,,"Khoảng 1 đến 1,5 giờ tham quan bảo tàng; thêm thời gian nếu đi dạo bờ sông.",,,Cuối xuân đến đầu thu để thuận tiện di chuyển và đi bộ ngoài trời.,"https://yandex.com/maps/?pt=48.6,54.617&z=17&l=map","https://www.google.com/maps/search/?api=1&query=54.617,48.6",https://undor-muz.ru,enriched,"Nằm ở làng Undory bên bờ phải sông Volga, bảo tàng cổ sinh vật học này trưng bày hóa thạch các loài bò sát biển kỷ Jura và Phấn trắng như ngư long và thương long. Cả dải bờ sông quanh đây là một “công viên địa chất” nổi tiếng với hóa thạch và đá simbirtsite quý."
ulyanovsk-imperial-bridge-ulyanovsk,Cầu Hoàng gia (Imperatorsky most),Императорский мост,Imperial Bridge,Tỉnh Ulyanovsk,bridge|monument,54.36,48.417,,,,Khoảng 20 đến 40 phút để ngắm và chụp ảnh.,Miễn phí (điểm tham quan ngoài trời).,Ngắm cảnh tự do từ bên ngoài; đây là cầu giao thông đang khai thác.,Hoàng hôn hoặc buổi chiều muộn để có ánh sáng đẹp trên sông.,"https://yandex.com/maps/?pt=48.417,54.36&z=17&l=map","https://www.google.com/maps/search/?api=1&query=54.36,48.417",,enriched,"Cầu Hoàng gia là cây cầu đường sắt lịch sử bắc qua sông Volga tại Ulyanovsk, được khánh thành năm 1916. Vào thời điểm hoàn thành, đây là một trong những cây cầu dài nhất châu Âu với chiều dài khoảng 2 km."
ulyanovsk-ulyanovsk-local-lore-museum,Bảo tàng Địa phương chí Ulyanovsk mang tên I.A. Goncharov (Ulyanovsky oblastnoy krayevedchesky muzey),Ульяновский областной краеведческий музей имени И. А. Гончарова,Ulyanovsk Regional Local Lore Museum named after I.A. Goncharov,Tỉnh Ulyanovsk,museum|monument,54.313,48.403,,,,Khoảng 1 đến 2 giờ.,,,Quanh năm; thuận tiện kết hợp dạo bờ kè Venets khi trời đẹp.,"https://yandex.com/maps/?pt=48.403,54.313&z=17&l=map","https://www.google.com/maps/search/?api=1&query=54.313,48.403",https://uokm.ru,enriched,"Bảo tàng địa phương chí lâu đời của tỉnh Ulyanovsk, mang tên nhà văn Ivan Goncharov, người con của Simbirsk. Bộ sưu tập trải rộng từ thiên nhiên, hóa thạch, khảo cổ đến lịch sử và dân tộc học của vùng đất bên sông Volga."
ulyanovsk-museum-simbirsk-classical-gymnasium,Bảo tàng “Trường Trung học Cổ điển Simbirsk” (Simbirskaya klassicheskaya gimnaziya),Музей «Симбирская классическая гимназия»,Museum “Simbirsk Classical Gymnasium”,Tỉnh Ulyanovsk,museum|monument,54.3165,48.401,,,,Khoảng 45 phút đến 1 giờ.,,Đóng cửa vào Thứ Hai theo lịch chung của khu bảo tồn; giờ cụ thể xem trên trang chính thức.,Quanh năm; có thể kết hợp tham quan các bảo tàng lân cận trong khu bảo tồn.,"https://yandex.com/maps/?pt=48.401,54.3165&z=17&l=map","https://www.google.com/maps/search/?api=1&query=54.3165,48.401",https://ulzapovednik.ru,enriched,"Bảo tàng tái hiện sống động một trường trung học cổ điển Nga thập niên 1880, từ lớp học, hội trường đến phòng thí nghiệm vật lý. Đây chính là ngôi trường nơi Vladimir Ulyanov (Lenin) từng theo học và tốt nghiệp với huy chương vàng."
vladimir-golden-gate-vladimir,Cổng Vàng Vladimir (Zolotye Vorota),Золотые ворота,Golden Gate of Vladimir,Tỉnh Vladimir,monument|fortress,56.126944,40.396944,4.5,780,Tripadvisor,Khoảng 20-40 phút (chỉ ngắm bên ngoài mất chừng 10-15 phút).,Ngắm bên ngoài miễn phí. Vé vào bảo tàng bên trong (thuộc Bảo tàng Vladimir-Suzdal) hiện chưa mở lại do đang trùng tu.,"Có thể chiêm ngưỡng từ bên ngoài mọi lúc. Bảo tàng bên trong thường mở 10:00-18:00 (nghỉ thứ Năm), nhưng hiện tạm đóng để trùng tu — nên kiểm tra trước trên trang của Bảo tàng Vladimir-Suzdal.",Sáng sớm hoặc chiều muộn để chụp ảnh đá trắng dưới nắng dịu; mùa hè (tháng 5-9) thời tiết dễ chịu nhất.,"https://yandex.com/maps/?pt=40.396944,56.126944&z=17&l=map","https://www.google.com/maps/search/?api=1&query=56.126944,40.396944",https://vladmuseum.ru/ru/geografiya-muzeya/vladimir/zolotye-vorota/,enriched,"Cổng Vàng Vladimir là cổng thành khải hoàn bằng đá trắng được Đại công Andrei Bogolyubsky cho xây dựng năm 1158-1164, một trong số rất ít cổng thành thời trung cổ của Nga còn tồn tại. Vừa là công trình phòng thủ vừa là khải hoàn môn, cổng gắn liền với thời hoàng kim của công quốc Vladimir và nay là biểu tượng của thành phố."
vladimir-dormition-cathedral-vladimir,Nhà thờ chính tòa Đức Mẹ An Giấc Vladimir (Uspensky Sobor),Успенский собор,"Dormition (Assumption) Cathedral, Vladimir",Tỉnh Vladimir,church,56.126944,40.409167,4.8,75,Trip.com,Khoảng 30-45 phút.,Vào dự lễ miễn phí. Vé tham quan bích họa khoảng 350 RUB/người lớn; vé gộp với Nhà thờ Thánh Demetrius khoảng 500 RUB.,Nhà thờ mở cửa cầu nguyện khoảng 7:30-18:00 hằng ngày. Phần trưng bày bích họa (do Bảo tàng Vladimir-Suzdal quản lý) có giờ hạn chế hơn — nên kiểm tra lịch trước khi đến.,Sáng sớm để tránh đông và tận hưởng ánh sáng đẹp; mùa hè thuận tiện nhất.,"https://yandex.com/maps/?pt=40.409167,56.126944&z=17&l=map","https://www.google.com/maps/search/?api=1&query=56.126944,40.409167",https://vladmuseum.ru,enriched,"Nhà thờ chính tòa Đức Mẹ An Giấc là ngôi thánh đường đá trắng nguy nga được xây từ năm 1158, từng là nhà thờ mẹ của cả nước Nga cổ và nơi tấn phong các đại công. Bên trong còn lưu giữ những bích họa vô giá do danh họa Andrei Rublev thực hiện năm 1408."
vladimir-cathedral-saint-demetrius-vladimir,Nhà thờ Thánh Demetrius Vladimir (Dmitrievsky Sobor),Дмитриевский собор,"Cathedral of Saint Demetrius, Vladimir",Tỉnh Vladimir,church,56.129167,40.410833,4.7,587,Tripadvisor,Khoảng 20-30 phút.,"Khoảng 350 RUB/người lớn, ~200 RUB ưu đãi; vé gộp với Nhà thờ Đức Mẹ An Giấc khoảng 500 RUB. Ngắm bên ngoài miễn phí.",Khu trưng bày mở khoảng 10:00-18:00 (ngày nghỉ thay đổi theo mùa) — nên kiểm tra trên trang của Bảo tàng Vladimir-Suzdal.,Buổi sáng hoặc chiều muộn khi nắng xiên làm nổi bật từng đường nét chạm khắc trên đá.,"https://yandex.com/maps/?pt=40.410833,56.129167&z=17&l=map","https://www.google.com/maps/search/?api=1&query=56.129167,40.410833",https://vladmuseum.ru/ru/geografiya-muzeya/vladimir/dmitrievskiy-sobor/,enriched,"Nhà thờ Thánh Demetrius là ngôi nhà thờ cung đình do Đại công Vsevolod 'Tổ Lớn' xây năm 1194-1197, nổi tiếng khắp thế giới nhờ hàng trăm phù điêu chạm khắc tinh xảo phủ kín mặt ngoài. Đây được coi là đỉnh cao của nghệ thuật điêu khắc đá trắng Nga thế kỷ 12."
vladimir-church-intercession-nerl,Nhà thờ Đức Mẹ Che Chở bên sông Nerl (Tserkov Pokrova na Nerli),Церковь Покрова на Нерли,Church of the Intercession on the Nerl,Tỉnh Vladimir,church,56.19625,40.561389,4.9,464,Tripadvisor,"Khoảng 1,5-2 giờ, chủ yếu là thời gian đi bộ khứ hồi.",Miễn phí (có thể quyên góp tùy tâm).,"Đồng cỏ và khuôn viên ngoài trời mở tự do quanh ngày. Bên trong nhà thờ chỉ mở khi không có thánh lễ, giờ giấc thất thường — nên chuẩn bị tinh thần có thể không vào được bên trong.","Cuối tháng 4 - đầu tháng 5 mùa nước lũ để thấy nhà thờ 'nổi' trên mặt nước; hoặc bình minh, hoàng hôn mùa hè để có ánh sáng đẹp.","https://yandex.com/maps/?pt=40.561389,56.19625&z=17&l=map","https://www.google.com/maps/search/?api=1&query=56.19625,40.561389",,enriched,"Nhà thờ Đức Mẹ Che Chở bên sông Nerl là một ngôi thánh đường đá trắng đơn độc giữa đồng cỏ ngập nước, được xây năm 1165 và thường được ca ngợi là ngôi nhà thờ đẹp nhất nước Nga cổ. Vẻ thanh thoát, cân đối hoàn hảo của nó soi bóng xuống mặt nước đã trở thành hình ảnh kinh điển của kiến trúc Nga."
vladimir-suzdal-kremlin-nativity-cathedral,Thành Kremlin Suzdal và Nhà thờ Giáng Sinh Đức Mẹ (Suzdalsky Kreml),Суздальский кремль (Собор Рождества Богородицы),Suzdal Kremlin and Nativity Cathedral,Tỉnh Vladimir,fortress|church|museum,56.41667,40.4425,4.5,1129,Tripadvisor,Khoảng 1-2 giờ.,"Vé trọn gói Kremlin (từ 3 khu trưng bày) khoảng 600 RUB/người lớn, 400 RUB ưu đãi; riêng nội thất Nhà thờ Giáng Sinh khoảng 350 RUB.","Mùa hè (khoảng 1/5-4/10): khuôn viên 9:00-20:00, nhà thờ và các phòng trưng bày 9:00-19:00. Mùa đông giờ ngắn hơn (khoảng 10:00-18:00). Ngừng bán vé trước giờ đóng 30-60 phút.",Chiều muộn để ngắm hoàng hôn trên các vòm mái; mùa hè và đầu thu (tháng 6-9) đẹp và dễ chịu nhất.,"https://yandex.com/maps/?pt=40.4425,56.41667&z=17&l=map","https://www.google.com/maps/search/?api=1&query=56.41667,40.4425",https://vladmuseum.ru/ru/geografiya-muzeya/suzdal/muzeynyy-kompleks-kreml/,enriched,"Thành Kremlin Suzdal là phần cổ xưa nhất của thành phố bảo tàng Suzdal, với những lũy đất ngàn năm và Nhà thờ Giáng Sinh Đức Mẹ nổi bật bởi các vòm mái xanh điểm sao vàng. Nơi đây lưu giữ 'Cửa Vàng' và bích họa thế kỷ 13 quý giá, là một phần của Di sản Thế giới UNESCO."
vladimir-saviour-monastery-st-euthymius-suzdal,"Tu viện Cứu Thế Thánh Euthymius, Suzdal (Spaso-Evfimiev Monastyr)",Спасо-Евфимиев монастырь,"Saviour Monastery of St Euthymius, Suzdal",Tỉnh Vladimir,fortress|church|museum,56.433333,40.440278,4.7,990,Tripadvisor,"Khoảng 1,5-2 giờ (quần thể rộng, có thể tới 3 giờ nếu xem kỹ).",Vé vào quần thể khoảng 500 RUB/người lớn; có vé gộp nhiều điểm. Thuộc hệ thống Bảo tàng Vladimir-Suzdal.,Mở cửa hằng ngày khoảng 10:00-18:00 (quầy vé đóng sớm hơn); mỗi tháng có một 'ngày vệ sinh' đóng cửa — nên kiểm tra lịch trước.,Buổi sáng để tránh đông; canh giờ chẵn để nghe hòa nhạc chuông. Mùa hè và đầu thu đẹp nhất.,"https://yandex.com/maps/?pt=40.440278,56.433333&z=17&l=map","https://www.google.com/maps/search/?api=1&query=56.433333,40.440278",https://vladmuseum.ru,enriched,"Tu viện Cứu Thế Thánh Euthymius là một tu viện - pháo đài hùng vĩ ở Suzdal, nổi bật với những bức tường gạch đỏ dài hơn một cây số và 12 tháp canh. Nay là quần thể bảo tàng với nhà thờ Biến Hình, tháp chuông ngân nhạc và cả bảo tàng nhà tù từng giam giữ nhiều nhân vật lịch sử."
vladimir-museum-wooden-architecture-suzdal,Bảo tàng Kiến trúc Gỗ Suzdal (Muzey Derevyannogo Zodchestva),Музей деревянного зодчества,"Museum of Wooden Architecture, Suzdal",Tỉnh Vladimir,museum|church,56.41275,40.440352,4.5,1165,Tripadvisor,Khoảng 1-2 giờ.,Khoảng 600 RUB/người lớn; trẻ dưới 14 tuổi thường miễn phí. Có vé gộp các điểm ở Suzdal.,Mùa hè thường mở khoảng 9:00-19:00; mùa đông giờ ngắn hơn. Là bảo tàng ngoài trời theo mùa — nên kiểm tra giờ theo thời điểm.,Ngày khô ráo mùa hè hoặc đầu thu; đến vào dịp lễ hội dân gian để có không khí sôi động nhất.,"https://yandex.com/maps/?pt=40.440352,56.41275&z=17&l=map","https://www.google.com/maps/search/?api=1&query=56.41275,40.440352",https://vladmuseum.ru/ru/geografiya-muzeya/suzdal/muzey-derevyannogo-zodchestva/,enriched,"Bảo tàng Kiến trúc Gỗ Suzdal là một bảo tàng ngoài trời tái hiện ngôi làng Nga xưa, quy tụ những nhà thờ, nhà nông dân và cối xay gió bằng gỗ được di dời về từ khắp vùng. Nhiều công trình được dựng hoàn toàn không dùng một chiếc đinh, cho thấy tài nghệ của thợ mộc Nga truyền thống."
vladimir-holy-bogolyubovo-monastery,Tu viện Thánh Bogolyubovo (Svyato-Bogolyubsky Monastyr),Свято-Боголюбский монастырь,Holy Bogolyubovo Monastery,Tỉnh Vladimir,church|monument,56.19617,40.53503,4.4,117,Tripadvisor,Khoảng 30-60 phút.,"Miễn phí (tu viện đang hoạt động, đón quyên góp tùy tâm). Nên mang tiền mặt.","Mở cửa hằng ngày, khoảng 7:00-21:00 (có thể đóng sớm hơn); có các giờ lễ sáng sớm và chiều tối. Nên đến ngoài giờ hành lễ nếu muốn tham quan thoải mái.",Buổi sáng để có ánh sáng đẹp và tránh đông; kết hợp trước hoặc sau khi đi bộ ra Nhà thờ Che Chở bên sông Nerl.,"https://yandex.com/maps/?pt=40.53503,56.19617&z=17&l=map","https://www.google.com/maps/search/?api=1&query=56.19617,40.53503",http://sv-bogolubovo.ru/,enriched,"Tu viện Thánh Bogolyubovo là một nữ tu viện đang hoạt động, dựng trên nền dinh thự của Đại công Andrei Bogolyubsky thế kỷ 12 — nơi ông bị ám sát năm 1174. Trong khuôn viên vẫn còn tháp cầu thang bằng đá trắng nguyên bản, phần di tích được UNESCO công nhận, bên cạnh nhà thờ Bogolyubsky nguy nga xây thế kỷ 19."
vladimir-gus-khrustalny-crystal-museum,Bảo tàng Pha lê Gus-Khrustalny (Muzey Khrustalya),Музей хрусталя имени Мальцовых,Gus-Khrustalny Crystal Museum,Tỉnh Vladimir,museum|church,55.619897,40.657929,4.7,138,Tripadvisor,"Khoảng 1,5 giờ.","Khoảng 1.000 RUB/người lớn, ~500 RUB ưu đãi.",Thứ Ba - Chủ Nhật 10:00-17:00; đóng cửa thứ Hai và thứ Ba tuần thứ ba hằng tháng (ngày vệ sinh).,Ban ngày khi ánh sáng tự nhiên làm pha lê lấp lánh nhất; kết hợp trong chuyến đi trong ngày từ Vladimir.,"https://yandex.com/maps/?pt=40.657929,55.619897&z=17&l=map","https://www.google.com/maps/search/?api=1&query=55.619897,40.657929",https://vladmuseum.ru,enriched,"Bảo tàng Pha lê Gus-Khrustalny nằm trong ngôi nhà thờ Thánh George tráng lệ do kiến trúc sư Leonty Benois thiết kế, trưng bày khoảng 2.000 tác phẩm thủy tinh và pha lê từ thị trấn nổi tiếng về nghề thổi thủy tinh này. Không gian nhà thờ với các cột đá labradorit và bức tranh khổng lồ của Vasnetsov khiến đây là một bảo tàng độc đáo bậc nhất vùng."
vladimir-cathedral-square-vladimir,Quảng trường Nhà thờ Vladimir (Sobornaya Ploshchad),Соборная площадь,"Cathedral Square, Vladimir",Tỉnh Vladimir,square_street|monument,56.129426,40.404261,4.4,71,Tripadvisor,Khoảng 20-45 phút (lâu hơn nếu vào tham quan các nhà thờ).,Miễn phí.,Mở tự do quanh ngày (không gian công cộng).,Hoàng hôn để ngắm cảnh thung lũng Klyazma và ánh nắng trên các vòm mái vàng; mùa hè và đầu thu dễ chịu nhất.,"https://yandex.com/maps/?pt=40.404261,56.129426&z=17&l=map","https://www.google.com/maps/search/?api=1&query=56.129426,40.404261",,enriched,"Quảng trường Nhà thờ là trung tâm lịch sử của Vladimir, nơi tọa lạc hai kiệt tác đá trắng được UNESCO công nhận là Nhà thờ Đức Mẹ An Giấc và Nhà thờ Thánh Demetrius. Từ công viên và đài quan sát bên rìa quảng trường, du khách có thể phóng tầm mắt xuống thung lũng sông Klyazma."
volgograd-mamayev-kurgan-motherland-calls,"Đồi Mamayev Kurgan và tượng đài «Tổ quốc vẫy gọi» (phiên âm: Ma-ma-ép Kur-gan, Rô-đi-na Mát Dốp)","Мамаев курган, «Родина-мать зовёт!»",Mamayev Kurgan – The Motherland Calls,Tỉnh Volgograd,monument|park_garden,48.7425,44.53694,5.0,496,2GIS,"Khoảng 1,5–2 giờ.",Miễn phí.,"Khu tưởng niệm ngoài trời, mở cửa hằng ngày và miễn phí; nên tham quan vào ban ngày. Một số khu vực trong nhà (Sảnh Vinh Quang, nhà thờ) có giờ đóng cửa buổi tối.",Sáng hoặc chiều muộn khi trời dịu mát; dịp 9/5 (Ngày Chiến thắng) và 2/2 có sự kiện lớn nhưng rất đông.,"https://yandex.com/maps/?pt=44.53694,48.7425&z=17&l=map","https://www.google.com/maps/search/?api=1&query=48.7425,44.53694",https://stalingrad-battle.ru,enriched,"Mamayev Kurgan là ngọn đồi tưởng niệm nổi tiếng nhất nước Nga, nơi diễn ra những trận đánh khốc liệt nhất của Trận Stalingrad. Trên đỉnh đồi sừng sững bức tượng «Tổ quốc vẫy gọi» cao 85 m – một trong những pho tượng cao nhất thế giới. Đây là biểu tượng thiêng liêng của lòng quả cảm và sự hy sinh trong Thế chiến II."
volgograd-panorama-stalingrad-battle,Bảo tàng-Panorama «Trận Stalingrad» (phiên âm: Mu-dây Pa-na-ra-ma «Xta-lin-grát-xkaia bít-va»),Музей-панорама «Сталинградская битва»,The Battle of Stalingrad Panorama Museum,Tỉnh Volgograd,museum,48.715061,44.533337,4.9,3623,2GIS,"Khoảng 1,5–2 giờ.","Vé vào cửa khoảng 250 ₽ (người lớn), 150 ₽ (sinh viên); trẻ dưới 16 tuổi miễn phí. Khu trưng bày ngoài trời miễn phí.","Thường mở cửa thứ Ba–Chủ nhật 10:00–18:00, đóng cửa thứ Hai; khu khí tài ngoài trời mở tự do 24/24. Nên kiểm tra lịch trước khi đi.",Buổi sáng các ngày trong tuần để tránh đông; tránh thứ Hai vì đóng cửa.,"https://yandex.com/maps/?pt=44.533337,48.715061&z=17&l=map","https://www.google.com/maps/search/?api=1&query=48.715061,44.533337",https://stalingrad-battle.ru,enriched,"Bảo tàng-Panorama «Trận Stalingrad» là bảo tàng quân sự lớn nhất Volgograd, tái hiện toàn cảnh trận đánh mang tính bước ngoặt của Thế chiến II. Điểm nhấn là bức tranh panorama tròn khổng lồ đưa người xem vào giữa chiến trường. Xung quanh là hàng nghìn hiện vật, vũ khí và khí tài đặt ngoài trời."
volgograd-gerhardt-mill-ruins,Di tích nhà máy xay Gergardt (phiên âm: Mel-nhi-txa Ghéc-gác-ta),Мельница Гергардта,Gerhardt Mill (ruins),Tỉnh Volgograd,monument,48.71549,44.533078,5.0,74,2GIS,Khoảng 15–20 phút.,Miễn phí (tham quan bên ngoài).,"Di tích ngoài trời, có thể ngắm và chụp ảnh từ bên ngoài bất cứ lúc nào; không vào bên trong.",Ban ngày để chụp ảnh; kết hợp trong lịch thăm Bảo tàng-Panorama.,"https://yandex.com/maps/?pt=44.533078,48.71549&z=17&l=map","https://www.google.com/maps/search/?api=1&query=48.71549,44.533078",,enriched,Nhà máy xay Gergardt là tòa nhà đổ nát được cố ý giữ nguyên hiện trạng sau Trận Stalingrad như một chứng tích chiến tranh. Những bức tường loang lổ vết đạn và bom đứng sừng sững ngay cạnh Bảo tàng-Panorama. Đây là một trong những hình ảnh gây ám ảnh nhất về sự tàn khốc của cuộc chiến.
volgograd-old-sarepta,Khu bảo tồn – bảo tàng «Sarepta cổ» (phiên âm: Xta-ra-ia Xa-rép-ta),Старая Сарепта,Old Sarepta,Tỉnh Volgograd,museum,48.512275,44.550847,4.7,341,2GIS,"Khoảng 1,5–2 giờ.","Khoảng 200 ₽ (người lớn), 160 ₽ (sinh viên, người cao tuổi), 120 ₽ (trẻ em); một số phòng trưng bày và tour chuyên đề có phụ phí.",Mở cửa hằng ngày khoảng 9:00–17:30 (nghỉ trưa 12:30–13:00); một số nguồn ghi thứ Hai đóng cửa các phòng trưng bày – nên kiểm tra trước.,Ban ngày các ngày trong tuần; nên chọn dịp có lịch hòa nhạc đàn organ.,"https://yandex.com/maps/?pt=44.550847,48.512275&z=17&l=map","https://www.google.com/maps/search/?api=1&query=48.512275,44.550847",https://sareptamuseum.ru,enriched,"«Sarepta cổ» là khu bảo tồn kiến trúc – dân tộc học tái hiện một thuộc địa của người Đức theo đạo Tin Lành, được lập từ năm 1765. Quần thể gồm 26 tòa nhà thế kỷ 18–19 quanh quảng trường lát đá cổ kính. Đây cũng là nơi khai sinh loại mù tạt Sarepta trứ danh của nước Nga."
volgograd-central-embankment-volgograd,Bến sông trung tâm Volgograd – Kè Tập đoàn quân 62 (phiên âm: Na-be-rê-giơ-na-ia),Центральная набережная (Набережная 62-й Армии),Central Embankment (62nd Army Embankment),Tỉnh Volgograd,square_street|park_garden,48.703889,44.521389,4.9,2617,2GIS,"Khoảng 1–1,5 giờ.",Miễn phí (du thuyền và một số dịch vụ tính phí riêng).,"Không gian công cộng ngoài trời, mở cửa tự do 24/24.","Cuối chiều đến hoàng hôn, hoặc buổi tối mùa hè khi có nhạc nước.","https://yandex.com/maps/?pt=44.521389,48.703889&z=17&l=map","https://www.google.com/maps/search/?api=1&query=48.703889,44.521389",,enriched,"Bến sông trung tâm là dải bờ Volga đẹp và sầm uất nhất Volgograd, được xem là «cửa ngõ» của thành phố nhìn từ mặt nước. Công trình nổi bật với hàng cột trắng kiểu cổ điển và bậc thang lớn dẫn xuống sông. Đây là nơi người dân dạo bộ, ngắm hoàng hôn và lên tàu du ngoạn sông Volga."
volgograd-volga-don-canal-lenin,"Kênh đào Volga–Don, âu tàu số 1 và tượng đài Lenin (phiên âm: kênh Vôn-ga–Đôn, tượng Lê-nin)","Волго-Донской канал, шлюз №1, статуя Ленина",Volga–Don Canal – Lock No. 1 and Lenin Monument,Tỉnh Volgograd,monument,48.527686,44.558888,4.3,42,2GIS,Khoảng 30–45 phút.,Miễn phí.,"Khu vực ngoài trời, có thể tham quan và chụp ảnh bất cứ lúc nào; âu tàu là công trình đang vận hành nên chỉ ngắm từ bên ngoài.",Ban ngày; đẹp nhất khi có tàu đang qua âu để chứng kiến quá trình nâng hạ nước.,"https://yandex.com/maps/?pt=44.558888,48.527686&z=17&l=map","https://www.google.com/maps/search/?api=1&query=48.527686,44.558888",,enriched,"Đây là điểm khởi đầu của kênh đào Volga–Don nối hai con sông lớn nhất châu Âu, khánh thành năm 1952. Lối vào kênh được đánh dấu bằng âu tàu số 1 với cổng khải hoàn bề thế và pho tượng Lenin cao 57 m. Đó là tượng đài lớn nhất thế giới dựng cho một nhân vật lịch sử có thật."
volgograd-volzhskaya-hydro-station,Nhà máy thủy điện Volzhskaya (phiên âm: Vôn-giơ-xkaia GES),Волжская ГЭС,Volzhskaya Hydroelectric Station,Tỉnh Volgograd,other,48.82444,44.67667,,,,Khoảng 20–30 phút.,Miễn phí (chỉ ngắm từ bên ngoài; không có tour cho khách lẻ).,"Cơ sở đang vận hành, không mở cửa tham quan bên trong; có thể ngắm con đập từ tuyến đường đi qua hoặc các điểm nhìn bên ngoài vào bất cứ lúc nào.",Ban ngày; ấn tượng nhất vào mùa xả lũ mùa xuân.,"https://yandex.com/maps/?pt=44.67667,48.82444&z=17&l=map","https://www.google.com/maps/search/?api=1&query=48.82444,44.67667",,enriched,"Nhà máy thủy điện Volzhskaya là công trình thủy điện lớn nhất châu Âu khi hoàn thành năm 1961, chắn ngang dòng Volga hùng vĩ. Con đập dài nhiều ki-lô-mét còn là tuyến đường bộ và đường sắt nối Volgograd với thành phố Volzhsky. Đây là biểu tượng cho sức mạnh công nghiệp thời Xô Viết."
vologda-vologda-kremlin,Điện Kremlin Vologda và Nhà thờ Thánh Sophia (Vologodsky Kremlin),Вологодский кремль (Софийский собор),Vologda Kremlin & Saint Sophia Cathedral,Tỉnh Vologda,church|fortress|museum,59.22444,39.8825,3.5,404,Trip.com,Khoảng 2-3 giờ.,"Vào khuôn viên miễn phí; các khu trưng bày, nhà thờ và vé leo tháp chuông bán riêng, mua tại quầy.",Khuôn viên Sân Giám mục mở cửa ban ngày; các bảo tàng và nhà thờ thường mở khoảng 10:00-17:30 và nghỉ một ngày đầu tuần. Tháp chuông cùng nhà thờ có bích họa chủ yếu mở trong mùa ấm — nên kiểm tra lịch trên trang chính thức.,Cuối xuân đến đầu thu để leo tháp chuông và ngắm hoàng hôn trên sông; sáng sớm ít khách.,"https://yandex.com/maps/?pt=39.8825,59.22444&z=17&l=map","https://www.google.com/maps/search/?api=1&query=59.22444,39.8825",https://www.vologdamuseum.ru/,enriched,"Nhà thờ Thánh Sophia là công trình đá cổ nhất Vologda, được Sa hoàng Ivan Hung Đế cho khởi dựng năm 1568. Cùng tháp chuông cao 78 m và Sân Giám mục có tường bao, quần thể tạo nên 'điện Kremlin' biểu tượng bên bờ sông Vologda."
vologda-kirillo-belozersky-monastery,Tu viện Kirillo-Belozersky (Kirillo-Belozersky),Кирилло-Белозерский монастырь,Kirillo-Belozersky Monastery,Tỉnh Vologda,church|fortress|museum,59.85722,38.36861,4.5,33,Tripadvisor,Khoảng 2-4 giờ (quần thể rất rộng).,Vé tham quan các khu trưng bày và tuyến leo tường thành bán theo từng khu; nên xem bảng giá trên trang chính thức.,Khuôn viên mở cửa hằng ngày; các khu trưng bày trong bảo tàng thường mở khoảng 9:00-18:00 vào mùa ấm và rút ngắn vào mùa đông (một số khu nghỉ đầu tuần).,"Tháng 6-9 khi thời tiết khô ráo, thuận tiện đi bộ và leo tường thành ngắm hồ.","https://yandex.com/maps/?pt=38.36861,59.85722&z=17&l=map","https://www.google.com/maps/search/?api=1&query=59.85722,38.36861",https://kirmuseum.org,enriched,"Được Thánh Kirill lập năm 1397 bên hồ Siverskoye, Kirillo-Belozersky từng là một trong những tu viện lớn và kiên cố nhất miền Bắc nước Nga. Vòng tường thành dài 732 m ôm lấy cả một 'thành phố bằng đá' rộng khoảng 20 ha."
vologda-ferapontov-monastery,Tu viện Ferapontov – bích họa của Dionisy (Ferapontov),Ферапонтов монастырь,Ferapontov Monastery (Museum of Dionisy's Frescoes),Tỉnh Vologda,church|museum,59.95639,38.5675,4.8,155,Tripadvisor,Khoảng 1-2 giờ.,Có bán vé riêng để vào nhà thờ bích họa (giá cao hơn các khu khác); mua tại quầy — nên hỏi trước vì phụ thuộc thời tiết.,"Bảo tàng bích họa Dionisy chủ yếu mở trong mùa ấm; nhà thờ có bích họa chỉ đón khách khi trời khô ráo và đóng cửa vào ngày mưa, độ ẩm cao hoặc mùa đông để bảo vệ tranh.","Mùa hè, chọn ngày nắng khô để chắc chắn được vào xem bích họa.","https://yandex.com/maps/?pt=38.5675,59.95639&z=17&l=map","https://www.google.com/maps/search/?api=1&query=59.95639,38.5675",http://www.dionisy.com/,enriched,"Được lập năm 1398, Ferapontov nổi danh nhờ toàn bộ nội thất Nhà thờ Giáng Sinh Đức Mẹ được danh họa Dionisy vẽ bích họa năm 1502 và còn gần như nguyên vẹn đến nay. Đây là di sản duy nhất còn giữ trọn chu trình bích họa Nga thời trung cổ, được UNESCO ghi danh năm 2000."
vologda-veliky-ustyug,Veliky Ustyug – quê hương Ông già Tuyết (Veliky Ustyug),Великий Устюг,Veliky Ustyug (home of Ded Moroz),Tỉnh Vologda,other|church,60.766666,46.3,4.3,121,Tripadvisor,Ít nhất 1 ngày (kết hợp phố cổ và điền trang); mùa đông nên dành 2 ngày.,Đi dạo phố cổ miễn phí; vào Điền trang Ded Moroz cùng các chương trình và bảo tàng có bán vé riêng.,Phố cổ và Sân Nhà thờ dạo thăm tự do quanh năm; Điền trang Ded Moroz cách trung tâm ~12 km mở cửa hằng ngày (đông khách nhất dịp đông và năm mới).,Mùa đông (tháng 12-1) cho không khí Ded Moroz và tuyết; mùa hè êm dịu để ngắm kiến trúc ven sông.,"https://yandex.com/maps/?pt=46.3,60.766666&z=17&l=map","https://www.google.com/maps/search/?api=1&query=60.766666,46.3",https://votchina-dm.ru/,enriched,"Thành phố cổ bên sông Sukhona, Veliky Ustyug được nhắc đến từ năm 1207 và nổi tiếng với Sân Nhà thờ (Sobornoye Dvorishche) cùng những mái vòm thế kỷ 17. Từ năm 1998, nơi đây được tôn vinh là quê hương chính thức của Ông già Tuyết Ded Moroz."
vologda-totma,Thị trấn cổ Totma (Totma),Тотьма,Totma,Tỉnh Vologda,other|church|museum,59.966667,42.75,,,,Khoảng nửa ngày đến 1 ngày.,"Tham quan thị trấn miễn phí; vào từng bảo tàng có vé riêng, giá bình dân, mua tại chỗ.","Dạo phố và ngắm nhà thờ tự do cả ngày; các bảo tàng của Tổ hợp bảo tàng Totma (như Bảo tàng Nhà hàng hải) mở theo giờ hành chính, thường nghỉ đầu tuần.","Cuối xuân đến đầu thu, khi có thể leo tháp chuông nhà thờ và đi thuyền trên sông Sukhona.","https://yandex.com/maps/?pt=42.75,59.966667&z=17&l=map","https://www.google.com/maps/search/?api=1&query=59.966667,42.75",http://totmamuz.ru/,enriched,"Thị trấn nhỏ bên sông Sukhona, Totma từng giàu lên nhờ muối rồi nhờ những đoàn thương thuyền săn rái cá biển tận Thái Bình Dương và châu Mỹ. Di sản ấy để lại phong cách 'Baroque Totma' độc nhất, với những nhà thờ vươn cao như cánh buồm."
vologda-spaso-prilutsky-monastery,Tu viện Spaso-Prilutsky (Spaso-Prilutsky),Спасо-Прилуцкий монастырь,Spaso-Prilutsky Monastery,Tỉnh Vologda,church|fortress,59.262222,39.889446,,,,"Khoảng 1-1,5 giờ.",Vào khuôn viên tự do hoặc tùy tâm quyên góp; giữ trang phục lịch sự khi vào khu thờ tự.,Khuôn viên tu viện mở cửa hằng ngày cho khách hành hương và tham quan (thường từ sáng đến chiều tối); phần trưng bày có giờ riêng và có thể nghỉ đầu tuần.,"Sáng sớm hoặc chiều muộn mùa ấm, khi ánh sáng đẹp trên tường thành và mặt sông.","https://yandex.com/maps/?pt=39.889446,59.262222&z=17&l=map","https://www.google.com/maps/search/?api=1&query=59.262222,39.889446",,enriched,"Nằm ở ngoại ô phía bắc Vologda, Spaso-Prilutsky do Thánh Dimitry Prilutsky — môn đồ của Thánh Sergiy Radonezh — lập vào cuối thế kỷ 14. Đây được xem là một trong những tu viện có tường thành đẹp và quan trọng bậc nhất miền Bắc nước Nga."
vologda-semyonkovo-museum,Bảo tàng ngoài trời Semyonkovo (Semyonkovo),Семёнково,Semyonkovo Open-Air Museum of Architecture and Ethnography,Tỉnh Vologda,museum,59.278459,39.715111,,,,"Khoảng 1,5-2,5 giờ.","Có bán vé vào cửa (giá bình dân); các chương trình trải nghiệm và hướng dẫn có phụ phí, mua tại chỗ.",Mở cửa ngoài trời theo giờ ban ngày (thường nghỉ một ngày đầu tuần); giờ mùa đông có thể rút ngắn — nên xem lịch trên trang chính thức.,"Mùa hè và đầu thu, hoặc các dịp lễ hội dân gian để xem trình diễn và làm bơ.","https://yandex.com/maps/?pt=39.715111,59.278459&z=17&l=map","https://www.google.com/maps/search/?api=1&query=59.278459,39.715111",https://www.semenkovo.ru/en,enriched,"Cách trung tâm Vologda không xa, Semyonkovo là bảo tàng ngoài trời tái hiện một ngôi làng miền Bắc nước Nga cuối thế kỷ 19 - đầu thế kỷ 20. Những ngôi nhà gỗ izba, nhà nguyện và nhà kho được di dời về đây từ khắp lưu vực sông Sukhona."
vologda-goritsky-convent,Tu viện nữ Phục Sinh Goritsky (Goritsky),Горицкий Воскресенский монастырь,Goritsky Resurrection Convent,Tỉnh Vologda,church,59.864166,38.25861,,,,Khoảng 45 phút đến 1 giờ.,Vào cửa tự do hoặc tùy tâm quyên góp.,"Là tu viện nữ đang hoạt động, khuôn viên mở cửa ban ngày cho khách hành hương và tham quan; một số khu vực nội vi hạn chế.","Mùa hè, thường kết hợp khi tàu du lịch cập bến Goritsy.","https://yandex.com/maps/?pt=38.25861,59.864166&z=17&l=map","https://www.google.com/maps/search/?api=1&query=59.864166,38.25861",,enriched,"Bên dòng Sheksna gần Kirillov, tu viện nữ Phục Sinh Goritsky do nữ công tước Euphrosinia Staritskaya lập năm 1544. Vẻ ngoài thanh bình của nó che giấu một quá khứ bi thương gắn với những phụ nữ quý tộc bị lưu đày."
voronezh-goto-predestinatsia,Tàu bảo tàng Goto Predestinatsia (Gô-tô Prê-đe-xti-na-xia),Корабль-музей «Гото Предестинация»,Ship-Museum Goto Predestinatsia,Tỉnh Voronezh,museum|monument,51.656024,39.216025,4.3,433,Tripadvisor,Khoảng 45–60 phút.,"Khoảng 300 ₽/người lớn (đã gồm thuyết minh); ưu đãi khoảng 200 ₽ cho trẻ em, sinh viên, người hưu trí; trẻ dưới 7 tuổi miễn phí.","Mùa hè: Thứ Ba, Tư, Sáu, Bảy, Chủ nhật 9:00–19:00; Thứ Năm 12:00–20:00; nghỉ Thứ Hai. Bán vé kết thúc trước giờ đóng cửa 15 phút (giờ có thể đổi theo mùa).","Cuối xuân đến đầu thu, khi trời ấm và bến sông đẹp; nên đi buổi sáng để tránh đông.","https://yandex.com/maps/?pt=39.216025,51.656024&z=17&l=map","https://www.google.com/maps/search/?api=1&query=51.656024,39.216025",https://firstship.ru,enriched,"Goto Predestinatsia là bản phục dựng nguyên kích thước chiến hạm 58 khẩu pháo đầu tiên do người Nga tự đóng năm 1700 dưới thời Pyotr Đại đế. Con tàu neo ngay bên quảng trường Bộ Hải quân, nay là bảo tàng nổi kể về buổi bình minh của Hải quân Nga."
voronezh-divnogorye-museum-reserve,Khu bảo tồn - bảo tàng Divnogorie (Điv-nô-gô-ri-e),Музей-заповедник «Дивногорье»,Divnogorye Museum-Reserve,Tỉnh Voronezh,park_garden|church|museum,50.968611,39.313056,4.6,245,Tripadvisor,Khoảng 2–4 giờ nếu đi bộ và tham quan nhà thờ hang.,"Tour chính 'Biên niên sử Divnogorye' khoảng 300 ₽ (ưu đãi 150 ₽, trẻ em 75 ₽); các tour chuyên đề địa chất/khảo cổ khoảng 400 ₽.","Khu tham quan/bảo tàng thường mở cửa Thứ Tư–Chủ nhật 10:00–18:00 (nghỉ Thứ Hai, Thứ Ba); cao nguyên đẹp nhất vào ban ngày. Nên kiểm tra lịch trên trang chính thức.",Cuối tháng 5 đến tháng 9; đi buổi sáng hoặc chiều mát để tránh nắng gắt trên cao nguyên trống trải.,"https://yandex.com/maps/?pt=39.313056,50.968611&z=17&l=map","https://www.google.com/maps/search/?api=1&query=50.968611,39.313056",https://divnogor.ru,enriched,"Divnogorye là cao nguyên đá phấn trắng bên sông Tikhaya Sosna, nổi tiếng với các 'divy' – những cột đá vôi kỳ vĩ mọc lên giữa thảo nguyên. Điểm nhấn là nhà thờ Đức Mẹ Sicilia được đục thẳng vào lòng núi đá phấn từ thế kỷ XIX."
voronezh-kostenki-museum-reserve,Khu bảo tồn - bảo tàng khảo cổ Kostenki (Kôx-ten-ki),Государственный археологический музей-заповедник «Костёнки»,Kostenki State Archaeological Museum-Reserve,Tỉnh Voronezh,museum,51.391149,39.047434,4.2,31,Tripadvisor,"Khoảng 1–1,5 giờ.","Vé vào cửa khoảng 100 ₽ (ưu đãi khoảng 50 ₽); tour theo đoàn cao hơn. Giá có thể thay đổi, nên kiểm tra trước khi đi.","Mở cửa theo mùa, khoảng tháng 4 đến tháng 11, Thứ Ba–Chủ nhật 10:00–18:00; nghỉ Thứ Hai và Thứ Ba cuối cùng của tháng.","Từ tháng 5 đến tháng 9, kết hợp cảnh sông Don; tránh mùa đông vì bảo tàng đóng cửa.","https://yandex.com/maps/?pt=39.047434,51.391149&z=17&l=map","https://www.google.com/maps/search/?api=1&query=51.391149,39.047434",https://kostenki-museum.ru,enriched,"Kostenki được mệnh danh là 'thủ đô của thời đồ đá cũ', nơi phát lộ hàng chục khu cư trú của người tiền sử có niên đại tới hơn 40.000 năm. Bảo tàng được dựng ngay trên một di chỉ, bao quanh túp lều cổ làm từ xương voi ma mút còn nguyên vị trí."
voronezh-oldenburg-palace-ramon,"Cung điện Oldenburg ở Ramon (Ôn-đen-bua, Ra-môn)",Дворец Ольденбургских (Рамонь),"Oldenburg Palace, Ramon",Tỉnh Voronezh,palace|museum,51.908206,39.340281,4.1,148,Tripadvisor,"Khoảng 1,5–2 giờ cho cả cung điện và công viên.",Vào cung điện tự tham quan khoảng 100 ₽ (trẻ em 50 ₽); có hướng dẫn khoảng 250 ₽; vé công viên khoảng 80 ₽. Áp dụng thẻ Pushkin.,"Mùa hè (1/4–31/10): Thứ Ba–Chủ nhật 9:00–18:00, riêng Thứ Sáu 10:00–19:00 (Thứ Ba chỉ mở khuôn viên); mùa đông Thứ Ba–Chủ nhật 9:00–18:00; nghỉ Thứ Hai. Quầy vé đóng trước 30 phút.","Từ tháng 5 đến tháng 10, khi công viên xanh mát; cách Voronezh khoảng 40 km theo cao tốc M4.","https://yandex.com/maps/?pt=39.340281,51.908206&z=17&l=map","https://www.google.com/maps/search/?api=1&query=51.908206,39.340281",https://dvoretsvramoni.ru,enriched,"Tòa lâu đài gạch đỏ theo phong cách tân Gothic kiểu Anh này được vợ chồng Công tước Oldenburg xây dựng cuối thế kỷ XIX tại thị trấn Ramon. Với tháp nhọn, đồng hồ cổ và nhiều truyền thuyết ly kỳ, đây là một trong những dinh thự lãng mạn nhất vùng Voronezh."
voronezh-annunciation-cathedral-voronezh,"Nhà thờ chính tòa Truyền Tin, Voronezh (Bla-gô-vê-sen-xki)",Благовещенский кафедральный собор,"Annunciation Cathedral, Voronezh",Tỉnh Voronezh,church|monument,51.67611,39.21083,4.6,188,Tripadvisor,Khoảng 30–45 phút.,Vào cửa miễn phí (hoan nghênh quyên góp tùy tâm).,"Mở cửa hằng ngày, thường khoảng 7:00–20:00; lễ nghi phụng vụ diễn ra buổi sáng và chiều. Giờ có thể thay đổi vào ngày lễ.",Quanh năm; đẹp nhất vào sáng sớm hoặc khi lên đèn buổi tối; nên ghé ngoài giờ lễ để tham quan thoải mái.,"https://yandex.com/maps/?pt=39.21083,51.67611&z=17&l=map","https://www.google.com/maps/search/?api=1&query=51.67611,39.21083",https://sobor-vrn.ru,enriched,"Với năm mái vòm vàng và tháp chuông cao vút, Nhà thờ Truyền Tin là biểu tượng tâm linh mới của Voronezh và một trong những thánh đường Chính thống giáo cao nhất thế giới. Công trình theo phong cách Nga–Byzantine được dựng trong các năm 1998–2009."
voronezh-voronezh-biosphere-reserve,Khu dự trữ sinh quyển Voronezh (mang tên V. Peskov),Воронежский государственный природный биосферный заповедник имени В. М. Пескова,Voronezh Biosphere Reserve (Bobrovy Gorodok),Tỉnh Voronezh,park_garden|museum,51.735556,39.569167,4.8,105,Tripadvisor,Khoảng 2–3 giờ.,Vé vào khoảng 220 ₽/người lớn; có ưu đãi và tour theo đoàn đặt trước.,Các hạng mục (gồm Thành phố hải ly) mở cửa Thứ Ba–Chủ nhật 9:00–18:00; quầy vé đến khoảng 17:30; nghỉ Thứ Hai.,"Từ cuối xuân đến đầu thu để đi bộ đường rừng thuận lợi; đi buổi sáng, ngày nắng ráo là đẹp nhất.","https://yandex.com/maps/?pt=39.569167,51.735556&z=17&l=map","https://www.google.com/maps/search/?api=1&query=51.735556,39.569167",https://zapovednik-vrn.ru,enriched,"Được lập năm 1923 để cứu loài hải ly sông khỏi tuyệt chủng, đây là khu bảo tồn lâu đời nổi tiếng với trại nuôi hải ly thực nghiệm đầu tiên trên thế giới. Điểm nhấn 'Thành phố hải ly' cho phép quan sát hải ly qua bể kính cùng bảo tàng thiên nhiên và các cung đường sinh thái."
voronezh-admiralty-square-voronezh,"Quảng trường Bộ Hải quân, Voronezh (Admiralteyskaya)",Адмиралтейская площадь,"Admiralty Square, Voronezh",Tỉnh Voronezh,square_street|monument,51.656647,39.214671,4.3,144,Tripadvisor,"Khoảng 30–60 phút, lâu hơn nếu lên tàu Goto Predestinatsia.",Miễn phí (tham quan quảng trường và dạo bến sông).,"Không gian công cộng ngoài trời, mở cửa tự do suốt cả ngày; đẹp nhất khi có ánh sáng ban ngày và buổi tối lên đèn.",Cuối xuân đến đầu thu; buổi chiều muộn để ngắm hoàng hôn trên hồ chứa.,"https://yandex.com/maps/?pt=39.214671,51.656647&z=17&l=map","https://www.google.com/maps/search/?api=1&query=51.656647,39.214671",,enriched,"Trải bên hồ chứa Voronezh, Quảng trường Bộ Hải quân là nơi khai sinh hạm đội Nga dưới thời Pyotr Đại đế năm 1696. Ngày nay đây là điểm dạo chơi ven sông nổi tiếng với cột Rostral, nhà thờ Uspensky cổ và tàu bảo tàng Goto Predestinatsia."
voronezh-belogorsky-caves-monastery,Tu viện hang động Voskresensky Belogorsky (Vôx-krê-xen-xki Bê-lô-gôr-xki),Белогорский Воскресенский монастырь,Belogorsky Resurrection Cave Monastery,Tỉnh Voronezh,church|monument,50.471389,40.035556,4.8,21,Tripadvisor,"Khoảng 1,5–2 giờ.",Vào khuôn viên tự do; tham quan hang thường theo hình thức quyên góp tùy tâm (nên xác nhận trước).,Khuôn viên tu viện mở cửa cho khách hành hương; hang động chỉ tham quan khi có tu sĩ dẫn đường (không được tự ý vào). Nên liên hệ trước hoặc đi theo tour.,"Từ tháng 5 đến tháng 9; đi ban ngày, thời tiết khô ráo để đường lên đồi dễ đi.","https://yandex.com/maps/?pt=40.035556,50.471389&z=17&l=map","https://www.google.com/maps/search/?api=1&query=50.471389,40.035556",https://www.belmon.ru,enriched,"Ẩn trong lòng những ngọn đồi đá phấn trắng bên sông Don, tu viện Belogorsky nổi tiếng với hệ thống hang động đục tay dài tới khoảng 2 km. Khởi nguồn từ cuối thế kỷ XVIII do nữ tín đồ Maria Sherstyukova khởi xướng, nơi đây là điểm hành hương kỳ vĩ của vùng Voronezh."
yamalo-nenets-salekhard-polar-circle-stele,"Đài ""Vĩ tuyến 66"" - Vòng Bắc Cực (Xtê-la '66 pa-ra-len')",Стела «66-я параллель» («Полярный круг»),"""66th Parallel"" Stele (Arctic Circle Monument)",Khu tự trị Yamalo-Nenets,monument,66.55105,66.62621,4.6,47,Tripadvisor,Khoảng 15-30 phút.,Miễn phí.,"Ngoài trời, mở tự do suốt ngày đêm, quanh năm.","Buổi tối để ngắm đèn; mùa đông (12-3) có thể kết hợp săn cực quang, mùa hè có đêm trắng.","https://yandex.com/maps/?pt=66.62621,66.55105&z=17&l=map","https://www.google.com/maps/search/?api=1&query=66.55105,66.62621",,enriched,"Đây là tấm bia đánh dấu Vòng Bắc Cực (vĩ tuyến 66°33') ngay tại Salekhard - thành phố duy nhất trên thế giới nằm đúng trên đường ranh giới này. Công trình gồm hai khối hình kim tự tháp tách nhau bởi một vòng cung phát sáng, trở thành nơi ai đến Salekhard cũng dừng chân chụp ảnh 'một chân ở Bắc Cực'."
yamalo-nenets-obdorsky-ostrog-salekhard,Pháo đài gỗ Obdorsk (Ốp-đo-rơ-xki ô-xtrốc),Историко-архитектурный комплекс «Обдорский острог»,Obdorsky Ostrog (Obdorsk Fort),Khu tự trị Yamalo-Nenets,fortress|museum|monument,66.52227,66.58922,4.6,47,Tripadvisor,"Khoảng 1-1,5 giờ.",Vào khu vực miễn phí; tour có hướng dẫn hoặc trải nghiệm thủ công có thể thu phí riêng.,Hằng ngày khoảng 10:00-18:00 (nên hỏi trước vì một số tòa nhà có thể đóng cửa).,Mùa hè (6-8) cho thời tiết dễ chịu; dịp lễ hội dân gian để xem tái hiện lịch sử.,"https://yandex.com/maps/?pt=66.58922,66.52227&z=17&l=map","https://www.google.com/maps/search/?api=1&query=66.52227,66.58922",https://ostrog.yanao.ru,enriched,"Obdorsky Ostrog là bản phục dựng pháo đài gỗ mà những người Cossack dựng năm 1595 - khởi nguồn của thành phố Salekhard ngày nay. Quần thể gồm tháp canh, nhà nguyện gỗ và tường thành bằng cọc gỗ, tái hiện tiền đồn xa xôi nhất của nước Nga bên kia Vòng Bắc Cực."
yamalo-nenets-salekhard-mammoth-monument,Tượng đài Voi ma mút 'Mitya' (Pa-mi-át-nhic ma-môn-tu),Памятник мамонту («Митя»),"Mammoth Monument (""Mitya"")",Khu tự trị Yamalo-Nenets,monument,66.62329,66.5603,4.6,33,Tripadvisor,Khoảng 15-30 phút.,Miễn phí.,"Ngoài trời, mở tự do suốt ngày đêm, quanh năm.",Mùa đông để thấy 'cầu băng' trên sông Ob; mùa hè có đêm trắng và dễ di chuyển.,"https://yandex.com/maps/?pt=66.5603,66.62329&z=17&l=map","https://www.google.com/maps/search/?api=1&query=66.62329,66.5603",,enriched,"Chú voi ma mút khổng lồ cao khoảng 10 mét đứng sừng sững ở cửa ngõ Salekhard, bên bờ sông Ob. Được dựng giữa thập niên 2000, tượng nhắc nhớ rằng vùng đất Yamal từng là nơi voi ma mút sinh sống và đến nay vẫn liên tục phát lộ ngà, xương hóa thạch."
yamalo-nenets-gornoknyazevsk-nature-ethnographic-complex,Làng bảo tàng Gornoknyazevsk (Goóc-nô-cnhi-a-giép-xcơ),Природно-этнографический комплекс «Горнокнязевск»,Gornoknyazevsk Nature-Ethnographic Complex,Khu tự trị Yamalo-Nenets,museum|other,66.59151,66.856819,4.9,483,Yandex Maps,"Khoảng 1,5-2 giờ.",Tham quan theo tour có phí; các hoạt động như cho tuần lộc ăn hay chụp ảnh trang phục khoảng 150 RUB mỗi loại (nên đặt trước).,Thứ Ba-Năm và Chủ nhật 10:00-18:00; Thứ Sáu-Bảy 12:00-21:00; nghỉ thứ Hai.,Mùa đông (12-3) để đi xe trượt tuần lộc và ngắm tuyết; cuối hè - đầu thu cho thời tiết dễ chịu.,"https://yandex.com/maps/?pt=66.856819,66.59151&z=17&l=map","https://www.google.com/maps/search/?api=1&query=66.59151,66.856819",https://odr.yanao.ru,enriched,"Cách Salekhard khoảng 15 km, Gornoknyazevsk là bảo tàng ngoài trời tái hiện đời sống các dân tộc bản địa phương Bắc - người Nenets và Khanty. Du khách được chui vào lều chum, thử áo lông, cho tuần lộc ăn và thưởng thức ẩm thực lãnh nguyên ngay giữa khung cảnh vùng cực."
yamalo-nenets-yamal-tundra-nomad-camps,"Trại du mục của người chăn tuần lộc (Xtôi-bi-sê), lãnh nguyên Yamal",Стойбища оленеводов (тундра Ямала),Reindeer Herders' Nomad Camps (Yamal Tundra),Khu tự trị Yamalo-Nenets,other,66.851944,70.833056,,,,Thường 3-5 ngày (một số tour ghé thăm trong ngày tùy mùa).,"Phải đi theo tour có tổ chức; tour mùa đông từ Salekhard thường khoảng 100.000-130.000 RUB/người (nhiều ngày, gồm ăn ở), chưa gồm vé máy bay.",Không có giờ cố định - tiếp cận qua tour nhiều ngày; mùa thuận lợi thường từ tháng 12 đến tháng 4.,"Tháng 12-4 cho tuyết, xe trượt tuần lộc và cực quang; cuối hè cho mùa di cư và đêm trắng.","https://yandex.com/maps/?pt=70.833056,66.851944&z=17&l=map","https://www.google.com/maps/search/?api=1&query=66.851944,70.833056",,enriched,"Sâu trong lãnh nguyên Yamal, người Nenets vẫn duy trì lối sống du mục chăn tuần lộc hàng nghìn năm, theo đàn gia súc di cư qua những quãng đường dài bậc nhất hành tinh. Các tour từ Salekhard đưa du khách vào tận stойбища (trại du mục) để ở trong lều chum, đi xe tuần lộc và sống cùng gia đình người chăn."
yamalo-nenets-shemanovsky-museum-salekhard,Bảo tàng - Triển lãm Shemanovsky (Sê-ma-nốp-xki),Ямало-Ненецкий окружной музейно-выставочный комплекс им. И. С. Шемановского,Shemanovsky Yamalo-Nenets Regional Museum and Exhibition Complex,Khu tự trị Yamalo-Nenets,museum,66.53592,66.607923,5.0,138,2GIS,"Khoảng 1,5-2 giờ.","Vé từng khu trưng bày khoảng 70-150 RUB (giảm còn 35-75 RUB cho học sinh, sinh viên, người hưu trí); vé trọn gói vài trăm RUB. Chấp nhận Thẻ Pushkin.",Thứ Ba-Sáu 10:00-19:30; Thứ Bảy-CN 11:00-18:00; nghỉ thứ Hai.,"Quanh năm (điểm tham quan trong nhà), lý tưởng khi trời quá lạnh hoặc mưa gió.","https://yandex.com/maps/?pt=66.607923,66.53592&z=17&l=map","https://www.google.com/maps/search/?api=1&query=66.53592,66.607923",https://mvk.yanao.ru,enriched,"Đây là bảo tàng lớn và lâu đời nhất Yamal (khởi nguồn từ năm 1906), mang tên nhà truyền giáo Ivan Shemanovsky. Bảo vật trứ danh là 'Lyuba' - xác voi con ma mút khoảng 42.000 năm tuổi còn gần như nguyên vẹn, bên cạnh kho cổ vật khảo cổ và di sản văn hóa Nenets."
yaroslavl-yaroslavl-historic-centre-strelka,Trung tâm lịch sử Yaroslavl và mũi đất Strelka (Strelka),"Исторический центр Ярославля, Стрелка",Historic Centre of Yaroslavl / Strelka Embankment,Tỉnh Yaroslavl,park_garden|square_street|monument,57.6207,39.9003,4.6,692,Tripadvisor,Khoảng 1-2 giờ.,Miễn phí.,Không gian công cộng mở cửa tự do suốt ngày; đài phun nước thường hoạt động buổi tối trong mùa ấm (khoảng tháng 5 đến tháng 9).,"Chiều tối mùa hè để xem đài phun nước, ngắm hoàng hôn trên sông Volga và tránh nắng gắt.","https://yandex.com/maps/?pt=39.9003,57.6207&z=17&l=map","https://www.google.com/maps/search/?api=1&query=57.6207,39.9003",,enriched,"Strelka là dải đất hình mũi tên nơi sông Kotorosl đổ vào sông Volga, cũng là nơi hoàng thân Yaroslav Nhà Thông Thái khai sinh thành phố năm 1010. Cả trung tâm lịch sử Yaroslavl trải quanh đây đã được UNESCO công nhận là Di sản Thế giới năm 2005."
yaroslavl-church-of-elijah-the-prophet,Nhà thờ Ilya Nhà Tiên Tri (Tserkov Ilyi Proroka),Церковь Ильи Пророка,Church of Elijah the Prophet,Tỉnh Yaroslavl,church|museum,57.626777,39.89441,4.7,665,Tripadvisor,Khoảng 30-45 phút.,Vé vào cửa khoảng 200-250 RUB; miễn phí trong giờ cử hành nghi lễ.,"Mùa ấm thường mở khoảng 9:00-19:30; từ khoảng 1 tháng 10 chỉ đón khách theo hẹn trước và đóng cửa vào những ngày mưa, ẩm để bảo vệ bích họa.","Mùa hè, vào ngày khô ráo và nắng đẹp để nhà thờ chắc chắn mở cửa.","https://yandex.com/maps/?pt=39.89441,57.626777&z=17&l=map","https://www.google.com/maps/search/?api=1&query=57.626777,39.89441",http://www.yarmp.yar.ru,enriched,"Nhà thờ Ilya Nhà Tiên Tri là viên ngọc nằm ngay giữa quảng trường trung tâm Yaroslavl, nổi tiếng với những bức bích họa rực rỡ gần như nguyên bản từ thế kỷ 17. Đây được xem là công trình biểu tượng của trường phái kiến trúc và hội họa Yaroslavl."
yaroslavl-spaso-preobrazhensky-monastery,Tu viện Spaso-Preobrazhensky (Cứu Thế Hiển Dung),Спасо-Преображенский монастырь,Spaso-Preobrazhensky (Transfiguration) Monastery,Tỉnh Yaroslavl,church|museum|fortress,57.6211,39.8881,4.4,463,Tripadvisor,"Khoảng 1,5-2,5 giờ.",Vé vào khuôn viên khá rẻ (khoảng vài chục RUB); mỗi gian trưng bày và vé lên tháp chuông tính phí riêng nên tổng chi phí có thể lên tới vài trăm RUB.,"Khuôn viên: mùa hè (tháng 5-9) khoảng 8:00-20:00, mùa lạnh 8:30-18:00; các gian bảo tàng thường 10:00-18:00 (mùa lạnh đến 17:30). Đóng cửa thứ Tư đầu tiên của các tháng chẵn.","Sáng hoặc đầu chiều mùa hè, ngày khô ráo để được lên đài quan sát trên tháp chuông.","https://yandex.com/maps/?pt=39.8881,57.6211&z=17&l=map","https://www.google.com/maps/search/?api=1&query=57.6211,39.8881",http://www.yarmp.yar.ru,enriched,"Tu viện Spaso-Preobrazhensky, nay là Bảo tàng - Khu bảo tồn Yaroslavl, là quần thể cổ kính bậc nhất thành phố với tường thành trắng kiểu pháo đài. Chính tại đây bản chép tay duy nhất của thiên anh hùng ca 'Bài ca về cuộc chinh chiến của Igor' đã được tìm thấy."
yaroslavl-rostov-veliky-kremlin,Điện Kremlin Rostov Veliky (Rostovsky kreml),Ростовский кремль,Rostov Veliky Kremlin,Tỉnh Yaroslavl,fortress|church|museum,57.1847,39.4156,4.8,1084,Tripadvisor,Khoảng 2-3 giờ (nên dành nửa ngày).,"Nhiều loại vé, từ khoảng 100 RUB cho từng hạng mục đến gói tham quan tổng hợp có thể tới khoảng 1000 RUB.",Khuôn viên và các gian bảo tàng thường mở khoảng 10:00-17:00 hằng ngày (sân có thể mở sớm hơn); nên kiểm tra lịch theo mùa.,"Mùa hè, buổi sáng khi ánh nắng chiếu lên tường thành và mặt hồ Nero.","https://yandex.com/maps/?pt=39.4156,57.1847&z=17&l=map","https://www.google.com/maps/search/?api=1&query=57.1847,39.4156",,enriched,"Điện Kremlin Rostov không phải pháo đài quân sự mà là dinh thự lộng lẫy của các Giáo trưởng, xây dựng cuối thế kỷ 17 bên hồ Nero. Quần thể tường trắng, mái vòm bạc và tháp chuông trứ danh này là một trong những khung cảnh biểu tượng nhất của Vành đai Vàng."
yaroslavl-uglich-church-of-st-dmitry-on-the-blood,Nhà thờ Hoàng tử Dmitry trên Máu (Tserkov Dimitriya na Krovi),Церковь Димитрия на Крови,"Church of St Dmitry on the Blood, Uglich",Tỉnh Yaroslavl,church|museum,57.5258,39.3194,4.7,338,Tripadvisor,"Khoảng 30-45 phút cho nhà thờ; 1-1,5 giờ cho cả Kremlin Uglich.","Nhà thờ thu phí vào cửa (thuộc bảo tàng địa phương); giá thường ở mức thấp, có thể mua kèm vé tham quan Kremlin Uglich.","Thuộc bảo tàng Kremlin Uglich, thường mở khoảng 9:00/10:00-18:00 hằng ngày; nên kiểm tra lịch theo mùa.","Mùa hè, mùa tàu du lịch trên sông Volga.","https://yandex.com/maps/?pt=39.3194,57.5258&z=17&l=map","https://www.google.com/maps/search/?api=1&query=57.5258,39.3194",,enriched,"Nhà thờ tường đỏ mái vòm xanh này đánh dấu nơi hoàng tử Dmitry, con út của Ivan Bạo Chúa, tử nạn bí ẩn năm 1591. Cái chết ấy đã châm ngòi cho Thời kỳ Loạn lạc chấn động lịch sử Nga."
yaroslavl-goritsky-monastery-pleshcheyevo,Tu viện Goritsky và hồ Pleshcheyevo (Goritsky monastyr),"Горицкий монастырь, Плещеево озеро","Goritsky Monastery & Lake Pleshcheyevo, Pereslavl-Zalessky",Tỉnh Yaroslavl,church|museum|park_garden,56.7206,38.823898,4.1,115,Tripadvisor,"Khoảng 1-1,5 giờ.","Vé vào khuôn viên khoảng 50 RUB, thêm khoảng 100 RUB cho mỗi tòa nhà/gian tham quan.","Bảo tàng thường mở khoảng 10:00-18:00; hay đóng cửa vào một ngày trong tuần và ngày cuối tháng, nên kiểm tra trước.",Ngày nắng đẹp mùa hè để ngắm hồ Pleshcheyevo từ trên đồi.,"https://yandex.com/maps/?pt=38.823898,56.7206&z=17&l=map","https://www.google.com/maps/search/?api=1&query=56.7206,38.823898",,enriched,"Tu viện Goritsky tọa lạc trên ngọn đồi nhìn xuống hồ Pleshcheyevo, nay là Bảo tàng - Khu bảo tồn Pereslavl-Zalessky. Từ tháp chuông, du khách phóng tầm mắt ra mặt hồ nơi Pyotr Đại đế từng đóng đội 'thuyền đồ chơi' khai sinh hải quân Nga."
yaroslavl-karabikha-nekrasov-estate,Điền trang - Bảo tàng Nekrasov ở Karabikha (Karabikha),Музей-усадьба Н. А. Некрасова «Карабиха»,"Nekrasov Estate-Museum, Karabikha",Tỉnh Yaroslavl,museum|palace|park_garden,57.509191,39.756856,4.6,63,Tripadvisor,"Khoảng 1,5-2 giờ.",Dạo công viên gần như miễn phí hoặc phí thấp; vé tham quan nhà và các gian trưng bày khoảng vài trăm RUB.,"Công viên mở cửa rộng rãi trong ngày; nhà bảo tàng và các gian trưng bày thường mở khoảng 10:00-17:00, nghỉ một ngày đầu tuần - nên kiểm tra lịch trước.",Mùa hè và đặc biệt mùa thu lá vàng; đầu tháng 7 nếu muốn dự Ngày hội Thơ Nekrasov.,"https://yandex.com/maps/?pt=39.756856,57.509191&z=17&l=map","https://www.google.com/maps/search/?api=1&query=57.509191,39.756856",https://www.muskar.ru,enriched,"Karabikha là điền trang quý tộc thế kỷ 18 mà đại thi hào Nga Nikolai Nekrasov mua lại và về nghỉ hè, sáng tác nhiều tác phẩm quan trọng. Nay nơi đây là bảo tàng tưởng niệm với ngôi nhà chính, công viên và những ao hồ thơ mộng."
yaroslavl-myshkin,Myshkin - thị trấn Chuột (Myshkin),Мышкин,"Myshkin, the Town of the Mouse",Tỉnh Yaroslavl,museum|square_street|other,57.782776,38.449444,4.2,330,Tripadvisor,Khoảng 2-3 giờ (nửa ngày).,Vé mỗi bảo tàng nhỏ thường khoảng 100-300 RUB; có thể mua vé combo tham quan nhiều điểm.,Phần lớn bảo tàng mở khoảng 10:00-17:00 hằng ngày; giờ có thể thay đổi theo mùa và theo lịch tàu du lịch.,"Mùa hè, khi có nhiều du thuyền cập bến và thời tiết thuận lợi dạo bộ.","https://yandex.com/maps/?pt=38.449444,57.782776&z=17&l=map","https://www.google.com/maps/search/?api=1&query=57.782776,38.449444",,enriched,"Myshkin là thị trấn nhỏ xíu bên sông Volga đã biến cái tên 'chuột' của mình thành cả một thương hiệu du lịch độc đáo. Nơi đây có Bảo tàng Chuột, Cung điện Chuột cùng hàng loạt bảo tàng dân gian nhỏ đáng yêu."
yaroslavl-tutaev,Tutaev (Romanov-Borisoglebsk),Тутаев (Романов-Борисоглебск),Tutaev (Romanov-Borisoglebsk),Tỉnh Yaroslavl,church|square_street|other,57.883335,39.549999,4.9,98,Tripadvisor,Khoảng 2-3 giờ cho cả hai bờ thị trấn.,Vào nhà thờ miễn phí hoặc tùy tâm công đức.,"Nhà thờ chính tòa Phục Sinh mở cửa gần như hằng ngày, thường khoảng 8:00/9:00-18:00; lưu ý lịch cử hành nghi lễ.","Mùa hè, khi có thể đi phà qua lại và ngắm cảnh sông Volga.","https://yandex.com/maps/?pt=39.549999,57.883335&z=17&l=map","https://www.google.com/maps/search/?api=1&query=57.883335,39.549999",,enriched,"Tutaev là thị trấn nên thơ nằm vắt ngang hai bờ sông Volga, không có cầu nối mà chỉ có phà. Bờ Borisoglebsk tự hào với Nhà thờ chính tòa Phục Sinh thế kỷ 17 và bức icon Đấng Cứu Thế khổng lồ cao ba mét."
yaroslavl-church-of-st-john-the-baptist-tolchkovo,Nhà thờ Thánh Gioan Tẩy Giả ở Tolchkovo (Tserkov Ioanna Predtechi),Церковь Иоанна Предтечи в Толчкове,Church of St John the Baptist at Tolchkovo,Tỉnh Yaroslavl,church|museum,57.610821,39.857018,4.8,386,Tripadvisor,Khoảng 30-45 phút.,Vé vào cửa thường khoảng 100 RUB (chi nhánh của Bảo tàng - Khu bảo tồn Yaroslavl).,Mở cửa theo mùa ấm (thường từ khoảng tháng 5 đến tháng 9/10); đóng cửa vào mùa lạnh và những ngày ẩm ướt để bảo vệ bích họa.,Ngày khô ráo mùa hè để nhà thờ chắc chắn mở cửa và có ánh sáng đẹp.,"https://yandex.com/maps/?pt=39.857018,57.610821&z=17&l=map","https://www.google.com/maps/search/?api=1&query=57.610821,39.857018",http://www.yarmp.yar.ru,enriched,Nhà thờ Thánh Gioan Tẩy Giả ở Tolchkovo là đỉnh cao của kiến trúc gạch Yaroslavl với 15 mái vòm độc nhất vô nhị. Chính công trình này được in trên tờ tiền 1000 rúp của Nga.
zabaykalsky-vd-alkhanay-national-park,Vườn quốc gia Alkhanay (Al-kha-nai),Национальный парк «Алханай»,Alkhanay National Park,Vùng Zabaykalsky,park_garden,50.9109,113.2322,4.6,30,2GIS,1–2 ngày nếu muốn leo lên đỉnh và thăm hết các thánh tích,"Có thu phí vào vườn quốc gia và phí dịch vụ trại nghỉ; mức phí thấp, nên hỏi tại ban quản lý","Khu du lịch mở quanh năm; mùa tham quan chính từ tháng 6 đến tháng 9, cần đăng ký khi vào vùng lõi vườn quốc gia","Mùa hè (tháng 6–8), đặc biệt các dịp lễ hành hương của Phật tử Buryat","https://yandex.com/maps/?pt=113.2322,50.9109&z=17&l=map","https://www.google.com/maps/search/?api=1&query=50.9109,113.2322",https://alkhana.ru,enriched,"Alkhanay là ngọn núi thiêng của Phật giáo Buryat, đồng thời là vườn quốc gia rộng lớn với đỉnh cao 1.662 m, rừng taiga, thác nước và suối khoáng chữa bệnh. Đây vừa là điểm hành hương, vừa là thiên đường trekking và du lịch dưỡng sinh của vùng Ngoại Baikal."
zabaykalsky-vd-charskiye-peski,Cồn cát Chara (Trác-xki-ê Pex-ki),Чарские пески,Charskiye Peski (Chara Sands),Vùng Zabaykalsky,park_garden,56.793,118.062,4.7,28,Yandex,"Nên dành trọn 1 ngày cho cồn cát, cộng thời gian đi lại 1–2 ngày","Không thu phí tham quan; chi phí chủ yếu là tàu xe, dẫn đường và trang bị dã ngoại",Khu tự nhiên mở tự do; chỉ tiếp cận được vào mùa ấm hoặc khi sông đóng băng có thể qua,Tháng 7–9 để đi bộ vượt sông thuận lợi; đầu mùa đông khi sông đã đóng băng cũng có thể qua,"https://yandex.com/maps/?pt=118.062,56.793&z=17&l=map","https://www.google.com/maps/search/?api=1&query=56.793,118.062",,enriched,Chara là một sa mạc cát thực thụ nằm lọt thỏm giữa rừng taiga và dãy núi tuyết Kodar ở cực bắc Ngoại Baikal - nơi những đụn cát cao tới 80 m mọc ngay cạnh sông băng và băng vĩnh cửu. Sự tương phản kỳ lạ này biến nơi đây thành một trong những kỳ quan thiên nhiên độc đáo nhất nước Nga.
zabaykalsky-vd-aginsky-datsan,Chùa Aginsky Datsan (A-ghin-xki Đa-txan),Агинский дацан,Aginsky Datsan,Vùng Zabaykalsky,church,51.083,114.4852,5.0,126,Yandex,Khoảng 1–2 giờ,"Vào cửa tự do, tùy tâm công đức; một số chương trình tham quan có hướng dẫn có thể thu phí nhỏ","Mở cửa hằng ngày, thường 9:00–18:00; các buổi tụng kinh (khural) diễn ra buổi sáng",Mùa hè dễ chịu; đặc biệt dịp Tết Sagaalgan (tháng 2) hoặc các lễ hội Phật giáo lớn,"https://yandex.com/maps/?pt=114.4852,51.083&z=17&l=map","https://www.google.com/maps/search/?api=1&query=51.083,114.4852",https://aginskydatsan.ru,enriched,"Aginsky Datsan là một trong những tu viện Phật giáo lớn và uyên bác nhất nước Nga, được lập từ năm 1811 giữa thảo nguyên Buryat. Nổi tiếng với học viện Phật giáo và nhà in kinh văn, quần thể chùa tháp rực rỡ này là trái tim tâm linh của Khu tự trị Buryat Aginsky."
zabaykalsky-vd-tsugolsky-datsan,Chùa Tsugol Datsan (Txu-gôn-xki Đa-txan),Цугольский дацан,Tsugolsky Datsan,Vùng Zabaykalsky,church,51.0457,115.627,5.0,96,2GIS,Khoảng 1 giờ,"Vào cửa tự do, tùy tâm công đức",Mở cửa hằng ngày ban ngày; buổi lễ tụng kinh thường vào buổi sáng,Cuối xuân đến đầu thu; đẹp nhất vào các dịp lễ Phật giáo,"https://yandex.com/maps/?pt=115.627,51.0457&z=17&l=map","https://www.google.com/maps/search/?api=1&query=51.0457,115.627",,enriched,"Tsugol Datsan là tu viện Phật giáo lâu đời nhất tỉnh Ngoại Baikal, lập năm 1801, nổi bật với chính điện bằng đá trang trí men majolica độc đáo. Đây là cái nôi của triết học Phật giáo và y học Tạng trên đất Buryat."
zabaykalsky-vd-kazan-cathedral-chita,"Nhà thờ chính tòa Kazan, Chita (Ka-dan-xki Xa-bo)",Казанский кафедральный собор,Kazan Cathedral (Chita),Vùng Zabaykalsky,church,52.0301,113.4968,4.7,450,2GIS,Khoảng 30–45 phút,Miễn phí vào tham quan và cầu nguyện,"Mở cửa hằng ngày, thường từ sáng sớm đến tối theo giờ lễ; các buổi lễ chính vào sáng và chiều",Quanh năm; đẹp nhất vào buổi tối khi thắp đèn hoặc các đại lễ Chính Thống giáo,"https://yandex.com/maps/?pt=113.4968,52.0301&z=17&l=map","https://www.google.com/maps/search/?api=1&query=52.0301,113.4968",https://kazan-sobor.cerkov.ru,enriched,"Nhà thờ chính tòa Kazan là ngôi thánh đường Chính Thống giáo lớn nhất Chita, khoác màu xanh da trời với năm vòm dát vàng rực rỡ. Dù mới xây dựng đầu thế kỷ 21, công trình đã trở thành biểu tượng và điểm nhấn kiến trúc của thủ phủ Ngoại Baikal."
zabaykalsky-vd-decembrist-church-chita,"Nhà thờ & Bảo tàng Tháng Chạp, Chita (Txer-kốp Đê-ka-bri-xtốp)",Церковь декабристов (Михайло-Архангельская церковь),Church of the Decembrists (Decembrist Museum),Vùng Zabaykalsky,museum|church,52.0215,113.5129,,,,Khoảng 45–60 phút,Vé vào bảo tàng giá thấp; có thể phụ thu phí chụp ảnh hoặc thuyết minh,"Mở cửa theo giờ bảo tàng, thường 10:00–18:00; nghỉ một ngày đầu tuần (nên kiểm tra trước)",Quanh năm; kết hợp tham quan trung tâm lịch sử Chita,"https://yandex.com/maps/?pt=113.5129,52.0215&z=17&l=map","https://www.google.com/maps/search/?api=1&query=52.0215,113.5129",,enriched,"Đây là ngôi nhà thờ gỗ Mikhailo-Arkhangelsk dựng từ năm 1776, một trong những công trình cổ nhất Chita, nay là Bảo tàng những người Tháng Chạp. Nơi đây lưu giữ ký ức cảm động về các nhà cách mạng quý tộc bị lưu đày và những người vợ trung trinh theo chồng lên Siberia."
zabaykalsky-vd-butin-palace-nerchinsk,"Cung điện Butin, Nerchinsk (Bu-tin-xki Đvo-rêts)",Бутинский дворец,Butin Palace (Nerchinsk),Vùng Zabaykalsky,palace|museum,51.9784,116.5831,5.0,52,2GIS,"Khoảng 1–1,5 giờ",Vé vào bảo tàng giá phải chăng; tour có hướng dẫn hoặc dạ vũ tái hiện thu phí riêng,"Mở cửa theo giờ bảo tàng, thường 10:00–18:00; nghỉ một ngày trong tuần (nên kiểm tra trước)",Quanh năm; thú vị nhất vào các dịp tổ chức dạ vũ và sự kiện văn hóa,"https://yandex.com/maps/?pt=116.5831,51.9784&z=17&l=map","https://www.google.com/maps/search/?api=1&query=51.9784,116.5831",http://nerchmuz.ru,enriched,"Cung điện Butin là dinh thự tráng lệ theo phong cách Moorish - Gothic của ông trùm khai mỏ vàng Mikhail Butin, được mệnh danh là 'Versailles của Nerchinsk'. Nơi đây lừng danh với những tấm gương Venice khổng lồ mua từ Hội chợ Thế giới Paris 1878, nay là bảo tàng địa phương."
zabaykalsky-vd-titovskaya-sopka,"Đồi núi lửa Titovskaya, Chita (Ti-tốp-xkai-a Xốp-ka)",Титовская сопка,Titovskaya Sopka,Vùng Zabaykalsky,park_garden,51.9972,113.4583,4.9,24,2GIS,Khoảng 1–2 giờ,Miễn phí,"Ngoài trời, tham quan tự do; nên đi ban ngày để ngắm cảnh và an toàn",Cuối xuân đến đầu thu; đẹp nhất vào lúc hoàng hôn,"https://yandex.com/maps/?pt=113.4583,51.9972&z=17&l=map","https://www.google.com/maps/search/?api=1&query=51.9972,113.4583",,enriched,"Titovskaya Sopka là một núi lửa cổ đã tắt sừng sững ở rìa tây nam Chita, vừa là đài quan sát toàn cảnh thành phố, vừa là di tích thiên nhiên - khảo cổ quý giá. Trên đỉnh đồi có nhà nguyện Thánh Alexander Nevsky, nơi thu hút du khách tới ngắm cảnh và tìm hiểu lịch sử."
zabaykalsky-vd-lake-arey,Hồ Arey (A-rêi),Озеро Арей,Lake Arey,Vùng Zabaykalsky,park_garden,50.967,112.434,,,,"Nên dành 1–2 ngày, lý tưởng là ở lại qua đêm","Tiếp cận hồ miễn phí; trả phí cho lưu trú, cắm trại và các dịch vụ trị liệu",Khu vực hồ mở tự do quanh năm; mùa nghỉ dưỡng chính là mùa hè,"Tháng 7–8 để tắm hồ, đắp bùn và tận hưởng thời tiết ấm","https://yandex.com/maps/?pt=112.434,50.967&z=17&l=map","https://www.google.com/maps/search/?api=1&query=50.967,112.434",,enriched,"Hồ Arey là hồ nước ngọt trên núi cao gần 1.000 m, nổi tiếng khắp Ngoại Baikal nhờ nước và bùn khoáng được tin là có công năng chữa bệnh. Được xếp hạng di tích thiên nhiên, đây là điểm nghỉ dưỡng - trị liệu và tắm hồ được yêu thích của vùng."
zabaykalsky-vd-sokhondinsky-reserve,Khu bảo tồn thiên nhiên Sokhondinsky (Xa-khôn-đin-xki),Сохондинский заповедник,Sokhondinsky Nature Reserve,Vùng Zabaykalsky,park_garden,49.7194,110.9994,,,,Từ 1 ngày đến vài ngày tùy tuyến trekking,Có thu phí tham quan và phí dịch vụ theo tuyến; cần đăng ký trước,Vào khu bảo tồn phải xin phép trước tại ban quản lý ở làng Kyra; chỉ đi theo tuyến sinh thái được chỉ định,Mùa hè (tháng 6–9) khi thời tiết thuận lợi cho đi bộ đường dài,"https://yandex.com/maps/?pt=110.9994,49.7194&z=17&l=map","https://www.google.com/maps/search/?api=1&query=49.7194,110.9994",https://sokhondo.ru,enriched,"Sokhondinsky là khu dự trữ sinh quyển rộng lớn ở phía nam Ngoại Baikal, ôm trọn khối núi trọc Sokhondo cao khoảng 2.500 m - đỉnh cao nhất của cao nguyên Khentey-Daur. Đây là thiên đường hoang dã của hươu xạ, chồn nâu, gấu và hàng chục loài thú giữa rừng taiga nguyên sinh."
