{
  "type": "FeatureCollection",
  "features": [
    {
      "type": "Feature",
      "geometry": {
        "type": "Point",
        "coordinates": [
          40.0,
          44.0833
        ]
      },
      "properties": {
        "id": "adygea-lago-naki-plateau",
        "name_vi": "Cao nguyên Lago-Naki (La-gô Na-ki)",
        "name_ru": "плато Лаго-Наки",
        "name_en": "Lago-Naki Plateau",
        "region": "Cộng hoà Adygea",
        "categories": [
          "park_garden"
        ],
        "rating": null,
        "reviews": null,
        "short": "Cao nguyên Lago-Naki là một trong những biểu tượng thiên nhiên nổi tiếng nhất của Cộng hòa Adygea, trải rộng ở độ cao khoảng 2.000 mét giữa vùng Tây Kavkaz. Nơi đây quyến rũ du khách bằng những đồng cỏ núi cao ngập hoa vào mùa hè và khung cảnh tuyết trắng huyền ảo vào mùa đông.",
        "yandex": "https://yandex.com/maps/?pt=40.0,44.0833&z=17&l=map",
        "google": "https://www.google.com/maps/search/?api=1&query=44.0833,40.0",
        "photo": "https://commons.wikimedia.org/wiki/Special:FilePath/Lagonaki%20plateau.jpg",
        "status": "enriched"
      }
    },
    {
      "type": "Feature",
      "geometry": {
        "type": "Point",
        "coordinates": [
          39.928889,
          44.236944
        ]
      },
      "properties": {
        "id": "adygea-guam-gorge",
        "name_vi": "Hẻm núi Guam (Gu-am)",
        "name_ru": "Гуамское ущелье",
        "name_en": "Guam Gorge",
        "region": "Cộng hoà Adygea",
        "categories": [
          "park_garden"
        ],
        "rating": null,
        "reviews": null,
        "short": "Hẻm núi Guam là một hẻm vực ngoạn mục do sông Kurdzhips bào mòn qua hàng triệu năm, nổi tiếng với tuyến đường sắt khổ hẹp chạy men theo vách đá dựng đứng. Đây là một trong những điểm đến được yêu thích nhất ở vùng chân núi Kavkaz, ngay sát ranh giới Adygea.",
        "yandex": "https://yandex.com/maps/?pt=39.928889,44.236944&z=17&l=map",
        "google": "https://www.google.com/maps/search/?api=1&query=44.236944,39.928889",
        "photo": "https://commons.wikimedia.org/wiki/Special:FilePath/Guam%20Gorge%20-%20panoramio.jpg",
        "status": "enriched"
      }
    },
    {
      "type": "Feature",
      "geometry": {
        "type": "Point",
        "coordinates": [
          40.18793,
          44.270026
        ]
      },
      "properties": {
        "id": "adygea-rufabgo-waterfalls",
        "name_vi": "Thác Rufabgo (Ru-phắp-gô)",
        "name_ru": "водопады Руфабго",
        "name_en": "Rufabgo Waterfalls",
        "region": "Cộng hoà Adygea",
        "categories": [
          "park_garden"
        ],
        "rating": null,
        "reviews": null,
        "short": "Thác Rufabgo là chuỗi hơn chục thác nước lớn nhỏ nối tiếp nhau dọc theo dòng suối cùng tên, ẩn mình giữa cánh rừng rậm và những vách đá phủ rêu. Đây là một trong những điểm dạo bộ thiên nhiên được yêu thích nhất của Adygea.",
        "yandex": "https://yandex.com/maps/?pt=40.18793,44.270026&z=17&l=map",
        "google": "https://www.google.com/maps/search/?api=1&query=44.270026,40.18793",
        "photo": "https://commons.wikimedia.org/wiki/Special:FilePath/7.%20%D0%92%D0%BE%D0%B4%D0%BE%D0%BF%D0%B0%D0%B4%20%D0%A7%D0%B0%D1%88%D0%B0%20%D0%BB%D1%8E%D0%B1%D0%B2%D0%B8.JPG",
        "status": "enriched"
      }
    },
    {
      "type": "Feature",
      "geometry": {
        "type": "Point",
        "coordinates": [
          40.174389,
          44.287661
        ]
      },
      "properties": {
        "id": "adygea-khadzhokh-gorge",
        "name_vi": "Hẻm vực Khadzhokh (Kha-giốc)",
        "name_ru": "Хаджохская теснина",
        "name_en": "Khadzhokh Gorge",
        "region": "Cộng hoà Adygea",
        "categories": [
          "park_garden"
        ],
        "rating": null,
        "reviews": null,
        "short": "Hẻm vực Khadzhokh là một khe núi hẹp và sâu, nơi dòng sông Belaya cuộn chảy dữ dội giữa hai vách đá vôi dựng đứng. Dài khoảng 400 mét và sâu tới 35 mét, đây là một trong những kỳ quan địa chất ấn tượng nhất của Adygea.",
        "yandex": "https://yandex.com/maps/?pt=40.174389,44.287661&z=17&l=map",
        "google": "https://www.google.com/maps/search/?api=1&query=44.287661,40.174389",
        "photo": "https://commons.wikimedia.org/wiki/Special:FilePath/%D0%A5%D0%B0%D0%B4%D0%B6%D0%BE%D1%85%D1%81%D0%BA%D0%B0%D1%8F%20%D1%82%D0%B5%D1%81%D0%BD%D0%B8%D0%BD%D0%B0.JPG",
        "status": "enriched"
      }
    },
    {
      "type": "Feature",
      "geometry": {
        "type": "Point",
        "coordinates": [
          40.02884,
          44.121432
        ]
      },
      "properties": {
        "id": "adygea-bolshaya-azishskaya-cave",
        "name_vi": "Hang động Bolshaya Azishskaya (Hang Azish Lớn)",
        "name_ru": "Большая Азишская пещера",
        "name_en": "Bolshaya Azishskaya Cave (Big Azish Cave)",
        "region": "Cộng hoà Adygea",
        "categories": [
          "other"
        ],
        "rating": null,
        "reviews": null,
        "short": "Hang Azish Lớn (Bolshaya Azishskaya) là một trong những hang động karst đẹp và nổi tiếng nhất vùng Tây Kavkaz, nằm trên cao nguyên Lago-Naki. Hang gây ấn tượng với những khối thạch nhũ, măng đá kỳ vĩ và một dòng suối ngầm chảy trong lòng đất.",
        "yandex": "https://yandex.com/maps/?pt=40.02884,44.121432&z=17&l=map",
        "google": "https://www.google.com/maps/search/?api=1&query=44.121432,40.02884",
        "photo": null,
        "status": "enriched"
      }
    },
    {
      "type": "Feature",
      "geometry": {
        "type": "Point",
        "coordinates": [
          40.318092,
          44.290744
        ]
      },
      "properties": {
        "id": "adygea-svyato-mikhailovsky-monastery-adygea",
        "name_vi": "Tu viện Thánh Mikhail (Svyato-Mikhailovsky)",
        "name_ru": "Свято-Михайловский монастырь",
        "name_en": "Svyato-Mikhailovsky Monastery (St. Michael's Athos Monastery)",
        "region": "Cộng hoà Adygea",
        "categories": [
          "church"
        ],
        "rating": null,
        "reviews": null,
        "short": "Tu viện Thánh Mikhail (Svyato-Mikhailovsky) là tu viện Chính thống giáo lớn và nổi tiếng nhất vùng Bắc Kavkaz, tọa lạc dưới chân núi Fiziabgo. Được các tu sĩ từ núi thánh Athos lập nên năm 1877, nơi đây thu hút cả khách hành hương lẫn du khách yêu lịch sử.",
        "yandex": "https://yandex.com/maps/?pt=40.318092,44.290744&z=17&l=map",
        "google": "https://www.google.com/maps/search/?api=1&query=44.290744,40.318092",
        "photo": "https://commons.wikimedia.org/wiki/Special:FilePath/%D0%A1%D0%B2%D1%8F%D1%82%D0%BE-%D0%9C%D0%B8%D1%85%D0%B0%D0%B9%D0%BB%D0%BE%D0%B2%D1%81%D0%BA%D0%B8%D0%B9%20%D0%BC%D0%BE%D0%BD%D0%B0%D1%81%D1%82%D1%8B%D1%80%D1%8C%2C%20%D0%BA%D0%BE%D0%BB%D0%BE%D0%BA%D0%BE%D0%BB%D1%8C%D0%BD%D1%8F.jpg",
        "status": "enriched"
      }
    },
    {
      "type": "Feature",
      "geometry": {
        "type": "Point",
        "coordinates": [
          39.966667,
          44.2
        ]
      },
      "properties": {
        "id": "adygea-mezmay",
        "name_vi": "Làng Mezmay (Mét-dơ-mai)",
        "name_ru": "Мезмай",
        "name_en": "Mezmay",
        "region": "Cộng hoà Adygea",
        "categories": [
          "other"
        ],
        "rating": null,
        "reviews": null,
        "short": "Mezmay là một ngôi làng miền núi nhỏ nằm giữa vùng thiên nhiên hoang sơ của dãy Kavkaz, được ví như 'ốc đảo' của giới yêu trekking và nghệ sĩ. Đây là điểm xuất phát lý tưởng để khám phá hẻm núi Guam, thác nước và các vách đá nổi tiếng quanh vùng.",
        "yandex": "https://yandex.com/maps/?pt=39.966667,44.2&z=17&l=map",
        "google": "https://www.google.com/maps/search/?api=1&query=44.2,39.966667",
        "photo": "https://commons.wikimedia.org/wiki/Special:FilePath/%D0%92%D0%B8%D0%B4%20%D0%BD%D0%B0%20%D0%BF%D0%BE%D1%81%D1%91%D0%BB%D0%BE%D0%BA%20%D0%9C%D0%B5%D0%B7%D0%BC%D0%B0%D0%B9.jpg",
        "status": "enriched"
      }
    },
    {
      "type": "Feature",
      "geometry": {
        "type": "Point",
        "coordinates": [
          40.106111,
          44.609722
        ]
      },
      "properties": {
        "id": "adygea-maykop-city",
        "name_vi": "Thành phố Maykop (Mai-kốp)",
        "name_ru": "Майкоп",
        "name_en": "Maykop",
        "region": "Cộng hoà Adygea",
        "categories": [
          "other"
        ],
        "rating": null,
        "reviews": null,
        "short": "Maykop là thủ phủ của Cộng hòa Adygea, một thành phố xanh mát và yên bình bên dòng sông Belaya dưới chân dãy Kavkaz. Thành phố nổi tiếng với sự giao thoa văn hóa Nga – Adyghe, những công viên rợp bóng cây và nhà thờ Hồi giáo lớn đầy màu sắc.",
        "yandex": "https://yandex.com/maps/?pt=40.106111,44.609722&z=17&l=map",
        "google": "https://www.google.com/maps/search/?api=1&query=44.609722,40.106111",
        "photo": "https://commons.wikimedia.org/wiki/Special:FilePath/%D0%9C%D0%B0%D0%B9%D0%BA%D0%BE%D0%BF%D1%81%D0%BA%D0%B0%D1%8F%20%D0%BC%D0%B5%D1%87%D0%B5%D1%82%D1%8C.JPG",
        "status": "enriched"
      }
    },
    {
      "type": "Feature",
      "geometry": {
        "type": "Point",
        "coordinates": [
          84.9833,
          51.9833
        ]
      },
      "properties": {
        "id": "altai-krai-belokurikha-resort",
        "name_vi": "Khu nghỉ dưỡng suối khoáng Belokurikha (Bêlôkurikha)",
        "name_ru": "Белокуриха",
        "name_en": "Belokurikha Resort",
        "region": "Vùng Altai",
        "categories": [
          "park_garden",
          "other"
        ],
        "rating": 4.7,
        "reviews": 272,
        "short": "Belokurikha là khu nghỉ dưỡng suối khoáng nổi tiếng nhất Siberia, nằm dưới chân núi Tserkovka ở vùng Altai. Nơi đây được ví như 'Thụy Sĩ của nước Nga' nhờ khí hậu ôn hòa, hơn 260 ngày nắng mỗi năm và nguồn nước khoáng radon quý hiếm.",
        "yandex": "https://yandex.com/maps/?pt=84.9833,51.9833&z=17&l=map",
        "google": "https://www.google.com/maps/search/?api=1&query=51.9833,84.9833",
        "photo": "https://commons.wikimedia.org/wiki/Special:FilePath/The%20Resort%20Of%20Belokurikha.%20Early%20autumn%20in%20the%20vicinity%20of%20the%20resort%20area.jpg",
        "status": "enriched"
      }
    },
    {
      "type": "Feature",
      "geometry": {
        "type": "Point",
        "coordinates": [
          83.784157,
          53.32872
        ]
      },
      "properties": {
        "id": "altai-krai-barnaul-historic-center",
        "name_vi": "Trung tâm lịch sử Barnaul (Barnaul)",
        "name_ru": "Барнаул (исторический центр)",
        "name_en": "Barnaul Historic Center",
        "region": "Vùng Altai",
        "categories": [
          "square_street",
          "monument"
        ],
        "rating": null,
        "reviews": null,
        "short": "Trung tâm lịch sử Barnaul, với Quảng trường Demidov và đại lộ Lenin, là trái tim cổ kính của thủ phủ vùng Altai. Quần thể kiến trúc tân cổ điển thế kỷ 19 nơi đây từng được ví như 'một góc Sankt-Peterburg' giữa lòng Siberia.",
        "yandex": "https://yandex.com/maps/?pt=83.784157,53.32872&z=17&l=map",
        "google": "https://www.google.com/maps/search/?api=1&query=53.32872,83.784157",
        "photo": "https://commons.wikimedia.org/wiki/Special:FilePath/Barnaul-street-siberia-russia-may-2013.jpg",
        "status": "enriched"
      }
    },
    {
      "type": "Feature",
      "geometry": {
        "type": "Point",
        "coordinates": [
          84.676544,
          51.397329
        ]
      },
      "properties": {
        "id": "altai-krai-denisova-cave",
        "name_vi": "Hang Denisova (Denisova)",
        "name_ru": "Денисова пещера",
        "name_en": "Denisova Cave",
        "region": "Vùng Altai",
        "categories": [
          "other"
        ],
        "rating": 4.5,
        "reviews": 79,
        "short": "Hang Denisova ở thung lũng sông Anuy là một trong những di chỉ khảo cổ quan trọng nhất thế giới. Chính tại đây, các nhà khoa học đã phát hiện 'người Denisova' - một nhánh người cổ hoàn toàn mới trong lịch sử tiến hóa loài người.",
        "yandex": "https://yandex.com/maps/?pt=84.676544,51.397329&z=17&l=map",
        "google": "https://www.google.com/maps/search/?api=1&query=51.397329,84.676544",
        "photo": "https://commons.wikimedia.org/wiki/Special:FilePath/%D0%98%D0%B7%D0%B2%D0%B5%D1%81%D1%82%D0%BD%D0%B0%D1%8F%20%D0%BD%D0%B0%20%D0%B2%D0%B5%D1%81%D1%8C%20%D0%9C%D0%B8%D1%80%20%D0%94%D0%B5%D0%BD%D0%B8%D1%81%D0%BE%D0%B2%D0%B0%20%D0%BF%D0%B5%D1%89%D0%B5%D1%80%D0%B0.%2001.jpg",
        "status": "enriched"
      }
    },
    {
      "type": "Feature",
      "geometry": {
        "type": "Point",
        "coordinates": [
          85.70164,
          52.415629
        ]
      },
      "properties": {
        "id": "altai-krai-srostki-shukshin-museum",
        "name_vi": "Bảo tàng - Khu bảo tồn Shukshin ở làng Srostki (Srostki, Shukshin)",
        "name_ru": "Всероссийский музей-заповедник В. М. Шукшина (Сростки)",
        "name_en": "Shukshin Museum-Reserve, Srostki",
        "region": "Vùng Altai",
        "categories": [
          "museum",
          "monument"
        ],
        "rating": 4.9,
        "reviews": 296,
        "short": "Làng Srostki là quê hương của Vasily Shukshin - nhà văn, đạo diễn và diễn viên huyền thoại của nước Nga. Bảo tàng - khu bảo tồn mang tên ông tái hiện sống động cuộc đời và di sản của người nghệ sĩ tài hoa này.",
        "yandex": "https://yandex.com/maps/?pt=85.70164,52.415629&z=17&l=map",
        "google": "https://www.google.com/maps/search/?api=1&query=52.415629,85.70164",
        "photo": "https://commons.wikimedia.org/wiki/Special:FilePath/%D0%A1%D1%80%D0%BE%D1%81%D1%82%D0%BA%D0%B8%2C%20%D0%9F%D0%B0%D0%BC%D1%8F%D1%82%D0%BD%D0%B8%D0%BA%20%D0%92%20%D0%9C%20%D0%A8%D1%83%D0%BA%D1%88%D0%B8%D0%BD%D1%83%20%D0%BD%D0%B0%20%D0%B3%D0%BE%D1%80%D0%B5%20%D0%9F%D0%B8%D0%BA%D0%B5%D1%82.jpg",
        "status": "enriched"
      }
    },
    {
      "type": "Feature",
      "geometry": {
        "type": "Point",
        "coordinates": [
          82.191667,
          51.363889
        ]
      },
      "properties": {
        "id": "altai-krai-kolyvan-lake",
        "name_vi": "Hồ Kolyvanskoye (Kolyvanskoye / Savvushka)",
        "name_ru": "Колыванское озеро",
        "name_en": "Kolyvanskoye Lake",
        "region": "Vùng Altai",
        "categories": [
          "park_garden"
        ],
        "rating": 3.6,
        "reviews": 7,
        "short": "Hồ Kolyvanskoye (hay hồ Savvushka) nổi tiếng với những khối đá granit bị phong hóa thành hình thù kỳ lạ vây quanh mặt nước trong xanh. Cảnh quan độc đáo khiến nơi đây được ví như một 'tấm gương khổng lồ' lồng trong khung đá thiên nhiên.",
        "yandex": "https://yandex.com/maps/?pt=82.191667,51.363889&z=17&l=map",
        "google": "https://www.google.com/maps/search/?api=1&query=51.363889,82.191667",
        "photo": null,
        "status": "enriched"
      }
    },
    {
      "type": "Feature",
      "geometry": {
        "type": "Point",
        "coordinates": [
          78.6125,
          52.870278
        ]
      },
      "properties": {
        "id": "altai-krai-lake-yarovoye",
        "name_vi": "Hồ nước mặn Bolshoye Yarovoye (Bolshoye Yarovoye)",
        "name_ru": "Озеро Большое Яровое",
        "name_en": "Lake Bolshoye Yarovoye",
        "region": "Vùng Altai",
        "categories": [
          "park_garden"
        ],
        "rating": 3.5,
        "reviews": 104,
        "short": "Hồ Bolshoye Yarovoye là hồ nước mặn lớn nhất vùng Altai, mặn tới mức du khách có thể nổi bồng bềnh như trên Biển Chết. Nước khoáng và bùn đen chữa bệnh biến nơi đây thành khu nghỉ dưỡng - tắm 'biển' sôi động bậc nhất Siberia.",
        "yandex": "https://yandex.com/maps/?pt=78.6125,52.870278&z=17&l=map",
        "google": "https://www.google.com/maps/search/?api=1&query=52.870278,78.6125",
        "photo": "https://commons.wikimedia.org/wiki/Special:FilePath/JarovoeCityAndJarovoeLake.jpg",
        "status": "enriched"
      }
    },
    {
      "type": "Feature",
      "geometry": {
        "type": "Point",
        "coordinates": [
          85.223027,
          52.539022
        ]
      },
      "properties": {
        "id": "altai-krai-biysk-local-lore-museum",
        "name_vi": "Bảo tàng Địa phương học Biysk mang tên V. V. Bianki (Biysk, Bianki)",
        "name_ru": "Бийский краеведческий музей имени В. В. Бианки",
        "name_en": "Biysk Museum of Local Lore named after V.V. Bianki",
        "region": "Vùng Altai",
        "categories": [
          "museum"
        ],
        "rating": 4.8,
        "reviews": 377,
        "short": "Bảo tàng Địa phương học Biysk mang tên nhà tự nhiên học V. V. Bianki là bảo tàng lâu đời và phong phú bậc nhất vùng Altai. Nơi đây kể trọn câu chuyện về thiên nhiên, lịch sử và con đường huyền thoại Chuysky Trakt.",
        "yandex": "https://yandex.com/maps/?pt=85.223027,52.539022&z=17&l=map",
        "google": "https://www.google.com/maps/search/?api=1&query=52.539022,85.223027",
        "photo": null,
        "status": "enriched"
      }
    },
    {
      "type": "Feature",
      "geometry": {
        "type": "Point",
        "coordinates": [
          87.71472,
          51.52917
        ]
      },
      "properties": {
        "id": "altai-republic-lake-teletskoye",
        "name_vi": "Hồ Teletskoye",
        "name_ru": "Телецкое озеро",
        "name_en": "Lake Teletskoye",
        "region": "Cộng hoà Altai",
        "categories": [
          "park_garden"
        ],
        "rating": 4.6,
        "reviews": 130,
        "short": "Hồ Teletskoye, người Altai gọi là Altyn-Köl (Hồ Vàng), là một trong những hồ nước ngọt sâu và đẹp nhất nước Nga. Nằm giữa những dãy núi taiga rậm rạp, mặt hồ dài gần 80 km như một dải lụa xanh thẳm ôm lấy các thác nước và vịnh nhỏ hoang sơ.",
        "yandex": "https://yandex.com/maps/?pt=87.71472,51.52917&z=17&l=map",
        "google": "https://www.google.com/maps/search/?api=1&query=51.52917,87.71472",
        "photo": "https://commons.wikimedia.org/wiki/Special:FilePath/Teletskoye%20lake.%20Taiga%20massif%20on%20the%20northern%20shore.jpg",
        "status": "enriched"
      }
    },
    {
      "type": "Feature",
      "geometry": {
        "type": "Point",
        "coordinates": [
          88.2212,
          50.9088
        ]
      },
      "properties": {
        "id": "altai-republic-katu-yaryk-pass",
        "name_vi": "Đèo Katu-Yaryk",
        "name_ru": "Перевал Кату-Ярык",
        "name_en": "Katu-Yaryk Pass",
        "region": "Cộng hoà Altai",
        "categories": [
          "park_garden"
        ],
        "rating": 5.0,
        "reviews": 73,
        "short": "Đèo Katu-Yaryk là con đường đèo ngoạn mục và đầy thử thách dẫn xuống thung lũng sông Chulyshman. Chỉ dài 3,5 km nhưng đổ dốc gần 800 mét qua chín khúc cua tay áo dựng đứng, đây được xem là một trong những cung đường hiểm trở và đẹp nhất vùng Altai.",
        "yandex": "https://yandex.com/maps/?pt=88.2212,50.9088&z=17&l=map",
        "google": "https://www.google.com/maps/search/?api=1&query=50.9088,88.2212",
        "photo": "https://commons.wikimedia.org/wiki/Special:FilePath/Katu-YarykPass%20101%200305.jpg",
        "status": "enriched"
      }
    },
    {
      "type": "Feature",
      "geometry": {
        "type": "Point",
        "coordinates": [
          85.830765,
          49.999259
        ]
      },
      "properties": {
        "id": "altai-republic-multinskiye-lakes",
        "name_vi": "Cụm hồ Multinskiye",
        "name_ru": "Мультинские озёра",
        "name_en": "Multinskiye Lakes",
        "region": "Cộng hoà Altai",
        "categories": [
          "park_garden"
        ],
        "rating": 4.9,
        "reviews": 31,
        "short": "Cụm hồ Multinskiye là chuỗi hồ băng hà xanh biếc nối tiếp nhau trên thượng nguồn sông Multa, giữa dãy Katunsky hùng vĩ. Được ví như 'chuỗi ngọc của Altai', nơi đây quyến rũ dân trekking bằng làn nước trong vắt phản chiếu núi tuyết và rừng tuyết tùng cổ thụ.",
        "yandex": "https://yandex.com/maps/?pt=85.830765,49.999259&z=17&l=map",
        "google": "https://www.google.com/maps/search/?api=1&query=49.999259,85.830765",
        "photo": "https://commons.wikimedia.org/wiki/Special:FilePath/Middle%20Multinskoe%20-%20Panoramic.jpg",
        "status": "enriched"
      }
    },
    {
      "type": "Feature",
      "geometry": {
        "type": "Point",
        "coordinates": [
          86.59,
          49.8075
        ]
      },
      "properties": {
        "id": "altai-republic-mount-belukha",
        "name_vi": "Núi Belukha",
        "name_ru": "Гора Белуха",
        "name_en": "Mount Belukha",
        "region": "Cộng hoà Altai",
        "categories": [
          "park_garden"
        ],
        "rating": 4.9,
        "reviews": 52,
        "short": "Belukha là đỉnh núi cao nhất Siberia (4.509 m), sừng sững trên biên giới Nga - Kazakhstan với hai chóp tuyết song sinh. Được người Altai tôn kính như ngọn núi thiêng, Belukha là biểu tượng và giấc mơ chinh phục của giới leo núi khắp nước Nga.",
        "yandex": "https://yandex.com/maps/?pt=86.59,49.8075&z=17&l=map",
        "google": "https://www.google.com/maps/search/?api=1&query=49.8075,86.59",
        "photo": "https://commons.wikimedia.org/wiki/Special:FilePath/Belucha%20mountain.jpg",
        "status": "enriched"
      }
    },
    {
      "type": "Feature",
      "geometry": {
        "type": "Point",
        "coordinates": [
          86.000556,
          51.398606
        ]
      },
      "properties": {
        "id": "altai-republic-chemal-patmos-island",
        "name_vi": "Đảo Patmos (Chemal)",
        "name_ru": "Остров Патмос (Чемал)",
        "name_en": "Patmos Island (Chemal)",
        "region": "Cộng hoà Altai",
        "categories": [
          "church"
        ],
        "rating": 4.6,
        "reviews": 217,
        "short": "Đảo Patmos là một mỏm đá nhỏ nhô lên giữa dòng Katun cuộn xanh, trên đỉnh là ngôi nhà thờ gỗ Thánh Gioan Thần học. Nối với bờ bằng cây cầu treo lắc lư, hòn đảo tí hon này là biểu tượng tâm linh và điểm check-in nổi tiếng nhất của làng Chemal.",
        "yandex": "https://yandex.com/maps/?pt=86.000556,51.398606&z=17&l=map",
        "google": "https://www.google.com/maps/search/?api=1&query=51.398606,86.000556",
        "photo": "https://commons.wikimedia.org/wiki/Special:FilePath/Skala-of-patmos.JPG",
        "status": "enriched"
      }
    },
    {
      "type": "Feature",
      "geometry": {
        "type": "Point",
        "coordinates": [
          87.673044,
          50.290252
        ]
      },
      "properties": {
        "id": "altai-republic-blue-geyser-lake",
        "name_vi": "Hồ Geyser (Hồ Mạch Nước Xanh)",
        "name_ru": "Гейзерное озеро",
        "name_en": "Geyser Lake (Blue Geyser Lake)",
        "region": "Cộng hoà Altai",
        "categories": [
          "park_garden"
        ],
        "rating": 4.7,
        "reviews": 82,
        "short": "Hồ Geyser là một hồ nhỏ nhưng kỳ ảo gần làng Aktash, nổi tiếng với làn nước xanh lam và những vòng tròn đồng tâm đổi hình liên tục dưới đáy. Các mạch nước ngầm đẩy lớp bùn sét xanh xám lên, vẽ nên những hoa văn tự nhiên như tranh trừu tượng.",
        "yandex": "https://yandex.com/maps/?pt=87.673044,50.290252&z=17&l=map",
        "google": "https://www.google.com/maps/search/?api=1&query=50.290252,87.673044",
        "photo": null,
        "status": "enriched"
      }
    },
    {
      "type": "Feature",
      "geometry": {
        "type": "Point",
        "coordinates": [
          86.81821,
          50.40102
        ]
      },
      "properties": {
        "id": "altai-republic-kalbak-tash-petroglyphs",
        "name_vi": "Bãi đá khắc cổ Kalbak-Tash",
        "name_ru": "Калбак-Таш",
        "name_en": "Kalbak-Tash Petroglyphs",
        "region": "Cộng hoà Altai",
        "categories": [
          "monument"
        ],
        "rating": 4.8,
        "reviews": 6,
        "short": "Kalbak-Tash là một trong những quần thể tranh khắc đá (petroglyph) lớn nhất vùng Altai, với hàng nghìn hình khắc trải dài nhiều thiên niên kỷ. Trên những phiến đá bên đường Chuysky Trakt, người xưa để lại hình thú, thợ săn, chiến binh và cả chữ Turk cổ.",
        "yandex": "https://yandex.com/maps/?pt=86.81821,50.40102&z=17&l=map",
        "google": "https://www.google.com/maps/search/?api=1&query=50.40102,86.81821",
        "photo": null,
        "status": "enriched"
      }
    },
    {
      "type": "Feature",
      "geometry": {
        "type": "Point",
        "coordinates": [
          85.853738,
          51.904794
        ]
      },
      "properties": {
        "id": "altai-republic-aya-lake",
        "name_vi": "Hồ Aya",
        "name_ru": "Айское озеро (Озеро Ая)",
        "name_en": "Lake Aya",
        "region": "Cộng hoà Altai",
        "categories": [
          "park_garden"
        ],
        "rating": 4.0,
        "reviews": 81,
        "short": "Hồ Aya là một hồ nhỏ nước ấm hiếm hoi ở vùng Altai, nơi du khách có thể thoải mái bơi lội giữa mùa hè. Nằm bên tả ngạn sông Katun gần Gorno-Altaysk, hồ là khu nghỉ dưỡng và tắm mát nổi tiếng với bãi biển và 'chòi Tình Yêu' giữa hồ.",
        "yandex": "https://yandex.com/maps/?pt=85.853738,51.904794&z=17&l=map",
        "google": "https://www.google.com/maps/search/?api=1&query=51.904794,85.853738",
        "photo": null,
        "status": "enriched"
      }
    },
    {
      "type": "Feature",
      "geometry": {
        "type": "Point",
        "coordinates": [
          127.53471,
          50.257301
        ]
      },
      "properties": {
        "id": "amur-blagoveshchensk-embankment",
        "name_vi": "Bờ kè sông Amur (Naberezhnaya Blagoveshchenska)",
        "name_ru": "Набережная Благовещенска",
        "name_en": "Amur River Embankment",
        "region": "Tỉnh Amur",
        "categories": [
          "square_street",
          "park_garden"
        ],
        "rating": 4.6,
        "reviews": 240,
        "short": "Bờ kè sông Amur là biểu tượng và không gian dạo chơi được yêu thích nhất của Blagoveshchensk. Điều làm nên sự độc đáo là vị trí ngay sát biên giới: chỉ cách khoảng 750 mét qua dòng sông là thành phố Hắc Hà của Trung Quốc. Đây là một trong số ít nơi trên thế giới hai thành phố của hai quốc gia nhìn thẳng vào nhau qua một dòng sông.",
        "yandex": "https://yandex.com/maps/?pt=127.53471,50.257301&z=17&l=map",
        "google": "https://www.google.com/maps/search/?api=1&query=50.257301,127.53471",
        "photo": null,
        "status": "enriched"
      }
    },
    {
      "type": "Feature",
      "geometry": {
        "type": "Point",
        "coordinates": [
          128.334778,
          51.884553
        ]
      },
      "properties": {
        "id": "amur-vostochny-cosmodrome",
        "name_vi": "Sân bay vũ trụ Vostochny (Kosmodrom Vostochny)",
        "name_ru": "Космодром Восточный",
        "name_en": "Vostochny Cosmodrome",
        "region": "Tỉnh Amur",
        "categories": [
          "other"
        ],
        "rating": null,
        "reviews": null,
        "short": "Vostochny là sân bay vũ trụ dân sự mới nhất của nước Nga, được xây dựng để giảm phụ thuộc vào Baikonur ở Kazakhstan. Nằm giữa vùng rừng taiga Viễn Đông, tổ hợp phóng hiện đại này đã đưa vệ tinh và tàu vũ trụ lên quỹ đạo từ năm 2016. Đây là một trong những công trình hạ tầng tham vọng nhất của nước Nga đương đại.",
        "yandex": "https://yandex.com/maps/?pt=128.334778,51.884553&z=17&l=map",
        "google": "https://www.google.com/maps/search/?api=1&query=51.884553,128.334778",
        "photo": "https://commons.wikimedia.org/wiki/Special:FilePath/%D0%A1%D1%82%D0%B0%D1%80%D1%82%D0%BE%D0%B2%D1%8B%D0%B9%20%D0%BA%D0%BE%D0%BC%D0%BF%D0%BB%D0%B5%D0%BA%D1%81%20%D0%BA%D0%BE%D1%81%D0%BC%D0%BE%D0%B4%D1%80%D0%BE%D0%BC%D0%B0%20%D0%92%D0%BE%D1%81%D1%82%D0%BE%D1%87%D0%BD%D1%8B%D0%B9%20%D0%BF%D0%B5%D1%80%D0%B5%D0%B4%20%D0%BF%D0%B5%D1%80%D0%B2%D1%8B%D0%BC%20%D0%BF%D1%83%D1%81%D0%BA%D0%BE%D0%BC.jpg",
        "status": "enriched"
      }
    },
    {
      "type": "Feature",
      "geometry": {
        "type": "Point",
        "coordinates": [
          127.52156,
          50.256763
        ]
      },
      "properties": {
        "id": "amur-triumphal-arch-blagoveshchensk",
        "name_vi": "Khải Hoàn Môn Blagoveshchensk (Triumfalnaya Arka)",
        "name_ru": "Триумфальная арка (Благовещенск)",
        "name_en": "Triumphal Arch (Blagoveshchensk)",
        "region": "Tỉnh Amur",
        "categories": [
          "monument"
        ],
        "rating": 4.8,
        "reviews": 78,
        "short": "Khải Hoàn Môn là một trong những biểu tượng kiến trúc đẹp nhất của Blagoveshchensk, đứng uy nghi ngay trên bờ kè sông Amur. Công trình nguyên bản được dựng năm 1891 để chào đón Hoàng thái tử Nikolai – vị Sa hoàng tương lai Nikolai II. Sau khi bị phá hủy dưới thời Xô Viết, cổng chào được phục dựng vào các năm 2003–2005.",
        "yandex": "https://yandex.com/maps/?pt=127.52156,50.256763&z=17&l=map",
        "google": "https://www.google.com/maps/search/?api=1&query=50.256763,127.52156",
        "photo": "https://commons.wikimedia.org/wiki/Special:FilePath/Blagoveshchensk-Csesarevich-Nicholas-Triumphal-Arch.jpg",
        "status": "enriched"
      }
    },
    {
      "type": "Feature",
      "geometry": {
        "type": "Point",
        "coordinates": [
          130.830846,
          49.106762
        ]
      },
      "properties": {
        "id": "amur-kundur-dinosaur-site",
        "name_vi": "Địa điểm hóa thạch khủng long Kundur (Kundurskoye mestonakhozhdeniye dinozavrov)",
        "name_ru": "Кундурское местонахождение динозавров",
        "name_en": "Kundur dinosaur locality",
        "region": "Tỉnh Amur",
        "categories": [
          "park_garden"
        ],
        "rating": null,
        "reviews": null,
        "short": "Kundur là một trong những mỏ hóa thạch khủng long quan trọng nhất nước Nga, nằm ven quốc lộ nối Chita và Khabarovsk. Tại đây, các nhà cổ sinh vật học đã phát hiện nhiều bộ xương khủng long thời kỳ cuối kỷ Phấn Trắng, nổi tiếng nhất là loài Olorotitan arharensis. Địa điểm được công nhận là di tích thiên nhiên của tỉnh Amur.",
        "yandex": "https://yandex.com/maps/?pt=130.830846,49.106762&z=17&l=map",
        "google": "https://www.google.com/maps/search/?api=1&query=49.106762,130.830846",
        "photo": null,
        "status": "enriched"
      }
    },
    {
      "type": "Feature",
      "geometry": {
        "type": "Point",
        "coordinates": [
          130.2925,
          52.50111
        ]
      },
      "properties": {
        "id": "amur-norsky-reserve",
        "name_vi": "Khu bảo tồn thiên nhiên Norsky (Norskiy zapovednik)",
        "name_ru": "Норский заповедник",
        "name_en": "Norsky Nature Reserve",
        "region": "Tỉnh Amur",
        "categories": [
          "park_garden"
        ],
        "rating": null,
        "reviews": null,
        "short": "Norsky là khu bảo tồn thiên nhiên nghiêm ngặt (zapovednik) rộng lớn ở phía bắc tỉnh Amur, thành lập năm 1998. Nơi đây nổi tiếng với đàn hoẵng Siberia di cư lớn nhất thế giới, mỗi tháng Chín có tới 5.000–7.000 con vượt sông. Đây là thiên đường hoang dã dành cho thú lớn và các loài chim nước.",
        "yandex": "https://yandex.com/maps/?pt=130.2925,52.50111&z=17&l=map",
        "google": "https://www.google.com/maps/search/?api=1&query=52.50111,130.2925",
        "photo": null,
        "status": "enriched"
      }
    },
    {
      "type": "Feature",
      "geometry": {
        "type": "Point",
        "coordinates": [
          124.0775,
          53.39056
        ]
      },
      "properties": {
        "id": "amur-albazino-fortress-site",
        "name_vi": "Pháo đài Albazin (Albazinskiy ostrog)",
        "name_ru": "Албазинский острог",
        "name_en": "Albazino Fort (Albazinsky Ostrog)",
        "region": "Tỉnh Amur",
        "categories": [
          "fortress",
          "museum"
        ],
        "rating": null,
        "reviews": null,
        "short": "Albazin là pháo đài Cossack đầu tiên của người Nga trên sông Amur, được lập năm 1651. Đây là nơi diễn ra những cuộc vây hãm khốc liệt giữa quân Cossack và nhà Thanh vào các năm 1685–1686, trước khi bị bỏ hoang theo Hiệp ước Nerchinsk năm 1689. Ngày nay, di tích còn lại các lũy đất và một bảo tàng lịch sử địa phương.",
        "yandex": "https://yandex.com/maps/?pt=124.0775,53.39056&z=17&l=map",
        "google": "https://www.google.com/maps/search/?api=1&query=53.39056,124.0775",
        "photo": "https://commons.wikimedia.org/wiki/Special:FilePath/%D0%90%D1%80%D1%85%D0%B5%D0%BE%D0%BB%D0%BE%D0%B3%D0%B8%D1%87%D0%B5%D1%81%D0%BA%D0%B8%D0%B5%20%D1%80%D0%B0%D1%81%D0%BA%D0%BE%D0%BF%D0%BA%D0%B8%20%D0%BD%D0%B0%20%D0%BC%D0%B5%D1%81%D1%82%D0%B5%20%D0%90%D0%BB%D0%B1%D0%B0%D0%B7%D0%B8%D0%BD%D1%81%D0%BA%D0%BE%D0%B3%D0%BE%20%D0%BE%D1%81%D1%82%D1%80%D0%BE%D0%B3%D0%B0%20%282014%20%D0%B3.%29.JPG",
        "status": "enriched"
      }
    },
    {
      "type": "Feature",
      "geometry": {
        "type": "Point",
        "coordinates": [
          35.71056,
          65.02444
        ]
      },
      "properties": {
        "id": "arkhangelsk-solovetsky-monastery",
        "name_vi": "Tu viện và Quần đảo Solovetsky (Solovetsky monastyr)",
        "name_ru": "Соловецкий монастырь",
        "name_en": "Solovetsky Monastery",
        "region": "Tỉnh Arkhangelsk",
        "categories": [
          "church",
          "fortress"
        ],
        "rating": 4.7,
        "reviews": 178,
        "short": "Nằm giữa Biển Trắng lạnh giá, Tu viện Solovetsky là pháo đài tu viện nổi tiếng bậc nhất miền Bắc nước Nga, được UNESCO công nhận Di sản Thế giới năm 1992. Quần thể vừa là thánh địa Chính thống giáo hơn 500 năm tuổi, vừa là nơi ghi dấu bi kịch trại giam thời Xô Viết.",
        "yandex": "https://yandex.com/maps/?pt=35.71056,65.02444&z=17&l=map",
        "google": "https://www.google.com/maps/search/?api=1&query=65.02444,35.71056",
        "photo": "https://commons.wikimedia.org/wiki/Special:FilePath/Solovetsky%20Monastery%202001.jpg",
        "status": "enriched"
      }
    },
    {
      "type": "Feature",
      "geometry": {
        "type": "Point",
        "coordinates": [
          40.93833,
          64.45444
        ]
      },
      "properties": {
        "id": "arkhangelsk-malye-korely",
        "name_vi": "Bảo tàng Kiến trúc Gỗ Malye Korely (Malye Korely)",
        "name_ru": "Малые Корелы",
        "name_en": "Malye Korely Museum of Wooden Architecture",
        "region": "Tỉnh Arkhangelsk",
        "categories": [
          "museum",
          "church"
        ],
        "rating": 4.8,
        "reviews": 2000,
        "short": "Cách Arkhangelsk chừng 25 km, Malye Korely là bảo tàng ngoài trời về kiến trúc gỗ miền Bắc nước Nga, rộng 140 ha bên bờ sông Bắc Dvina. Hơn 100 công trình gỗ - từ nhà thờ, tháp chuông đến cối xay gió và nhà nông dân - được sưu tầm và dựng lại tại đây.",
        "yandex": "https://yandex.com/maps/?pt=40.93833,64.45444&z=17&l=map",
        "google": "https://www.google.com/maps/search/?api=1&query=64.45444,40.93833",
        "photo": "https://commons.wikimedia.org/wiki/Special:FilePath/RUS-2016-Arkhangelsk-Malye%20Korely-Windmill%20tent%20of%20Dr.%20Kozhposelok.jpg",
        "status": "enriched"
      }
    },
    {
      "type": "Feature",
      "geometry": {
        "type": "Point",
        "coordinates": [
          40.5228,
          64.534
        ]
      },
      "properties": {
        "id": "arkhangelsk-arkhangelsk-embankment",
        "name_vi": "Thành phố Arkhangelsk và bờ kè sông Bắc Dvina (Naberezhnaya Severnoy Dviny)",
        "name_ru": "Набережная Северной Двины, Архангельск",
        "name_en": "Arkhangelsk and the Northern Dvina Embankment",
        "region": "Tỉnh Arkhangelsk",
        "categories": [
          "square_street",
          "monument"
        ],
        "rating": 4.4,
        "reviews": 96,
        "short": "Arkhangelsk là hải cảng lớn đầu tiên của nước Nga, 'cửa ngõ ra Bắc Cực' bên cửa sông Bắc Dvina đổ vào Biển Trắng. Trái tim thành phố là con đường dạo bộ ven sông dài nhiều cây số, nơi tập trung tượng đài, công trình lịch sử và những khung cảnh hoàng hôn tuyệt đẹp.",
        "yandex": "https://yandex.com/maps/?pt=40.5228,64.534&z=17&l=map",
        "google": "https://www.google.com/maps/search/?api=1&query=64.534,40.5228",
        "photo": "https://commons.wikimedia.org/wiki/Special:FilePath/Northern%20Dvina%20embankment%2C%20Navy%20boat.JPG",
        "status": "enriched"
      }
    },
    {
      "type": "Feature",
      "geometry": {
        "type": "Point",
        "coordinates": [
          38.9486,
          61.5036
        ]
      },
      "properties": {
        "id": "arkhangelsk-kargopol",
        "name_vi": "Thị trấn cổ Kargopol (Kargopol)",
        "name_ru": "Каргополь",
        "name_en": "Kargopol",
        "region": "Tỉnh Arkhangelsk",
        "categories": [
          "church",
          "museum",
          "monument"
        ],
        "rating": null,
        "reviews": null,
        "short": "Kargopol là thị trấn cổ bên bờ sông Onega, được nhắc đến lần đầu năm 1146 và nay là một 'Thành phố Lịch sử' của nước Nga. Nơi đây nổi tiếng với những nhà thờ bằng đá trắng thế kỷ 16-18 và nghề nặn đồ chơi đất nung truyền thống.",
        "yandex": "https://yandex.com/maps/?pt=38.9486,61.5036&z=17&l=map",
        "google": "https://www.google.com/maps/search/?api=1&query=61.5036,38.9486",
        "photo": "https://commons.wikimedia.org/wiki/Special:FilePath/%D0%92%D0%B8%D0%B4%20%D0%BD%D0%B0%20%D0%9A%D0%B0%D1%80%D0%B3%D0%BE%D0%BF%D0%BE%D0%BB%D1%8C%20%D1%81%20%D0%9E%D0%BD%D0%B5%D0%B3%D0%B8.jpg",
        "status": "enriched"
      }
    },
    {
      "type": "Feature",
      "geometry": {
        "type": "Point",
        "coordinates": [
          38.19417,
          62.0775
        ]
      },
      "properties": {
        "id": "arkhangelsk-kenozero-national-park",
        "name_vi": "Vườn quốc gia Kenozero (Kenozersky natsionalny park)",
        "name_ru": "Кенозерский национальный парк",
        "name_en": "Kenozero National Park",
        "region": "Tỉnh Arkhangelsk",
        "categories": [
          "park_garden",
          "church"
        ],
        "rating": null,
        "reviews": null,
        "short": "Vườn quốc gia Kenozero là vùng hồ - rừng taiga hoang sơ ở miền Bắc nước Nga, nơi lưu giữ hàng chục nhà thờ và nhà nguyện gỗ cổ. Cảnh quan văn hóa độc đáo này đã được UNESCO công nhận Di sản Thế giới năm 2024.",
        "yandex": "https://yandex.com/maps/?pt=38.19417,62.0775&z=17&l=map",
        "google": "https://www.google.com/maps/search/?api=1&query=62.0775,38.19417",
        "photo": "https://commons.wikimedia.org/wiki/Special:FilePath/Of%20Kenozero%20lake.jpg",
        "status": "enriched"
      }
    },
    {
      "type": "Feature",
      "geometry": {
        "type": "Point",
        "coordinates": [
          43.2836,
          64.5411
        ]
      },
      "properties": {
        "id": "arkhangelsk-golubino-pinega-caves",
        "name_vi": "Hang động Pinega và khu Golubino (Pinezhskiye peshchery, Golubino)",
        "name_ru": "Пинежские пещеры (Голубино)",
        "name_en": "Pinega Caves / Golubino",
        "region": "Tỉnh Arkhangelsk",
        "categories": [
          "park_garden",
          "other"
        ],
        "rating": null,
        "reviews": null,
        "short": "Vùng Pinega là 'vương quốc hang động' của miền Bắc nước Nga với gần 400 hang karst thạch cao. Nổi tiếng và dễ tiếp cận nhất là hang Golubinsky Proval bên khu nghỉ Golubino, nơi băng và tinh thể tuyết đọng quanh năm.",
        "yandex": "https://yandex.com/maps/?pt=43.2836,64.5411&z=17&l=map",
        "google": "https://www.google.com/maps/search/?api=1&query=64.5411,43.2836",
        "photo": "https://commons.wikimedia.org/wiki/Special:FilePath/Arkhangelsk%20Golubino%20Cave.JPG",
        "status": "enriched"
      }
    },
    {
      "type": "Feature",
      "geometry": {
        "type": "Point",
        "coordinates": [
          40.5104,
          64.5391
        ]
      },
      "properties": {
        "id": "arkhangelsk-northern-maritime-museum",
        "name_vi": "Bảo tàng Hàng hải Phương Bắc (Severny morskoy muzey)",
        "name_ru": "Северный морской музей",
        "name_en": "Northern Maritime Museum",
        "region": "Tỉnh Arkhangelsk",
        "categories": [
          "museum"
        ],
        "rating": 4.4,
        "reviews": 99,
        "short": "Nằm ngay trên bờ kè sông Bắc Dvina, Bảo tàng Hàng hải Phương Bắc kể câu chuyện hàng thế kỷ đi biển của người Pomor và hành trình chinh phục Bắc Cực của nước Nga. Bộ sưu tập khoảng 25.000 hiện vật gồm mô hình tàu, hải đồ, la bàn và thiết bị hàng hải.",
        "yandex": "https://yandex.com/maps/?pt=40.5104,64.5391&z=17&l=map",
        "google": "https://www.google.com/maps/search/?api=1&query=64.5391,40.5104",
        "photo": null,
        "status": "enriched"
      }
    },
    {
      "type": "Feature",
      "geometry": {
        "type": "Point",
        "coordinates": [
          41.557636,
          63.552086
        ]
      },
      "properties": {
        "id": "arkhangelsk-antoniev-siysky-monastery",
        "name_vi": "Tu viện Antoniev-Siysky (Antoniyevo-Siysky monastyr)",
        "name_ru": "Антониево-Сийский монастырь",
        "name_en": "Antoniev-Siysky Monastery",
        "region": "Tỉnh Arkhangelsk",
        "categories": [
          "church",
          "monument"
        ],
        "rating": null,
        "reviews": null,
        "short": "Tu viện Antoniev-Siysky là một trong những tu viện cổ và quan trọng nhất của miền Bắc nước Nga, do Thánh Antony vùng Siya lập năm 1520. Quần thể nằm biệt lập trên một bán đảo giữa hồ Mikhailovskoye, giữa rừng taiga tĩnh lặng.",
        "yandex": "https://yandex.com/maps/?pt=41.557636,63.552086&z=17&l=map",
        "google": "https://www.google.com/maps/search/?api=1&query=63.552086,41.557636",
        "photo": "https://commons.wikimedia.org/wiki/Special:FilePath/%D0%A1%D0%B2%D1%8F%D1%82%D0%BE-%D0%A2%D1%80%D0%BE%D0%B8%D1%86%D0%BA%D0%B8%D0%B9%20%D0%90%D0%BD%D1%82%D0%BE%D0%BD%D0%B8%D0%B5%D0%B2%D0%BE-%D0%A1%D0%B8%D0%B9%D1%81%D0%BA%D0%B8%D0%B9%20%D0%BC%D1%83%D0%B6%D1%81%D0%BA%D0%BE%D0%B9%20%D0%BC%D0%BE%D0%BD%D0%B0%D1%81%D1%82%D1%8B%D1%80%D1%8C.jpg",
        "status": "enriched"
      }
    },
    {
      "type": "Feature",
      "geometry": {
        "type": "Point",
        "coordinates": [
          48.032222,
          46.349444
        ]
      },
      "properties": {
        "id": "astrakhan-astrakhan-kremlin",
        "name_vi": "Điện Kremlin Astrakhan (A-xtra-khan-xki Krem-lơ)",
        "name_ru": "Астраханский кремль",
        "name_en": "Astrakhan Kremlin",
        "region": "Tỉnh Astrakhan",
        "categories": [
          "fortress",
          "church"
        ],
        "rating": 4.8,
        "reviews": 8580,
        "short": "Điện Kremlin Astrakhan là pháo đài đá trắng cực nam của nước Nga, dựng cuối thế kỷ 16 để trấn giữ cửa ngõ sông Volga ra biển Caspi. Bên trong quần thể là Nhà thờ Uspenski nguy nga, tháp chuông cao vút cùng những bức tường thành và tháp canh soi bóng lịch sử vùng hạ lưu Volga.",
        "yandex": "https://yandex.com/maps/?pt=48.032222,46.349444&z=17&l=map",
        "google": "https://www.google.com/maps/search/?api=1&query=46.349444,48.032222",
        "photo": "https://commons.wikimedia.org/wiki/Special:FilePath/The%20Gauptvahta%20military%20prison%20in%20Astrakhan%20Kremlin%2C%20Astrakhan.JPG",
        "status": "enriched"
      }
    },
    {
      "type": "Feature",
      "geometry": {
        "type": "Point",
        "coordinates": [
          47.77756,
          45.82553
        ]
      },
      "properties": {
        "id": "astrakhan-volga-delta-lotus-fields",
        "name_vi": "Cánh đồng hoa sen ở châu thổ sông Volga (Lô-tô-xô-vưi Pô-lya)",
        "name_ru": "Лотосовые поля (дельта Волги)",
        "name_en": "Volga Delta Lotus Fields",
        "region": "Tỉnh Astrakhan",
        "categories": [
          "park_garden"
        ],
        "rating": null,
        "reviews": null,
        "short": "Mỗi độ giữa hè, hạ lưu châu thổ sông Volga biến thành một biển hoa sen hồng mênh mông – một trong những cánh đồng sen lớn và ngoạn mục bậc nhất châu Âu. Du khách đi thuyền máy len lỏi qua các lạch nước để đắm mình giữa hương sen, cánh cò và đàn bồ nông của vùng đồng bằng trù phú này.",
        "yandex": "https://yandex.com/maps/?pt=47.77756,45.82553&z=17&l=map",
        "google": "https://www.google.com/maps/search/?api=1&query=45.82553,47.77756",
        "photo": "https://commons.wikimedia.org/wiki/Special:FilePath/%D0%9B%D0%BE%D1%82%D0%BE%D1%81%20%D1%80%D0%B0%D1%81%D0%BF%D1%83%D1%81%D0%BA%D0%B0%D0%B5%D1%82%D1%81%D1%8F.jpg",
        "status": "enriched"
      }
    },
    {
      "type": "Feature",
      "geometry": {
        "type": "Point",
        "coordinates": [
          46.883,
          48.167
        ]
      },
      "properties": {
        "id": "astrakhan-lake-baskunchak",
        "name_vi": "Hồ muối Baskunchak (Ba-xkun-chak)",
        "name_ru": "Озеро Баскунчак",
        "name_en": "Lake Baskunchak",
        "region": "Tỉnh Astrakhan",
        "categories": [
          "park_garden"
        ],
        "rating": 4.4,
        "reviews": 154,
        "short": "Hồ Baskunchak là một hồ muối siêu mặn giữa thảo nguyên phía bắc Astrakhan, nơi nước đặc tới mức có thể nâng người nổi bồng bềnh như ở Biển Chết. Với độ tinh khiết gần như tuyệt đối, hồ cung cấp phần lớn sản lượng muối của nước Nga và thu hút du khách tới tắm khoáng, ngâm bùn trị liệu giữa khung cảnh trắng xóa kỳ ảo.",
        "yandex": "https://yandex.com/maps/?pt=46.883,48.167&z=17&l=map",
        "google": "https://www.google.com/maps/search/?api=1&query=48.167,46.883",
        "photo": "https://commons.wikimedia.org/wiki/Special:FilePath/%D0%91%D0%B0%D1%81%D0%BA%D1%83%D0%BD%D1%87%D0%B0%D0%BA%20%D0%BE%D0%B7%D0%B5%D1%80%D0%BE.JPG",
        "status": "enriched"
      }
    },
    {
      "type": "Feature",
      "geometry": {
        "type": "Point",
        "coordinates": [
          46.833,
          48.135
        ]
      },
      "properties": {
        "id": "astrakhan-mount-bogdo",
        "name_vi": "Núi Đại Bogdo (Bôn-sôi-e Bốc-đô)",
        "name_ru": "Гора Большое Богдо",
        "name_en": "Mount Bolshoye Bogdo (Big Bogdo)",
        "region": "Tỉnh Astrakhan",
        "categories": [
          "park_garden"
        ],
        "rating": 4.7,
        "reviews": 48,
        "short": "Núi Đại Bogdo là điểm cao nhất của vùng trũng Caspi và là ngọn núi thiêng của người Kalmyk theo đạo Phật. Nổi bật với sườn đá sa thạch đỏ rực và những vách đá rỗ tổ ong 'biết hát' trong gió, ngọn núi cô độc giữa thảo nguyên này là biểu tượng thiên nhiên của phía bắc Astrakhan.",
        "yandex": "https://yandex.com/maps/?pt=46.833,48.135&z=17&l=map",
        "google": "https://www.google.com/maps/search/?api=1&query=48.135,46.833",
        "photo": "https://commons.wikimedia.org/wiki/Special:FilePath/Mount%20Bolshoye%20Bogdo.JPG",
        "status": "enriched"
      }
    },
    {
      "type": "Feature",
      "geometry": {
        "type": "Point",
        "coordinates": [
          47.454722,
          47.174444
        ]
      },
      "properties": {
        "id": "astrakhan-sarai-batu",
        "name_vi": "Sarai-Batu – phim trường 'Đại Trướng' (Xa-rai Ba-tu)",
        "name_ru": "Сарай-Бату (декорации)",
        "name_en": "Sarai-Batu (film set)",
        "region": "Tỉnh Astrakhan",
        "categories": [
          "other"
        ],
        "rating": 4.2,
        "reviews": 160,
        "short": "Sarai-Batu là khu phim trường tái hiện kinh đô Sarai của Kim Trướng hãn quốc, được dựng bên sông Akhtuba để quay bộ phim Nga 'Đại Trướng' (Orda) năm 2012. Sau khi đóng máy, 'thành phố Trung cổ' bằng đất sét này được giữ lại thành một khu du lịch lịch sử độc đáo giữa thảo nguyên Astrakhan.",
        "yandex": "https://yandex.com/maps/?pt=47.454722,47.174444&z=17&l=map",
        "google": "https://www.google.com/maps/search/?api=1&query=47.174444,47.454722",
        "photo": "https://commons.wikimedia.org/wiki/Special:FilePath/%D0%A1%D0%B0%D1%80%D0%B0%D0%B9%20%D0%91%D0%B0%D1%82%D1%83.jpg",
        "status": "enriched"
      }
    },
    {
      "type": "Feature",
      "geometry": {
        "type": "Point",
        "coordinates": [
          48.043,
          46.347
        ]
      },
      "properties": {
        "id": "astrakhan-astrakhan-embankment",
        "name_vi": "Bờ kè sông Volga ở Astrakhan (Na-bê-rê-giơ-nai-a Vôn-ghi)",
        "name_ru": "Набережная Волги (Астрахань)",
        "name_en": "Volga Embankment (Astrakhan)",
        "region": "Tỉnh Astrakhan",
        "categories": [
          "square_street",
          "park_garden"
        ],
        "rating": 4.5,
        "reviews": 278,
        "short": "Bờ kè sông Volga là dải đi bộ khang trang bên dòng sông lớn, nơi người dân Astrakhan ra hóng gió, dạo chơi và ngắm hoàng hôn. Với đài phun nước, tượng đài, vòm cổng và những hàng cây rợp bóng, đây là không gian công cộng sống động và lãng mạn bậc nhất thành phố.",
        "yandex": "https://yandex.com/maps/?pt=48.043,46.347&z=17&l=map",
        "google": "https://www.google.com/maps/search/?api=1&query=46.347,48.043",
        "photo": "https://commons.wikimedia.org/wiki/Special:FilePath/%D0%90%D1%81%D1%82%D1%80%D0%B0%D1%85%D0%B0%D0%BD%D1%8C..JPG",
        "status": "enriched"
      }
    },
    {
      "type": "Feature",
      "geometry": {
        "type": "Point",
        "coordinates": [
          47.91639,
          45.58111
        ]
      },
      "properties": {
        "id": "astrakhan-astrakhan-nature-reserve",
        "name_vi": "Khu bảo tồn sinh quyển Astrakhan (A-xtra-khan-xki Za-pô-ved-nik)",
        "name_ru": "Астраханский биосферный заповедник",
        "name_en": "Astrakhan Nature Reserve (Biosphere Reserve)",
        "region": "Tỉnh Astrakhan",
        "categories": [
          "park_garden"
        ],
        "rating": null,
        "reviews": null,
        "short": "Thành lập năm 1919, Khu bảo tồn sinh quyển Astrakhan là một trong những khu bảo tồn thiên nhiên đầu tiên của nước Nga, bảo vệ hệ sinh thái đất ngập nước độc đáo ở hạ lưu châu thổ Volga. Đây là mái nhà của hàng trăm loài chim, đầm sen bạt ngàn và loài cá tầm quý, được UNESCO công nhận là khu dự trữ sinh quyển thế giới.",
        "yandex": "https://yandex.com/maps/?pt=47.91639,45.58111&z=17&l=map",
        "google": "https://www.google.com/maps/search/?api=1&query=45.58111,47.91639",
        "photo": null,
        "status": "enriched"
      }
    },
    {
      "type": "Feature",
      "geometry": {
        "type": "Point",
        "coordinates": [
          57.06389,
          53.044417
        ]
      },
      "properties": {
        "id": "bashkortostan-shulgan-tash-cave",
        "name_vi": "Hang động Shulgan-Tash (Hang Kapova)",
        "name_ru": "Капова пещера (Шульган-Таш)",
        "name_en": "Shulgan-Tash Cave (Kapova Cave)",
        "region": "Cộng hoà Bashkortostan",
        "categories": [
          "other",
          "park_garden"
        ],
        "rating": null,
        "reviews": null,
        "short": "Hang Shulgan-Tash, còn gọi là hang Kapova, là hang đá vôi nổi tiếng bên sông Belaya, nơi lưu giữ những bức tranh trong hang có niên đại tới hàng chục nghìn năm. Năm 2025, di sản này được UNESCO công nhận là Di sản Thế giới nhờ bộ tranh thời kỳ đồ đá cũ hiếm có.",
        "yandex": "https://yandex.com/maps/?pt=57.06389,53.044417&z=17&l=map",
        "google": "https://www.google.com/maps/search/?api=1&query=53.044417,57.06389",
        "photo": "https://commons.wikimedia.org/wiki/Special:FilePath/%D0%A8%D1%83%D0%BB%D1%8C%D0%B3%D0%B0%D0%BD-%D0%A2%D0%B0%D1%88%20%D0%BB%D0%B5%D1%82%D0%BE%D0%BC.JPG",
        "status": "enriched"
      }
    },
    {
      "type": "Feature",
      "geometry": {
        "type": "Point",
        "coordinates": [
          55.923889,
          54.719444
        ]
      },
      "properties": {
        "id": "bashkortostan-salavat-yulaev-monument",
        "name_vi": "Tượng đài Salavat Yulaev",
        "name_ru": "Памятник Салавату Юлаеву",
        "name_en": "Monument to Salavat Yulaev",
        "region": "Cộng hoà Bashkortostan",
        "categories": [
          "monument"
        ],
        "rating": null,
        "reviews": null,
        "short": "Tượng đài Salavat Yulaev là biểu tượng của thành phố Ufa và cả Cộng hòa Bashkortostan, khắc họa người anh hùng dân tộc Bashkir cưỡi ngựa hiên ngang. Đây được xem là một trong những tượng kỵ sĩ lớn nhất nước Nga, dựng trên bờ cao nhìn ra sông Belaya.",
        "yandex": "https://yandex.com/maps/?pt=55.923889,54.719444&z=17&l=map",
        "google": "https://www.google.com/maps/search/?api=1&query=54.719444,55.923889",
        "photo": "https://commons.wikimedia.org/wiki/Special:FilePath/Ufa.%20Monument%20to%20Salavat%20Yulaev.jpg",
        "status": "enriched"
      }
    },
    {
      "type": "Feature",
      "geometry": {
        "type": "Point",
        "coordinates": [
          56.098889,
          53.554444
        ]
      },
      "properties": {
        "id": "bashkortostan-toratau-shikhan",
        "name_vi": "Núi Toratau (shikhan Toratau)",
        "name_ru": "Шихан Торатау (Тратау)",
        "name_en": "Toratau Shikhan",
        "region": "Cộng hoà Bashkortostan",
        "categories": [
          "other",
          "park_garden"
        ],
        "rating": null,
        "reviews": null,
        "short": "Toratau là ngọn núi đơn độc hình chóp nổi bật giữa đồng bằng Bashkiria, thực chất là dấu tích của một rạn san hô cổ hàng trăm triệu năm. Với hình dáng độc đáo và ý nghĩa thiêng liêng, đây là một trong những biểu tượng thiên nhiên được yêu mến nhất vùng.",
        "yandex": "https://yandex.com/maps/?pt=56.098889,53.554444&z=17&l=map",
        "google": "https://www.google.com/maps/search/?api=1&query=53.554444,56.098889",
        "photo": "https://commons.wikimedia.org/wiki/Special:FilePath/Shihan%20Toratau.jpg",
        "status": "enriched"
      }
    },
    {
      "type": "Feature",
      "geometry": {
        "type": "Point",
        "coordinates": [
          58.84,
          54.515
        ]
      },
      "properties": {
        "id": "bashkortostan-iremel-mountain",
        "name_vi": "Núi Iremel",
        "name_ru": "Гора Иремель",
        "name_en": "Mount Iremel",
        "region": "Cộng hoà Bashkortostan",
        "categories": [
          "other",
          "park_garden"
        ],
        "rating": null,
        "reviews": null,
        "short": "Iremel là đỉnh núi cao thứ hai của dãy Nam Ural, được người Bashkir tôn kính như một ngọn núi thiêng. Cảnh quan hùng vĩ với rừng taiga, đồng cỏ núi cao và biển đá trên đỉnh khiến nơi đây trở thành điểm leo núi được yêu thích.",
        "yandex": "https://yandex.com/maps/?pt=58.84,54.515&z=17&l=map",
        "google": "https://www.google.com/maps/search/?api=1&query=54.515,58.84",
        "photo": "https://commons.wikimedia.org/wiki/Special:FilePath/Mount%20Iremel.jpg",
        "status": "enriched"
      }
    },
    {
      "type": "Feature",
      "geometry": {
        "type": "Point",
        "coordinates": [
          56.902833,
          54.235694
        ]
      },
      "properties": {
        "id": "bashkortostan-askynskaya-ice-cave",
        "name_vi": "Hang băng Askynskaya (Hang băng Askinskaya)",
        "name_ru": "Аскинская ледяная пещера",
        "name_en": "Askynskaya Ice Cave",
        "region": "Cộng hoà Bashkortostan",
        "categories": [
          "other",
          "park_garden"
        ],
        "rating": null,
        "reviews": null,
        "short": "Hang băng Askynskaya là một hang đá vôi độc đáo, nơi quanh năm lạnh âm độ và lưu giữ những cột băng khổng lồ cổ xưa. Đây được xem là hang băng lớn nhất vùng Ural, với cột băng cao tới hơn chục mét như trong xứ sở thần tiên.",
        "yandex": "https://yandex.com/maps/?pt=56.902833,54.235694&z=17&l=map",
        "google": "https://www.google.com/maps/search/?api=1&query=54.235694,56.902833",
        "photo": "https://commons.wikimedia.org/wiki/Special:FilePath/%D0%9B%D0%B5%D0%B4%D1%8F%D0%BD%D0%B0%D1%8F%20%D0%90%D1%81%D0%BA%D1%8B%D0%BD%D1%81%D0%BA%D0%B0%D1%8F%20%D0%BF%D0%B5%D1%89%D0%B5%D1%80%D0%B0.jpg",
        "status": "enriched"
      }
    },
    {
      "type": "Feature",
      "geometry": {
        "type": "Point",
        "coordinates": [
          56.05583,
          54.81972
        ]
      },
      "properties": {
        "id": "bashkortostan-lala-tulpan-mosque",
        "name_vi": "Thánh đường Hồi giáo Lyalya-Tyulpan (Lala Tulpan)",
        "name_ru": "Мечеть Ляля-Тюльпан",
        "name_en": "Lala Tulpan Mosque",
        "region": "Cộng hoà Bashkortostan",
        "categories": [
          "church"
        ],
        "rating": null,
        "reviews": null,
        "short": "Lyalya-Tyulpan, nghĩa là 'đóa uất kim hương đang nở', là thánh đường Hồi giáo hiện đại nổi bật nhất Ufa với hai tháp minaret hình nụ hoa tulip. Hoàn thành năm 1998, công trình là biểu tượng cho sự hồi sinh của đạo Hồi ở Bashkortostan.",
        "yandex": "https://yandex.com/maps/?pt=56.05583,54.81972&z=17&l=map",
        "google": "https://www.google.com/maps/search/?api=1&query=54.81972,56.05583",
        "photo": "https://commons.wikimedia.org/wiki/Special:FilePath/Lala%20Tulpan.jpg",
        "status": "enriched"
      }
    },
    {
      "type": "Feature",
      "geometry": {
        "type": "Point",
        "coordinates": [
          56.6333,
          55.4167
        ]
      },
      "properties": {
        "id": "bashkortostan-pavlovka-reservoir",
        "name_vi": "Hồ chứa Pavlovka (Hồ Pavlovskoye)",
        "name_ru": "Павловское водохранилище",
        "name_en": "Pavlovka Reservoir",
        "region": "Cộng hoà Bashkortostan",
        "categories": [
          "other",
          "park_garden"
        ],
        "rating": null,
        "reviews": null,
        "short": "Hồ chứa Pavlovka là hồ nhân tạo dài hơn 150 km trên sông Ufa, hình thành từ đập thủy điện Pavlovka. Với mặt nước rộng giữa những sườn đồi rừng, đây là thiên đường nghỉ dưỡng, câu cá và chèo thuyền được người dân Bashkiria ưa chuộng.",
        "yandex": "https://yandex.com/maps/?pt=56.6333,55.4167&z=17&l=map",
        "google": "https://www.google.com/maps/search/?api=1&query=55.4167,56.6333",
        "photo": "https://commons.wikimedia.org/wiki/Special:FilePath/Pavlovka%20reservoir.jpg",
        "status": "enriched"
      }
    },
    {
      "type": "Feature",
      "geometry": {
        "type": "Point",
        "coordinates": [
          56.077161,
          53.689781
        ]
      },
      "properties": {
        "id": "bashkortostan-sterlitamak-shikhans",
        "name_vi": "Cụm núi shikhan Sterlitamak",
        "name_ru": "Стерлитамакские шиханы",
        "name_en": "Sterlitamak Shikhans",
        "region": "Cộng hoà Bashkortostan",
        "categories": [
          "other",
          "park_garden"
        ],
        "rating": null,
        "reviews": null,
        "short": "Các shikhan Sterlitamak là chuỗi những ngọn đồi đơn độc kỳ lạ nhô lên bên sông Belaya, vốn là tàn tích của rạn san hô cổ gần 300 triệu năm. Bốn ngọn nổi tiếng — Toratau, Yuraktau, Kushtau và Shakhtau — là biểu tượng địa chất và tinh thần của vùng.",
        "yandex": "https://yandex.com/maps/?pt=56.077161,53.689781&z=17&l=map",
        "google": "https://www.google.com/maps/search/?api=1&query=53.689781,56.077161",
        "photo": "https://commons.wikimedia.org/wiki/Special:FilePath/Shihan%20Toratau.jpg",
        "status": "enriched"
      }
    },
    {
      "type": "Feature",
      "geometry": {
        "type": "Point",
        "coordinates": [
          36.671485,
          51.017747
        ]
      },
      "properties": {
        "id": "belgorod-prokhorovka-field",
        "name_vi": "Cánh đồng Prokhorovka và Tháp chuông Chiến thắng (Pro-khô-rốp-ka)",
        "name_ru": "Прохоровское поле (Звонница)",
        "name_en": "Prokhorovka Field (Third Military Field of Russia) with the Belfry",
        "region": "Tỉnh Belgorod",
        "categories": [
          "monument",
          "museum"
        ],
        "rating": 4.8,
        "reviews": 100,
        "short": "Nơi diễn ra một trong những trận đấu tăng lớn nhất lịch sử vào ngày 12/7/1943, Prokhorovka được tôn vinh là “Cánh đồng binh nghiệp thứ ba của nước Nga”, sánh ngang với Kulikovo và Borodino. Trung tâm cánh đồng là Tháp chuông Chiến thắng cao gần 59 mét, ngân vang tiếng chuông tưởng niệm những người lính đã ngã xuống.",
        "yandex": "https://yandex.com/maps/?pt=36.671485,51.017747&z=17&l=map",
        "google": "https://www.google.com/maps/search/?api=1&query=51.017747,36.671485",
        "photo": "https://commons.wikimedia.org/wiki/Special:FilePath/T-34%20monument%20at%20Prokhorovka.jpg",
        "status": "enriched"
      }
    },
    {
      "type": "Feature",
      "geometry": {
        "type": "Point",
        "coordinates": [
          36.585833,
          50.595556
        ]
      },
      "properties": {
        "id": "belgorod-diorama-kursk-battle-belgorod",
        "name_vi": "Bảo tàng Diorama “Trận vòng cung Kursk – Hướng Belgorod” (Đi-ô-ra-ma)",
        "name_ru": "Музей-диорама «Курская битва. Белгородское направление»",
        "name_en": "Museum-Diorama “Battle of Kursk. Belgorod Direction”",
        "region": "Tỉnh Belgorod",
        "categories": [
          "museum"
        ],
        "rating": 4.7,
        "reviews": 198,
        "short": "Tọa lạc bên bờ sông Vezelka gần Công viên Chiến thắng, bảo tàng lưu giữ bức tranh toàn cảnh (diorama) khổng lồ tái hiện trận đấu tăng Prokhorovka, được xem là một trong những diorama lớn nhất châu Âu. Đứng trước bức tranh dài hơn 60 mét, du khách như bị cuốn vào khói lửa của mùa hè năm 1943.",
        "yandex": "https://yandex.com/maps/?pt=36.585833,50.595556&z=17&l=map",
        "google": "https://www.google.com/maps/search/?api=1&query=50.595556,36.585833",
        "photo": "https://commons.wikimedia.org/wiki/Special:FilePath/Diorama%20%C2%ABBattle%20of%20Kursk%C2%BB%20%282%29.jpg",
        "status": "enriched"
      }
    },
    {
      "type": "Feature",
      "geometry": {
        "type": "Point",
        "coordinates": [
          36.576018,
          50.596604
        ]
      },
      "properties": {
        "id": "belgorod-marfo-mariinsky-convent-belgorod",
        "name_vi": "Tu viện nữ Marfo-Mariinsky, Belgorod (Mác-phô Ma-ri-in-xki)",
        "name_ru": "Марфо-Мариинский женский монастырь",
        "name_en": "Marfo-Mariinsky Convent, Belgorod",
        "region": "Tỉnh Belgorod",
        "categories": [
          "church"
        ],
        "rating": null,
        "reviews": null,
        "short": "Tu viện nữ được lập năm 1992 nhưng ôm trong lòng công trình cổ nhất Belgorod: nhà thờ Uspensko-Nikolsky khởi dựng từ đầu thế kỷ 18, mà chính Sa hoàng Pyotr Đại đế từng góp tiền xây. Quần thể trắng với những mái vòm vàng là ốc đảo bình yên giữa lòng thành phố.",
        "yandex": "https://yandex.com/maps/?pt=36.576018,50.596604&z=17&l=map",
        "google": "https://www.google.com/maps/search/?api=1&query=50.596604,36.576018",
        "photo": "https://commons.wikimedia.org/wiki/Special:FilePath/%D0%9C%D0%B0%D1%80%D1%84%D0%BE-%D0%9C%D0%B0%D1%80%D0%B8%D0%B8%D0%BD%D1%81%D0%BA%D0%B8%D0%B9%20%D0%B6%D0%B5%D0%BD%D1%81%D0%BA%D0%B8%D0%B9%20%D0%BC%D0%BE%D0%BD%D0%B0%D1%81%D1%82%D1%8B%D1%80%D1%8C.JPG",
        "status": "enriched"
      }
    },
    {
      "type": "Feature",
      "geometry": {
        "type": "Point",
        "coordinates": [
          37.755964,
          50.864435
        ]
      },
      "properties": {
        "id": "belgorod-kholkovsky-caves-monastery",
        "name_vi": "Tu viện hang động Kholkovsky Chúa Ba Ngôi (Khôn-cốp-xki)",
        "name_ru": "Свято-Троицкий Холковский монастырь",
        "name_en": "Holy Trinity Kholkovsky Cave Monastery",
        "region": "Tỉnh Belgorod",
        "categories": [
          "church"
        ],
        "rating": null,
        "reviews": null,
        "short": "Tu viện hang động duy nhất còn hoạt động ở tỉnh Belgorod, với nhà thờ và phòng tu được khoét sâu vào lòng đồi đá phấn trắng. Nhiệt độ trong hang quanh năm chỉ 8–10°C, gắn với giai thoại về cuộc gặp của công tước Igor trước chiến dịch năm 1185.",
        "yandex": "https://yandex.com/maps/?pt=37.755964,50.864435&z=17&l=map",
        "google": "https://www.google.com/maps/search/?api=1&query=50.864435,37.755964",
        "photo": "https://commons.wikimedia.org/wiki/Special:FilePath/Kholki%20monastery%20inside%20panoram.jpg",
        "status": "enriched"
      }
    },
    {
      "type": "Feature",
      "geometry": {
        "type": "Point",
        "coordinates": [
          36.587,
          50.5959
        ]
      },
      "properties": {
        "id": "belgorod-belgorod-museum-local-lore",
        "name_vi": "Bảo tàng Địa phương học Quốc gia Belgorod (Krai-e-vét-che-xki)",
        "name_ru": "Белгородский государственный историко-краеведческий музей",
        "name_en": "Belgorod State Museum of History and Local Lore",
        "region": "Tỉnh Belgorod",
        "categories": [
          "museum"
        ],
        "rating": 4.4,
        "reviews": 19,
        "short": "Bảo tàng lâu đời của thành phố (thành lập năm 1924), kể trọn câu chuyện về vùng đất Belgorod từ thiên nhiên, khảo cổ đến đời sống và chiến tranh. Nằm ngay cạnh Bảo tàng Diorama, đây là nơi lý tưởng để nắm bắt bức tranh toàn cảnh của cả vùng.",
        "yandex": "https://yandex.com/maps/?pt=36.587,50.5959&z=17&l=map",
        "google": "https://www.google.com/maps/search/?api=1&query=50.5959,36.587",
        "photo": null,
        "status": "enriched"
      }
    },
    {
      "type": "Feature",
      "geometry": {
        "type": "Point",
        "coordinates": [
          36.588333,
          50.598333
        ]
      },
      "properties": {
        "id": "belgorod-transfiguration-cathedral-belgorod",
        "name_vi": "Nhà thờ chính tòa Chúa Hiển Dung, Belgorod (Xpa-xô Prê-ô-bra-gien-xki)",
        "name_ru": "Спасо-Преображенский кафедральный собор",
        "name_en": "Transfiguration Cathedral, Belgorod",
        "region": "Tỉnh Belgorod",
        "categories": [
          "church"
        ],
        "rating": null,
        "reviews": null,
        "short": "Nhà thờ chính tòa của giáo phận Belgorod, xây năm 1807–1813 theo phong cách cổ điển, là nơi lưu giữ thánh tích của Thánh Ioasaf xứ Belgorod, vị thánh được tôn kính bậc nhất vùng. Mặt tiền trang nghiêm và nội thất lộng lẫy khiến đây trở thành trái tim tinh thần của thành phố.",
        "yandex": "https://yandex.com/maps/?pt=36.588333,50.598333&z=17&l=map",
        "google": "https://www.google.com/maps/search/?api=1&query=50.598333,36.588333",
        "photo": "https://commons.wikimedia.org/wiki/Special:FilePath/%D0%9F%D1%80%D0%B5%D0%BE%D0%B1%D1%80%D0%B0%D0%B6%D0%B5%D0%BD%D1%81%D0%BA%D0%B8%D0%B9%20%D0%BA%D0%B0%D1%84%D0%B5%D0%B4%D1%80%D0%B0%D0%BB%D1%8C%D0%BD%D1%8B%D0%B9%20%D1%81%D0%BE%D0%B1%D0%BE%D1%80%20%D0%B3.%D0%91%D0%B5%D0%BB%D0%B3%D0%BE%D1%80%D0%BE%D0%B4%D0%B0.JPG",
        "status": "enriched"
      }
    },
    {
      "type": "Feature",
      "geometry": {
        "type": "Point",
        "coordinates": [
          36.5772,
          50.5828
        ]
      },
      "properties": {
        "id": "belgorod-prince-vladimir-monument-belgorod",
        "name_vi": "Tượng đài Công tước Vladimir Vĩ đại trên Đồi Kharkov (Vla-đi-mia)",
        "name_ru": "Памятник князю Владимиру",
        "name_en": "Monument to Prince Vladimir the Great on Kharkov Hill",
        "region": "Tỉnh Belgorod",
        "categories": [
          "monument"
        ],
        "rating": null,
        "reviews": null,
        "short": "Sừng sững trên Đồi Kharkov nơi cửa ngõ phía nam thành phố, tượng đài cao 22,5 mét tôn vinh Công tước Vladimir, người rửa tội cho nước Nga. Đây vừa là biểu tượng của Belgorod, vừa là đài quan sát tuyệt đẹp nhìn xuống toàn cảnh thành phố.",
        "yandex": "https://yandex.com/maps/?pt=36.5772,50.5828&z=17&l=map",
        "google": "https://www.google.com/maps/search/?api=1&query=50.5828,36.5772",
        "photo": null,
        "status": "enriched"
      }
    },
    {
      "type": "Feature",
      "geometry": {
        "type": "Point",
        "coordinates": [
          35.8003,
          50.5311
        ]
      },
      "properties": {
        "id": "belgorod-round-building-golovchino",
        "name_vi": "Tòa nhà Tròn ở làng Golovchino (Krug-lô-ê Zđa-ni-ê)",
        "name_ru": "Круглое здание (Головчино)",
        "name_en": "The Round Building in Golovchino",
        "region": "Tỉnh Belgorod",
        "categories": [
          "other"
        ],
        "rating": 5.0,
        "reviews": 4,
        "short": "Một công trình kỳ lạ và bí ẩn bậc nhất tỉnh Belgorod: tòa nhà ba tầng hình tròn gần như hoàn hảo, dựng khoảng năm 1790 trong điền trang của dòng họ Khorvat. Cho đến nay, mục đích thật sự của nó – nhà hát, đền Tam điểm, địa đạo hay kho đường – vẫn là câu hỏi chưa lời giải.",
        "yandex": "https://yandex.com/maps/?pt=35.8003,50.5311&z=17&l=map",
        "google": "https://www.google.com/maps/search/?api=1&query=50.5311,35.8003",
        "photo": null,
        "status": "enriched"
      }
    },
    {
      "type": "Feature",
      "geometry": {
        "type": "Point",
        "coordinates": [
          34.329143,
          53.206009
        ]
      },
      "properties": {
        "id": "bryansk-svensky-monastery",
        "name_vi": "Tu viện Svensky Đức Mẹ Lên Trời (Xven-xki Uxpenxki)",
        "name_ru": "Свенский Успенский монастырь",
        "name_en": "Svensky Assumption Monastery",
        "region": "Tỉnh Bryansk",
        "categories": [
          "church"
        ],
        "rating": 4.8,
        "reviews": 1298,
        "short": "Tu viện Svensky Đức Mẹ Lên Trời là một trong những tu viện Chính thống giáo cổ kính nhất nước Nga, tọa lạc trên bờ cao sông Desna ở ngoại ô Bryansk. Được cho là ra đời từ năm 1288, nơi đây nổi bật với những nhà thờ cổ và khung cảnh sông nước thanh bình.",
        "yandex": "https://yandex.com/maps/?pt=34.329143,53.206009&z=17&l=map",
        "google": "https://www.google.com/maps/search/?api=1&query=53.206009,34.329143",
        "photo": "https://commons.wikimedia.org/wiki/Special:FilePath/Water%20tower%20and%20fortress%20wall%20of%20the%20Svensky%20Monastery%2C%20Bryansk.jpg",
        "status": "enriched"
      }
    },
    {
      "type": "Feature",
      "geometry": {
        "type": "Point",
        "coordinates": [
          34.364204,
          53.268498
        ]
      },
      "properties": {
        "id": "bryansk-kurgan-bessmertiya",
        "name_vi": "Gò Bất Tử (Kurgan Bexxmertia)",
        "name_ru": "Курган Бессмертия",
        "name_en": "Mound of Immortality",
        "region": "Tỉnh Bryansk",
        "categories": [
          "monument"
        ],
        "rating": 4.5,
        "reviews": 142,
        "short": "Gò Bất Tử là đài tưởng niệm hùng vĩ dành cho những người Bryansk hy sinh trong Thế chiến II, được đắp năm 1967–1968 từ đất mang về từ khắp các chiến trường. Ngọn gò cao 12 m với đài sao năm cánh trên đỉnh là một biểu tượng thân thuộc của thành phố.",
        "yandex": "https://yandex.com/maps/?pt=34.364204,53.268498&z=17&l=map",
        "google": "https://www.google.com/maps/search/?api=1&query=53.268498,34.364204",
        "photo": "https://commons.wikimedia.org/wiki/Special:FilePath/3052.%20Bryansk.%20Mound%20of%20Immortality.jpg",
        "status": "enriched"
      }
    },
    {
      "type": "Feature",
      "geometry": {
        "type": "Point",
        "coordinates": [
          34.597304,
          53.233572
        ]
      },
      "properties": {
        "id": "bryansk-partizanskaya-polyana",
        "name_vi": "Khu tưởng niệm Trảng Du kích (Partizanxkaya Polyana)",
        "name_ru": "Партизанская поляна",
        "name_en": "Partizan Glade Memorial Complex",
        "region": "Tỉnh Bryansk",
        "categories": [
          "monument",
          "museum"
        ],
        "rating": 4.7,
        "reviews": 139,
        "short": "Khu tưởng niệm Trảng Du kích nằm giữa rừng thông phía đông Bryansk, tôn vinh phong trào kháng chiến du kích trong Chiến tranh Vệ quốc Vĩ đại. Quần thể gồm ngọn lửa vĩnh cửu, đài tưởng niệm, bảo tàng và khí tài quân sự trưng bày ngoài trời.",
        "yandex": "https://yandex.com/maps/?pt=34.597304,53.233572&z=17&l=map",
        "google": "https://www.google.com/maps/search/?api=1&query=53.233572,34.597304",
        "photo": null,
        "status": "enriched"
      }
    },
    {
      "type": "Feature",
      "geometry": {
        "type": "Point",
        "coordinates": [
          33.878948,
          53.371922
        ]
      },
      "properties": {
        "id": "bryansk-tyutchev-ovstug",
        "name_vi": "Bảo tàng - điền trang F.I. Tyutchev ở Ovstug (Chiutchev, Ovxtug)",
        "name_ru": "Музей-усадьба Ф.И. Тютчева «Овстуг»",
        "name_en": "Tyutchev Museum-Estate at Ovstug",
        "region": "Tỉnh Bryansk",
        "categories": [
          "museum",
          "palace",
          "park_garden"
        ],
        "rating": 4.7,
        "reviews": 38,
        "short": "Điền trang Ovstug là nơi sinh và tổ ấm của thi hào Nga Fyodor Tyutchev, nay là khu bảo tồn bảo tàng - điền trang cấp quốc gia. Du khách đến đây để thăm tòa dinh thự phục dựng, dạo công viên rợp bóng cây và hòa mình vào không gian thơ ca điền viên.",
        "yandex": "https://yandex.com/maps/?pt=33.878948,53.371922&z=17&l=map",
        "google": "https://www.google.com/maps/search/?api=1&query=53.371922,33.878948",
        "photo": "https://commons.wikimedia.org/wiki/Special:FilePath/Owstug.JPG",
        "status": "enriched"
      }
    },
    {
      "type": "Feature",
      "geometry": {
        "type": "Point",
        "coordinates": [
          34.371594,
          53.248956
        ]
      },
      "properties": {
        "id": "bryansk-trinity-cathedral",
        "name_vi": "Nhà thờ chính tòa Chúa Ba Ngôi Bryansk (Troitxki xobor)",
        "name_ru": "Троицкий кафедральный собор",
        "name_en": "Trinity Cathedral, Bryansk",
        "region": "Tỉnh Bryansk",
        "categories": [
          "church"
        ],
        "rating": 4.6,
        "reviews": 61,
        "short": "Nhà thờ chính tòa Chúa Ba Ngôi là thánh đường lớn nhất Bryansk, hoàn thành năm 2012 với năm mái vòm dát vàng và tháp chuông cao 80 m. Đây là trung tâm tôn giáo của thành phố và nơi lưu giữ thánh tích Thánh Oleg xứ Bryansk.",
        "yandex": "https://yandex.com/maps/?pt=34.371594,53.248956&z=17&l=map",
        "google": "https://www.google.com/maps/search/?api=1&query=53.248956,34.371594",
        "photo": "https://commons.wikimedia.org/wiki/Special:FilePath/%D0%A1%D0%B2%D1%8F%D1%82%D0%BE-%D1%82%D1%80%D0%BE%D0%B8%D1%86%D0%BA%D0%B8%D0%B9.jpg",
        "status": "enriched"
      }
    },
    {
      "type": "Feature",
      "geometry": {
        "type": "Point",
        "coordinates": [
          34.336063,
          53.283096
        ]
      },
      "properties": {
        "id": "bryansk-chashin-kurgan",
        "name_vi": "Gò Chashin (Chashin Kurgan)",
        "name_ru": "Чашин курган",
        "name_en": "Chashin Kurgan",
        "region": "Tỉnh Bryansk",
        "categories": [
          "monument",
          "fortress"
        ],
        "rating": null,
        "reviews": null,
        "short": "Gò Chashin là di tích của khu định cư có tường thành cổ xưa, được coi là cái nôi khai sinh thành phố Bryansk. Nằm bên bờ sông Desna, nơi đây vẫn lưu giữ dấu tích lũy đất phòng thủ nghìn năm tuổi.",
        "yandex": "https://yandex.com/maps/?pt=34.336063,53.283096&z=17&l=map",
        "google": "https://www.google.com/maps/search/?api=1&query=53.283096,34.336063",
        "photo": "https://commons.wikimedia.org/wiki/Special:FilePath/%D0%A7%D0%B0%D1%88%D0%B8%D0%BD%20%D0%BA%D1%83%D1%80%D0%B3%D0%B0%D0%BD.jpg",
        "status": "enriched"
      }
    },
    {
      "type": "Feature",
      "geometry": {
        "type": "Point",
        "coordinates": [
          33.749944,
          52.954778
        ]
      },
      "properties": {
        "id": "bryansk-tolstoy-krasny-rog",
        "name_vi": "Điền trang A.K. Tolstoy ở Krasny Rog (Tonxtoy, Kraxnyi Rog)",
        "name_ru": "Усадьба А.К. Толстого «Красный Рог»",
        "name_en": "A.K. Tolstoy Estate at Krasny Rog",
        "region": "Tỉnh Bryansk",
        "categories": [
          "museum",
          "palace",
          "park_garden"
        ],
        "rating": 4.6,
        "reviews": 10,
        "short": "Điền trang Krasny Rog gắn liền với cuộc đời văn hào A.K. Tolstoy, nơi ông sống những năm cuối đời, qua đời và an nghỉ. Ngày nay đây là bảo tàng văn học - tưởng niệm với dinh thự, công viên cổ thụ và nhiều kỷ vật của nhà văn.",
        "yandex": "https://yandex.com/maps/?pt=33.749944,52.954778&z=17&l=map",
        "google": "https://www.google.com/maps/search/?api=1&query=52.954778,33.749944",
        "photo": "https://commons.wikimedia.org/wiki/Special:FilePath/%D0%A3%D1%81%D0%B0%D0%B4%D1%8C%D0%B1%D0%B0%20%D0%90%D0%BB%D0%B5%D0%BA%D1%81%D0%B5%D1%8F%20%D0%A2%D0%BE%D0%BB%D1%81%D1%82%D0%BE%D0%B3%D0%BE%2002.JPG",
        "status": "enriched"
      }
    },
    {
      "type": "Feature",
      "geometry": {
        "type": "Point",
        "coordinates": [
          107.203333,
          51.758333
        ]
      },
      "properties": {
        "id": "buryatia-ivolginsky-datsan",
        "name_vi": "Tu viện Phật giáo Ivolginsky (I-von-ghin-xki Đa-tsan)",
        "name_ru": "Иволгинский дацан",
        "name_en": "Ivolginsky Datsan",
        "region": "Cộng hoà Buryatia",
        "categories": [
          "church"
        ],
        "rating": 4.6,
        "reviews": 230,
        "short": "Trung tâm Phật giáo lớn nhất nước Nga, nơi đặt trụ sở của Pandito Khambo Lama và cả một trường đại học Phật giáo giữa thảo nguyên Buryatia. Quần thể chùa tháp rực rỡ sắc màu này còn nổi tiếng với nhục thân bất hoại kỳ bí của Lạt-ma Itigilov.",
        "yandex": "https://yandex.com/maps/?pt=107.203333,51.758333&z=17&l=map",
        "google": "https://www.google.com/maps/search/?api=1&query=51.758333,107.203333",
        "photo": null,
        "status": "enriched"
      }
    },
    {
      "type": "Feature",
      "geometry": {
        "type": "Point",
        "coordinates": [
          108.217,
          52.933
        ]
      },
      "properties": {
        "id": "buryatia-lake-baikal-buryatia-side",
        "name_vi": "Hồ Baikal - bờ Đông (Ba-i-can)",
        "name_ru": "Байкал, восточный берег",
        "name_en": "Lake Baikal, Eastern Shore (Buryatia side)",
        "region": "Cộng hoà Buryatia",
        "categories": [
          "park_garden"
        ],
        "rating": null,
        "reviews": null,
        "short": "Bờ Đông hồ Baikal thuộc Buryatia là mặt hồ dịu dàng và ít khách hơn bờ Tây, nổi bật với bãi cát vàng, vịnh nông ấm áp và suối khoáng nóng. Đây là chốn lý tưởng để tắm hồ, cắm trại và tận hưởng nhịp sống Siberia thư thả.",
        "yandex": "https://yandex.com/maps/?pt=108.217,52.933&z=17&l=map",
        "google": "https://www.google.com/maps/search/?api=1&query=52.933,108.217",
        "photo": "https://commons.wikimedia.org/wiki/Special:FilePath/Lake%20Baikal%2C%20Siberian%20taiga%20on%20slopes%2C%20Siberia%2C%20Russia.jpg",
        "status": "enriched"
      }
    },
    {
      "type": "Feature",
      "geometry": {
        "type": "Point",
        "coordinates": [
          107.585337,
          51.834853
        ]
      },
      "properties": {
        "id": "buryatia-ulan-ude-lenin-head",
        "name_vi": "Tượng đầu Lenin khổng lồ, Ulan-Ude (Le-nin)",
        "name_ru": "Голова Ленина, Улан-Удэ",
        "name_en": "Lenin's Head Monument, Ulan-Ude",
        "region": "Cộng hoà Buryatia",
        "categories": [
          "monument"
        ],
        "rating": 4.4,
        "reviews": 410,
        "short": "Ngay giữa quảng trường trung tâm Ulan-Ude sừng sững chiếc đầu Lenin bằng đồng lớn nhất thế giới, cao 7,7 m và nặng tới 42 tấn. Biểu tượng kỳ lạ và độc nhất vô nhị này là điểm 'check-in' không thể bỏ qua của thành phố.",
        "yandex": "https://yandex.com/maps/?pt=107.585337,51.834853&z=17&l=map",
        "google": "https://www.google.com/maps/search/?api=1&query=51.834853,107.585337",
        "photo": "https://commons.wikimedia.org/wiki/Special:FilePath/The%20memorial%20to%20V.%20I.%20Lenin%20in%20Ulan-Ude.JPG",
        "status": "enriched"
      }
    },
    {
      "type": "Feature",
      "geometry": {
        "type": "Point",
        "coordinates": [
          110.416667,
          54.333333
        ]
      },
      "properties": {
        "id": "buryatia-barguzin-valley",
        "name_vi": "Thung lũng Barguzin (Bar-gu-din)",
        "name_ru": "Баргузинская долина",
        "name_en": "Barguzin Valley",
        "region": "Cộng hoà Buryatia",
        "categories": [
          "park_garden"
        ],
        "rating": null,
        "reviews": null,
        "short": "Thung lũng Barguzin là vùng đất thiêng của người Buryat, trải dài 200 km giữa hai dãy núi bên bờ đông Baikal. Nơi đây quyện lẫn thảo nguyên, đầm lầy, cồn cát, suối nóng và vô số truyền thuyết về các vị thần linh.",
        "yandex": "https://yandex.com/maps/?pt=110.416667,54.333333&z=17&l=map",
        "google": "https://www.google.com/maps/search/?api=1&query=54.333333,110.416667",
        "photo": null,
        "status": "enriched"
      }
    },
    {
      "type": "Feature",
      "geometry": {
        "type": "Point",
        "coordinates": [
          108.85,
          53.69
        ]
      },
      "properties": {
        "id": "buryatia-svyatoy-nos-peninsula",
        "name_vi": "Bán đảo Svyatoy Nos và vịnh Chivyrkuysky (Xvi-a-toi Noxơ)",
        "name_ru": "Полуостров Святой Нос, Чивыркуйский залив",
        "name_en": "Svyatoy Nos Peninsula & Chivyrkuysky Bay",
        "region": "Cộng hoà Buryatia",
        "categories": [
          "park_garden"
        ],
        "rating": null,
        "reviews": null,
        "short": "Svyatoy Nos - 'Mũi Thiêng' - là bán đảo lớn nhất và duy nhất trên hồ Baikal, nối với đất liền bằng một dải eo đất hẹp. Leo lên đỉnh cao gần 1.900 m, du khách được thưởng khung cảnh toàn cảnh ngoạn mục xuống hai vịnh xanh biếc.",
        "yandex": "https://yandex.com/maps/?pt=108.85,53.69&z=17&l=map",
        "google": "https://www.google.com/maps/search/?api=1&query=53.69,108.85",
        "photo": "https://commons.wikimedia.org/wiki/Special:FilePath/Svyatoy%20Nos%20Peninsula%20Buryatia.jpg",
        "status": "enriched"
      }
    },
    {
      "type": "Feature",
      "geometry": {
        "type": "Point",
        "coordinates": [
          102.42889,
          51.90861
        ]
      },
      "properties": {
        "id": "buryatia-tunka-valley",
        "name_vi": "Thung lũng Tunka (Tun-ka)",
        "name_ru": "Тункинская долина",
        "name_en": "Tunka Valley",
        "region": "Cộng hoà Buryatia",
        "categories": [
          "park_garden"
        ],
        "rating": 4.9,
        "reviews": 31,
        "short": "Thung lũng Tunka trải dài dưới chân dãy Đông Sayan tuyết phủ, nổi tiếng với suối khoáng chữa bệnh, thác nước và núi lửa đã tắt. Làng nghỉ dưỡng Arshan là cửa ngõ để tận hưởng thiên nhiên trong lành và văn hóa Buryat.",
        "yandex": "https://yandex.com/maps/?pt=102.42889,51.90861&z=17&l=map",
        "google": "https://www.google.com/maps/search/?api=1&query=51.90861,102.42889",
        "photo": "https://commons.wikimedia.org/wiki/Special:FilePath/Road%20in%20the%20Tunkinsky%20district%20of%20Buryatia%2C%20Russia.jpg",
        "status": "enriched"
      }
    },
    {
      "type": "Feature",
      "geometry": {
        "type": "Point",
        "coordinates": [
          107.359722,
          51.480556
        ]
      },
      "properties": {
        "id": "buryatia-old-believers-tarbagatai",
        "name_vi": "Làng tín đồ Cựu giáo Tarbagatai (Tar-ba-ga-tai)",
        "name_ru": "Тарбагатай (старообрядцы)",
        "name_en": "Tarbagatai Old Believers Village",
        "region": "Cộng hoà Buryatia",
        "categories": [
          "museum",
          "church"
        ],
        "rating": 4.8,
        "reviews": 12,
        "short": "Tarbagatai là một trong những làng Cựu giáo Semeiskie lớn nhất vùng Ngoại Baikal, nơi lưu giữ nếp sống, trang phục và dân ca độc đáo có tuổi đời hàng thế kỷ. Di sản văn hóa của họ đã được UNESCO công nhận là kiệt tác truyền khẩu và phi vật thể của nhân loại.",
        "yandex": "https://yandex.com/maps/?pt=107.359722,51.480556&z=17&l=map",
        "google": "https://www.google.com/maps/search/?api=1&query=51.480556,107.359722",
        "photo": null,
        "status": "enriched"
      }
    },
    {
      "type": "Feature",
      "geometry": {
        "type": "Point",
        "coordinates": [
          109.033,
          53.4
        ]
      },
      "properties": {
        "id": "buryatia-ust-barguzin",
        "name_vi": "Thị trấn Ust-Barguzin (U-xtơ Bar-gu-din)",
        "name_ru": "Усть-Баргузин",
        "name_en": "Ust-Barguzin",
        "region": "Cộng hoà Buryatia",
        "categories": [
          "other"
        ],
        "rating": null,
        "reviews": null,
        "short": "Ust-Barguzin là thị trấn làng chài nằm nơi sông Barguzin gặp hồ Baikal, cửa ngõ chính để khám phá Vườn quốc gia Zabaikalsky và bán đảo Svyatoy Nos. Đây là điểm dừng chân quen thuộc trên hành trình bờ đông Baikal.",
        "yandex": "https://yandex.com/maps/?pt=109.033,53.4&z=17&l=map",
        "google": "https://www.google.com/maps/search/?api=1&query=53.4,109.033",
        "photo": null,
        "status": "enriched"
      }
    },
    {
      "type": "Feature",
      "geometry": {
        "type": "Point",
        "coordinates": [
          45.6926,
          43.3184
        ]
      },
      "properties": {
        "id": "chechnya-heart-of-chechnya-mosque",
        "name_vi": "Nhà thờ Hồi giáo Trái tim Chechnya, Grozny (Xéc-tse Chéc-ni)",
        "name_ru": "Мечеть «Сердце Чечни» имени Ахмата Кадырова",
        "name_en": "Heart of Chechnya Mosque (Akhmad Kadyrov Mosque)",
        "region": "Cộng hoà Chechnya",
        "categories": [
          "church"
        ],
        "rating": 4.9,
        "reviews": 318,
        "short": "Được xem là biểu tượng của thủ phủ Grozny, 'Trái tim Chechnya' là một trong những thánh đường Hồi giáo tráng lệ nhất nước Nga. Công trình mang phong cách Ottoman cổ điển, nổi bật giữa công viên cây xanh bên bờ sông Sunzha.",
        "yandex": "https://yandex.com/maps/?pt=45.6926,43.3184&z=17&l=map",
        "google": "https://www.google.com/maps/search/?api=1&query=43.3184,45.6926",
        "photo": "https://commons.wikimedia.org/wiki/Special:FilePath/Grozny.%20Grozny-City%20Towers.%20Mosque%20The%20Heart%20of%20Chechnya%20PB040055%202200.jpg",
        "status": "enriched"
      }
    },
    {
      "type": "Feature",
      "geometry": {
        "type": "Point",
        "coordinates": [
          45.6967,
          43.3158
        ]
      },
      "properties": {
        "id": "chechnya-grozny-city-towers",
        "name_vi": "Tổ hợp cao ốc Grozny-City (Grô-dơ-nưi Xi-ti)",
        "name_ru": "Грозный-Сити",
        "name_en": "Grozny-City Towers",
        "region": "Cộng hoà Chechnya",
        "categories": [
          "monument"
        ],
        "rating": 4.4,
        "reviews": 7,
        "short": "Grozny-City là tổ hợp bảy tòa nhà chọc trời hiện đại vươn lên bên bờ sông Sunzha, biểu tượng cho diện mạo mới của Grozny sau tái thiết. Tòa cao nhất từng giữ danh hiệu công trình cao nhất Chechnya và sở hữu chiếc đồng hồ thuộc hàng lớn nhất châu Âu.",
        "yandex": "https://yandex.com/maps/?pt=45.6967,43.3158&z=17&l=map",
        "google": "https://www.google.com/maps/search/?api=1&query=43.3158,45.6967",
        "photo": "https://commons.wikimedia.org/wiki/Special:FilePath/Grozny%2C%20Russia%2C%20Grozny-City%20Towers.jpg",
        "status": "enriched"
      }
    },
    {
      "type": "Feature",
      "geometry": {
        "type": "Point",
        "coordinates": [
          45.9047,
          43.157
        ]
      },
      "properties": {
        "id": "chechnya-pride-of-muslims-mosque-shali",
        "name_vi": "Nhà thờ Hồi giáo Niềm tự hào của người Hồi giáo, Shali (Go-đôx Mu-xun-man)",
        "name_ru": "Мечеть «Гордость мусульман» имени пророка Мухаммеда",
        "name_en": "Pride of Muslims Mosque",
        "region": "Cộng hoà Chechnya",
        "categories": [
          "church"
        ],
        "rating": 5.0,
        "reviews": 14,
        "short": "Tọa lạc ở thành phố Shali, 'Niềm tự hào của người Hồi giáo' được ca ngợi là thánh đường Hồi giáo lớn nhất châu Âu. Công trình bằng đá cẩm thạch trắng mang phong cách Trung Á, gợi nhớ những kiệt tác ở Samarkand và Bukhara.",
        "yandex": "https://yandex.com/maps/?pt=45.9047,43.157&z=17&l=map",
        "google": "https://www.google.com/maps/search/?api=1&query=43.157,45.9047",
        "photo": "https://commons.wikimedia.org/wiki/Special:FilePath/Muslim%20pride%20mosque%20Shali%20Chechnya%2009.jpg",
        "status": "enriched"
      }
    },
    {
      "type": "Feature",
      "geometry": {
        "type": "Point",
        "coordinates": [
          46.13333,
          42.78333
        ]
      },
      "properties": {
        "id": "chechnya-lake-kezenoyam",
        "name_vi": "Hồ Kezenoy-Am (Kê-dê-nôi Am)",
        "name_ru": "Озеро Кезеной-Ам",
        "name_en": "Lake Kezenoyam",
        "region": "Cộng hoà Chechnya",
        "categories": [
          "park_garden"
        ],
        "rating": 4.8,
        "reviews": 65,
        "short": "Nằm ở độ cao gần 1.870 m trên biên giới Chechnya – Dagestan, Kezenoy-Am là hồ trên núi sâu và lớn nhất vùng Bắc Kavkaz. Mặt nước xanh ngọc phẳng lặng in bóng những sườn núi trọc tạo nên khung cảnh ngoạn mục.",
        "yandex": "https://yandex.com/maps/?pt=46.13333,42.78333&z=17&l=map",
        "google": "https://www.google.com/maps/search/?api=1&query=42.78333,46.13333",
        "photo": "https://commons.wikimedia.org/wiki/Special:FilePath/%D0%9A%D0%B5%D0%B7%D0%B5%D0%BD%D0%BE%D0%B9%D0%B0%D0%BC.jpg",
        "status": "enriched"
      }
    },
    {
      "type": "Feature",
      "geometry": {
        "type": "Point",
        "coordinates": [
          45.618795,
          42.788247
        ]
      },
      "properties": {
        "id": "chechnya-ushkaloy-towers",
        "name_vi": "Tháp cổ Ushkaloy (U-sờ-ca-lôi)",
        "name_ru": "Ушкалойские башни",
        "name_en": "Ushkaloy Towers",
        "region": "Cộng hoà Chechnya",
        "categories": [
          "fortress",
          "monument"
        ],
        "rating": 4.3,
        "reviews": 14,
        "short": "Ushkaloy là cặp tháp canh cổ dựng sát vào vách đá, án ngữ đoạn hẹp nhất của hẻm núi Argun. Được xây từ khoảng thế kỷ 11–12, chúng từng canh giữ tuyến đường thương mại xuyên Kavkaz.",
        "yandex": "https://yandex.com/maps/?pt=45.618795,42.788247&z=17&l=map",
        "google": "https://www.google.com/maps/search/?api=1&query=42.788247,45.618795",
        "photo": "https://commons.wikimedia.org/wiki/Special:FilePath/%D0%A3%D1%88%D0%BA%D0%B0%D0%BB%D0%BE%D0%B9%D1%81%D0%BA%D0%B8%D0%B5%20%D0%B1%D0%B0%D1%88%D0%BD%D0%B8%20%D0%B8%20%D0%90%D1%80%D0%B3%D1%83%D0%BD.JPG",
        "status": "enriched"
      }
    },
    {
      "type": "Feature",
      "geometry": {
        "type": "Point",
        "coordinates": [
          45.3657,
          42.8228
        ]
      },
      "properties": {
        "id": "chechnya-nikaroy-tower-complex",
        "name_vi": "Quần thể tháp cổ Nikaroy (Ni-ca-rôi)",
        "name_ru": "Никарой (башенный комплекс)",
        "name_en": "Nikaroy Tower Complex",
        "region": "Cộng hoà Chechnya",
        "categories": [
          "fortress",
          "monument"
        ],
        "rating": null,
        "reviews": null,
        "short": "Nikaroy là một trong những quần thể tháp cổ được bảo tồn tốt nhất Chechnya, được mệnh danh 'viên ngọc của hẻm núi Terloy'. Nằm sâu trong vùng núi hoang vắng, nơi đây còn nguyên tháp chiến, tháp ở, thánh đường và cả một nghĩa địa cổ.",
        "yandex": "https://yandex.com/maps/?pt=45.3657,42.8228&z=17&l=map",
        "google": "https://www.google.com/maps/search/?api=1&query=42.8228,45.3657",
        "photo": null,
        "status": "enriched"
      }
    },
    {
      "type": "Feature",
      "geometry": {
        "type": "Point",
        "coordinates": [
          45.867218,
          43.291752
        ]
      },
      "properties": {
        "id": "chechnya-argun-mosque-mother-of-hearts",
        "name_vi": "Nhà thờ Hồi giáo Trái tim người mẹ, Argun (Xéc-tse Ma-tê-ri)",
        "name_ru": "Мечеть «Сердце матери» имени Аймани Кадыровой",
        "name_en": "Aymani Kadyrova Mosque ('Mother's Heart')",
        "region": "Cộng hoà Chechnya",
        "categories": [
          "church"
        ],
        "rating": 4.9,
        "reviews": 65,
        "short": "'Trái tim người mẹ' ở thành phố Argun là thánh đường Hồi giáo theo phong cách hi-tech đầu tiên và độc nhất ở Nga. Mái vòm bê tông hình bán cầu cùng những mảng kính lớn và hệ đèn LED đổi màu khiến công trình bừng sáng ngoạn mục về đêm.",
        "yandex": "https://yandex.com/maps/?pt=45.867218,43.291752&z=17&l=map",
        "google": "https://www.google.com/maps/search/?api=1&query=43.291752,45.867218",
        "photo": "https://commons.wikimedia.org/wiki/Special:FilePath/Haja%20Aymani%20Kadyrova%20Mosque%20in%20Argun%2C%20Chechnya.jpg",
        "status": "enriched"
      }
    },
    {
      "type": "Feature",
      "geometry": {
        "type": "Point",
        "coordinates": [
          60.067,
          55.15
        ]
      },
      "properties": {
        "id": "chelyabinsk-lake-turgoyak",
        "name_vi": "Hồ Turgoyak (Tuốc-gôi-ác)",
        "name_ru": "Озеро Тургояк",
        "name_en": "Lake Turgoyak",
        "region": "Tỉnh Chelyabinsk",
        "categories": [
          "park_garden"
        ],
        "rating": 4.8,
        "reviews": 175,
        "short": "Turgoyak là hồ nước ngọt trong vắt nằm giữa những cánh rừng thông ở vùng Nam Ural, thường được ví như 'người em' của hồ Baikal nhờ độ tinh khiết hiếm có. Mặt nước có thể nhìn xuyên xuống độ sâu hơn 10 mét, còn giữa hồ là đảo Vera bí ẩn với các công trình cự thạch cổ.",
        "yandex": "https://yandex.com/maps/?pt=60.067,55.15&z=17&l=map",
        "google": "https://www.google.com/maps/search/?api=1&query=55.15,60.067",
        "photo": "https://commons.wikimedia.org/wiki/Special:FilePath/%D0%9F%D1%83%D0%B3%D0%B0%D1%87%D1%91%D0%B2%D1%81%D0%BA%D0%B8%D0%B9%20%D0%B3%D1%80%D0%BE%D1%82%20%D0%BD%D0%B0%20%D0%BE%D0%B7%D0%B5%D1%80%D0%B5%20%D0%A2%D1%83%D1%80%D0%B3%D0%BE%D1%8F%D0%BA.jpg",
        "status": "enriched"
      }
    },
    {
      "type": "Feature",
      "geometry": {
        "type": "Point",
        "coordinates": [
          59.731585,
          55.221313
        ]
      },
      "properties": {
        "id": "chelyabinsk-taganay-national-park",
        "name_vi": "Vườn quốc gia Taganay (Ta-ga-nai)",
        "name_ru": "Национальный парк «Таганай»",
        "name_en": "Taganay National Park",
        "region": "Tỉnh Chelyabinsk",
        "categories": [
          "park_garden"
        ],
        "rating": 4.9,
        "reviews": 841,
        "short": "Taganay là vườn quốc gia trải dài trên những dãy núi đá cổ ở Nam Ural, ngay sát thành phố Zlatoust. Nơi đây nổi tiếng với các sống núi đá kỳ vĩ, 'dòng sông đá' khổng lồ và mạng lưới đường mòn leo núi hấp dẫn dân trekking.",
        "yandex": "https://yandex.com/maps/?pt=59.731585,55.221313&z=17&l=map",
        "google": "https://www.google.com/maps/search/?api=1&query=55.221313,59.731585",
        "photo": "https://commons.wikimedia.org/wiki/Special:FilePath/%D0%A2%D0%B0%D0%B3%D0%B0%D0%BD%D0%B0%D0%B9%2C%20%D0%9E%D1%82%D0%BA%D0%BB%D0%B8%D0%BA%D0%BD%D0%BE%D0%B9%20%D0%93%D1%80%D0%B5%D0%B1%D0%B5%D0%BD%D1%8C.jpg",
        "status": "enriched"
      }
    },
    {
      "type": "Feature",
      "geometry": {
        "type": "Point",
        "coordinates": [
          59.2,
          54.9167
        ]
      },
      "properties": {
        "id": "chelyabinsk-zyuratkul-national-park",
        "name_vi": "Vườn quốc gia Zyuratkul (Diu-rát-cun)",
        "name_ru": "Национальный парк «Зюраткуль»",
        "name_en": "Zyuratkul National Park",
        "region": "Tỉnh Chelyabinsk",
        "categories": [
          "park_garden"
        ],
        "rating": 4.6,
        "reviews": 40,
        "short": "Zyuratkul là vườn quốc gia bao quanh hồ núi cao nhất vùng Ural - hồ Zyuratkul nằm ở độ cao khoảng 724 m. Cảnh sắc kết hợp giữa mặt hồ màu trà, những dãy núi phủ rừng và các đường mòn sinh thái nổi tiếng.",
        "yandex": "https://yandex.com/maps/?pt=59.2,54.9167&z=17&l=map",
        "google": "https://www.google.com/maps/search/?api=1&query=54.9167,59.2",
        "photo": "https://commons.wikimedia.org/wiki/Special:FilePath/Zyuratkul%20National%20Park%2C%20Chelyabinsk%20Region%2C%20Russia.jpg",
        "status": "enriched"
      }
    },
    {
      "type": "Feature",
      "geometry": {
        "type": "Point",
        "coordinates": [
          59.571111,
          52.649167
        ]
      },
      "properties": {
        "id": "chelyabinsk-arkaim",
        "name_vi": "Arkaim (Ạc-ca-im)",
        "name_ru": "Аркаим",
        "name_en": "Arkaim",
        "region": "Tỉnh Chelyabinsk",
        "categories": [
          "fortress",
          "museum",
          "monument"
        ],
        "rating": 4.3,
        "reviews": 52,
        "short": "Arkaim là di chỉ khu định cư phòng thủ thời đại đồ đồng, khoảng 4.000 năm tuổi, thuộc nền văn hóa Sintashta - 'Xứ sở của các thành phố'. Khu bảo tồn - bảo tàng ngoài trời tái hiện vòng thành tròn độc đáo và thu hút cả du khách tìm kiếm 'năng lượng tâm linh'.",
        "yandex": "https://yandex.com/maps/?pt=59.571111,52.649167&z=17&l=map",
        "google": "https://www.google.com/maps/search/?api=1&query=52.649167,59.571111",
        "photo": "https://commons.wikimedia.org/wiki/Special:FilePath/Arkaim%20plane.jpg",
        "status": "enriched"
      }
    },
    {
      "type": "Feature",
      "geometry": {
        "type": "Point",
        "coordinates": [
          57.7815,
          54.90045
        ]
      },
      "properties": {
        "id": "chelyabinsk-ignatievskaya-cave",
        "name_vi": "Hang Ignatievskaya (I-nhát-chi-ép-xcai-a)",
        "name_ru": "Игнатьевская пещера",
        "name_en": "Ignatievskaya Cave",
        "region": "Tỉnh Chelyabinsk",
        "categories": [
          "other",
          "monument"
        ],
        "rating": null,
        "reviews": null,
        "short": "Ignatievskaya là hang karst nổi tiếng bên sông Sim, nơi lưu giữ hơn 50 hình vẽ thời đồ đá cũ có niên đại 12.000-14.000 năm. Hang còn gắn với truyền thuyết về ẩn sĩ Ignatiy và khối canxit được người dân xem là 'khuôn mặt Đức Mẹ'.",
        "yandex": "https://yandex.com/maps/?pt=57.7815,54.90045&z=17&l=map",
        "google": "https://www.google.com/maps/search/?api=1&query=54.90045,57.7815",
        "photo": "https://commons.wikimedia.org/wiki/Special:FilePath/Russia%20Ignateva%20Cave%20Figure.JPG",
        "status": "enriched"
      }
    },
    {
      "type": "Feature",
      "geometry": {
        "type": "Point",
        "coordinates": [
          61.397669,
          55.168303
        ]
      },
      "properties": {
        "id": "chelyabinsk-chelyabinsk-meteorite-museum",
        "name_vi": "Bảo tàng Lịch sử Nam Ural - thiên thạch Chelyabinsk (Chê-li-a-bin)",
        "name_ru": "Государственный исторический музей Южного Урала (метеорит «Челябинск»)",
        "name_en": "State Historical Museum of the Southern Urals (Chelyabinsk meteorite)",
        "region": "Tỉnh Chelyabinsk",
        "categories": [
          "museum"
        ],
        "rating": 4.6,
        "reviews": 311,
        "short": "Bảo tàng Lịch sử Nam Ural bên bờ sông Miass là nơi trưng bày mảnh lớn nhất của thiên thạch Chelyabinsk - khối đá vũ trụ nặng 505 kg rơi xuống năm 2013. Ngoài 'ngôi sao' này, bảo tàng còn kể câu chuyện thiên nhiên và lịch sử của cả vùng Nam Ural.",
        "yandex": "https://yandex.com/maps/?pt=61.397669,55.168303&z=17&l=map",
        "google": "https://www.google.com/maps/search/?api=1&query=55.168303,61.397669",
        "photo": "https://commons.wikimedia.org/wiki/Special:FilePath/Chelyabinsk%20meteorite%20Historical%20Museum%201.jpg",
        "status": "enriched"
      }
    },
    {
      "type": "Feature",
      "geometry": {
        "type": "Point",
        "coordinates": [
          59.672425,
          55.173113
        ]
      },
      "properties": {
        "id": "chelyabinsk-zlatoust-mountain-park-bazhov",
        "name_vi": "Công viên Núi Bazhov (Ba-giốp), Zlatoust",
        "name_ru": "Горный парк им. П. П. Бажова",
        "name_en": "Bazhov Mountain Park (Zlatoust)",
        "region": "Tỉnh Chelyabinsk",
        "categories": [
          "park_garden",
          "museum"
        ],
        "rating": 4.9,
        "reviews": 124,
        "short": "Công viên Núi mang tên nhà văn Pavel Bazhov ở Zlatoust là quần thể nhỏ xinh dành riêng cho các nhân vật trong truyện cổ tích Ural. Nơi đây kết hợp tượng gang, bộ sưu tập khoáng vật và đài quan sát nhìn ra dãy núi.",
        "yandex": "https://yandex.com/maps/?pt=59.672425,55.173113&z=17&l=map",
        "google": "https://www.google.com/maps/search/?api=1&query=55.173113,59.672425",
        "photo": null,
        "status": "enriched"
      }
    },
    {
      "type": "Feature",
      "geometry": {
        "type": "Point",
        "coordinates": [
          60.460367,
          55.714967
        ]
      },
      "properties": {
        "id": "chelyabinsk-sugomak-cave-kyshtym",
        "name_vi": "Hang Sugomak (Xu-gô-mác)",
        "name_ru": "Сугомакская пещера",
        "name_en": "Sugomak Cave",
        "region": "Tỉnh Chelyabinsk",
        "categories": [
          "other"
        ],
        "rating": 4.4,
        "reviews": 14,
        "short": "Hang Sugomak gần Kyshtym là hang duy nhất ở Ural được tạo thành trong đá cẩm thạch, dài khoảng 123 m với ba 'gian' nối nhau. Đây là điểm dừng quen thuộc trong hành trình chinh phục núi và hồ Sugomak.",
        "yandex": "https://yandex.com/maps/?pt=60.460367,55.714967&z=17&l=map",
        "google": "https://www.google.com/maps/search/?api=1&query=55.714967,60.460367",
        "photo": "https://commons.wikimedia.org/wiki/Special:FilePath/%D0%A1%D1%83%D0%B3%D0%BE%D0%BC%D0%B0%D0%BA%D1%81%D0%BA%D0%B0%D1%8F%20%D0%BF%D0%B5%D1%89%D0%B5%D1%80%D0%B0.%20%D0%92%D0%B8%D0%B4%20%D0%BD%D0%B0%20%D0%B2%D1%85%D0%BE%D0%B4%20%D0%B8%D0%B7%20%D0%BF%D0%B5%D1%89%D0%B5%D1%80%D1%8B.%20%D0%97%D0%B8%D0%BC%D0%B0.jpg",
        "status": "enriched"
      }
    },
    {
      "type": "Feature",
      "geometry": {
        "type": "Point",
        "coordinates": [
          -172.522087,
          64.642116
        ]
      },
      "properties": {
        "id": "chukotka-whale-bone-alley-yttygran",
        "name_vi": "Hẻm Xương Cá voi trên đảo Yttygran (Ki-tô-vai-a A-lê-ia)",
        "name_ru": "Китовая аллея (остров Ыттыгран)",
        "name_en": "Whale Bone Alley (Yttygran Island)",
        "region": "Khu tự trị Chukotka",
        "categories": [
          "monument"
        ],
        "rating": 5.0,
        "reviews": 1,
        "short": "Hẻm Xương Cá voi là một di chỉ khảo cổ bí ẩn trên hòn đảo hoang Yttygran, nơi hàng trăm xương hàm và hộp sọ cá voi bắc cực được dựng thẳng thành hàng dọc bờ biển. Được người Eskimo cổ tạo nên cách đây khoảng sáu thế kỷ, đây là công trình nghi lễ độc nhất vô nhị ở vùng Bắc Cực.",
        "yandex": "https://yandex.com/maps/?pt=-172.522087,64.642116&z=17&l=map",
        "google": "https://www.google.com/maps/search/?api=1&query=64.642116,-172.522087",
        "photo": "https://commons.wikimedia.org/wiki/Special:FilePath/Whale%20Bones%2C%20Yttygran%20Island.jpg",
        "status": "enriched"
      }
    },
    {
      "type": "Feature",
      "geometry": {
        "type": "Point",
        "coordinates": [
          -169.651944,
          66.079167
        ]
      },
      "properties": {
        "id": "chukotka-cape-dezhnev",
        "name_vi": "Mũi Dezhnev (Mưx Đê-giơ-nhi-ốp)",
        "name_ru": "Мыс Дежнёва",
        "name_en": "Cape Dezhnev",
        "region": "Khu tự trị Chukotka",
        "categories": [
          "park_garden",
          "monument"
        ],
        "rating": 5.0,
        "reviews": 2,
        "short": "Mũi Dezhnev là điểm cực đông của lục địa Á–Âu, nơi đất liền nước Nga chỉ cách Alaska (Mỹ) khoảng 82 km qua eo biển Bering. Trên vách đá dựng đứng nhìn ra hai đại dương sừng sững ngọn hải đăng kiêm đài tưởng niệm nhà thám hiểm Semyon Dezhnyov.",
        "yandex": "https://yandex.com/maps/?pt=-169.651944,66.079167&z=17&l=map",
        "google": "https://www.google.com/maps/search/?api=1&query=66.079167,-169.651944",
        "photo": "https://commons.wikimedia.org/wiki/Special:FilePath/Kap%20Deschnjow%201%202013-08-02.jpg",
        "status": "enriched"
      }
    },
    {
      "type": "Feature",
      "geometry": {
        "type": "Point",
        "coordinates": [
          -179.416667,
          71.233333
        ]
      },
      "properties": {
        "id": "chukotka-wrangel-island-reserve",
        "name_vi": "Khu bảo tồn thiên nhiên đảo Wrangel (Ôx-trốp Vran-ghê-lia)",
        "name_ru": "Остров Врангеля (заповедник)",
        "name_en": "Wrangel Island Nature Reserve",
        "region": "Khu tự trị Chukotka",
        "categories": [
          "park_garden"
        ],
        "rating": 4.5,
        "reviews": 11,
        "short": "Đảo Wrangel là khu bảo tồn thiên nhiên nghiêm ngặt nằm sâu trong Bắc Băng Dương, được UNESCO công nhận Di sản Thế giới năm 2004. Hòn đảo nổi tiếng là 'nhà hộ sinh của gấu Bắc Cực' với mật độ hang đẻ dày nhất hành tinh.",
        "yandex": "https://yandex.com/maps/?pt=-179.416667,71.233333&z=17&l=map",
        "google": "https://www.google.com/maps/search/?api=1&query=71.233333,-179.416667",
        "photo": "https://commons.wikimedia.org/wiki/Special:FilePath/Wrangel%20Island%20tundra.jpg",
        "status": "enriched"
      }
    },
    {
      "type": "Feature",
      "geometry": {
        "type": "Point",
        "coordinates": [
          177.521783,
          64.735585
        ]
      },
      "properties": {
        "id": "chukotka-anadyr-transfiguration-cathedral",
        "name_vi": "Nhà thờ Chính tòa Chúa Ba Ngôi Anadyr (Xvai-a-tô Trôi-txki Xô-bo)",
        "name_ru": "Свято-Троицкий кафедральный собор (Анадырь)",
        "name_en": "Holy Trinity Cathedral (Anadyr)",
        "region": "Khu tự trị Chukotka",
        "categories": [
          "church"
        ],
        "rating": 4.7,
        "reviews": 16,
        "short": "Nhà thờ Chính tòa Chúa Ba Ngôi ở Anadyr là ngôi thánh đường bằng gỗ lớn nhất thế giới còn hoạt động, và là một trong những nhà thờ đầu tiên được dựng hoàn toàn trên nền băng vĩnh cửu. Chín mái vòm ánh kim của công trình là biểu tượng rực rỡ giữa thành phố cực đông nước Nga.",
        "yandex": "https://yandex.com/maps/?pt=177.521783,64.735585&z=17&l=map",
        "google": "https://www.google.com/maps/search/?api=1&query=64.735585,177.521783",
        "photo": null,
        "status": "enriched"
      }
    },
    {
      "type": "Feature",
      "geometry": {
        "type": "Point",
        "coordinates": [
          -179.123333,
          66.318333
        ]
      },
      "properties": {
        "id": "chukotka-egvekinot-arctic-circle",
        "name_vi": "Egvekinot – Cổng vòm Vòng Bắc Cực (Pô-lia-rnưi Krug)",
        "name_ru": "Эгвекинот, арка «Полярный круг»",
        "name_en": "Egvekinot & the Arctic Circle Arch",
        "region": "Khu tự trị Chukotka",
        "categories": [
          "monument",
          "park_garden"
        ],
        "rating": null,
        "reviews": null,
        "short": "Egvekinot là thị trấn cảng nhỏ nép bên vịnh Kresta, cửa ngõ để chạm tay vào Vòng Bắc Cực. Cách trung tâm chừng 24 km trên con đường huyền thoại đi Iultin sừng sững cổng vòm bê tông «Vòng Bắc Cực» dựng năm 1981 — tấm 'danh thiếp' của cả vùng.",
        "yandex": "https://yandex.com/maps/?pt=-179.123333,66.318333&z=17&l=map",
        "google": "https://www.google.com/maps/search/?api=1&query=66.318333,-179.123333",
        "photo": null,
        "status": "enriched"
      }
    },
    {
      "type": "Feature",
      "geometry": {
        "type": "Point",
        "coordinates": [
          176.9,
          62.583333
        ]
      },
      "properties": {
        "id": "chukotka-meynypilgyno-birds",
        "name_vi": "Làng Meynypilgyno – vùng chim rẽ mỏ thìa (Mây-nư-pin-gư-nô)",
        "name_ru": "Мейныпильгыно",
        "name_en": "Meynypilgyno",
        "region": "Khu tự trị Chukotka",
        "categories": [
          "park_garden"
        ],
        "rating": null,
        "reviews": null,
        "short": "Meynypilgyno là ngôi làng Chukchi nhỏ bên bờ Biển Bering, nổi tiếng toàn cầu là một trong những bãi sinh sản cuối cùng của chim rẽ mỏ thìa — loài chim cực kỳ nguy cấp. Đây được xem là 'thánh địa' của giới quan sát chim và các nhà bảo tồn.",
        "yandex": "https://yandex.com/maps/?pt=176.9,62.583333&z=17&l=map",
        "google": "https://www.google.com/maps/search/?api=1&query=62.583333,176.9",
        "photo": "https://commons.wikimedia.org/wiki/Special:FilePath/Calidris%20pygmaea%20%28spoon-billed%20sandpiper%29.jpg",
        "status": "enriched"
      }
    },
    {
      "type": "Feature",
      "geometry": {
        "type": "Point",
        "coordinates": [
          47.2475,
          56.1475
        ]
      },
      "properties": {
        "id": "chuvashia-cheboksary-bay",
        "name_vi": "Vịnh Cheboksary (Cheboksarsky Zaliv)",
        "name_ru": "Чебоксарский залив",
        "name_en": "Cheboksary Bay",
        "region": "Cộng hoà Chuvashia",
        "categories": [
          "park_garden",
          "square_street"
        ],
        "rating": 4.6,
        "reviews": 53,
        "short": "Nằm ngay giữa lòng thủ phủ Cheboksary, Vịnh Cheboksary là 'trái tim' cảnh quan và sinh hoạt của cả thành phố. Vịnh hình thành khi hồ chứa nhà máy thủy điện Cheboksary dâng nước, và nay là quần thể bờ kè, quảng trường, đài phun nước cùng cây cầu đi bộ biểu tượng.",
        "yandex": "https://yandex.com/maps/?pt=47.2475,56.1475&z=17&l=map",
        "google": "https://www.google.com/maps/search/?api=1&query=56.1475,47.2475",
        "photo": "https://commons.wikimedia.org/wiki/Special:FilePath/Cheboksary%20Winter%20Bay.jpg",
        "status": "enriched"
      }
    },
    {
      "type": "Feature",
      "geometry": {
        "type": "Point",
        "coordinates": [
          47.24193,
          56.14872
        ]
      },
      "properties": {
        "id": "chuvashia-mother-patroness-monument",
        "name_vi": "Tượng đài Mẹ Bảo Trợ (Monument Materi-Pokrovitelnitse)",
        "name_ru": "Монумент Матери-Покровительнице",
        "name_en": "Monument to the Mother Patroness",
        "region": "Cộng hoà Chuvashia",
        "categories": [
          "monument"
        ],
        "rating": 4.5,
        "reviews": 248,
        "short": "Cao 46 mét và vươn lên từ mỏm đất bên bờ Vịnh Cheboksary, Tượng đài Mẹ Bảo Trợ khắc họa hình tượng người mẹ Chuvash trong trang phục truyền thống, dang rộng vòng tay che chở. Khánh thành năm 2003, tượng đã trở thành biểu tượng không chính thức của thành phố.",
        "yandex": "https://yandex.com/maps/?pt=47.24193,56.14872&z=17&l=map",
        "google": "https://www.google.com/maps/search/?api=1&query=56.14872,47.24193",
        "photo": "https://commons.wikimedia.org/wiki/Special:FilePath/Cheboksary-Monument.jpg",
        "status": "enriched"
      }
    },
    {
      "type": "Feature",
      "geometry": {
        "type": "Point",
        "coordinates": [
          47.252661,
          56.145398
        ]
      },
      "properties": {
        "id": "chuvashia-chuvash-national-museum",
        "name_vi": "Bảo tàng Quốc gia Chuvash (Chuvashsky Natsionalny Muzey)",
        "name_ru": "Чувашский национальный музей",
        "name_en": "Chuvash National Museum",
        "region": "Cộng hoà Chuvashia",
        "categories": [
          "museum"
        ],
        "rating": 4.5,
        "reviews": 80,
        "short": "Thành lập năm 1921, Bảo tàng Quốc gia Chuvash là bảo tàng lớn và lâu đời nhất của nước cộng hòa, lưu giữ hơn 202.000 hiện vật. Đây là nơi tốt nhất để hiểu về lịch sử, thiên nhiên và bản sắc văn hóa độc đáo của người Chuvash.",
        "yandex": "https://yandex.com/maps/?pt=47.252661,56.145398&z=17&l=map",
        "google": "https://www.google.com/maps/search/?api=1&query=56.145398,47.252661",
        "photo": "https://commons.wikimedia.org/wiki/Special:FilePath/Cheboksary%20Chuvah%20National%20Museum.jpg",
        "status": "enriched"
      }
    },
    {
      "type": "Feature",
      "geometry": {
        "type": "Point",
        "coordinates": [
          47.59111,
          56.00694
        ]
      },
      "properties": {
        "id": "chuvashia-shorshely-nikolayev-space-museum",
        "name_vi": "Bảo tàng Du hành Vũ trụ Shorshely (Tổ hợp tưởng niệm A. G. Nikolayev)",
        "name_ru": "Музей космонавтики (Мемориальный комплекс лётчика-космонавта А. Г. Николаева), Шоршелы",
        "name_en": "Cosmonautics Museum (A. G. Nikolayev Memorial Complex), Shorshely",
        "region": "Cộng hoà Chuvashia",
        "categories": [
          "museum"
        ],
        "rating": null,
        "reviews": null,
        "short": "Tọa lạc tại làng Shorshely - quê hương nhà du hành vũ trụ Andriyan Nikolayev, tổ hợp tưởng niệm mở cửa từ năm 1972 là một trong những bảo tàng du hành vũ trụ nổi bật nhất vùng Volga. Nơi đây trưng bày khoang hạ cánh tàu vũ trụ thật, mô hình tàu Vostok - Soyuz và ngôi nhà gỗ thời thơ ấu của Nikolayev.",
        "yandex": "https://yandex.com/maps/?pt=47.59111,56.00694&z=17&l=map",
        "google": "https://www.google.com/maps/search/?api=1&query=56.00694,47.59111",
        "photo": "https://commons.wikimedia.org/wiki/Special:FilePath/%D0%9C%D1%83%D0%B7%D0%B5%D0%B9%20%D0%BA%D0%BE%D1%81%D0%BC%D0%BE%D0%BD%D0%B0%D0%B2%D1%82%D0%B8%D0%BA%D0%B8%20%28%D0%A8%D0%BE%D1%80%D1%88%D0%B5%D0%BB%D1%8B%29.JPG",
        "status": "enriched"
      }
    },
    {
      "type": "Feature",
      "geometry": {
        "type": "Point",
        "coordinates": [
          46.593791,
          54.854044
        ]
      },
      "properties": {
        "id": "chuvashia-alatyr-monasteries",
        "name_vi": "Các tu viện ở Alatyr (Tu viện Chúa Ba Ngôi và Tu viện Kiev-Nikolaev)",
        "name_ru": "Монастыри Алатыря (Свято-Троицкий и Киево-Николаевский монастыри)",
        "name_en": "Monasteries of Alatyr (Holy Trinity & Kiev-Nikolaev Monasteries)",
        "region": "Cộng hoà Chuvashia",
        "categories": [
          "church"
        ],
        "rating": null,
        "reviews": null,
        "short": "Nằm ở cực nam Chuvashia, thành phố cổ Alatyr được coi là một trung tâm hành hương Chính thống giáo với những tu viện lâu đời. Nổi bật nhất là Tu viện Chúa Ba Ngôi (thành lập năm 1584) cùng tháp chuông bê tông cao 81,6 m thuộc hàng cao nhất nước Nga.",
        "yandex": "https://yandex.com/maps/?pt=46.593791,54.854044&z=17&l=map",
        "google": "https://www.google.com/maps/search/?api=1&query=54.854044,46.593791",
        "photo": null,
        "status": "enriched"
      }
    },
    {
      "type": "Feature",
      "geometry": {
        "type": "Point",
        "coordinates": [
          47.246595,
          56.151758
        ]
      },
      "properties": {
        "id": "chuvashia-cheboksary-vvedensky-cathedral",
        "name_vi": "Nhà thờ chính tòa Vvedensky (Nhà thờ Đức Mẹ Vào Đền Thánh)",
        "name_ru": "Введенский собор",
        "name_en": "Vvedensky (Presentation) Cathedral",
        "region": "Cộng hoà Chuvashia",
        "categories": [
          "church"
        ],
        "rating": 4.7,
        "reviews": 23,
        "short": "Được dựng không muộn hơn năm 1657, Nhà thờ Vvedensky là công trình bằng đá cổ nhất còn tồn tại ở Chuvashia và là nhà thờ chính tòa của giáo phận. Bên trong lưu giữ những bức bích họa thế kỷ 17 được xem là độc nhất vô nhị ở vùng trung lưu sông Volga.",
        "yandex": "https://yandex.com/maps/?pt=47.246595,56.151758&z=17&l=map",
        "google": "https://www.google.com/maps/search/?api=1&query=56.151758,47.246595",
        "photo": "https://commons.wikimedia.org/wiki/Special:FilePath/Cathedral%20of%20the%20Presentation%20Cheboksary.jpg",
        "status": "enriched"
      }
    },
    {
      "type": "Feature",
      "geometry": {
        "type": "Point",
        "coordinates": [
          46.2,
          55.9333
        ]
      },
      "properties": {
        "id": "chuvashia-yadrin-historic",
        "name_vi": "Thị trấn cổ Yadrin",
        "name_ru": "Ядрин (исторический центр)",
        "name_en": "Yadrin (historic town)",
        "region": "Cộng hoà Chuvashia",
        "categories": [
          "square_street",
          "church"
        ],
        "rating": null,
        "reviews": null,
        "short": "Nằm bên sông Sura ở phía tây Chuvashia, Yadrin là một thị trấn thương nhân cổ được lập từ năm 1590. Trung tâm nhỏ nhắn còn lưu giữ nhiều nhà thờ và dinh thự thương gia thế kỷ 19 - đầu thế kỷ 20 mang phong cách chiết trung và Art Nouveau.",
        "yandex": "https://yandex.com/maps/?pt=46.2,55.9333&z=17&l=map",
        "google": "https://www.google.com/maps/search/?api=1&query=55.9333,46.2",
        "photo": "https://commons.wikimedia.org/wiki/Special:FilePath/Old%20graves%20in%20the%20old%20cemetery%20in%20Yadrin.%20-%2029255776828.jpg",
        "status": "enriched"
      }
    },
    {
      "type": "Feature",
      "geometry": {
        "type": "Point",
        "coordinates": [
          34.128333,
          44.430556
        ]
      },
      "properties": {
        "id": "crimea-swallows-nest",
        "name_vi": "Lâu đài Tổ Chim Én (Lastochkino Gnezdo)",
        "name_ru": "Ласточкино гнездо",
        "name_en": "Swallow's Nest",
        "region": "Cộng hoà Krym",
        "categories": [
          "monument",
          "palace"
        ],
        "rating": 4.3,
        "reviews": 889,
        "short": "Tổ Chim Én là toà lâu đài tân Gothic tí hon chênh vênh trên vách đá Aurora cao 40 mét, nhô hẳn ra Biển Đen. Đây là biểu tượng nổi tiếng nhất của bán đảo Krym và là điểm chụp ảnh không thể bỏ qua khi tới Yalta.",
        "yandex": "https://yandex.com/maps/?pt=34.128333,44.430556&z=17&l=map",
        "google": "https://www.google.com/maps/search/?api=1&query=44.430556,34.128333",
        "photo": "https://commons.wikimedia.org/wiki/Special:FilePath/Swallow%27s%20Nest%20%28Crimea%29%202007.JPG",
        "status": "enriched"
      }
    },
    {
      "type": "Feature",
      "geometry": {
        "type": "Point",
        "coordinates": [
          34.14333,
          44.46778
        ]
      },
      "properties": {
        "id": "crimea-livadia-palace",
        "name_vi": "Cung điện Livadia (Livadiysky dvorets)",
        "name_ru": "Ливадийский дворец",
        "name_en": "Livadia Palace",
        "region": "Cộng hoà Krym",
        "categories": [
          "palace",
          "museum"
        ],
        "rating": 4.6,
        "reviews": 778,
        "short": "Cung điện Livadia là dinh nghỉ hè cuối cùng của Sa hoàng Nicholas II, nổi bật với kiến trúc Tân Phục Hưng bằng đá vôi trắng Krym. Nơi đây từng diễn ra Hội nghị Yalta lịch sử năm 1945.",
        "yandex": "https://yandex.com/maps/?pt=34.14333,44.46778&z=17&l=map",
        "google": "https://www.google.com/maps/search/?api=1&query=44.46778,34.14333",
        "photo": "https://commons.wikimedia.org/wiki/Special:FilePath/Livadia%20Palace%20Crimea.jpg",
        "status": "enriched"
      }
    },
    {
      "type": "Feature",
      "geometry": {
        "type": "Point",
        "coordinates": [
          34.0542,
          44.419683
        ]
      },
      "properties": {
        "id": "crimea-vorontsov-palace-alupka",
        "name_vi": "Cung điện Vorontsov (Vorontsovsky dvorets)",
        "name_ru": "Воронцовский дворец",
        "name_en": "Vorontsov Palace",
        "region": "Cộng hoà Krym",
        "categories": [
          "palace",
          "park_garden"
        ],
        "rating": 4.8,
        "reviews": 1338,
        "short": "Cung điện Vorontsov ở Alupka là kiệt tác pha trộn phong cách lâu đài Anh và hoạ tiết Moor, nép mình dưới chân núi Ai-Petri. Công viên bao quanh với hồ, thác và cây cổ thụ được xem là một trong những công viên đẹp nhất Krym.",
        "yandex": "https://yandex.com/maps/?pt=34.0542,44.419683&z=17&l=map",
        "google": "https://www.google.com/maps/search/?api=1&query=44.419683,34.0542",
        "photo": "https://commons.wikimedia.org/wiki/Special:FilePath/Vorontsov%20Palace%20Alupka.jpg",
        "status": "enriched"
      }
    },
    {
      "type": "Feature",
      "geometry": {
        "type": "Point",
        "coordinates": [
          33.881961,
          44.748672
        ]
      },
      "properties": {
        "id": "crimea-bakhchisaray-khan-palace",
        "name_vi": "Cung điện Hãn (Khansky dvorets, Bakhchisaray)",
        "name_ru": "Ханский дворец (Бахчисарай)",
        "name_en": "Khan's Palace (Bakhchisaray)",
        "region": "Cộng hoà Krym",
        "categories": [
          "palace",
          "museum"
        ],
        "rating": 4.3,
        "reviews": 630,
        "short": "Cung điện Hãn (Hansaray) ở Bakhchisaray là dinh thự duy nhất còn lại của các Hãn Krym, mang đậm phong cách Hồi giáo - Ottoman. Nổi tiếng nhất là 'Đài phun nước Mắt' đã đi vào thơ ca của Pushkin.",
        "yandex": "https://yandex.com/maps/?pt=33.881961,44.748672&z=17&l=map",
        "google": "https://www.google.com/maps/search/?api=1&query=44.748672,33.881961",
        "photo": "https://commons.wikimedia.org/wiki/Special:FilePath/Bakhchisaray%2C%20Hansaray%20Museum.jpg",
        "status": "enriched"
      }
    },
    {
      "type": "Feature",
      "geometry": {
        "type": "Point",
        "coordinates": [
          33.924586,
          44.741325
        ]
      },
      "properties": {
        "id": "crimea-chufut-kale",
        "name_vi": "Thành phố hang động Chufut-Kale (Chufut-Kale)",
        "name_ru": "Чуфут-Кале",
        "name_en": "Chufut-Kale (cave town)",
        "region": "Cộng hoà Krym",
        "categories": [
          "fortress",
          "monument"
        ],
        "rating": 4.7,
        "reviews": 349,
        "short": "Chufut-Kale là thành phố hang động - pháo đài cổ nằm cheo leo trên cao nguyên đá vôi gần Bakhchisaray. Những hang động đục vào vách đá và tầm nhìn xuống thung lũng khiến nơi đây vừa huyền bí vừa ngoạn mục.",
        "yandex": "https://yandex.com/maps/?pt=33.924586,44.741325&z=17&l=map",
        "google": "https://www.google.com/maps/search/?api=1&query=44.741325,33.924586",
        "photo": "https://commons.wikimedia.org/wiki/Special:FilePath/Chufut%20Kale%2019.jpg",
        "status": "enriched"
      }
    },
    {
      "type": "Feature",
      "geometry": {
        "type": "Point",
        "coordinates": [
          34.05577,
          44.448669
        ]
      },
      "properties": {
        "id": "crimea-ai-petri",
        "name_vi": "Núi Ai-Petri (gora Ay-Petri)",
        "name_ru": "Ай-Петри",
        "name_en": "Ai-Petri",
        "region": "Cộng hoà Krym",
        "categories": [
          "other"
        ],
        "rating": 4.6,
        "reviews": 979,
        "short": "Ai-Petri là đỉnh núi biểu tượng cao 1.234 m của dãy núi Krym, nổi bật với những 'răng' đá lởm chởm trên nền trời. Tuyến cáp treo từ Miskhor lên đỉnh là một trong những tuyến dài nhất châu Âu.",
        "yandex": "https://yandex.com/maps/?pt=34.05577,44.448669&z=17&l=map",
        "google": "https://www.google.com/maps/search/?api=1&query=44.448669,34.05577",
        "photo": "https://commons.wikimedia.org/wiki/Special:FilePath/Ai-Petri%20Rocks%2C%20Crimea.jpg",
        "status": "enriched"
      }
    },
    {
      "type": "Feature",
      "geometry": {
        "type": "Point",
        "coordinates": [
          34.2025,
          44.517167
        ]
      },
      "properties": {
        "id": "crimea-massandra-palace",
        "name_vi": "Cung điện Massandra (Massandrovsky dvorets)",
        "name_ru": "Массандровский дворец",
        "name_en": "Massandra Palace",
        "region": "Cộng hoà Krym",
        "categories": [
          "palace",
          "museum"
        ],
        "rating": 4.6,
        "reviews": 388,
        "short": "Cung điện Massandra là dinh thự nghỉ dưỡng của Sa hoàng Alexander III, gợi nhớ những lâu đài vùng Loire nước Pháp. Toà nhà nhỏ nhắn, lãng mạn giữa công viên rừng với hàng trăm loài cây.",
        "yandex": "https://yandex.com/maps/?pt=34.2025,44.517167&z=17&l=map",
        "google": "https://www.google.com/maps/search/?api=1&query=44.517167,34.2025",
        "photo": "https://commons.wikimedia.org/wiki/Special:FilePath/Massandra%20Palace%2C%20Massandra%2C%20Crimea.jpg",
        "status": "enriched"
      }
    },
    {
      "type": "Feature",
      "geometry": {
        "type": "Point",
        "coordinates": [
          34.95778,
          44.84028
        ]
      },
      "properties": {
        "id": "crimea-sudak-genoese-fortress",
        "name_vi": "Pháo đài Genoa ở Sudak (Genuezskaya krepost)",
        "name_ru": "Генуэзская крепость (Судак)",
        "name_en": "Genoese Fortress (Sudak)",
        "region": "Cộng hoà Krym",
        "categories": [
          "fortress",
          "monument"
        ],
        "rating": 4.6,
        "reviews": 900,
        "short": "Pháo đài Genoa ở Sudak là toà thành trung cổ hùng vĩ do người Genoa xây trên ngọn đồi đá cạnh Biển Đen. Những bức tường và tháp canh còn lại tạo nên khung cảnh ngoạn mục nhìn ra vịnh.",
        "yandex": "https://yandex.com/maps/?pt=34.95778,44.84028&z=17&l=map",
        "google": "https://www.google.com/maps/search/?api=1&query=44.84028,34.95778",
        "photo": "https://commons.wikimedia.org/wiki/Special:FilePath/Sudak%20Genoese%20Fortress.jpg",
        "status": "enriched"
      }
    },
    {
      "type": "Feature",
      "geometry": {
        "type": "Point",
        "coordinates": [
          34.279452,
          44.797239
        ]
      },
      "properties": {
        "id": "crimea-marble-cave-crimea",
        "name_vi": "Hang Đá Cẩm Thạch (Mramornaya peshchera)",
        "name_ru": "Мраморная пещера",
        "name_en": "Marble Cave",
        "region": "Cộng hoà Krym",
        "categories": [
          "other"
        ],
        "rating": 4.6,
        "reviews": 142,
        "short": "Hang Đá Cẩm Thạch trên cao nguyên Chatyr-Dag là một trong những hang động đẹp và được trang bị tốt nhất châu Âu. Bên trong là mê cung thạch nhũ, măng đá và những đại sảnh ngầm khổng lồ.",
        "yandex": "https://yandex.com/maps/?pt=34.279452,44.797239&z=17&l=map",
        "google": "https://www.google.com/maps/search/?api=1&query=44.797239,34.279452",
        "photo": "https://commons.wikimedia.org/wiki/Special:FilePath/Marmurova%20pechera2.jpg",
        "status": "enriched"
      }
    },
    {
      "type": "Feature",
      "geometry": {
        "type": "Point",
        "coordinates": [
          34.165334,
          44.493592
        ]
      },
      "properties": {
        "id": "crimea-yalta-embankment",
        "name_vi": "Bờ kè Yalta mang tên Lenin (Naberezhnaya imeni Lenina)",
        "name_ru": "Набережная имени Ленина (Ялта)",
        "name_en": "Yalta Embankment (Lenin Embankment)",
        "region": "Cộng hoà Krym",
        "categories": [
          "square_street"
        ],
        "rating": 4.4,
        "reviews": 1322,
        "short": "Bờ kè Lenin là con phố đi bộ ven biển sầm uất và lãng mạn nhất Yalta. Đây là nơi lý tưởng để dạo bộ, ngắm biển, thưởng thức ẩm thực và cảm nhận nhịp sống nghỉ dưỡng của thành phố.",
        "yandex": "https://yandex.com/maps/?pt=34.165334,44.493592&z=17&l=map",
        "google": "https://www.google.com/maps/search/?api=1&query=44.493592,34.165334",
        "photo": "https://commons.wikimedia.org/wiki/Special:FilePath/Yalta.%20Lenin%20Embankment%2C%2023.jpg",
        "status": "enriched"
      }
    },
    {
      "type": "Feature",
      "geometry": {
        "type": "Point",
        "coordinates": [
          48.27417,
          42.05306
        ]
      },
      "properties": {
        "id": "dagestan-naryn-kala-citadel-derbent",
        "name_vi": "Thành cổ Naryn-Kala, Derbent (Na-rưn Ka-la)",
        "name_ru": "Крепость Нарын-Кала (Дербент)",
        "name_en": "Naryn-Kala Citadel, Derbent",
        "region": "Cộng hoà Dagestan",
        "categories": [
          "fortress",
          "monument",
          "museum"
        ],
        "rating": 4.5,
        "reviews": 13,
        "short": "Nằm sừng sững trên đồi cao nhìn xuống phố cổ Derbent và biển Caspi, Naryn-Kala là tòa thành đá gần 1.500 năm tuổi do người Ba Tư Sasan dựng nên. Cùng khu phố cổ và hai bức tường thành chạy ra biển, nơi đây được UNESCO ghi danh Di sản Thế giới năm 2003.",
        "yandex": "https://yandex.com/maps/?pt=48.27417,42.05306&z=17&l=map",
        "google": "https://www.google.com/maps/search/?api=1&query=42.05306,48.27417",
        "photo": "https://commons.wikimedia.org/wiki/Special:FilePath/Derbent.%20Naryn-Kala%20citadel.%20The%20curtain%20wall.jpg",
        "status": "enriched"
      }
    },
    {
      "type": "Feature",
      "geometry": {
        "type": "Point",
        "coordinates": [
          48.27972,
          42.05528
        ]
      },
      "properties": {
        "id": "dagestan-juma-mosque-derbent",
        "name_vi": "Thánh đường Juma Derbent (Giu-ma / Dzhuma)",
        "name_ru": "Джума-мечеть Дербента",
        "name_en": "Juma Mosque of Derbent",
        "region": "Cộng hoà Dagestan",
        "categories": [
          "church",
          "monument"
        ],
        "rating": 4.6,
        "reviews": 7,
        "short": "Dựng năm 733–734, Thánh đường Juma ở Derbent là nhà thờ Hồi giáo cổ nhất nước Nga và toàn không gian hậu Xô-viết. Sân trong rợp bóng bốn cây tiêu huyền cổ thụ cùng mái vòm trầm mặc khiến nơi đây thành điểm hành hương và tham quan đặc biệt của phố cổ.",
        "yandex": "https://yandex.com/maps/?pt=48.27972,42.05528&z=17&l=map",
        "google": "https://www.google.com/maps/search/?api=1&query=42.05528,48.27972",
        "photo": "https://commons.wikimedia.org/wiki/Special:FilePath/Grand%20mosque%20of%20Derbent.jpg",
        "status": "enriched"
      }
    },
    {
      "type": "Feature",
      "geometry": {
        "type": "Point",
        "coordinates": [
          46.82778,
          43.00944
        ]
      },
      "properties": {
        "id": "dagestan-sulak-canyon",
        "name_vi": "Hẻm núi Sulak (Xu-lắc)",
        "name_ru": "Сулакский каньон",
        "name_en": "Sulak Canyon",
        "region": "Cộng hoà Dagestan",
        "categories": [
          "park_garden"
        ],
        "rating": 4.8,
        "reviews": 39,
        "short": "Hẻm núi Sulak là một trong những hẻm vực sâu nhất thế giới - có đoạn tới gần 1.920 m, sâu hơn cả Grand Canyon của Mỹ. Dòng Sulak màu ngọc lam len giữa vách đá dựng đứng tạo nên khung cảnh choáng ngợp bậc nhất Dagestan.",
        "yandex": "https://yandex.com/maps/?pt=46.82778,43.00944&z=17&l=map",
        "google": "https://www.google.com/maps/search/?api=1&query=43.00944,46.82778",
        "photo": "https://commons.wikimedia.org/wiki/Special:FilePath/Sulak%20Canyon%20in%20Dagestan.jpg",
        "status": "enriched"
      }
    },
    {
      "type": "Feature",
      "geometry": {
        "type": "Point",
        "coordinates": [
          47.23694,
          43.01
        ]
      },
      "properties": {
        "id": "dagestan-sarykum-dune",
        "name_vi": "Đồi cát Sarykum (Xa-rư-cum)",
        "name_ru": "Бархан Сарыкум",
        "name_en": "Sarykum Dune",
        "region": "Cộng hoà Dagestan",
        "categories": [
          "park_garden"
        ],
        "rating": 4.7,
        "reviews": 7,
        "short": "Sarykum là đồi cát khổng lồ cao tới hơn 250 m - một trong những cồn cát lớn nhất Á-Âu, nằm lạc lõng giữa thảo nguyên và núi non Dagestan. 'Sa mạc thu nhỏ' này còn là phim trường của bộ phim kinh điển Xô-viết 'Mặt trời trắng trên sa mạc'.",
        "yandex": "https://yandex.com/maps/?pt=47.23694,43.01&z=17&l=map",
        "google": "https://www.google.com/maps/search/?api=1&query=43.01,47.23694",
        "photo": "https://commons.wikimedia.org/wiki/Special:FilePath/%D0%A1%D0%B0%D1%80%D1%8B%D0%BA%D1%83%D0%BC%D1%81%D0%BA%D0%B8%D0%B9%20%D0%B1%D0%B0%D1%80%D1%85%D0%B0%D0%BD.%20%D0%94%D0%B0%D0%B3%D0%B5%D1%81%D1%82%D0%B0%D0%BD.jpg",
        "status": "enriched"
      }
    },
    {
      "type": "Feature",
      "geometry": {
        "type": "Point",
        "coordinates": [
          46.99639,
          42.30278
        ]
      },
      "properties": {
        "id": "dagestan-gamsutl-ghost-village",
        "name_vi": "Làng ma Gamsutl (Gam-xútl)",
        "name_ru": "Гамсутль",
        "name_en": "Gamsutl (ghost village)",
        "region": "Cộng hoà Dagestan",
        "categories": [
          "monument",
          "other"
        ],
        "rating": 4.4,
        "reviews": 14,
        "short": "Gamsutl là ngôi làng ma cheo leo trên đỉnh núi cao 1.400 m, từng tồn tại hàng nghìn năm trước khi người dân cuối cùng rời đi. Những ngôi nhà đá hoang phế hòa vào vách núi khiến nơi đây được ví như 'Machu Picchu của Dagestan'.",
        "yandex": "https://yandex.com/maps/?pt=46.99639,42.30278&z=17&l=map",
        "google": "https://www.google.com/maps/search/?api=1&query=42.30278,46.99639",
        "photo": "https://commons.wikimedia.org/wiki/Special:FilePath/%D0%93%D0%B0%D0%BC%D1%81%D1%83%D1%82%D0%BB%D1%8C.jpg",
        "status": "enriched"
      }
    },
    {
      "type": "Feature",
      "geometry": {
        "type": "Point",
        "coordinates": [
          46.96167,
          42.38667
        ]
      },
      "properties": {
        "id": "dagestan-gunib",
        "name_vi": "Làng và pháo đài Gunib (Gu-níp)",
        "name_ru": "Гуниб",
        "name_en": "Gunib",
        "region": "Cộng hoà Dagestan",
        "categories": [
          "fortress",
          "monument"
        ],
        "rating": null,
        "reviews": null,
        "short": "Gunib là ngôi làng miền núi gắn với trang sử bi tráng của Kavkaz: chính tại đây năm 1859, Imam Shamil đầu hàng quân Nga, khép lại cuộc Chiến tranh Kavkaz kéo dài. Cao nguyên xanh mát cùng pháo đài đá và tầm nhìn núi non khiến Gunib được mệnh danh 'ngôi làng gần bầu trời'.",
        "yandex": "https://yandex.com/maps/?pt=46.96167,42.38667&z=17&l=map",
        "google": "https://www.google.com/maps/search/?api=1&query=42.38667,46.96167",
        "photo": "https://commons.wikimedia.org/wiki/Special:FilePath/Wall%20at%20Gunib%2C%20Dagestan%2C%20RU.jpg",
        "status": "enriched"
      }
    },
    {
      "type": "Feature",
      "geometry": {
        "type": "Point",
        "coordinates": [
          47.06702,
          42.389392
        ]
      },
      "properties": {
        "id": "dagestan-saltinskaya-gorge-waterfall",
        "name_vi": "Thác nước ngầm hẻm Saltinskaya (Xan-tin-xcai-a)",
        "name_ru": "Салтинская теснина (Салтинский водопад)",
        "name_en": "Saltinskaya Gorge (Saltinsky Waterfall)",
        "region": "Cộng hoà Dagestan",
        "categories": [
          "park_garden",
          "other"
        ],
        "rating": 4.5,
        "reviews": 13,
        "short": "Ẩn trong khe núi hẹp gần làng Salta, thác Saltinskaya là thác nước ngầm duy nhất ở Dagestan. Dòng nước từ trên cao đổ xuống qua một 'ô cửa' đá tròn, lung linh giữa lòng hang, tạo nên cảnh tượng huyền ảo hiếm có.",
        "yandex": "https://yandex.com/maps/?pt=47.06702,42.389392&z=17&l=map",
        "google": "https://www.google.com/maps/search/?api=1&query=42.389392,47.06702",
        "photo": null,
        "status": "enriched"
      }
    },
    {
      "type": "Feature",
      "geometry": {
        "type": "Point",
        "coordinates": [
          47.49389,
          42.96917
        ]
      },
      "properties": {
        "id": "dagestan-makhachkala-central-mosque",
        "name_vi": "Thánh đường Trung tâm Makhachkala (Ma-khát-ka-la)",
        "name_ru": "Центральная Джума-мечеть Махачкалы",
        "name_en": "Central Juma Mosque (Grand Mosque) of Makhachkala",
        "region": "Cộng hoà Dagestan",
        "categories": [
          "church",
          "monument"
        ],
        "rating": null,
        "reviews": null,
        "short": "Thánh đường Trung tâm Makhachkala là một trong những nhà thờ Hồi giáo lớn nhất nước Nga và châu Âu, có thể chứa tới 17.000 tín đồ. Lấy cảm hứng từ Thánh đường Xanh ở Istanbul, công trình trắng muốt với mái vòm xanh là biểu tượng của thủ phủ Dagestan.",
        "yandex": "https://yandex.com/maps/?pt=47.49389,42.96917&z=17&l=map",
        "google": "https://www.google.com/maps/search/?api=1&query=42.96917,47.49389",
        "photo": "https://commons.wikimedia.org/wiki/Special:FilePath/Makhachkala%20mosque%201.jpg",
        "status": "enriched"
      }
    },
    {
      "type": "Feature",
      "geometry": {
        "type": "Point",
        "coordinates": [
          44.995278,
          42.800556
        ]
      },
      "properties": {
        "id": "ingushetia-vovnushki-towers",
        "name_vi": "Cụm tháp cổ Vovnushki (Vô-vnu-ski)",
        "name_ru": "Вовнушки",
        "name_en": "Vovnushki Towers",
        "region": "Cộng hoà Ingushetia",
        "categories": [
          "fortress",
          "monument"
        ],
        "rating": null,
        "reviews": null,
        "short": "Vovnushki là cụm tháp phòng thủ thời trung cổ nổi tiếng của người Ingush, gồm những tòa tháp đá dựng chênh vênh trên các mỏm đá dựng đứng giữa hẻm núi Guloykhi. Công trình từng lọt vào chung kết cuộc bình chọn 'Bảy kỳ quan nước Nga' năm 2008 và trở thành biểu tượng của vùng núi Ingushetia.",
        "yandex": "https://yandex.com/maps/?pt=44.995278,42.800556&z=17&l=map",
        "google": "https://www.google.com/maps/search/?api=1&query=42.800556,44.995278",
        "photo": "https://commons.wikimedia.org/wiki/Special:FilePath/Tower%20in%20Vovnushki%2C%20Ingushetia%2C%20RU.jpg",
        "status": "enriched"
      }
    },
    {
      "type": "Feature",
      "geometry": {
        "type": "Point",
        "coordinates": [
          44.716,
          42.795
        ]
      },
      "properties": {
        "id": "ingushetia-erzi-tower-complex",
        "name_vi": "Quần thể tháp Erzi (Ơ-di)",
        "name_ru": "Эрзи",
        "name_en": "Erzi Tower Complex",
        "region": "Cộng hoà Ingushetia",
        "categories": [
          "fortress",
          "monument"
        ],
        "rating": null,
        "reviews": null,
        "short": "Erzi (nghĩa là 'đại bàng' trong tiếng Ingush) là một trong những quần thể tháp trung cổ lớn và được bảo tồn tốt nhất của Ingushetia. Cụm tháp chiến và tháp ở bằng đá nằm giữa vùng núi cao, nay thuộc Khu bảo tồn thiên nhiên mang chính tên Erzi.",
        "yandex": "https://yandex.com/maps/?pt=44.716,42.795&z=17&l=map",
        "google": "https://www.google.com/maps/search/?api=1&query=42.795,44.716",
        "photo": "https://commons.wikimedia.org/wiki/Special:FilePath/Erzi%2C%20Ingushetia%2C%20Erzi%20tower%20complex%2C%20panoramic%20view.jpg",
        "status": "enriched"
      }
    },
    {
      "type": "Feature",
      "geometry": {
        "type": "Point",
        "coordinates": [
          44.9392,
          42.8091
        ]
      },
      "properties": {
        "id": "ingushetia-tkhaba-yerdy-church",
        "name_vi": "Nhà thờ cổ Tkhaba-Yerdy (Tkha-ba Ơ-đi)",
        "name_ru": "Тхаба-Ерды",
        "name_en": "Tkhaba-Yerdy Church",
        "region": "Cộng hoà Ingushetia",
        "categories": [
          "church"
        ],
        "rating": null,
        "reviews": null,
        "short": "Tkhaba-Yerdy là nhà thờ Kitô giáo trung cổ lớn nhất còn lại ở Ingushetia và được nhiều học giả xem là một trong những nhà thờ Kitô giáo cổ nhất trên lãnh thổ nước Nga. Ngôi đền đá theo phong cách vương cung thánh đường Gruzia ẩn mình giữa hẻm núi Assa hoang vắng.",
        "yandex": "https://yandex.com/maps/?pt=44.9392,42.8091&z=17&l=map",
        "google": "https://www.google.com/maps/search/?api=1&query=42.8091,44.9392",
        "photo": "https://commons.wikimedia.org/wiki/Special:FilePath/Tkhaba-Yerdy%202021-09-22-4.jpg",
        "status": "enriched"
      }
    },
    {
      "type": "Feature",
      "geometry": {
        "type": "Point",
        "coordinates": [
          44.74,
          42.792
        ]
      },
      "properties": {
        "id": "ingushetia-dzheyrakh-gorge",
        "name_vi": "Hẻm núi Dzheyrakh (Dzhây-rắc)",
        "name_ru": "Джейрахское ущелье",
        "name_en": "Dzheyrakh Gorge",
        "region": "Cộng hoà Ingushetia",
        "categories": [
          "park_garden"
        ],
        "rating": null,
        "reviews": null,
        "short": "Hẻm núi Dzheyrakh là trái tim của vùng núi Ingushetia — một thung lũng hùng vĩ dọc sông Armkhi, nơi tập trung dày đặc các làng tháp trung cổ. Đây là cửa ngõ vào Khu bảo tồn lịch sử - kiến trúc và tự nhiên Dzheyrakh-Assa.",
        "yandex": "https://yandex.com/maps/?pt=44.74,42.792&z=17&l=map",
        "google": "https://www.google.com/maps/search/?api=1&query=42.792,44.74",
        "photo": "https://commons.wikimedia.org/wiki/Special:FilePath/%D0%91%D0%BE%D0%B5%D0%B2%D0%B0%D1%8F%20%D0%B1%D0%B0%D1%88%D0%BD%D1%8F%20%D1%81.%20%D0%94%D0%B6%D0%B5%D0%B9%D1%80%D0%B0%D1%85.%201921%20%D0%B3.jpg",
        "status": "enriched"
      }
    },
    {
      "type": "Feature",
      "geometry": {
        "type": "Point",
        "coordinates": [
          44.80167,
          43.166833
        ]
      },
      "properties": {
        "id": "ingushetia-tower-of-concord-magas",
        "name_vi": "Tháp Đồng thuận (Basnya Xa-gla-xia)",
        "name_ru": "Башня Согласия",
        "name_en": "Tower of Concord",
        "region": "Cộng hoà Ingushetia",
        "categories": [
          "monument"
        ],
        "rating": null,
        "reviews": null,
        "short": "Tháp Đồng thuận (Bashnya Soglasiya) là biểu tượng hiện đại của thủ phủ Magas — một tòa tháp cao 100 m mô phỏng kiểu tháp chiến truyền thống của người Ingush, phóng to gấp bốn lần. Khánh thành năm 2013, đây là công trình cao nhất Ingushetia và là tháp quan sát cao nhất vùng Bắc Kavkaz.",
        "yandex": "https://yandex.com/maps/?pt=44.80167,43.166833&z=17&l=map",
        "google": "https://www.google.com/maps/search/?api=1&query=43.166833,44.80167",
        "photo": "https://commons.wikimedia.org/wiki/Special:FilePath/Magas%20Ingushetia.jpg",
        "status": "enriched"
      }
    },
    {
      "type": "Feature",
      "geometry": {
        "type": "Point",
        "coordinates": [
          44.923332,
          42.835294
        ]
      },
      "properties": {
        "id": "ingushetia-egikal",
        "name_vi": "Làng tháp cổ Egikal (Ê-ghi-can)",
        "name_ru": "Эгикал",
        "name_en": "Egikal",
        "region": "Cộng hoà Ingushetia",
        "categories": [
          "monument",
          "fortress"
        ],
        "rating": null,
        "reviews": null,
        "short": "Egikal là làng - pháo đài lớn nhất của vùng núi Ingushetia, một 'thành phố tháp' trải rộng trên sườn núi Tsey-Loam bên hẻm núi Assa. Nơi đây quy tụ hàng loạt tháp chiến, tháp ở, đền miếu và khu mộ cổ, được xem là một trong những cái nôi của nhiều dòng họ Ingush.",
        "yandex": "https://yandex.com/maps/?pt=44.923332,42.835294&z=17&l=map",
        "google": "https://www.google.com/maps/search/?api=1&query=42.835294,44.923332",
        "photo": null,
        "status": "enriched"
      }
    },
    {
      "type": "Feature",
      "geometry": {
        "type": "Point",
        "coordinates": [
          44.707778,
          42.811944
        ]
      },
      "properties": {
        "id": "ingushetia-armkhi-resort",
        "name_vi": "Khu nghỉ dưỡng Armkhi (Ạc-mkhi)",
        "name_ru": "Армхи",
        "name_en": "Armkhi Resort",
        "region": "Cộng hoà Ingushetia",
        "categories": [
          "park_garden"
        ],
        "rating": null,
        "reviews": null,
        "short": "Armkhi là khu nghỉ dưỡng núi hoạt động quanh năm ở quận Dzheyrakh, nổi tiếng với khí hậu trong lành và lịch sử điều dưỡng lâu đời. Từ trạm điều dưỡng có từ năm 1928, nơi đây đã phát triển thành khu nghỉ với khách sạn, hồ bơi, đường trượt tuyết và các tuyến đi bộ đường dài.",
        "yandex": "https://yandex.com/maps/?pt=44.707778,42.811944&z=17&l=map",
        "google": "https://www.google.com/maps/search/?api=1&query=42.811944,44.707778",
        "photo": "https://commons.wikimedia.org/wiki/Special:FilePath/Ingushetia%2C%20Russia%2C%20Armkhi%20Valley.jpg",
        "status": "enriched"
      }
    },
    {
      "type": "Feature",
      "geometry": {
        "type": "Point",
        "coordinates": [
          104.8667,
          51.85
        ]
      },
      "properties": {
        "id": "irkutsk-lake-baikal-listvyanka",
        "name_vi": "Hồ Baikal và làng Listvyanka (Ba-i-can, Li-xtvi-an-ca)",
        "name_ru": "Озеро Байкал, Листвянка",
        "name_en": "Lake Baikal, Listvyanka",
        "region": "Tỉnh Irkutsk",
        "categories": [
          "park_garden",
          "other"
        ],
        "rating": 4.8,
        "reviews": 495,
        "short": "Hồ nước ngọt sâu và cổ xưa nhất thế giới, với ngôi làng Listvyanka là cửa ngõ quen thuộc để chạm tay vào Baikal. Nơi giao hòa giữa biển hồ mênh mông và nhịp sống làng chài Siberia mộc mạc.",
        "yandex": "https://yandex.com/maps/?pt=104.8667,51.85&z=17&l=map",
        "google": "https://www.google.com/maps/search/?api=1&query=51.85,104.8667",
        "photo": "https://commons.wikimedia.org/wiki/Special:FilePath/Listvyanka%2C%20Baikal.jpg",
        "status": "enriched"
      }
    },
    {
      "type": "Feature",
      "geometry": {
        "type": "Point",
        "coordinates": [
          107.34139,
          53.20389
        ]
      },
      "properties": {
        "id": "irkutsk-olkhon-island-shamanka",
        "name_vi": "Đảo Olkhon và mỏm đá Shamanka (On-khôn, Sa-man-ca, Khuzhir)",
        "name_ru": "Остров Ольхон, скала Шаманка (Хужир)",
        "name_en": "Olkhon Island, Shamanka Rock (Khuzhir)",
        "region": "Tỉnh Irkutsk",
        "categories": [
          "park_garden",
          "other"
        ],
        "rating": 4.8,
        "reviews": 450,
        "short": "Hòn đảo lớn nhất hồ Baikal và trái tim tâm linh của người Buryat, nổi tiếng với khối đá thiêng Shamanka bên làng Khuzhir. Điểm đến mê hoặc bậc nhất Siberia với thảo nguyên, đồi cát và hoàng hôn kỳ ảo.",
        "yandex": "https://yandex.com/maps/?pt=107.34139,53.20389&z=17&l=map",
        "google": "https://www.google.com/maps/search/?api=1&query=53.20389,107.34139",
        "photo": "https://commons.wikimedia.org/wiki/Special:FilePath/Cape%20Burhan%2C%20Olkhon%20Island%2C%20Lake%20Baikal%2C%20Russia.jpg",
        "status": "enriched"
      }
    },
    {
      "type": "Feature",
      "geometry": {
        "type": "Point",
        "coordinates": [
          104.7908,
          51.8736
        ]
      },
      "properties": {
        "id": "irkutsk-circum-baikal-railway",
        "name_vi": "Tuyến đường sắt vòng quanh hồ Baikal (Cru-gô-bai-can-xcai-a)",
        "name_ru": "Кругобайкальская железная дорога",
        "name_en": "Circum-Baikal Railway",
        "region": "Tỉnh Irkutsk",
        "categories": [
          "other"
        ],
        "rating": 4.5,
        "reviews": 143,
        "short": "Kỳ tích đường sắt đầu thế kỷ 20 men theo bờ tây nam hồ Baikal, với gần 40 đường hầm và hàng loạt cầu cạn, mái vòm đá. Hành trình tàu chậm ngắm hồ và di sản kỹ thuật hơn một thế kỷ tuổi.",
        "yandex": "https://yandex.com/maps/?pt=104.7908,51.8736&z=17&l=map",
        "google": "https://www.google.com/maps/search/?api=1&query=51.8736,104.7908",
        "photo": null,
        "status": "enriched"
      }
    },
    {
      "type": "Feature",
      "geometry": {
        "type": "Point",
        "coordinates": [
          104.28966,
          52.27397
        ]
      },
      "properties": {
        "id": "irkutsk-irkutsk-130-kvartal",
        "name_vi": "Khu phố 130 (Kvartal 130 / Irkutskaya Sloboda)",
        "name_ru": "130-й квартал (Иркутская слобода)",
        "name_en": "130th Quarter (Irkutsk Sloboda)",
        "region": "Tỉnh Irkutsk",
        "categories": [
          "square_street"
        ],
        "rating": 4.4,
        "reviews": 959,
        "short": "Khu phố đi bộ giữa lòng Irkutsk phục dựng hơn 60 ngôi nhà gỗ Siberia thế kỷ 18–19. Không gian hoài cổ đầy nhà hàng, quán cà phê và cửa hàng lưu niệm, mở đầu bằng tượng linh vật Babr.",
        "yandex": "https://yandex.com/maps/?pt=104.28966,52.27397&z=17&l=map",
        "google": "https://www.google.com/maps/search/?api=1&query=52.27397,104.28966",
        "photo": "https://commons.wikimedia.org/wiki/Special:FilePath/130%20block%20of%20Irkutsk%20%E2%84%96%203.JPG",
        "status": "enriched"
      }
    },
    {
      "type": "Feature",
      "geometry": {
        "type": "Point",
        "coordinates": [
          104.669263,
          51.996385
        ]
      },
      "properties": {
        "id": "irkutsk-taltsy-museum",
        "name_vi": "Bảo tàng Kiến trúc - Dân tộc học Taltsy (Tan-txư)",
        "name_ru": "Архитектурно-этнографический музей «Тальцы»",
        "name_en": "Taltsy Architectural and Ethnographic Museum",
        "region": "Tỉnh Irkutsk",
        "categories": [
          "museum",
          "park_garden"
        ],
        "rating": 4.7,
        "reviews": 277,
        "short": "Một trong những bảo tàng ngoài trời lớn nhất nước Nga, quy tụ hơn 160 công trình gỗ Siberia thế kỷ 17–20 bên sông Angara. Như một ngôi làng cổ sống động tái hiện văn hóa và nếp sống Đông Siberia.",
        "yandex": "https://yandex.com/maps/?pt=104.669263,51.996385&z=17&l=map",
        "google": "https://www.google.com/maps/search/?api=1&query=51.996385,104.669263",
        "photo": "https://commons.wikimedia.org/wiki/Special:FilePath/RU%20Irkutsk%20Taltsy%20Spasskya%20Tower%20Ilimsk%20Ostrog.jpg",
        "status": "enriched"
      }
    },
    {
      "type": "Feature",
      "geometry": {
        "type": "Point",
        "coordinates": [
          104.832527,
          51.867982
        ]
      },
      "properties": {
        "id": "irkutsk-baikal-museum-listvyanka",
        "name_vi": "Bảo tàng Baikal (Bảo tàng Hồ học Baikal)",
        "name_ru": "Байкальский музей",
        "name_en": "Baikal Museum (Limnological Museum)",
        "region": "Tỉnh Irkutsk",
        "categories": [
          "museum"
        ],
        "rating": 4.4,
        "reviews": 624,
        "short": "Bảo tàng khoa học duy nhất thế giới dành trọn cho hồ Baikal, nổi bật với hải cẩu nerpa và các bể thủy sinh sống. Điểm dừng lý tưởng để hiểu hệ sinh thái kỳ diệu của hồ ngay tại Listvyanka.",
        "yandex": "https://yandex.com/maps/?pt=104.832527,51.867982&z=17&l=map",
        "google": "https://www.google.com/maps/search/?api=1&query=51.867982,104.832527",
        "photo": null,
        "status": "enriched"
      }
    },
    {
      "type": "Feature",
      "geometry": {
        "type": "Point",
        "coordinates": [
          104.2947,
          52.3008
        ]
      },
      "properties": {
        "id": "irkutsk-znamensky-monastery-irkutsk",
        "name_vi": "Tu viện Znamensky (Dna-men-xki)",
        "name_ru": "Знаменский монастырь",
        "name_en": "Znamensky Monastery",
        "region": "Tỉnh Irkutsk",
        "categories": [
          "church",
          "monument"
        ],
        "rating": 4.7,
        "reviews": 164,
        "short": "Một trong những tu viện Chính thống giáo cổ xưa nhất Siberia, lập năm 1689 bên sông Angara. Nổi tiếng với kiến trúc baroque duyên dáng và những phần mộ danh nhân lịch sử Nga.",
        "yandex": "https://yandex.com/maps/?pt=104.2947,52.3008&z=17&l=map",
        "google": "https://www.google.com/maps/search/?api=1&query=52.3008,104.2947",
        "photo": "https://commons.wikimedia.org/wiki/Special:FilePath/%D0%98%D1%80%D0%BA%D1%83%D1%82%D1%81%D0%BA.%20%D0%97%D0%BD%D0%B0%D0%BC%D0%B5%D0%BD%D1%81%D0%BA%D0%B8%D0%B9%20%D0%BC%D0%BE%D0%BD%D0%B0%D1%81%D1%82%D1%8B%D1%80%D1%8C%207.JPG",
        "status": "enriched"
      }
    },
    {
      "type": "Feature",
      "geometry": {
        "type": "Point",
        "coordinates": [
          105.07528,
          51.90528
        ]
      },
      "properties": {
        "id": "irkutsk-bolshiye-koty",
        "name_vi": "Làng Bolshiye Koty (Bôn-si-ê Cô-tư)",
        "name_ru": "Большие Коты",
        "name_en": "Bolshiye Koty",
        "region": "Tỉnh Irkutsk",
        "categories": [
          "park_garden",
          "other"
        ],
        "rating": null,
        "reviews": null,
        "short": "Ngôi làng hẻo lánh bên hồ Baikal không có đường ô tô, chỉ tới được bằng thuyền hay đi bộ. Điểm đến yên tĩnh cho người mê đi bộ đường dài, mang dấu tích cơn sốt vàng Siberia.",
        "yandex": "https://yandex.com/maps/?pt=105.07528,51.90528&z=17&l=map",
        "google": "https://www.google.com/maps/search/?api=1&query=51.90528,105.07528",
        "photo": null,
        "status": "enriched"
      }
    },
    {
      "type": "Feature",
      "geometry": {
        "type": "Point",
        "coordinates": [
          41.5135,
          57.4608
        ]
      },
      "properties": {
        "id": "ivanovo-plyos",
        "name_vi": "Plyos (Pli-ốt)",
        "name_ru": "Плёс",
        "name_en": "Plyos",
        "region": "Tỉnh Ivanovo",
        "categories": [
          "square_street",
          "park_garden"
        ],
        "rating": 4.3,
        "reviews": 258,
        "short": "Plyos là thị trấn nhỏ nép bên hữu ngạn sông Volga, nổi tiếng nhờ danh họa phong cảnh Isaac Levitan từng sống và sáng tác tại đây năm 1889. Những ngọn đồi xanh, nhà thờ gỗ và bến sông lặng gió đã đi thẳng vào các kiệt tác hội họa Nga, biến Plyos thành điểm hành hương của người yêu nghệ thuật.",
        "yandex": "https://yandex.com/maps/?pt=41.5135,57.4608&z=17&l=map",
        "google": "https://www.google.com/maps/search/?api=1&query=57.4608,41.5135",
        "photo": "https://commons.wikimedia.org/wiki/Special:FilePath/Plyos%20in%20Russia.JPG",
        "status": "enriched"
      }
    },
    {
      "type": "Feature",
      "geometry": {
        "type": "Point",
        "coordinates": [
          41.8562,
          56.8036
        ]
      },
      "properties": {
        "id": "ivanovo-palekh",
        "name_vi": "Palekh (Pa-lếch)",
        "name_ru": "Палех",
        "name_en": "Palekh",
        "region": "Tỉnh Ivanovo",
        "categories": [
          "museum",
          "square_street",
          "church"
        ],
        "rating": 4.7,
        "reviews": 67,
        "short": "Palekh là 'thủ phủ' của nghệ thuật tiểu họa sơn mài Nga: những hộp giấy bồi đen bóng được vẽ tay bằng bột màu trứng và vàng lá, kể lại truyện cổ tích và sử thi. Từ một làng vẽ tượng thánh lâu đời, Palekh đã sáng tạo nên một phong cách mỹ nghệ được cả thế giới ngưỡng mộ.",
        "yandex": "https://yandex.com/maps/?pt=41.8562,56.8036&z=17&l=map",
        "google": "https://www.google.com/maps/search/?api=1&query=56.8036,41.8562",
        "photo": "https://commons.wikimedia.org/wiki/Special:FilePath/%D0%9F%D0%B0%D0%BB%D0%B5%D1%85.JPG",
        "status": "enriched"
      }
    },
    {
      "type": "Feature",
      "geometry": {
        "type": "Point",
        "coordinates": [
          40.97394,
          57.00489
        ]
      },
      "properties": {
        "id": "ivanovo-ivanovo-museum-industry-art",
        "name_vi": "Bảo tàng Công nghiệp và Nghệ thuật Ivanovo (I-va-nô-vô)",
        "name_ru": "Ивановский музей промышленности и искусства",
        "name_en": "Ivanovo Museum of Industry and Art",
        "region": "Tỉnh Ivanovo",
        "categories": [
          "museum",
          "monument"
        ],
        "rating": null,
        "reviews": null,
        "short": "Đây là bảo tàng lâu đời và giàu có nhất Ivanovo, do nhà công nghiệp dệt kiêm nhà sưu tầm Dmitry Burylin sáng lập và mở cửa năm 1914. Trong tòa nhà chiết trung lộng lẫy là cả một thế giới cổ vật mà ông gom góp suốt đời từ khắp năm châu.",
        "yandex": "https://yandex.com/maps/?pt=40.97394,57.00489&z=17&l=map",
        "google": "https://www.google.com/maps/search/?api=1&query=57.00489,40.97394",
        "photo": "https://commons.wikimedia.org/wiki/Special:FilePath/Stained%20glass%20in%20the%20Ivanovo%20Museum%20of%20calico%20%28Burylin%27s%20House%29%2001.jpg",
        "status": "enriched"
      }
    },
    {
      "type": "Feature",
      "geometry": {
        "type": "Point",
        "coordinates": [
          40.9758,
          57.0067
        ]
      },
      "properties": {
        "id": "ivanovo-shchudrovskaya-palatka",
        "name_vi": "Nhà cổ Shchudrovskaya (Su-đrốp-xcai-a Pa-lát-ca)",
        "name_ru": "Щудровская палатка",
        "name_en": "Shchudrovskaya Palatka",
        "region": "Tỉnh Ivanovo",
        "categories": [
          "monument",
          "museum"
        ],
        "rating": null,
        "reviews": null,
        "short": "Lều Shchudrovskaya là tòa nhà cổ nhất còn sót lại của Ivanovo và là công trình dân dụng bằng gạch đầu tiên của thành phố, dựng từ cuối thế kỷ 17. Khối nhà hai gian nhỏ bé nhưng chắc nịch này đã chứng kiến gần bốn thế kỷ thăng trầm của xứ dệt.",
        "yandex": "https://yandex.com/maps/?pt=40.9758,57.0067&z=17&l=map",
        "google": "https://www.google.com/maps/search/?api=1&query=57.0067,40.9758",
        "photo": null,
        "status": "enriched"
      }
    },
    {
      "type": "Feature",
      "geometry": {
        "type": "Point",
        "coordinates": [
          42.1442,
          57.4398
        ]
      },
      "properties": {
        "id": "ivanovo-kineshma",
        "name_vi": "Kineshma (Ki-nhê-sma)",
        "name_ru": "Кинешма",
        "name_en": "Kineshma",
        "region": "Tỉnh Ivanovo",
        "categories": [
          "square_street",
          "park_garden"
        ],
        "rating": 4.8,
        "reviews": 62,
        "short": "Kineshma là thành phố cảng cổ bên sông Volga, đô thị lớn thứ nhì tỉnh Ivanovo, nổi tiếng với đại lộ ven sông thơ mộng và những nhà thờ mái vòm vàng. Gắn liền với nhà soạn kịch Ostrovsky, thành phố mang đậm chất tỉnh lẻ Nga cổ điển.",
        "yandex": "https://yandex.com/maps/?pt=42.1442,57.4398&z=17&l=map",
        "google": "https://www.google.com/maps/search/?api=1&query=57.4398,42.1442",
        "photo": "https://commons.wikimedia.org/wiki/Special:FilePath/Kineshma.jpg",
        "status": "enriched"
      }
    },
    {
      "type": "Feature",
      "geometry": {
        "type": "Point",
        "coordinates": [
          41.87417,
          56.57556
        ]
      },
      "properties": {
        "id": "ivanovo-kholui",
        "name_vi": "Kholui (Kho-lui)",
        "name_ru": "Холуй",
        "name_en": "Kholui",
        "region": "Tỉnh Ivanovo",
        "categories": [
          "museum",
          "square_street"
        ],
        "rating": 4.9,
        "reviews": 21,
        "short": "Kholui là ngôi làng nhỏ bên sông Teza, một trong những cái nôi của nghệ thuật sơn mài Nga bên cạnh Palekh. Phong cách Kholui mộc mạc, đời thường và ưa dùng gam xanh lục, gắn liền với truyền thống vẽ tượng thánh hàng trăm năm.",
        "yandex": "https://yandex.com/maps/?pt=41.87417,56.57556&z=17&l=map",
        "google": "https://www.google.com/maps/search/?api=1&query=56.57556,41.87417",
        "photo": null,
        "status": "enriched"
      }
    },
    {
      "type": "Feature",
      "geometry": {
        "type": "Point",
        "coordinates": [
          41.3806,
          56.8556
        ]
      },
      "properties": {
        "id": "ivanovo-shuya",
        "name_vi": "Shuya (Su-a)",
        "name_ru": "Шуя",
        "name_en": "Shuya",
        "region": "Tỉnh Ivanovo",
        "categories": [
          "square_street",
          "church"
        ],
        "rating": 5.0,
        "reviews": 3,
        "short": "Shuya là thành phố cổ bên sông Teza, nổi danh với tháp chuông đứng độc lập cao 106 m của Nhà thờ Phục Sinh — một trong những tháp chuông Chính Thống giáo cao nhất thế giới. Thành phố còn được mệnh danh là 'thủ đô Giáng sinh Nga'.",
        "yandex": "https://yandex.com/maps/?pt=41.3806,56.8556&z=17&l=map",
        "google": "https://www.google.com/maps/search/?api=1&query=56.8556,41.3806",
        "photo": "https://commons.wikimedia.org/wiki/Special:FilePath/Shuya%20resurrection%20cathedral.JPG",
        "status": "enriched"
      }
    },
    {
      "type": "Feature",
      "geometry": {
        "type": "Point",
        "coordinates": [
          40.9814,
          56.9994
        ]
      },
      "properties": {
        "id": "ivanovo-ivanovo-constructivism",
        "name_vi": "Kiến trúc Kết cấu Ivanovo: Nhà-Tàu thủy và Nhà-Móng ngựa (Đôm-ca-ráp, Đôm-pốt-cô-va)",
        "name_ru": "Ивановский конструктивизм: Дом-корабль и Дом-подкова",
        "name_en": "Ivanovo Constructivism: the House-Ship and the Horseshoe House",
        "region": "Tỉnh Ivanovo",
        "categories": [
          "monument",
          "other"
        ],
        "rating": null,
        "reviews": null,
        "short": "Ivanovo là 'bảo tàng ngoài trời' của kiến trúc Kết cấu (constructivism) Xô-viết thập niên 1920–1930. Nổi bật nhất là Nhà-Tàu thủy trông như một con tàu rẽ sóng và Nhà-Móng ngựa hình chữ U độc đáo — những khối bê tông táo bạo của thời kỳ tiên phong.",
        "yandex": "https://yandex.com/maps/?pt=40.9814,56.9994&z=17&l=map",
        "google": "https://www.google.com/maps/search/?api=1&query=56.9994,40.9814",
        "photo": "https://commons.wikimedia.org/wiki/Special:FilePath/Ivanovo%20Dom-korabl.JPG",
        "status": "enriched"
      }
    },
    {
      "type": "Feature",
      "geometry": {
        "type": "Point",
        "coordinates": [
          132.9345,
          48.7926
        ]
      },
      "properties": {
        "id": "jewish-ao-birobidzhan-menorah-square",
        "name_vi": "Đài Menorah trên Quảng trường Nhà ga (Menora)",
        "name_ru": "Менора (монумент-фонтан на Привокзальной площади)",
        "name_en": "Menorah Monument (Station Square)",
        "region": "Tỉnh tự trị Do Thái",
        "categories": [
          "monument"
        ],
        "rating": null,
        "reviews": null,
        "short": "Ngay khi bước ra khỏi ga Birobidzhan, du khách sẽ bắt gặp một chân nến bảy nhánh mạ vàng vươn cao giữa quảng trường — đài Menorah, biểu tượng dễ nhận biết nhất của thủ phủ tỉnh tự trị Do Thái. Công trình vừa là đài kỷ niệm vừa là đài phun nước, gắn liền với câu chuyện về cộng đồng Do Thái nơi vùng Viễn Đông nước Nga.",
        "yandex": "https://yandex.com/maps/?pt=132.9345,48.7926&z=17&l=map",
        "google": "https://www.google.com/maps/search/?api=1&query=48.7926,132.9345",
        "photo": "https://commons.wikimedia.org/wiki/Special:FilePath/Birobidzhan%20banner%20Menorah%20Monument.jpg",
        "status": "enriched"
      }
    },
    {
      "type": "Feature",
      "geometry": {
        "type": "Point",
        "coordinates": [
          132.935563,
          48.788571
        ]
      },
      "properties": {
        "id": "jewish-ao-sholom-aleichem-monument-birobidzhan",
        "name_vi": "Tượng đài Sholom-Aleichem (Sholom-Aleykhem)",
        "name_ru": "Памятник Шолом-Алейхему",
        "name_en": "Monument to Sholom Aleichem",
        "region": "Tỉnh tự trị Do Thái",
        "categories": [
          "monument"
        ],
        "rating": 5.0,
        "reviews": 8,
        "short": "Sholom-Aleichem là nhà văn kinh điển của văn học Yiddish, người mà cả con phố trung tâm Birobidzhan được đặt theo tên. Tượng đài bằng đồng dựng năm 2004 tôn vinh cây bút đã dành cả đời mơ ước về một mảnh đất riêng cho dân tộc Do Thái.",
        "yandex": "https://yandex.com/maps/?pt=132.935563,48.788571&z=17&l=map",
        "google": "https://www.google.com/maps/search/?api=1&query=48.788571,132.935563",
        "photo": null,
        "status": "enriched"
      }
    },
    {
      "type": "Feature",
      "geometry": {
        "type": "Point",
        "coordinates": [
          133.120278,
          48.943611
        ]
      },
      "properties": {
        "id": "jewish-ao-bastak-nature-reserve",
        "name_vi": "Khu bảo tồn thiên nhiên Bastak (Zapovednik Bastak)",
        "name_ru": "Государственный природный заповедник «Бастак»",
        "name_en": "Bastak Nature Reserve",
        "region": "Tỉnh tự trị Do Thái",
        "categories": [
          "park_garden"
        ],
        "rating": null,
        "reviews": null,
        "short": "Bastak là khu bảo tồn thiên nhiên quốc gia trải rộng ở phía bắc Birobidzhan, nơi giao thoa giữa núi non và vùng đầm lầy đồng bằng. Đây là mái nhà của rừng lá kim - lá rộng, của gấu nâu, hươu và cả loài hổ Amur quý hiếm.",
        "yandex": "https://yandex.com/maps/?pt=133.120278,48.943611&z=17&l=map",
        "google": "https://www.google.com/maps/search/?api=1&query=48.943611,133.120278",
        "photo": null,
        "status": "enriched"
      }
    },
    {
      "type": "Feature",
      "geometry": {
        "type": "Point",
        "coordinates": [
          132.930006,
          48.792014
        ]
      },
      "properties": {
        "id": "jewish-ao-birobidzhan-synagogue-freud",
        "name_vi": "Hội đường Beit Menachem & Trung tâm cộng đồng «Freud» (Freyd)",
        "name_ru": "Синагога «Бейт Менахем» и общинный центр «Фрейд»",
        "name_en": "Freud Community Center and Beit Menachem Synagogue",
        "region": "Tỉnh tự trị Do Thái",
        "categories": [
          "church"
        ],
        "rating": 5.0,
        "reviews": 1,
        "short": "«Freud» là trái tim của đời sống Do Thái đương đại ở Birobidzhan — một tổ hợp gồm hội đường Beit Menachem cùng trung tâm cộng đồng với lớp học, thư viện và bếp ăn từ thiện. Hội đường khánh thành năm 2004, được xem là biểu tượng cho sự hồi sinh của cộng đồng Do Thái nơi đây.",
        "yandex": "https://yandex.com/maps/?pt=132.930006,48.792014&z=17&l=map",
        "google": "https://www.google.com/maps/search/?api=1&query=48.792014,132.930006",
        "photo": null,
        "status": "enriched"
      }
    },
    {
      "type": "Feature",
      "geometry": {
        "type": "Point",
        "coordinates": [
          132.934518,
          48.792891
        ]
      },
      "properties": {
        "id": "jewish-ao-birobidzhan-railway-station",
        "name_vi": "Ga đường sắt Birobidzhan I (Birobidzhan I)",
        "name_ru": "Железнодорожный вокзал Биробиджан I",
        "name_en": "Birobidzhan-1 Railway Station",
        "region": "Tỉnh tự trị Do Thái",
        "categories": [
          "other"
        ],
        "rating": 4.4,
        "reviews": 50,
        "short": "Ga Birobidzhan I không chỉ là cửa ngõ giao thông trên tuyến đường sắt xuyên Siberia mà còn là một điểm mốc văn hóa: tấm biển tên nhà ga được viết song ngữ tiếng Nga và tiếng Yiddish. Tòa nhà ga bằng đá hoàn thành năm 1935, gắn với tên tuổi kiến trúc sư Bauhaus Hannes Meyer.",
        "yandex": "https://yandex.com/maps/?pt=132.934518,48.792891&z=17&l=map",
        "google": "https://www.google.com/maps/search/?api=1&query=48.792891,132.934518",
        "photo": "https://commons.wikimedia.org/wiki/Special:FilePath/Birobidzhan%20station.JPG",
        "status": "enriched"
      }
    },
    {
      "type": "Feature",
      "geometry": {
        "type": "Point",
        "coordinates": [
          42.439167,
          43.355
        ]
      },
      "properties": {
        "id": "kabardino-balkaria-mount-elbrus",
        "name_vi": "Núi Elbrus (Elbrus)",
        "name_ru": "Эльбрус",
        "name_en": "Mount Elbrus",
        "region": "Cộng hoà Kabardino-Balkaria",
        "categories": [
          "park_garden"
        ],
        "rating": null,
        "reviews": null,
        "short": "Elbrus là ngọn núi lửa ngủ yên cao 5.642 m, được công nhận là điểm cao nhất châu Âu và là một trong Bảy Đỉnh của thế giới. Với hai chóp băng trắng quanh năm, ngọn núi là biểu tượng của vùng Kavkaz và là giấc mơ chinh phục của giới leo núi khắp hành tinh.",
        "yandex": "https://yandex.com/maps/?pt=42.439167,43.355&z=17&l=map",
        "google": "https://www.google.com/maps/search/?api=1&query=43.355,42.439167",
        "photo": "https://commons.wikimedia.org/wiki/Special:FilePath/Elbrus%20-%20the%20Highest%20Mountain%20in%20Europe.jpg",
        "status": "enriched"
      }
    },
    {
      "type": "Feature",
      "geometry": {
        "type": "Point",
        "coordinates": [
          43.1897,
          43.2103
        ]
      },
      "properties": {
        "id": "kabardino-balkaria-chegem-waterfalls",
        "name_vi": "Thác nước Chegem (Chegemskiye vodopady)",
        "name_ru": "Чегемские водопады",
        "name_en": "Chegem Waterfalls",
        "region": "Cộng hoà Kabardino-Balkaria",
        "categories": [
          "park_garden"
        ],
        "rating": null,
        "reviews": null,
        "short": "Thác Chegem là chuỗi thác nước đổ xuống từ vách đá dựng đứng trong hẻm núi Chegem hùng vĩ. Mùa hè nước tung bọt trắng xóa, còn mùa đông cả vách đá hóa thành bức tường băng khổng lồ lấp lánh.",
        "yandex": "https://yandex.com/maps/?pt=43.1897,43.2103&z=17&l=map",
        "google": "https://www.google.com/maps/search/?api=1&query=43.2103,43.1897",
        "photo": "https://commons.wikimedia.org/wiki/Special:FilePath/Chegem%20waterfalls%203.jpg",
        "status": "enriched"
      }
    },
    {
      "type": "Feature",
      "geometry": {
        "type": "Point",
        "coordinates": [
          43.538889,
          43.233333
        ]
      },
      "properties": {
        "id": "kabardino-balkaria-blue-lake-cherek",
        "name_vi": "Hồ Xanh (Tserik-Kel)",
        "name_ru": "Голубое озеро (Церик-Кёль)",
        "name_en": "Blue Lake (Tserik-Kel)",
        "region": "Cộng hoà Kabardino-Balkaria",
        "categories": [
          "park_garden"
        ],
        "rating": null,
        "reviews": null,
        "short": "Hồ Xanh Dưới (Tserik-Kel) là một hồ karst sâu bí ẩn với làn nước trong xanh ngọc bích không bao giờ đóng băng và giữ nhiệt độ ổn định quanh năm. Đây là một trong những hồ tự nhiên sâu nhất nước Nga và là điểm lặn kỹ thuật nổi tiếng.",
        "yandex": "https://yandex.com/maps/?pt=43.538889,43.233333&z=17&l=map",
        "google": "https://www.google.com/maps/search/?api=1&query=43.233333,43.538889",
        "photo": "https://commons.wikimedia.org/wiki/Special:FilePath/77%20%D0%93%D0%BE%D0%BB%D1%83%D0%B1%D0%BE%D0%B5%20%D0%BE%D0%B7%D0%B5%D1%80%D0%BE.JPG",
        "status": "enriched"
      }
    },
    {
      "type": "Feature",
      "geometry": {
        "type": "Point",
        "coordinates": [
          43.517,
          43.132
        ]
      },
      "properties": {
        "id": "kabardino-balkaria-upper-balkaria",
        "name_vi": "Làng Verkhnyaya Balkaria (Thượng Balkaria)",
        "name_ru": "Верхняя Балкария",
        "name_en": "Upper Balkaria (Verkhnyaya Balkaria)",
        "region": "Cộng hoà Kabardino-Balkaria",
        "categories": [
          "square_street",
          "monument"
        ],
        "rating": null,
        "reviews": null,
        "short": "Verkhnyaya Balkaria là ngôi làng miền núi trải dài trong thung lũng Cherek hùng vĩ, cái nôi lịch sử của người Balkar. Nơi đây còn lưu giữ những tháp canh, pháo đài đá cổ và ký ức bi tráng về cuộc lưu đày năm 1944.",
        "yandex": "https://yandex.com/maps/?pt=43.517,43.132&z=17&l=map",
        "google": "https://www.google.com/maps/search/?api=1&query=43.132,43.517",
        "photo": "https://commons.wikimedia.org/wiki/Special:FilePath/%D0%AF%D0%BA%D0%B8%20%D1%82%D0%B8%D0%B1%D0%B5%D1%82%D1%81%D0%BA%D0%B8%D0%B5.%20%D0%92%D0%B5%D1%80%D1%85%D0%BD%D1%8F%D1%8F%20%D0%91%D0%B0%D0%BB%D0%BA%D0%B0%D1%80%D0%B8%D1%8F.jpg",
        "status": "enriched"
      }
    },
    {
      "type": "Feature",
      "geometry": {
        "type": "Point",
        "coordinates": [
          43.128,
          43.185
        ]
      },
      "properties": {
        "id": "kabardino-balkaria-el-tyubyu-necropolis",
        "name_vi": "Nghĩa địa cổ El-Tyubyu ('Thành phố của người chết')",
        "name_ru": "Эль-Тюбю (Город мёртвых)",
        "name_en": "El-Tyubyu Necropolis (City of the Dead)",
        "region": "Cộng hoà Kabardino-Balkaria",
        "categories": [
          "monument",
          "square_street"
        ],
        "rating": null,
        "reviews": null,
        "short": "El-Tyubyu là ngôi làng cổ ở thượng nguồn hẻm Chegem, nổi tiếng với khu 'Thành phố của người chết', một quần thể lăng mộ đá hình mái vòm có tuổi đời nhiều thế kỷ. Nơi đây phảng phất không khí huyền bí của một Kavkaz cổ xưa.",
        "yandex": "https://yandex.com/maps/?pt=43.128,43.185&z=17&l=map",
        "google": "https://www.google.com/maps/search/?api=1&query=43.185,43.128",
        "photo": null,
        "status": "enriched"
      }
    },
    {
      "type": "Feature",
      "geometry": {
        "type": "Point",
        "coordinates": [
          43.604,
          43.48
        ]
      },
      "properties": {
        "id": "kabardino-balkaria-nalchik-atazhukinsky-park",
        "name_vi": "Công viên Atazhukinsky (Vườn Atazhukinsky), Nalchik",
        "name_ru": "Атажукинский сад (Атажукинский парк)",
        "name_en": "Atazhukinsky Park (Nalchik City Park)",
        "region": "Cộng hoà Kabardino-Balkaria",
        "categories": [
          "park_garden"
        ],
        "rating": null,
        "reviews": null,
        "short": "Vườn Atazhukinsky là công viên trung tâm rợp bóng cây của Nalchik, một trong những công viên đẹp và lâu đời nhất vùng Bắc Kavkaz. Đây là lá phổi xanh và không gian dạo chơi, nghỉ dưỡng quen thuộc của cả thành phố.",
        "yandex": "https://yandex.com/maps/?pt=43.604,43.48&z=17&l=map",
        "google": "https://www.google.com/maps/search/?api=1&query=43.48,43.604",
        "photo": null,
        "status": "enriched"
      }
    },
    {
      "type": "Feature",
      "geometry": {
        "type": "Point",
        "coordinates": [
          42.4869,
          43.2386
        ]
      },
      "properties": {
        "id": "kabardino-balkaria-cheget-mountain",
        "name_vi": "Núi Cheget",
        "name_ru": "Чегет",
        "name_en": "Mount Cheget",
        "region": "Cộng hoà Kabardino-Balkaria",
        "categories": [
          "park_garden"
        ],
        "rating": null,
        "reviews": null,
        "short": "Cheget là ngọn núi cao 3.769 m nổi tiếng với điểm ngắm Elbrus đẹp bậc nhất và khu trượt tuyết 'huyền thoại' của Nga. Cáp treo ghế ngồi đưa du khách lên lưng chừng núi để phóng tầm mắt ra toàn cảnh dãy Kavkaz.",
        "yandex": "https://yandex.com/maps/?pt=42.4869,43.2386&z=17&l=map",
        "google": "https://www.google.com/maps/search/?api=1&query=43.2386,42.4869",
        "photo": "https://commons.wikimedia.org/wiki/Special:FilePath/Elbrus%20from%20Cheget.jpg",
        "status": "enriched"
      }
    },
    {
      "type": "Feature",
      "geometry": {
        "type": "Point",
        "coordinates": [
          20.8,
          55.133
        ]
      },
      "properties": {
        "id": "kaliningrad-curonian-spit",
        "name_vi": "Vườn quốc gia Doi cát Curonian (Куршская коса, đọc: Cuốc-si-a Cô-xa)",
        "name_ru": "Национальный парк «Куршская коса»",
        "name_en": "Curonian Spit National Park",
        "region": "Tỉnh Kaliningrad",
        "categories": [
          "park_garden"
        ],
        "rating": 4.7,
        "reviews": 2930,
        "short": "Куршская коса là dải cát hẹp dài gần 100 km vươn ra biển Baltic, ngăn biển với vịnh nước lợ Kuronia. Được UNESCO ghi danh năm 2000, nơi đây nổi tiếng với những đụn cát di động cao nhất châu Âu, rừng thông và tuyến di cư của hàng triệu cánh chim.",
        "yandex": "https://yandex.com/maps/?pt=20.8,55.133&z=17&l=map",
        "google": "https://www.google.com/maps/search/?api=1&query=55.133,20.8",
        "photo": "https://commons.wikimedia.org/wiki/Special:FilePath/Curonian%20Spit%20NP%2005-2017%20img17%20aerial%20view%20at%20Epha%20Dune.jpg",
        "status": "enriched"
      }
    },
    {
      "type": "Feature",
      "geometry": {
        "type": "Point",
        "coordinates": [
          20.51167,
          54.70639
        ]
      },
      "properties": {
        "id": "kaliningrad-konigsberg-cathedral",
        "name_vi": "Nhà thờ Chính tòa Königsberg & mộ triết gia Kant (Кафедральный собор, đọc: Ca-phê-đran-nưi Xa-bo)",
        "name_ru": "Кафедральный собор (Кёнигсбергский собор), могила Канта",
        "name_en": "Königsberg Cathedral & Kant's Tomb",
        "region": "Tỉnh Kaliningrad",
        "categories": [
          "church",
          "museum"
        ],
        "rating": 4.7,
        "reviews": 2349,
        "short": "Tòa nhà thờ Gothic gạch thế kỷ 14 trên đảo Kant là công trình biểu tượng còn sót lại của thành phố Königsberg xưa. Bên góc đông bắc là lăng mộ triết gia lừng danh Immanuel Kant, còn bên trong là bảo tàng và đại phong cầm hoành tráng.",
        "yandex": "https://yandex.com/maps/?pt=20.51167,54.70639&z=17&l=map",
        "google": "https://www.google.com/maps/search/?api=1&query=54.70639,20.51167",
        "photo": "https://commons.wikimedia.org/wiki/Special:FilePath/Konigsberg%20%28Kaliningrad%29%20cathedral.jpg",
        "status": "enriched"
      }
    },
    {
      "type": "Feature",
      "geometry": {
        "type": "Point",
        "coordinates": [
          20.514335,
          54.70542
        ]
      },
      "properties": {
        "id": "kaliningrad-fishing-village",
        "name_vi": "Làng Chài (Рыбная деревня, đọc: Rứp-na-i-a Đê-rép-nhi-a)",
        "name_ru": "Рыбная деревня",
        "name_en": "Fishing Village",
        "region": "Tỉnh Kaliningrad",
        "categories": [
          "square_street"
        ],
        "rating": 4.2,
        "reviews": 1469,
        "short": "Làng Chài là khu phố kiểu Đức tân cổ điển bên bờ sông Pregolya, tái hiện diện mạo Königsberg thời tiền chiến. Với những mái ngói đỏ, tháp hải đăng ngắm cảnh và loạt nhà hàng, đây là góc 'sống ảo' được yêu thích ở Kaliningrad.",
        "yandex": "https://yandex.com/maps/?pt=20.514335,54.70542&z=17&l=map",
        "google": "https://www.google.com/maps/search/?api=1&query=54.70542,20.514335",
        "photo": "https://commons.wikimedia.org/wiki/Special:FilePath/Fishery%20Village%20in%20Kaliningrad2.JPG",
        "status": "enriched"
      }
    },
    {
      "type": "Feature",
      "geometry": {
        "type": "Point",
        "coordinates": [
          20.499529,
          54.706708
        ]
      },
      "properties": {
        "id": "kaliningrad-museum-world-ocean",
        "name_vi": "Bảo tàng Đại dương Thế giới (Музей Мирового океана, đọc: Mu-dây Mi-rô-vô-vô A-kê-a-na)",
        "name_ru": "Музей Мирового океана",
        "name_en": "Museum of the World Ocean",
        "region": "Tỉnh Kaliningrad",
        "categories": [
          "museum"
        ],
        "rating": 4.6,
        "reviews": 1398,
        "short": "Đây là bảo tàng hàng hải hàng đầu nước Nga, trải dài trên bến Pyotr Đại đế với cả một hạm đội tàu bảo tàng. Nổi bật là tàu ngầm B-413, tàu nghiên cứu Vityaz cùng thủy cung và các khu trưng bày về đại dương.",
        "yandex": "https://yandex.com/maps/?pt=20.499529,54.706708&z=17&l=map",
        "google": "https://www.google.com/maps/search/?api=1&query=54.706708,20.499529",
        "photo": "https://commons.wikimedia.org/wiki/Special:FilePath/Kaliningrad%2005-2017%20img62%20Ocean%20Museum.jpg",
        "status": "enriched"
      }
    },
    {
      "type": "Feature",
      "geometry": {
        "type": "Point",
        "coordinates": [
          20.522997,
          54.72216
        ]
      },
      "properties": {
        "id": "kaliningrad-amber-museum",
        "name_vi": "Bảo tàng Hổ phách Kaliningrad (Музей янтаря, đọc: Mu-dây Yan-ta-ria)",
        "name_ru": "Музей янтаря",
        "name_en": "Kaliningrad Amber Museum",
        "region": "Tỉnh Kaliningrad",
        "categories": [
          "museum"
        ],
        "rating": 4.3,
        "reviews": 1712,
        "short": "Đặt trong tháp pháo Dohna cổ bên hồ Thượng, đây là bảo tàng chuyên đề hổ phách độc đáo của nước Nga. Vùng Kaliningrad nắm giữ hơn 90% trữ lượng hổ phách thế giới, và bộ sưu tập nơi đây kể trọn câu chuyện của 'vàng biển Baltic'.",
        "yandex": "https://yandex.com/maps/?pt=20.522997,54.72216&z=17&l=map",
        "google": "https://www.google.com/maps/search/?api=1&query=54.72216,20.522997",
        "photo": "https://commons.wikimedia.org/wiki/Special:FilePath/Amber%20Museum%20in%20Kaliningrad.JPG",
        "status": "enriched"
      }
    },
    {
      "type": "Feature",
      "geometry": {
        "type": "Point",
        "coordinates": [
          20.15,
          54.95
        ]
      },
      "properties": {
        "id": "kaliningrad-svetlogorsk",
        "name_vi": "Thị trấn nghỉ dưỡng biển Svetlogorsk (Светлогорск / Rauschen, đọc: Xvét-la-goóc)",
        "name_ru": "Светлогорск",
        "name_en": "Svetlogorsk",
        "region": "Tỉnh Kaliningrad",
        "categories": [
          "other"
        ],
        "rating": null,
        "reviews": null,
        "short": "Từng mang tên Đức là Rauschen, Svetlogorsk là thị trấn nghỉ dưỡng ven biển Baltic duyên dáng với kiến trúc biệt thự Phổ. Đường dạo ven biển, tháp nước cổ và thang máy nghiêng khiến nơi đây thành điểm trốn phố náo nhiệt lý tưởng.",
        "yandex": "https://yandex.com/maps/?pt=20.15,54.95&z=17&l=map",
        "google": "https://www.google.com/maps/search/?api=1&query=54.95,20.15",
        "photo": "https://commons.wikimedia.org/wiki/Special:FilePath/%D0%92%D0%BE%D0%B4%D0%BE%D0%BD%D0%B0%D0%BF%D0%BE%D1%80%D0%BD%D0%B0%D1%8F%20%D0%B1%D0%B0%D1%88%D0%BD%D1%8F.%20%D0%A1%D0%B2%D0%B5%D1%82%D0%BB%D0%BE%D0%B3%D0%BE%D1%80%D1%81%D0%BA%20%D0%A0%D0%B0%D1%83%D1%88%D0%B5%D0%BD%20%281908%29.JPG",
        "status": "enriched"
      }
    },
    {
      "type": "Feature",
      "geometry": {
        "type": "Point",
        "coordinates": [
          19.9167,
          54.65
        ]
      },
      "properties": {
        "id": "kaliningrad-baltiysk",
        "name_vi": "Baltiysk – Thành phố cực Tây nước Nga (Балтийск / Pillau, đọc: Ban-tí-xcơ)",
        "name_ru": "Балтийск (Пиллау)",
        "name_en": "Baltiysk",
        "region": "Tỉnh Kaliningrad",
        "categories": [
          "other",
          "fortress"
        ],
        "rating": null,
        "reviews": null,
        "short": "Baltiysk, tên Đức cũ là Pillau, là thành phố nằm ở cực Tây của nước Nga bên eo biển Baltic. Đây là căn cứ chính của Hạm đội Baltic, nổi tiếng với ngọn hải đăng cổ, pháo đài hình sao và không khí quân cảng đặc trưng.",
        "yandex": "https://yandex.com/maps/?pt=19.9167,54.65&z=17&l=map",
        "google": "https://www.google.com/maps/search/?api=1&query=54.65,19.9167",
        "photo": "https://commons.wikimedia.org/wiki/Special:FilePath/%D0%9C%D0%B0%D1%8F%D0%BA.%20%D0%91%D0%B0%D0%BB%D1%82%D0%B8%D0%B9%D1%81%D0%BA.jpg",
        "status": "enriched"
      }
    },
    {
      "type": "Feature",
      "geometry": {
        "type": "Point",
        "coordinates": [
          20.442872,
          54.752639
        ]
      },
      "properties": {
        "id": "kaliningrad-fort-no-5",
        "name_vi": "Pháo đài số 5 – 'Vua Friedrich Wilhelm III' (Форт №5, đọc: Pho Pi-át)",
        "name_ru": "Форт №5 «Король Фридрих-Вильгельм III»",
        "name_en": "Fort No. 5 (King Friedrich Wilhelm III)",
        "region": "Tỉnh Kaliningrad",
        "categories": [
          "fortress",
          "museum"
        ],
        "rating": 4.6,
        "reviews": 399,
        "short": "Pháo đài số 5 là một trong 12 pháo đài thuộc vành đai phòng thủ Königsberg cuối thế kỷ 19. Nơi đây ghi dấu trận đánh ác liệt tháng 4/1945 và nay là bảo tàng ngoài trời về Thế chiến II với hào nước, hầm ngầm và đài tưởng niệm.",
        "yandex": "https://yandex.com/maps/?pt=20.442872,54.752639&z=17&l=map",
        "google": "https://www.google.com/maps/search/?api=1&query=54.752639,20.442872",
        "photo": "https://commons.wikimedia.org/wiki/Special:FilePath/%D0%A4%D0%BE%D1%80%D1%82%20%E2%84%96%205%2C%20%D0%BC%D0%B5%D0%BC%D0%BE%D1%80%D0%B8%D0%B0%D0%BB%D1%8C%D0%BD%D0%B0%D1%8F%20%D0%BF%D0%BB%D0%B8%D1%82%D0%B0.JPG",
        "status": "enriched"
      }
    },
    {
      "type": "Feature",
      "geometry": {
        "type": "Point",
        "coordinates": [
          44.28389,
          46.30972
        ]
      },
      "properties": {
        "id": "kalmykia-golden-abode-buddha-shakyamuni",
        "name_vi": "Đại bảo điện Vàng Phật Thích Ca Mâu Ni (Zolotaya obitel Buddy Shakyamuni)",
        "name_ru": "Золотая обитель Будды Шакьямуни",
        "name_en": "Golden Abode of Buddha Shakyamuni",
        "region": "Cộng hoà Kalmykia",
        "categories": [
          "church",
          "monument"
        ],
        "rating": 4.9,
        "reviews": 356,
        "short": "Đại bảo điện Vàng Phật Thích Ca Mâu Ni là ngôi chùa Phật giáo lớn nhất châu Âu, biểu tượng rực rỡ của thủ phủ Elista. Công trình khánh thành năm 2005, nổi bật với mái vàng, 108 bảo tháp trắng và pho tượng Phật Thích Ca dát vàng khổng lồ bên trong.",
        "yandex": "https://yandex.com/maps/?pt=44.28389,46.30972&z=17&l=map",
        "google": "https://www.google.com/maps/search/?api=1&query=46.30972,44.28389",
        "photo": "https://commons.wikimedia.org/wiki/Special:FilePath/Burkhan%20Bakshin%20Altan%20Sume.jpg",
        "status": "enriched"
      }
    },
    {
      "type": "Feature",
      "geometry": {
        "type": "Point",
        "coordinates": [
          44.297778,
          46.296944
        ]
      },
      "properties": {
        "id": "kalmykia-chess-city-elista",
        "name_vi": "Thành phố Cờ Vua Elista (Siti-Chess)",
        "name_ru": "Сити-Чесс (Город шахмат)",
        "name_en": "Chess City (City-Chess), Elista",
        "region": "Cộng hoà Kalmykia",
        "categories": [
          "monument",
          "museum"
        ],
        "rating": 3.6,
        "reviews": 133,
        "short": "Siti-Chess – 'Thành phố Cờ Vua' – là khu phức hợp độc đáo được xây ở rìa đông nam Elista để đăng cai Olympiad Cờ vua thế giới năm 1998. Điểm nhấn là Cung Cờ vua hình chiếc lều kibitka truyền thống của người Kalmykia, cùng những biệt thự và tượng đài lấy cảm hứng từ cờ vua.",
        "yandex": "https://yandex.com/maps/?pt=44.297778,46.296944&z=17&l=map",
        "google": "https://www.google.com/maps/search/?api=1&query=46.296944,44.297778",
        "photo": "https://commons.wikimedia.org/wiki/Special:FilePath/Public%20Chess%20Elista%20Kalmykia.JPG",
        "status": "enriched"
      }
    },
    {
      "type": "Feature",
      "geometry": {
        "type": "Point",
        "coordinates": [
          44.2697,
          46.3078
        ]
      },
      "properties": {
        "id": "kalmykia-pagoda-seven-days",
        "name_vi": "Bảo tháp Bảy Ngày (Pagoda Semi Dney)",
        "name_ru": "Пагода Семи дней",
        "name_en": "Pagoda of Seven Days",
        "region": "Cộng hoà Kalmykia",
        "categories": [
          "monument"
        ],
        "rating": 4.7,
        "reviews": 114,
        "short": "Bảo tháp Bảy Ngày là biểu tượng trung tâm của Quảng trường Lenin ở Elista, một bảo tháp bảy tầng cao 15 mét mang đậm phong cách Phật giáo. Bên trong đặt một bánh xe cầu nguyện khổng lồ chứa hàng chục triệu câu chân ngôn.",
        "yandex": "https://yandex.com/maps/?pt=44.2697,46.3078&z=17&l=map",
        "google": "https://www.google.com/maps/search/?api=1&query=46.3078,44.2697",
        "photo": "https://commons.wikimedia.org/wiki/Special:FilePath/%D0%98%D0%B3%D1%80%D0%B0%20%D0%B2%20%D1%88%D0%B0%D1%85%D0%BC%D0%B0%D1%82%D1%8B%20%D0%BD%D0%B0%20%D0%BF%D0%BB%D0%BE%D1%89%D0%B0%D0%B4%D0%B8%20%D0%BE%D0%BA%D0%BE%D0%BB%D0%BE%20%D0%BF%D0%B0%D0%B3%D0%BE%D0%B4%D1%8B%20%D0%A1%D0%B5%D0%BC%D0%B8%20%D0%94%D0%BD%D0%B5%D0%B9%2C%20%D0%AD%D0%BB%D0%B8%D1%81%D1%82%D0%B0.jpg",
        "status": "enriched"
      }
    },
    {
      "type": "Feature",
      "geometry": {
        "type": "Point",
        "coordinates": [
          44.2236,
          46.2881
        ]
      },
      "properties": {
        "id": "kalmykia-syakusn-syume-monastery",
        "name_vi": "Tu viện cổ Syakyusn-Syume (Geden Sheddup Choykorling)",
        "name_ru": "Сякюсн-Сюме (Геден Шеддуп Чойкорлинг)",
        "name_en": "Syakusn-Syume Monastery (Geden Sheddup Choykorling)",
        "region": "Cộng hoà Kalmykia",
        "categories": [
          "church",
          "monument"
        ],
        "rating": 4.9,
        "reviews": 11,
        "short": "Syakyusn-Syume, tên chính thức là Geden Sheddup Choykorling, là 'ngôi chùa cổ' của Kalmykia, nằm giữa thảo nguyên phía nam Elista. Khánh thành năm 1996, đây từng là chùa Phật giáo lớn nhất vùng trước khi Đại bảo điện Vàng ra đời.",
        "yandex": "https://yandex.com/maps/?pt=44.2236,46.2881&z=17&l=map",
        "google": "https://www.google.com/maps/search/?api=1&query=46.2881,44.2236",
        "photo": "https://commons.wikimedia.org/wiki/Special:FilePath/GShCh.jpg",
        "status": "enriched"
      }
    },
    {
      "type": "Feature",
      "geometry": {
        "type": "Point",
        "coordinates": [
          42.867,
          46.317
        ]
      },
      "properties": {
        "id": "kalmykia-tulip-fields-manych",
        "name_vi": "Cánh đồng hoa tulip hoang dã bên hồ Manych-Gudilo (Tyulpanovye polya)",
        "name_ru": "Тюльпановые поля / озеро Маныч-Гудило",
        "name_en": "Tulip Fields at Lake Manych-Gudilo",
        "region": "Cộng hoà Kalmykia",
        "categories": [
          "park_garden"
        ],
        "rating": null,
        "reviews": null,
        "short": "Mỗi độ tháng Tư, thảo nguyên quanh hồ Manych-Gudilo ở phía tây Kalmykia lại bừng nở thảm hoa tulip hoang dã đủ sắc đỏ, vàng, tím. Đây là một trong những cảnh tượng thiên nhiên ngoạn mục nhất nước Nga, gắn với Lễ hội Hoa Tulip nổi tiếng.",
        "yandex": "https://yandex.com/maps/?pt=42.867,46.317&z=17&l=map",
        "google": "https://www.google.com/maps/search/?api=1&query=46.317,42.867",
        "photo": "https://commons.wikimedia.org/wiki/Special:FilePath/Yellow%20tulip%20in%20Manych-Gudilo%20protected%20area.jpg",
        "status": "enriched"
      }
    },
    {
      "type": "Feature",
      "geometry": {
        "type": "Point",
        "coordinates": [
          44.2645,
          46.306
        ]
      },
      "properties": {
        "id": "kalmykia-golden-gate-elista",
        "name_vi": "Cổng Vàng 'Altn Bosh' (Zolotye Vorota)",
        "name_ru": "Золотые ворота «Алтн Босх»",
        "name_en": "Golden Gate 'Altn Bosh'",
        "region": "Cộng hoà Kalmykia",
        "categories": [
          "monument"
        ],
        "rating": 4.4,
        "reviews": 5,
        "short": "Cổng Vàng 'Altn Bosh' là cổng chào mạ vàng cao 15 mét ở trung tâm Elista, dựng năm 1998 nhân kỳ Olympiad Cờ vua. 28 bức tranh trên cổng kể lại lịch sử và văn hóa của người Kalmykia.",
        "yandex": "https://yandex.com/maps/?pt=44.2645,46.306&z=17&l=map",
        "google": "https://www.google.com/maps/search/?api=1&query=46.306,44.2645",
        "photo": null,
        "status": "enriched"
      }
    },
    {
      "type": "Feature",
      "geometry": {
        "type": "Point",
        "coordinates": [
          44.255,
          46.3105
        ]
      },
      "properties": {
        "id": "kalmykia-elista-national-museum",
        "name_vi": "Bảo tàng Quốc gia Cộng hòa Kalmykia mang tên N.N. Palmov",
        "name_ru": "Национальный музей Республики Калмыкия им. Н. Н. Пальмова",
        "name_en": "National Museum of the Republic of Kalmykia named after N.N. Palmov",
        "region": "Cộng hoà Kalmykia",
        "categories": [
          "museum",
          "monument"
        ],
        "rating": 4.6,
        "reviews": 42,
        "short": "Bảo tàng Quốc gia Cộng hòa Kalmykia mang tên N.N. Palmov là bảo tàng lớn và lâu đời nhất vùng, thành lập năm 1921. Nơi đây lưu giữ hàng vạn hiện vật về lịch sử, văn hóa, Phật giáo và đời sống du mục của người Kalmykia.",
        "yandex": "https://yandex.com/maps/?pt=44.255,46.3105&z=17&l=map",
        "google": "https://www.google.com/maps/search/?api=1&query=46.3105,44.255",
        "photo": null,
        "status": "enriched"
      }
    },
    {
      "type": "Feature",
      "geometry": {
        "type": "Point",
        "coordinates": [
          36.230625,
          54.516969
        ]
      },
      "properties": {
        "id": "kaluga-kaluga-cosmonautics-museum",
        "name_vi": "Bảo tàng Lịch sử Du hành Vũ trụ mang tên Tsiolkovsky (Muzey istorii kosmonavtiki)",
        "name_ru": "Государственный музей истории космонавтики им. К. Э. Циолковского",
        "name_en": "State Museum of the History of Cosmonautics named after K. E. Tsiolkovsky",
        "region": "Tỉnh Kaluga",
        "categories": [
          "museum"
        ],
        "rating": 4.6,
        "reviews": 809,
        "short": "Khánh thành năm 1967, đây là bảo tàng đầu tiên trên thế giới dành riêng cho lịch sử chinh phục vũ trụ, mang tên nhà bác học Kaluga Konstantin Tsiolkovsky. Bảo tàng trưng bày vệ tinh, tàu vũ trụ, đồ phi hành gia, mẫu đất Mặt Trăng và có cả công viên tên lửa ngoài trời với tên lửa R-7.",
        "yandex": "https://yandex.com/maps/?pt=36.230625,54.516969&z=17&l=map",
        "google": "https://www.google.com/maps/search/?api=1&query=54.516969,36.230625",
        "photo": "https://commons.wikimedia.org/wiki/Special:FilePath/Space%20museum%20%28Kaluga%29.jpg",
        "status": "enriched"
      }
    },
    {
      "type": "Feature",
      "geometry": {
        "type": "Point",
        "coordinates": [
          35.832373,
          54.050759
        ]
      },
      "properties": {
        "id": "kaluga-optina-pustyn-monastery",
        "name_vi": "Tu viện Optina Pustyn (Optina Pustyn)",
        "name_ru": "Оптина пустынь (Введенский ставропигиальный мужской монастырь)",
        "name_en": "Optina Pustyn Monastery",
        "region": "Tỉnh Kaluga",
        "categories": [
          "church"
        ],
        "rating": 4.7,
        "reviews": 189,
        "short": "Optina Pustyn là một trong những tu viện chính thống giáo thiêng liêng nhất nước Nga, lừng danh từ thế kỷ 19 nhờ truyền thống 'trưởng lão' (startsy). Nơi đây từng thu hút các văn hào Dostoevsky, Tolstoy, Gogol và là nguồn cảm hứng cho nhân vật cha Zosima trong 'Anh em nhà Karamazov'.",
        "yandex": "https://yandex.com/maps/?pt=35.832373,54.050759&z=17&l=map",
        "google": "https://www.google.com/maps/search/?api=1&query=54.050759,35.832373",
        "photo": "https://commons.wikimedia.org/wiki/Special:FilePath/%D0%9C%D0%BE%D0%BD%D0%B0%D1%81%D1%82%D1%8B%D1%80%D1%8C%20%D0%9E%D0%BF%D1%82%D0%B8%D0%BD%D0%B0%20%D0%9F%D1%83%D1%81%D1%82%D1%8B%D0%BD%D1%8C.JPG",
        "status": "enriched"
      }
    },
    {
      "type": "Feature",
      "geometry": {
        "type": "Point",
        "coordinates": [
          37.1739,
          54.7235
        ]
      },
      "properties": {
        "id": "kaluga-tarusa-town",
        "name_vi": "Thị trấn Tarusa bên sông Oka (Tarusa)",
        "name_ru": "Таруса",
        "name_en": "Tarusa",
        "region": "Tỉnh Kaluga",
        "categories": [
          "other",
          "park_garden"
        ],
        "rating": 4.6,
        "reviews": 17,
        "short": "Tarusa là thị trấn nhỏ thanh bình bên bờ cao sông Oka, được mệnh danh là 'thủ phủ nghệ thuật' của nước Nga. Nơi đây gắn với thi sĩ Marina Tsvetaeva và nhà văn Paustovsky, có nhiều bảo tàng văn học, phòng tranh và bờ kè sông thơ mộng.",
        "yandex": "https://yandex.com/maps/?pt=37.1739,54.7235&z=17&l=map",
        "google": "https://www.google.com/maps/search/?api=1&query=54.7235,37.1739",
        "photo": "https://commons.wikimedia.org/wiki/Special:FilePath/%D0%A2%D0%B0%D1%80%D1%83%D1%81%D0%B0.jpg",
        "status": "enriched"
      }
    },
    {
      "type": "Feature",
      "geometry": {
        "type": "Point",
        "coordinates": [
          35.604298,
          54.757605
        ]
      },
      "properties": {
        "id": "kaluga-nikola-lenivets-art-park",
        "name_vi": "Công viên Nghệ thuật Nikola-Lenivets (Nikola-Lenivets)",
        "name_ru": "Арт-парк «Никола-Ленивец»",
        "name_en": "Nikola-Lenivets Art Park",
        "region": "Tỉnh Kaluga",
        "categories": [
          "park_garden"
        ],
        "rating": 3.8,
        "reviews": 390,
        "short": "Nikola-Lenivets là công viên nghệ thuật ngoài trời lớn nhất châu Âu, trải rộng trong Vườn quốc gia Ugra với hơn 30 công trình land art khổng lồ bằng gỗ và vật liệu tự nhiên. Đây cũng là nơi diễn ra lễ hội nghệ thuật đất Archstoyanie thường niên.",
        "yandex": "https://yandex.com/maps/?pt=35.604298,54.757605&z=17&l=map",
        "google": "https://www.google.com/maps/search/?api=1&query=54.757605,35.604298",
        "photo": "https://commons.wikimedia.org/wiki/Special:FilePath/The%20view%20from%20the%20window%20of%20Nikolay%20Polissky%27s%20house.JPG",
        "status": "enriched"
      }
    },
    {
      "type": "Feature",
      "geometry": {
        "type": "Point",
        "coordinates": [
          35.996671,
          54.738785
        ]
      },
      "properties": {
        "id": "kaluga-polotnyany-zavod-estate",
        "name_vi": "Điền trang Polotnyany Zavod, nhà Goncharov (Polotnyany Zavod)",
        "name_ru": "Музей-усадьба «Полотняный Завод» (усадьба Гончаровых)",
        "name_en": "Polotnyany Zavod Estate (Goncharov Manor)",
        "region": "Tỉnh Kaluga",
        "categories": [
          "palace",
          "museum"
        ],
        "rating": 4.4,
        "reviews": 75,
        "short": "Polotnyany Zavod là điền trang quý tộc của dòng họ Goncharov, gắn với các xưởng giấy và vải buồm lập từ đầu thế kỷ 18 thời Pyotr Đại đế. Nơi đây là quê ngoại của Natalia Goncharova, vợ đại thi hào Pushkin, người từng hai lần đến thăm.",
        "yandex": "https://yandex.com/maps/?pt=35.996671,54.738785&z=17&l=map",
        "google": "https://www.google.com/maps/search/?api=1&query=54.738785,35.996671",
        "photo": "https://commons.wikimedia.org/wiki/Special:FilePath/%D0%93%D0%BB%D0%B0%D0%B2%D0%BD%D0%BE%D0%B5%20%D0%B7%D0%B4%D0%B0%D0%BD%D0%B8%D0%B5%20%D1%83%D1%81%D0%B0%D0%B4%D1%8C%D0%B1%D1%8B%20%D0%9F%D0%BE%D0%BB%D0%BE%D1%82%D0%BD%D1%8F%D0%BD%D1%8B%D0%B9%20%D0%B7%D0%B0%D0%B2%D0%BE%D0%B4.JPG",
        "status": "enriched"
      }
    },
    {
      "type": "Feature",
      "geometry": {
        "type": "Point",
        "coordinates": [
          36.230203,
          54.511207
        ]
      },
      "properties": {
        "id": "kaluga-tsiolkovsky-house-museum",
        "name_vi": "Nhà lưu niệm K. E. Tsiolkovsky (Dom-muzey Tsiolkovskogo)",
        "name_ru": "Дом-музей К. Э. Циолковского",
        "name_en": "K. E. Tsiolkovsky House-Museum",
        "region": "Tỉnh Kaluga",
        "categories": [
          "museum"
        ],
        "rating": 4.7,
        "reviews": 250,
        "short": "Đây là ngôi nhà gỗ nơi nhà bác học Konstantin Tsiolkovsky, 'cha đẻ ngành du hành vũ trụ', sống gần ba mươi năm bên bờ sông Oka. Bảo tàng phục dựng nguyên vẹn không gian sống và làm việc của ông, trưng bày bàn viết, dụng cụ tự chế và các mô hình.",
        "yandex": "https://yandex.com/maps/?pt=36.230203,54.511207&z=17&l=map",
        "google": "https://www.google.com/maps/search/?api=1&query=54.511207,36.230203",
        "photo": null,
        "status": "enriched"
      }
    },
    {
      "type": "Feature",
      "geometry": {
        "type": "Point",
        "coordinates": [
          35.868803,
          54.160059
        ]
      },
      "properties": {
        "id": "kaluga-shamordino-convent",
        "name_vi": "Tu viện nữ Kazan-Amvrosievskaya ở Shamordino (Shamordino)",
        "name_ru": "Казанская Амвросиевская пустынь (Шамординский монастырь)",
        "name_en": "Kazan Amvrosievskaya Convent, Shamordino",
        "region": "Tỉnh Kaluga",
        "categories": [
          "church"
        ],
        "rating": 4.8,
        "reviews": 77,
        "short": "Tu viện nữ Kazan-Amvrosievskaya ở Shamordino do trưởng lão Ambrose của Optina sáng lập năm 1884, nằm trên triền đồi cao nhìn xuống thung lũng sông. Điểm nhấn là nhà thờ Đức Mẹ Kazan bằng gạch đỏ đồ sộ theo phong cách Nga cổ.",
        "yandex": "https://yandex.com/maps/?pt=35.868803,54.160059&z=17&l=map",
        "google": "https://www.google.com/maps/search/?api=1&query=54.160059,35.868803",
        "photo": "https://commons.wikimedia.org/wiki/Special:FilePath/Shamordino-04.jpg",
        "status": "enriched"
      }
    },
    {
      "type": "Feature",
      "geometry": {
        "type": "Point",
        "coordinates": [
          36.18667,
          54.22944
        ]
      },
      "properties": {
        "id": "kaluga-ugra-national-park",
        "name_vi": "Vườn quốc gia Ugra (Natsionalny park Ugra)",
        "name_ru": "Национальный парк «Угра»",
        "name_en": "Ugra National Park",
        "region": "Tỉnh Kaluga",
        "categories": [
          "park_garden"
        ],
        "rating": 4.6,
        "reviews": 21,
        "short": "Vườn quốc gia Ugra bảo tồn cảnh quan tiêu biểu của miền Trung nước Nga dọc thung lũng ba sông Ugra, Zhizdra và Oka, và là khu dự trữ sinh quyển UNESCO từ năm 2002. Đây cũng là nơi diễn ra 'Cuộc đối đầu lớn trên sông Ugra' năm 1480.",
        "yandex": "https://yandex.com/maps/?pt=36.18667,54.22944&z=17&l=map",
        "google": "https://www.google.com/maps/search/?api=1&query=54.22944,36.18667",
        "photo": "https://commons.wikimedia.org/wiki/Special:FilePath/Ugra%20River.jpg",
        "status": "enriched"
      }
    },
    {
      "type": "Feature",
      "geometry": {
        "type": "Point",
        "coordinates": [
          160.14,
          54.4333
        ]
      },
      "properties": {
        "id": "kamchatka-valley-of-geysers",
        "name_vi": "Thung lũng Mạch nước phun (Đô-li-na Gây-de-rốp)",
        "name_ru": "Долина гейзеров",
        "name_en": "Valley of Geysers",
        "region": "Vùng Kamchatka",
        "categories": [
          "park_garden"
        ],
        "rating": null,
        "reviews": null,
        "short": "Thung lũng Mạch nước phun là cánh đồng geyser lớn thứ hai thế giới, nơi hàng chục mạch nước nóng phun cột hơi và nước sôi cao vút giữa một hẻm núi hoang sơ. Ẩn sâu trong Khu bảo tồn Kronotsky và chỉ đến được bằng trực thăng, đây là biểu tượng thiên nhiên nổi tiếng nhất của Kamchatka.",
        "yandex": "https://yandex.com/maps/?pt=160.14,54.4333&z=17&l=map",
        "google": "https://www.google.com/maps/search/?api=1&query=54.4333,160.14",
        "photo": "https://commons.wikimedia.org/wiki/Special:FilePath/Valley%20of%20the%20Geysers.jpg",
        "status": "enriched"
      }
    },
    {
      "type": "Feature",
      "geometry": {
        "type": "Point",
        "coordinates": [
          158.65,
          53.017
        ]
      },
      "properties": {
        "id": "kamchatka-petropavlovsk-kamchatsky",
        "name_vi": "Thành phố Petropavlovsk-Kamchatsky (Pi-tơ-rô-páp-lốp Cam-chát-xki)",
        "name_ru": "Петропавловск-Камчатский",
        "name_en": "Petropavlovsk-Kamchatsky",
        "region": "Vùng Kamchatka",
        "categories": [
          "square_street",
          "other"
        ],
        "rating": null,
        "reviews": null,
        "short": "Petropavlovsk-Kamchatsky là thủ phủ và cửa ngõ của bán đảo Kamchatka, một thành phố cảng nhỏ nằm nép bên vịnh Avacha tuyệt đẹp dưới chân ba ngọn núi lửa. Được nhà thám hiểm Vitus Bering lập nên năm 1740, đây là một trong những đô thị lâu đời nhất vùng Viễn Đông Nga.",
        "yandex": "https://yandex.com/maps/?pt=158.65,53.017&z=17&l=map",
        "google": "https://www.google.com/maps/search/?api=1&query=53.017,158.65",
        "photo": "https://commons.wikimedia.org/wiki/Special:FilePath/Petropavlovsk-Kamchatsky%20with%20Koryaksky%20Volcano%20in%20background.jpg",
        "status": "enriched"
      }
    },
    {
      "type": "Feature",
      "geometry": {
        "type": "Point",
        "coordinates": [
          158.83,
          53.255
        ]
      },
      "properties": {
        "id": "kamchatka-avachinsky-volcano",
        "name_vi": "Núi lửa Avachinsky (A-va-chin-xki)",
        "name_ru": "Авачинский вулкан",
        "name_en": "Avachinsky Volcano",
        "region": "Vùng Kamchatka",
        "categories": [
          "park_garden"
        ],
        "rating": null,
        "reviews": null,
        "short": "Avachinsky là 'ngọn núi lửa nhà' còn hoạt động, sừng sững ngay sau lưng thủ phủ Petropavlovsk và là đỉnh được leo nhiều nhất Kamchatka. Cao 2.741 m với miệng núi lửa vẫn phì hơi nóng, đây là hành trình chinh phục núi lửa dễ tiếp cận nhất bán đảo.",
        "yandex": "https://yandex.com/maps/?pt=158.83,53.255&z=17&l=map",
        "google": "https://www.google.com/maps/search/?api=1&query=53.255,158.83",
        "photo": "https://commons.wikimedia.org/wiki/Special:FilePath/Avachinsky%20Volcano%20%2823682444539%29.jpg",
        "status": "enriched"
      }
    },
    {
      "type": "Feature",
      "geometry": {
        "type": "Point",
        "coordinates": [
          158.1975,
          52.4483
        ]
      },
      "properties": {
        "id": "kamchatka-mutnovsky-volcano",
        "name_vi": "Núi lửa Mutnovsky (Mút-nốp-xki)",
        "name_ru": "Мутновский вулкан",
        "name_en": "Mutnovsky Volcano",
        "region": "Vùng Kamchatka",
        "categories": [
          "park_garden"
        ],
        "rating": null,
        "reviews": null,
        "short": "Mutnovsky là một trong những núi lửa hoạt động mạnh và ngoạn mục nhất nam Kamchatka, nơi du khách có thể đi bộ vào tận trong lòng miệng núi giữa những lỗ phun hơi gầm rú và hồ axit sôi sục. Cảnh quan siêu thực của lửa, băng và khói lưu huỳnh khiến nơi đây như bề mặt một hành tinh xa lạ.",
        "yandex": "https://yandex.com/maps/?pt=158.1975,52.4483&z=17&l=map",
        "google": "https://www.google.com/maps/search/?api=1&query=52.4483,158.1975",
        "photo": "https://commons.wikimedia.org/wiki/Special:FilePath/Mutnovka2.jpg",
        "status": "enriched"
      }
    },
    {
      "type": "Feature",
      "geometry": {
        "type": "Point",
        "coordinates": [
          160.6441,
          56.056
        ]
      },
      "properties": {
        "id": "kamchatka-klyuchevskaya-sopka",
        "name_vi": "Núi lửa Klyuchevskaya Sopka (Klu-chép-xkai-a Sốp-ka)",
        "name_ru": "Ключевская Сопка",
        "name_en": "Klyuchevskaya Sopka",
        "region": "Vùng Kamchatka",
        "categories": [
          "park_garden"
        ],
        "rating": null,
        "reviews": null,
        "short": "Klyuchevskaya Sopka là ngọn núi lửa đang hoạt động cao nhất lục địa Á–Âu, một nón lửa gần như hoàn hảo cao 4.754 m gần như phun trào liên tục. Đây là 'nữ hoàng' của cụm núi lửa Klyuchevskaya và là biểu tượng hùng vĩ nhất của Kamchatka.",
        "yandex": "https://yandex.com/maps/?pt=160.6441,56.056&z=17&l=map",
        "google": "https://www.google.com/maps/search/?api=1&query=56.056,160.6441",
        "photo": "https://commons.wikimedia.org/wiki/Special:FilePath/Klyuchevskoi%20Volcano.JPG",
        "status": "enriched"
      }
    },
    {
      "type": "Feature",
      "geometry": {
        "type": "Point",
        "coordinates": [
          160.5403,
          54.9253
        ]
      },
      "properties": {
        "id": "kamchatka-kronotsky-nature-reserve",
        "name_vi": "Khu bảo tồn thiên nhiên Kronotsky (Kro-nốt-xki Za-pa-vét-nhik)",
        "name_ru": "Кроноцкий заповедник",
        "name_en": "Kronotsky Nature Reserve",
        "region": "Vùng Kamchatka",
        "categories": [
          "park_garden"
        ],
        "rating": null,
        "reviews": null,
        "short": "Kronotsky là khu bảo tồn thiên nhiên lâu đời và nổi tiếng nhất Kamchatka, gói trọn trong mình núi lửa, mạch nước phun, hồ miệng núi lửa và hàng trăm con gấu nâu khổng lồ. Là trái tim của Di sản Thế giới UNESCO 'Núi lửa Kamchatka', đây chính là nơi tọa lạc của Thung lũng Mạch nước phun trứ danh.",
        "yandex": "https://yandex.com/maps/?pt=160.5403,54.9253&z=17&l=map",
        "google": "https://www.google.com/maps/search/?api=1&query=54.9253,160.5403",
        "photo": "https://commons.wikimedia.org/wiki/Special:FilePath/Kronotsky%20volcano.jpg",
        "status": "enriched"
      }
    },
    {
      "type": "Feature",
      "geometry": {
        "type": "Point",
        "coordinates": [
          158.689,
          52.8931
        ]
      },
      "properties": {
        "id": "kamchatka-three-brothers-rocks-avacha-bay",
        "name_vi": "Vịnh Avacha & tảng đá Ba Anh Em (Tri Bra-ta)",
        "name_ru": "Скалы Три брата (Авачинская бухта)",
        "name_en": "Three Brothers Rocks (Avacha Bay)",
        "region": "Vùng Kamchatka",
        "categories": [
          "park_garden",
          "monument"
        ],
        "rating": null,
        "reviews": null,
        "short": "Ba Anh Em là ba khối đá sừng sững nhô lên ngay cửa vịnh Avacha, biểu tượng lâu đời của thành phố Petropavlovsk-Kamchatsky. Theo truyền thuyết, đây là ba anh em đã hóa đá khi ra chắn sóng thần bảo vệ quê hương.",
        "yandex": "https://yandex.com/maps/?pt=158.689,52.8931&z=17&l=map",
        "google": "https://www.google.com/maps/search/?api=1&query=52.8931,158.689",
        "photo": "https://commons.wikimedia.org/wiki/Special:FilePath/Kamchatka%20three%20brothers%20rdfr.jpg",
        "status": "enriched"
      }
    },
    {
      "type": "Feature",
      "geometry": {
        "type": "Point",
        "coordinates": [
          158.8164,
          52.9653
        ]
      },
      "properties": {
        "id": "kamchatka-khalaktyrsky-beach",
        "name_vi": "Bãi biển cát đen Khalaktyrsky (Kha-lac-tưr-xki)",
        "name_ru": "Халактырский пляж",
        "name_en": "Khalaktyrsky Beach",
        "region": "Vùng Kamchatka",
        "categories": [
          "park_garden"
        ],
        "rating": null,
        "reviews": null,
        "short": "Khalaktyrsky là bãi biển cát núi lửa đen tuyền trải dài hàng chục cây số bên bờ Thái Bình Dương, ngay sát thủ phủ Petropavlovsk. Với những con sóng lớn quanh năm, nơi đây đã trở thành điểm lướt sóng độc đáo bậc nhất nước Nga.",
        "yandex": "https://yandex.com/maps/?pt=158.8164,52.9653&z=17&l=map",
        "google": "https://www.google.com/maps/search/?api=1&query=52.9653,158.8164",
        "photo": null,
        "status": "enriched"
      }
    },
    {
      "type": "Feature",
      "geometry": {
        "type": "Point",
        "coordinates": [
          157.117,
          51.45
        ]
      },
      "properties": {
        "id": "kamchatka-kuril-lake",
        "name_vi": "Hồ Kuril (Ku-rin-xko-ye Ô-dê-rô)",
        "name_ru": "Курильское озеро",
        "name_en": "Kurile Lake",
        "region": "Vùng Kamchatka",
        "categories": [
          "park_garden"
        ],
        "rating": null,
        "reviews": null,
        "short": "Hồ Kuril là một hồ miệng núi lửa tuyệt đẹp ở cực nam Kamchatka, nổi tiếng là nơi có mật độ gấu nâu cao nhất nước Nga và là bãi đẻ cá hồi đỏ lớn nhất châu Á. Đây là thiên đường số một để quan sát gấu nâu hoang dã ở cự ly gần.",
        "yandex": "https://yandex.com/maps/?pt=157.117,51.45&z=17&l=map",
        "google": "https://www.google.com/maps/search/?api=1&query=51.45,157.117",
        "photo": "https://commons.wikimedia.org/wiki/Special:FilePath/Kurile%20lake.jpg",
        "status": "enriched"
      }
    },
    {
      "type": "Feature",
      "geometry": {
        "type": "Point",
        "coordinates": [
          158.6947,
          55.9306
        ]
      },
      "properties": {
        "id": "kamchatka-esso-village",
        "name_vi": "Làng Esso (Ét-xô) – 'Thụy Sĩ của Kamchatka'",
        "name_ru": "Село Эссо",
        "name_en": "Esso",
        "region": "Vùng Kamchatka",
        "categories": [
          "other"
        ],
        "rating": null,
        "reviews": null,
        "short": "Esso là ngôi làng miền núi xinh đẹp giữa thung lũng rừng thông của huyện Bystrinsky, được mệnh danh là 'Thụy Sĩ của Kamchatka'. Nổi tiếng với suối nước nóng, văn hóa bản địa Even và cảnh quan thanh bình, đây là ốc đảo ấm áp giữa vùng đất núi lửa.",
        "yandex": "https://yandex.com/maps/?pt=158.6947,55.9306&z=17&l=map",
        "google": "https://www.google.com/maps/search/?api=1&query=55.9306,158.6947",
        "photo": "https://commons.wikimedia.org/wiki/Special:FilePath/Wooden%20houses%20in%20Esso%2C%20Kamchatka%2C%20Russia.jpg",
        "status": "enriched"
      }
    },
    {
      "type": "Feature",
      "geometry": {
        "type": "Point",
        "coordinates": [
          157.7161,
          53.0525
        ]
      },
      "properties": {
        "id": "kamchatka-vachkazhets",
        "name_vi": "Núi Vachkazhets (Vách-ka-giét)",
        "name_ru": "Вачкажец",
        "name_en": "Vachkazhets",
        "region": "Vùng Kamchatka",
        "categories": [
          "park_garden"
        ],
        "rating": null,
        "reviews": null,
        "short": "Vachkazhets là một khối núi tàn tích của núi lửa cổ, nơi có thung lũng lòng chảo tuyệt đẹp với hồ băng, thác nước và thảm hoa dại. Chỉ cách thủ phủ 80 km, đây là một trong những điểm đi bộ trong ngày được yêu thích nhất Kamchatka.",
        "yandex": "https://yandex.com/maps/?pt=157.7161,53.0525&z=17&l=map",
        "google": "https://www.google.com/maps/search/?api=1&query=53.0525,157.7161",
        "photo": "https://commons.wikimedia.org/wiki/Special:FilePath/Vachkazhets%202021%2008.jpg",
        "status": "enriched"
      }
    },
    {
      "type": "Feature",
      "geometry": {
        "type": "Point",
        "coordinates": [
          159.13,
          53.64
        ]
      },
      "properties": {
        "id": "kamchatka-nalychevo-nature-park",
        "name_vi": "Công viên thiên nhiên Nalychevo (Na-lư-che-vô)",
        "name_ru": "Природный парк Налычево",
        "name_en": "Nalychevo Nature Park",
        "region": "Vùng Kamchatka",
        "categories": [
          "park_garden"
        ],
        "rating": null,
        "reviews": null,
        "short": "Nalychevo là công viên thiên nhiên nổi tiếng với thung lũng suối khoáng nóng nằm lọt giữa vòng vây của những ngọn núi lửa Avachinsky, Koryaksky và Zhupanovsky. Đây là thiên đường trekking và tắm suối khoáng bậc nhất Kamchatka.",
        "yandex": "https://yandex.com/maps/?pt=159.13,53.64&z=17&l=map",
        "google": "https://www.google.com/maps/search/?api=1&query=53.64,159.13",
        "photo": "https://commons.wikimedia.org/wiki/Special:FilePath/Nalychevo.jpg",
        "status": "enriched"
      }
    },
    {
      "type": "Feature",
      "geometry": {
        "type": "Point",
        "coordinates": [
          41.62167,
          43.29167
        ]
      },
      "properties": {
        "id": "karachay-cherkessia-dombay-resort",
        "name_vi": "Khu nghỉ dưỡng núi Dombay (Đôm-bai)",
        "name_ru": "Домбай",
        "name_en": "Dombay",
        "region": "Cộng hoà Karachay-Cherkessia",
        "categories": [
          "park_garden"
        ],
        "rating": 4.1,
        "reviews": 442,
        "short": "Dombay là khu nghỉ dưỡng núi nổi tiếng nhất của Karachay-Cherkessia, nằm gọn trong một thung lũng lòng chảo được bao bọc bởi những đỉnh tuyết của dãy Tây Kavkaz. Nơi đây vừa là thiên đường trượt tuyết mùa đông, vừa là điểm xuất phát cho các cung leo núi và ngắm cảnh mùa hè.",
        "yandex": "https://yandex.com/maps/?pt=41.62167,43.29167&z=17&l=map",
        "google": "https://www.google.com/maps/search/?api=1&query=43.29167,41.62167",
        "photo": "https://commons.wikimedia.org/wiki/Special:FilePath/Greater%20Caucasus%20Range%2C%20Caucasus%20Mountains%2C%20Dombay%2C%20Karachay-Cherkessia.jpg",
        "status": "enriched"
      }
    },
    {
      "type": "Feature",
      "geometry": {
        "type": "Point",
        "coordinates": [
          41.278889,
          43.565
        ]
      },
      "properties": {
        "id": "karachay-cherkessia-arkhyz-resort",
        "name_vi": "Khu nghỉ dưỡng Arkhyz (Ác-khưz)",
        "name_ru": "Архыз",
        "name_en": "Arkhyz",
        "region": "Cộng hoà Karachay-Cherkessia",
        "categories": [
          "park_garden"
        ],
        "rating": 4.3,
        "reviews": 194,
        "short": "Arkhyz là vùng nghỉ dưỡng núi trẻ trung kết hợp giữa ngôi làng cổ bên sông Bolshoy Zelenchuk và tổ hợp trượt tuyết hiện đại Romantik. Nơi đây nổi tiếng với không khí trong lành, mạng lưới hồ – thác – hẻm núi dày đặc và bầu trời đêm quang đãng bậc nhất châu Âu.",
        "yandex": "https://yandex.com/maps/?pt=41.278889,43.565&z=17&l=map",
        "google": "https://www.google.com/maps/search/?api=1&query=43.565,41.278889",
        "photo": null,
        "status": "enriched"
      }
    },
    {
      "type": "Feature",
      "geometry": {
        "type": "Point",
        "coordinates": [
          41.744167,
          43.446111
        ]
      },
      "properties": {
        "id": "karachay-cherkessia-teberda-nature-reserve",
        "name_vi": "Khu bảo tồn thiên nhiên Teberda (Tê-béc-đa)",
        "name_ru": "Тебердинский заповедник",
        "name_en": "Teberda Nature Reserve",
        "region": "Cộng hoà Karachay-Cherkessia",
        "categories": [
          "park_garden"
        ],
        "rating": 4.5,
        "reviews": 88,
        "short": "Thành lập từ năm 1936, Teberda là một trong những khu dự trữ sinh quyển lâu đời nhất nước Nga, trải trên các thung lũng và đỉnh núi Tây Kavkaz. Nơi đây có gần 180 hồ băng, rừng vân sam cổ và hệ động thực vật núi cao phong phú.",
        "yandex": "https://yandex.com/maps/?pt=41.744167,43.446111&z=17&l=map",
        "google": "https://www.google.com/maps/search/?api=1&query=43.446111,41.744167",
        "photo": "https://commons.wikimedia.org/wiki/Special:FilePath/Gonachkhir%20Valley%2C%20Caucasus%20Mountains%2C%20Dombay%2C%20Karachay-Cherkessia.jpg",
        "status": "enriched"
      }
    },
    {
      "type": "Feature",
      "geometry": {
        "type": "Point",
        "coordinates": [
          41.475307,
          43.684412
        ]
      },
      "properties": {
        "id": "karachay-cherkessia-lower-arkhyz-alan-churches",
        "name_vi": "Các nhà thờ Alan ở Hạ Arkhyz (Ni-giơ-nê Ác-khưz)",
        "name_ru": "Нижне-Архызские аланские храмы",
        "name_en": "Lower Arkhyz Alan Churches",
        "region": "Cộng hoà Karachay-Cherkessia",
        "categories": [
          "church"
        ],
        "rating": 4.4,
        "reviews": 37,
        "short": "Đây là quần thể ba ngôi đền đá của vương quốc Alania từ thế kỷ X, nằm trên nền thành cổ Maas bên sông Bolshoy Zelenchuk. Chúng được xem là những nhà thờ Kitô giáo cổ nhất còn tồn tại trên đất Nga.",
        "yandex": "https://yandex.com/maps/?pt=41.475307,43.684412&z=17&l=map",
        "google": "https://www.google.com/maps/search/?api=1&query=43.684412,41.475307",
        "photo": "https://commons.wikimedia.org/wiki/Special:FilePath/Central%20Church%20Zelenchuk.jpg",
        "status": "enriched"
      }
    },
    {
      "type": "Feature",
      "geometry": {
        "type": "Point",
        "coordinates": [
          41.230833,
          43.450833
        ]
      },
      "properties": {
        "id": "karachay-cherkessia-sofia-waterfalls",
        "name_vi": "Thác Sofia (Xô-phi-a)",
        "name_ru": "Софийские водопады",
        "name_en": "Sofia Waterfalls",
        "region": "Cộng hoà Karachay-Cherkessia",
        "categories": [
          "park_garden"
        ],
        "rating": 4.8,
        "reviews": 12,
        "short": "Thác Sofia là chuỗi nhiều dòng nước từ sông băng trên đỉnh Sofia đổ xuống một bức tường đá dựng đứng, tạo thành cảnh tượng ngoạn mục gần làng Arkhyz. Đây là một trong những điểm đến thiên nhiên được yêu thích nhất của vùng.",
        "yandex": "https://yandex.com/maps/?pt=41.230833,43.450833&z=17&l=map",
        "google": "https://www.google.com/maps/search/?api=1&query=43.450833,41.230833",
        "photo": null,
        "status": "enriched"
      }
    },
    {
      "type": "Feature",
      "geometry": {
        "type": "Point",
        "coordinates": [
          41.440556,
          43.646944
        ]
      },
      "properties": {
        "id": "karachay-cherkessia-special-astrophysical-observatory-bta",
        "name_vi": "Đài thiên văn Vật lý Thiên văn Đặc biệt – kính BTA (SAO RAN)",
        "name_ru": "Специальная астрофизическая обсерватория РАН (телескоп БТА)",
        "name_en": "Special Astrophysical Observatory (BTA telescope)",
        "region": "Cộng hoà Karachay-Cherkessia",
        "categories": [
          "museum"
        ],
        "rating": 4.6,
        "reviews": 29,
        "short": "Đây là đài thiên văn quang học lớn nhất nước Nga, nơi đặt kính phản xạ BTA với gương đường kính 6 m – một thời là kính thiên văn lớn nhất thế giới. Công trình nằm trên núi cao hơn 2.000 m giữa bầu trời tối trong của Arkhyz.",
        "yandex": "https://yandex.com/maps/?pt=41.440556,43.646944&z=17&l=map",
        "google": "https://www.google.com/maps/search/?api=1&query=43.646944,41.440556",
        "photo": "https://commons.wikimedia.org/wiki/Special:FilePath/Bta-6.jpg",
        "status": "enriched"
      }
    },
    {
      "type": "Feature",
      "geometry": {
        "type": "Point",
        "coordinates": [
          42.033333,
          43.283333
        ]
      },
      "properties": {
        "id": "karachay-cherkessia-khurzuk-village",
        "name_vi": "Làng cổ Khurzuk (Khu-dúc)",
        "name_ru": "Хурзук",
        "name_en": "Khurzuk",
        "region": "Cộng hoà Karachay-Cherkessia",
        "categories": [
          "square_street"
        ],
        "rating": null,
        "reviews": null,
        "short": "Khurzuk là một trong những ngôi làng Karachay cổ và cao nhất, nằm nơi hai dòng Ullu-Kam và Uchkulan hợp lại thành thượng nguồn sông Kuban. Làng nổi tiếng với những căn nhà gỗ truyền thống và khung cảnh núi non nguyên sơ.",
        "yandex": "https://yandex.com/maps/?pt=42.033333,43.283333&z=17&l=map",
        "google": "https://www.google.com/maps/search/?api=1&query=43.283333,42.033333",
        "photo": null,
        "status": "enriched"
      }
    },
    {
      "type": "Feature",
      "geometry": {
        "type": "Point",
        "coordinates": [
          35.225,
          62.066667
        ]
      },
      "properties": {
        "id": "karelia-kizhi-pogost",
        "name_vi": "Quần thể nhà thờ gỗ Kizhi (Kizhi Pogost)",
        "name_ru": "Кижский погост",
        "name_en": "Kizhi Pogost",
        "region": "Cộng hoà Karelia",
        "categories": [
          "church",
          "museum"
        ],
        "rating": 4.7,
        "reviews": 721,
        "short": "Nằm trên một hòn đảo hẹp giữa hồ Onega mênh mông, quần thể Kizhi là kiệt tác kiến trúc gỗ Nga được UNESCO công nhận từ năm 1990. Điểm nhấn là nhà thờ Chúa Biến Hình với 22 mái vòm củ hành dựng hoàn toàn bằng gỗ mà tương truyền không dùng một chiếc đinh nào.",
        "yandex": "https://yandex.com/maps/?pt=35.225,62.066667&z=17&l=map",
        "google": "https://www.google.com/maps/search/?api=1&query=62.066667,35.225",
        "photo": "https://commons.wikimedia.org/wiki/Special:FilePath/Wooden%20Miracle%20Kizhi.jpg",
        "status": "enriched"
      }
    },
    {
      "type": "Feature",
      "geometry": {
        "type": "Point",
        "coordinates": [
          30.94528,
          61.38889
        ]
      },
      "properties": {
        "id": "karelia-valaam-monastery",
        "name_vi": "Tu viện Valaam (Valaamsky monastyr)",
        "name_ru": "Валаамский монастырь",
        "name_en": "Valaam Monastery",
        "region": "Cộng hoà Karelia",
        "categories": [
          "church",
          "park_garden"
        ],
        "rating": 4.5,
        "reviews": 195,
        "short": "Trên quần đảo Valaam giữa hồ Ladoga - hồ nước ngọt lớn nhất châu Âu - tu viện Chính thống giáo Valaam là một trong những trung tâm hành hương nổi tiếng nhất nước Nga. Nơi đây quyến rũ bởi các nhà thờ mái vòm xanh, những ẩn thất (skete) rải rác và thiên nhiên hoang sơ.",
        "yandex": "https://yandex.com/maps/?pt=30.94528,61.38889&z=17&l=map",
        "google": "https://www.google.com/maps/search/?api=1&query=61.38889,30.94528",
        "photo": "https://commons.wikimedia.org/wiki/Special:FilePath/Cathedral%20of%20Valaam.jpg",
        "status": "enriched"
      }
    },
    {
      "type": "Feature",
      "geometry": {
        "type": "Point",
        "coordinates": [
          30.5814,
          61.9461
        ]
      },
      "properties": {
        "id": "karelia-ruskeala-mountain-park",
        "name_vi": "Công viên Núi Ruskeala (Gorny park Ruskeala)",
        "name_ru": "Горный парк Рускеала",
        "name_en": "Ruskeala Mountain Park",
        "region": "Cộng hoà Karelia",
        "categories": [
          "park_garden",
          "other"
        ],
        "rating": 4.4,
        "reviews": 1337,
        "short": "Ruskeala là một mỏ đá cẩm thạch bị bỏ hoang đã hồi sinh thành công viên thiên nhiên ngoạn mục. Hẻm núi cẩm thạch ngập nước xanh ngọc bích, vách đá trắng dựng đứng và những đường hầm bí ẩn khiến nơi đây thành điểm đến nổi tiếng bậc nhất Karelia.",
        "yandex": "https://yandex.com/maps/?pt=30.5814,61.9461&z=17&l=map",
        "google": "https://www.google.com/maps/search/?api=1&query=61.9461,30.5814",
        "photo": "https://commons.wikimedia.org/wiki/Special:FilePath/Mountain%20park%20Ruskeala%20in%20Karelia.Russia.jpg",
        "status": "enriched"
      }
    },
    {
      "type": "Feature",
      "geometry": {
        "type": "Point",
        "coordinates": [
          33.9797,
          62.2753
        ]
      },
      "properties": {
        "id": "karelia-kivach-waterfall",
        "name_vi": "Thác Kivach (Vodopad Kivach)",
        "name_ru": "Водопад Кивач",
        "name_en": "Kivach Waterfall",
        "region": "Cộng hoà Karelia",
        "categories": [
          "park_garden",
          "other"
        ],
        "rating": 4.5,
        "reviews": 337,
        "short": "Kivach là thác nước bậc thang nổi tiếng nhất Karelia, đổ ào ạt qua bốn bậc đá trên sông Suna giữa rừng taiga. Tuy chỉ cao hơn 10 mét, dòng chảy cuộn trào dữ dội của thác từng làm say lòng thi hào Nga Gavrila Derzhavin.",
        "yandex": "https://yandex.com/maps/?pt=33.9797,62.2753&z=17&l=map",
        "google": "https://www.google.com/maps/search/?api=1&query=62.2753,33.9797",
        "photo": "https://commons.wikimedia.org/wiki/Special:FilePath/Kivach%20Waterfalls%20Karelia.jpg",
        "status": "enriched"
      }
    },
    {
      "type": "Feature",
      "geometry": {
        "type": "Point",
        "coordinates": [
          34.333,
          61.783
        ]
      },
      "properties": {
        "id": "karelia-petrozavodsk-onega-embankment",
        "name_vi": "Petrozavodsk và Bờ kè hồ Onega (Onezhskaya naberezhnaya)",
        "name_ru": "Петрозаводск, Онежская набережная",
        "name_en": "Petrozavodsk & Lake Onega Embankment",
        "region": "Cộng hoà Karelia",
        "categories": [
          "square_street",
          "monument"
        ],
        "rating": 4.6,
        "reviews": 268,
        "short": "Petrozavodsk, thủ phủ của Karelia do Pyotr Đại đế lập năm 1703, mở ra hồ Onega bằng con đường ven hồ dài khoảng 1,5 km. Bờ kè lát đá granite Karelia này nổi tiếng như một bảo tàng điêu khắc ngoài trời với nhiều tác phẩm hiện đại do các thành phố kết nghĩa trao tặng.",
        "yandex": "https://yandex.com/maps/?pt=34.333,61.783&z=17&l=map",
        "google": "https://www.google.com/maps/search/?api=1&query=61.783,34.333",
        "photo": "https://commons.wikimedia.org/wiki/Special:FilePath/Petrozavodsk%2006-2017%20img26%20aerial%20view.jpg",
        "status": "enriched"
      }
    },
    {
      "type": "Feature",
      "geometry": {
        "type": "Point",
        "coordinates": [
          34.6954,
          64.4943
        ]
      },
      "properties": {
        "id": "karelia-karelia-petroglyphs",
        "name_vi": "Hình khắc đá cổ Karelia - Biển Trắng và hồ Onega (Petroglify Karelii)",
        "name_ru": "Петроглифы Онежского озера и Белого моря",
        "name_en": "Petroglyphs of Lake Onega and the White Sea",
        "region": "Cộng hoà Karelia",
        "categories": [
          "monument",
          "other"
        ],
        "rating": null,
        "reviews": null,
        "short": "Rải rác trên các mỏm đá granite ven hồ Onega và Biển Trắng là hàng nghìn hình khắc đá có niên đại 6.000–7.000 năm, được UNESCO ghi danh năm 2021. Đây là một trong những bộ sưu tập nghệ thuật đá thời kỳ Đồ Đá Mới lớn và độc đáo nhất Bắc Âu.",
        "yandex": "https://yandex.com/maps/?pt=34.6954,64.4943&z=17&l=map",
        "google": "https://www.google.com/maps/search/?api=1&query=64.4943,34.6954",
        "photo": "https://commons.wikimedia.org/wiki/Special:FilePath/Petroglyphs%20in%20Zalavruga%2C%20Belomorsk%2C%20Karelia%2C%20Russia%2003.jpg",
        "status": "enriched"
      }
    },
    {
      "type": "Feature",
      "geometry": {
        "type": "Point",
        "coordinates": [
          30.1397,
          66.2842
        ]
      },
      "properties": {
        "id": "karelia-paanajarvi-national-park",
        "name_vi": "Vườn quốc gia Paanajärvi (Natsionalny park Paanayarvi)",
        "name_ru": "Национальный парк «Паанаярви»",
        "name_en": "Paanajärvi National Park",
        "region": "Cộng hoà Karelia",
        "categories": [
          "park_garden",
          "other"
        ],
        "rating": 4.4,
        "reviews": 18,
        "short": "Nằm ở cực bắc Karelia sát biên giới Phần Lan, Paanajärvi là vườn quốc gia hoang dã với núi, thác ghềnh, hồ sâu và rừng taiga nguyên sinh. Nơi đây có Nuorunen - đỉnh cao nhất Karelia (576 m) - cùng hồ Paanajärvi trong vắt và sâu bậc nhất vùng.",
        "yandex": "https://yandex.com/maps/?pt=30.1397,66.2842&z=17&l=map",
        "google": "https://www.google.com/maps/search/?api=1&query=66.2842,30.1397",
        "photo": "https://commons.wikimedia.org/wiki/Special:FilePath/Paanaj%C3%A4rvi%20National%20Park.jpg",
        "status": "enriched"
      }
    },
    {
      "type": "Feature",
      "geometry": {
        "type": "Point",
        "coordinates": [
          33.896,
          62.1555
        ]
      },
      "properties": {
        "id": "karelia-marcial-waters",
        "name_vi": "Suối khoáng Marcial (Martsialnye Vody)",
        "name_ru": "Марциальные Воды",
        "name_en": "Marcial Waters",
        "region": "Cộng hoà Karelia",
        "categories": [
          "museum",
          "church"
        ],
        "rating": null,
        "reviews": null,
        "short": "Được Pyotr Đại đế sắc phong năm 1719, Marcial Waters là khu điều dưỡng suối khoáng đầu tiên của nước Nga. Tên gọi lấy theo Mars - vị thần chiến tranh - do nguồn nước giàu chất sắt, gắn liền với một nhà thờ gỗ cổ và bảo tàng lịch sử.",
        "yandex": "https://yandex.com/maps/?pt=33.896,62.1555&z=17&l=map",
        "google": "https://www.google.com/maps/search/?api=1&query=62.1555,33.896",
        "photo": "https://commons.wikimedia.org/wiki/Special:FilePath/St.%20Peter%27s%20Church.JPG",
        "status": "enriched"
      }
    },
    {
      "type": "Feature",
      "geometry": {
        "type": "Point",
        "coordinates": [
          87.95603,
          52.953238
        ]
      },
      "properties": {
        "id": "kemerovo-sheregesh-ski-resort",
        "name_vi": "Khu trượt tuyết Sheregesh (núi Zelenaya, phiên âm: Sê-rê-ghê-sơ)",
        "name_ru": "Шерегеш (гора Зелёная)",
        "name_en": "Sheregesh Ski Resort (Mount Zelenaya)",
        "region": "Tỉnh Kemerovo",
        "categories": [
          "park_garden"
        ],
        "rating": 4.6,
        "reviews": 216,
        "short": "Sheregesh là khu nghỉ dưỡng trượt tuyết được yêu thích bậc nhất của Siberia, nằm trên sườn núi Zelenaya thuộc vùng Gornaya Shoria. Nơi đây trứ danh với lớp tuyết bột khô mịn và mùa trượt kéo dài khác thường.",
        "yandex": "https://yandex.com/maps/?pt=87.95603,52.953238&z=17&l=map",
        "google": "https://www.google.com/maps/search/?api=1&query=52.953238,87.95603",
        "photo": "https://commons.wikimedia.org/wiki/Special:FilePath/Sheregesh%20banner.jpg",
        "status": "enriched"
      }
    },
    {
      "type": "Feature",
      "geometry": {
        "type": "Point",
        "coordinates": [
          85.6206,
          55.6325
        ]
      },
      "properties": {
        "id": "kemerovo-tomskaya-pisanitsa-petroglyphs",
        "name_vi": "Khu bảo tồn - bảo tàng Tomskaya Pisanitsa (Bãi khắc đá Tomsk; phiên âm: Tôm-xcai-a Pi-xa-nhít-xa)",
        "name_ru": "Музей-заповедник «Томская писаница»",
        "name_en": "Tomskaya Pisanitsa Museum-Reserve",
        "region": "Tỉnh Kemerovo",
        "categories": [
          "monument",
          "museum",
          "park_garden"
        ],
        "rating": 4.9,
        "reviews": 2005,
        "short": "Tomskaya Pisanitsa là khu bảo tồn lịch sử - văn hóa và thiên nhiên đầu tiên của Siberia, nổi tiếng với quần thể tranh khắc đá cổ bên sông Tom. Ngày nay nơi đây là một bảo tàng ngoài trời rộng lớn với nhiều hoạt động văn hóa.",
        "yandex": "https://yandex.com/maps/?pt=85.6206,55.6325&z=17&l=map",
        "google": "https://www.google.com/maps/search/?api=1&query=55.6325,85.6206",
        "photo": "https://commons.wikimedia.org/wiki/Special:FilePath/The%20Tom%20river%20in%20Tomskaya%20Pisanitsa.jpg",
        "status": "enriched"
      }
    },
    {
      "type": "Feature",
      "geometry": {
        "type": "Point",
        "coordinates": [
          88.75,
          54.133333
        ]
      },
      "properties": {
        "id": "kemerovo-podnebesnye-zubya",
        "name_vi": "Vùng núi Podnebesnye Zubya (Những Chiếc Răng Chạm Trời; phiên âm: Pốt-nhe-bex-nưi Dúp-ya)",
        "name_ru": "Поднебесные Зубья",
        "name_en": "Podnebesnye Zubya",
        "region": "Tỉnh Kemerovo",
        "categories": [
          "park_garden"
        ],
        "rating": null,
        "reviews": null,
        "short": "Podnebesnye Zubya — 'Những Chiếc Răng Chạm Trời' — là vùng núi hoang sơ và ngoạn mục thuộc dãy Kuznetsky Alatau. Nơi đây quyến rũ dân trekking bằng những đỉnh núi nhọn, hồ băng và thác nước.",
        "yandex": "https://yandex.com/maps/?pt=88.75,54.133333&z=17&l=map",
        "google": "https://www.google.com/maps/search/?api=1&query=54.133333,88.75",
        "photo": "https://commons.wikimedia.org/wiki/Special:FilePath/Kuznetsk%20Alatau%201.jpg",
        "status": "enriched"
      }
    },
    {
      "type": "Feature",
      "geometry": {
        "type": "Point",
        "coordinates": [
          88.363382,
          52.934994
        ]
      },
      "properties": {
        "id": "kemerovo-azasskaya-cave",
        "name_vi": "Hang Azasskaya (Hang Người Tuyết; phiên âm: A-dát-xcai-a)",
        "name_ru": "Азасская пещера",
        "name_en": "Azasskaya Cave",
        "region": "Tỉnh Kemerovo",
        "categories": [
          "other"
        ],
        "rating": null,
        "reviews": null,
        "short": "Hang Azasskaya là một hang động karst bí ẩn nằm sâu trong Vườn quốc gia Shorsky, vùng Gornaya Shoria. Hang nổi tiếng khắp nước Nga nhờ truyền thuyết về 'người tuyết' (yeti).",
        "yandex": "https://yandex.com/maps/?pt=88.363382,52.934994&z=17&l=map",
        "google": "https://www.google.com/maps/search/?api=1&query=52.934994,88.363382",
        "photo": null,
        "status": "enriched"
      }
    },
    {
      "type": "Feature",
      "geometry": {
        "type": "Point",
        "coordinates": [
          86.071961,
          55.375729
        ]
      },
      "properties": {
        "id": "kemerovo-krasnaya-gorka-museum-kemerovo",
        "name_vi": "Khu bảo tồn - bảo tàng Krasnaya Gorka (Đồi Đỏ; phiên âm: Crát-xnai-a Goóc-ca)",
        "name_ru": "Музей-заповедник «Красная Горка»",
        "name_en": "Krasnaya Gorka Museum-Reserve",
        "region": "Tỉnh Kemerovo",
        "categories": [
          "museum",
          "monument"
        ],
        "rating": 4.8,
        "reviews": 257,
        "short": "Krasnaya Gorka ('Đồi Đỏ') là khu bảo tồn - bảo tàng nằm ngay nơi khai sinh thành phố Kemerovo và ngành than Kuzbass. Điểm nhấn là tượng đài thợ mỏ nổi tiếng của Ernst Neizvestny.",
        "yandex": "https://yandex.com/maps/?pt=86.071961,55.375729&z=17&l=map",
        "google": "https://www.google.com/maps/search/?api=1&query=55.375729,86.071961",
        "photo": "https://commons.wikimedia.org/wiki/Special:FilePath/Monument%20in%20Memory%20of%20Kuzbass%20Miners%2001.jpg",
        "status": "enriched"
      }
    },
    {
      "type": "Feature",
      "geometry": {
        "type": "Point",
        "coordinates": [
          87.783,
          56.2
        ]
      },
      "properties": {
        "id": "kemerovo-mariinsk-historic-town",
        "name_vi": "Thị trấn lịch sử Mariinsk (phiên âm: Ma-ri-inh-xcơ)",
        "name_ru": "Мариинск",
        "name_en": "Mariinsk",
        "region": "Tỉnh Kemerovo",
        "categories": [
          "museum",
          "square_street",
          "monument"
        ],
        "rating": null,
        "reviews": null,
        "short": "Mariinsk là một thị trấn cổ bên sông Kiya, được ví như 'bảo tàng ngoài trời' của kiến trúc gỗ Siberia. Nhờ cơn sốt vàng và đường sắt Xuyên Siberia, nơi đây từng là đô thị thương mại trù phú.",
        "yandex": "https://yandex.com/maps/?pt=87.783,56.2&z=17&l=map",
        "google": "https://www.google.com/maps/search/?api=1&query=56.2,87.783",
        "photo": "https://commons.wikimedia.org/wiki/Special:FilePath/Lenina%20Street%2024%20Mariinsk.jpg",
        "status": "enriched"
      }
    },
    {
      "type": "Feature",
      "geometry": {
        "type": "Point",
        "coordinates": [
          87.184277,
          53.774377
        ]
      },
      "properties": {
        "id": "kemerovo-kuznetsk-fortress-novokuznetsk",
        "name_vi": "Pháo đài Kuznetsk (phiên âm: Cút-nhét-xcai-a Crê-pôx-chơ)",
        "name_ru": "Кузнецкая крепость",
        "name_en": "Kuznetsk Fortress",
        "region": "Tỉnh Kemerovo",
        "categories": [
          "fortress",
          "museum"
        ],
        "rating": 4.8,
        "reviews": 277,
        "short": "Pháo đài Kuznetsk là di tích quân sự - lịch sử quan trọng của Siberia, tọa lạc trên đồi Voznesenskaya nhìn xuống sông Tom ở Novokuznetsk. Pháo đài đá được xây đầu thế kỷ XIX nhưng chưa từng tham chiến.",
        "yandex": "https://yandex.com/maps/?pt=87.184277,53.774377&z=17&l=map",
        "google": "https://www.google.com/maps/search/?api=1&query=53.774377,87.184277",
        "photo": "https://commons.wikimedia.org/wiki/Special:FilePath/Kuznetsk%20fortress%20003.jpg",
        "status": "enriched"
      }
    },
    {
      "type": "Feature",
      "geometry": {
        "type": "Point",
        "coordinates": [
          135.049746,
          48.47288
        ]
      },
      "properties": {
        "id": "khabarovsk-khabarovsk-amur-embankment",
        "name_vi": "Bờ kè sông Amur (Naberezhnaya Amura)",
        "name_ru": "Набережная Амура (Набережная адмирала Невельского)",
        "name_en": "Amur River Embankment",
        "region": "Vùng Khabarovsk",
        "categories": [
          "square_street",
          "park_garden"
        ],
        "rating": null,
        "reviews": null,
        "short": "Bờ kè sông Amur là không gian dạo chơi biểu tượng của Khabarovsk, trải dài bên dòng sông hùng vĩ với công viên bậc thang, tượng đài lịch sử và Mỏm đá Amur nổi tiếng. Đây là nơi lý tưởng để tản bộ, ngắm hoàng hôn và cảm nhận nhịp sống thư thái của thành phố Viễn Đông.",
        "yandex": "https://yandex.com/maps/?pt=135.049746,48.47288&z=17&l=map",
        "google": "https://www.google.com/maps/search/?api=1&query=48.47288,135.049746",
        "photo": "https://commons.wikimedia.org/wiki/Special:FilePath/Le%20quai%20de%20Khabarivsk.JPG",
        "status": "enriched"
      }
    },
    {
      "type": "Feature",
      "geometry": {
        "type": "Point",
        "coordinates": [
          135.0,
          48.536111
        ]
      },
      "properties": {
        "id": "khabarovsk-amur-bridge-khabarovsk",
        "name_vi": "Cầu Amur / Cầu Sa hoàng (Amursky most / Tsarsky most)",
        "name_ru": "Амурский мост («Царский мост»)",
        "name_en": "Amur Bridge (Khabarovsk Bridge)",
        "region": "Vùng Khabarovsk",
        "categories": [
          "bridge"
        ],
        "rating": 4.9,
        "reviews": 79,
        "short": "Cầu Amur - biệt danh \"Cầu Sa hoàng\" - là cây cầu lịch sử bắc qua dòng Amur, từng được xem là kỳ quan kỹ thuật của Đế quốc Nga. Hình ảnh cây cầu hai tầng dài gần 3.900 m này được in trang trọng trên tờ tiền 5.000 rúp.",
        "yandex": "https://yandex.com/maps/?pt=135.0,48.536111&z=17&l=map",
        "google": "https://www.google.com/maps/search/?api=1&query=48.536111,135.0",
        "photo": "https://commons.wikimedia.org/wiki/Special:FilePath/Khabarovsk%20Bridge%20-%20aerial%20view%20-%20P1040665.JPG",
        "status": "enriched"
      }
    },
    {
      "type": "Feature",
      "geometry": {
        "type": "Point",
        "coordinates": [
          135.066997,
          48.466238
        ]
      },
      "properties": {
        "id": "khabarovsk-spaso-preobrazhensky-cathedral-khabarovsk",
        "name_vi": "Nhà thờ Chính tòa Chúa Biến Hình (Spaso-Preobrazhensky sobor)",
        "name_ru": "Спасо-Преображенский кафедральный собор",
        "name_en": "Transfiguration Cathedral, Khabarovsk",
        "region": "Vùng Khabarovsk",
        "categories": [
          "church"
        ],
        "rating": 4.7,
        "reviews": 921,
        "short": "Nhà thờ Chính tòa Chúa Biến Hình cao khoảng 95 m là một trong những nhà thờ Chính thống giáo cao nhất nước Nga, nổi bật với những mái vòm mạ vàng bên bờ sông Amur. Đây vừa là trung tâm tôn giáo lớn, vừa là điểm ngắm cảnh tuyệt đẹp của Khabarovsk.",
        "yandex": "https://yandex.com/maps/?pt=135.066997,48.466238&z=17&l=map",
        "google": "https://www.google.com/maps/search/?api=1&query=48.466238,135.066997",
        "photo": "https://commons.wikimedia.org/wiki/Special:FilePath/Cathedral%20of%20the%20Transfiguration%20%28Khabarovsk%29%20%D1%84%D0%BE%D1%82%D0%BE4.JPG",
        "status": "enriched"
      }
    },
    {
      "type": "Feature",
      "geometry": {
        "type": "Point",
        "coordinates": [
          135.7231,
          48.7989
        ]
      },
      "properties": {
        "id": "khabarovsk-sikachi-alyan-petroglyphs",
        "name_vi": "Tranh khắc đá Sikachi-Alyan (Petroglify Sikachi-Alyana)",
        "name_ru": "Петроглифы Сикачи-Аляна",
        "name_en": "Petroglyphs of Sikachi-Alyan",
        "region": "Vùng Khabarovsk",
        "categories": [
          "monument"
        ],
        "rating": null,
        "reviews": null,
        "short": "Sikachi-Alyan là quần thể tranh khắc đá cổ xưa nằm trên các tảng bazan dọc bờ sông Amur, nổi tiếng với những chiếc \"mặt nạ\" bí ẩn có niên đại hàng nghìn năm. Di tích được xếp hạng cấp liên bang và nằm trong danh sách dự kiến đề cử Di sản Thế giới của UNESCO.",
        "yandex": "https://yandex.com/maps/?pt=135.7231,48.7989&z=17&l=map",
        "google": "https://www.google.com/maps/search/?api=1&query=48.7989,135.7231",
        "photo": "https://commons.wikimedia.org/wiki/Special:FilePath/%D0%9F%D0%B5%D1%82%D1%80%D0%BE%D0%B3%D0%BB%D0%B8%D1%84%D1%8B%20%D0%A1%D0%B8%D0%BA%D0%B0%D1%87%D0%B8-%D0%90%D0%BB%D1%8F%D0%BD%D0%B0%201.JPG",
        "status": "enriched"
      }
    },
    {
      "type": "Feature",
      "geometry": {
        "type": "Point",
        "coordinates": [
          137.002,
          50.557
        ]
      },
      "properties": {
        "id": "khabarovsk-komsomolsk-on-amur-monument",
        "name_vi": "Đài tưởng niệm Những người Xây dựng Đầu tiên (Pamyatnik pervostroitelyam)",
        "name_ru": "Монумент первостроителям Комсомольска-на-Амуре",
        "name_en": "Monument to the First Builders of Komsomolsk-on-Amur",
        "region": "Vùng Khabarovsk",
        "categories": [
          "monument"
        ],
        "rating": null,
        "reviews": null,
        "short": "Đài tưởng niệm Những người Xây dựng Đầu tiên là biểu tượng của Komsomolsk-na-Amur, đánh dấu nơi các đoàn viên Komsomol đặt chân lập nên thành phố năm 1932. Tượng đài bên bờ Amur khắc ghi tinh thần lao động quả cảm của một thế hệ trẻ.",
        "yandex": "https://yandex.com/maps/?pt=137.002,50.557&z=17&l=map",
        "google": "https://www.google.com/maps/search/?api=1&query=50.557,137.002",
        "photo": null,
        "status": "enriched"
      }
    },
    {
      "type": "Feature",
      "geometry": {
        "type": "Point",
        "coordinates": [
          135.064258,
          48.466846
        ]
      },
      "properties": {
        "id": "khabarovsk-glory-square-khabarovsk",
        "name_vi": "Quảng trường Vinh Quang (Ploshchad Slavy)",
        "name_ru": "Площадь Славы",
        "name_en": "Glory Square (Square of Fame)",
        "region": "Vùng Khabarovsk",
        "categories": [
          "square_street",
          "monument"
        ],
        "rating": 4.9,
        "reviews": 331,
        "short": "Quảng trường Vinh Quang là quần thể tưởng niệm trang nghiêm với cột tháp cao 30 m, Ngọn lửa Vĩnh cửu và Bức tường Tưởng niệm khắc tên những người đã ngã xuống trong Chiến tranh Vệ quốc Vĩ đại. Ngay trên quảng trường là Nhà thờ Chúa Biến Hình nhìn ra sông Amur.",
        "yandex": "https://yandex.com/maps/?pt=135.064258,48.466846&z=17&l=map",
        "google": "https://www.google.com/maps/search/?api=1&query=48.466846,135.064258",
        "photo": null,
        "status": "enriched"
      }
    },
    {
      "type": "Feature",
      "geometry": {
        "type": "Point",
        "coordinates": [
          134.858889,
          48.205
        ]
      },
      "properties": {
        "id": "khabarovsk-bolshekhekhtsirsky-reserve",
        "name_vi": "Khu bảo tồn thiên nhiên Bolshekhekhtsirsky (Bolshekhekhtsirsky zapovednik)",
        "name_ru": "Большехехцирский заповедник",
        "name_en": "Bolshekhekhtsirsky Nature Reserve",
        "region": "Vùng Khabarovsk",
        "categories": [
          "park_garden"
        ],
        "rating": null,
        "reviews": null,
        "short": "Khu bảo tồn thiên nhiên Bolshekhekhtsirsky bảo vệ dãy núi rừng Khekhtsir đa dạng sinh học chỉ cách Khabarovsk khoảng 20 km. Đây là thiên đường của rừng taiga Viễn Đông với hơn 1.000 loài thực vật cùng nhiều loài động vật quý hiếm.",
        "yandex": "https://yandex.com/maps/?pt=134.858889,48.205&z=17&l=map",
        "google": "https://www.google.com/maps/search/?api=1&query=48.205,134.858889",
        "photo": "https://commons.wikimedia.org/wiki/Special:FilePath/%D0%A5%D1%80%D0%B5%D0%B1%D0%B5%D1%82%20%D0%91%D0%BE%D0%BB%D1%8C%D1%88%D0%BE%D0%B9%20%D0%A5%D0%B5%D1%85%D1%86%D0%B8%D1%80.JPG",
        "status": "enriched"
      }
    },
    {
      "type": "Feature",
      "geometry": {
        "type": "Point",
        "coordinates": [
          90.773752,
          53.894259
        ]
      },
      "properties": {
        "id": "khakassia-salbyk-kurgan",
        "name_vi": "Đại Gò mộ Salbyk (Bôn-sôi Xan-bức-xki Kur-gan)",
        "name_ru": "Большой Салбыкский курган",
        "name_en": "Great Salbyk Kurgan",
        "region": "Cộng hoà Khakassia",
        "categories": [
          "monument"
        ],
        "rating": null,
        "reviews": null,
        "short": "Đại Gò mộ Salbyk là kurgan (gò mộ đất) lớn nhất vùng Nam Siberia, trái tim của 'Thung lũng các vị vua' giữa thảo nguyên Khakassia. Được dựng từ thế kỷ V trước Công nguyên bởi người văn hóa Tagar, công trình khiến người xem sững sờ trước những phiến đá dựng đứng nặng cả trăm tấn.",
        "yandex": "https://yandex.com/maps/?pt=90.773752,53.894259&z=17&l=map",
        "google": "https://www.google.com/maps/search/?api=1&query=53.894259,90.773752",
        "photo": "https://commons.wikimedia.org/wiki/Special:FilePath/SalbykKurgan221201683.jpg",
        "status": "enriched"
      }
    },
    {
      "type": "Feature",
      "geometry": {
        "type": "Point",
        "coordinates": [
          89.70826,
          54.67929
        ]
      },
      "properties": {
        "id": "khakassia-sunduki-mountains",
        "name_vi": "Dãy núi Sunduki – 'Những Chiếc Rương' (Xun-đu-ki)",
        "name_ru": "Горная гряда Сундуки",
        "name_en": "Sunduki Mountain Range",
        "region": "Cộng hoà Khakassia",
        "categories": [
          "monument",
          "park_garden"
        ],
        "rating": null,
        "reviews": null,
        "short": "Sunduki là dãy núi sa thạch kỳ lạ ở thung lũng sông Bạch Iyus, được mệnh danh là 'đài thiên văn cổ' của Khakassia. Trên các đỉnh núi phẳng như những chiếc rương khổng lồ còn lưu giữ hàng loạt hình khắc đá và dấu tích quan sát thiên văn có tuổi đời hàng nghìn năm.",
        "yandex": "https://yandex.com/maps/?pt=89.70826,54.67929&z=17&l=map",
        "google": "https://www.google.com/maps/search/?api=1&query=54.67929,89.70826",
        "photo": null,
        "status": "enriched"
      }
    },
    {
      "type": "Feature",
      "geometry": {
        "type": "Point",
        "coordinates": [
          89.906913,
          54.323439
        ]
      },
      "properties": {
        "id": "khakassia-tuim-ring-collapse",
        "name_vi": "Hố sụt Tuim (Tu-im-xki Prô-van)",
        "name_ru": "Туимский провал",
        "name_en": "Tuim Sinkhole (Tuim Ring)",
        "region": "Cộng hoà Khakassia",
        "categories": [
          "other"
        ],
        "rating": null,
        "reviews": null,
        "short": "Hố sụt Tuim là một 'vực thẳm' nhân tạo khổng lồ hình phễu, tàn tích của một mỏ khai thác kim loại thời Xô-viết ở làng Tuim. Dưới đáy vách đá dựng đứng sâu hơn trăm mét là một hồ nước màu ngọc lam mê hoặc, biến nơi đây thành điểm 'check-in' và thể thao mạo hiểm nổi tiếng của Khakassia.",
        "yandex": "https://yandex.com/maps/?pt=89.906913,54.323439&z=17&l=map",
        "google": "https://www.google.com/maps/search/?api=1&query=54.323439,89.906913",
        "photo": null,
        "status": "enriched"
      }
    },
    {
      "type": "Feature",
      "geometry": {
        "type": "Point",
        "coordinates": [
          90.315106,
          53.014061
        ]
      },
      "properties": {
        "id": "khakassia-khurtuyakh-tas-stele",
        "name_vi": "Tượng đá Bà Lão Lớn – Ulug Khurtuyakh Tas (U-lúc Khu-rơ-tu-iát Tát)",
        "name_ru": "Улуг Хуртуях тас",
        "name_en": "Ulug Khurtuyakh Tas Stele",
        "region": "Cộng hoà Khakassia",
        "categories": [
          "monument"
        ],
        "rating": null,
        "reviews": null,
        "short": "Ulug Khurtuyakh Tas – 'Bà Lão Đá Lớn' – là tấm bia đá cổ khoảng 4.500 năm tuổi thuộc văn hóa Okunev, một trong những di tích thiêng liêng nhất Khakassia. Hình tượng một người phụ nữ mang thai với chiếc mũ chóp được người bản địa tôn kính như vị thần bảo hộ cho tình mẫu tử và gia đình.",
        "yandex": "https://yandex.com/maps/?pt=90.315106,53.014061&z=17&l=map",
        "google": "https://www.google.com/maps/search/?api=1&query=53.014061,90.315106",
        "photo": null,
        "status": "enriched"
      }
    },
    {
      "type": "Feature",
      "geometry": {
        "type": "Point",
        "coordinates": [
          90.0833,
          53.3167
        ]
      },
      "properties": {
        "id": "khakassia-kazanovka-museum-reserve",
        "name_vi": "Bảo tàng-Khu bảo tồn Kazanovka (Ka-da-nốp-ka)",
        "name_ru": "Музей-заповедник «Казановка»",
        "name_en": "Kazanovka Museum-Reserve",
        "region": "Cộng hoà Khakassia",
        "categories": [
          "museum",
          "park_garden"
        ],
        "rating": null,
        "reviews": null,
        "short": "Kazanovka là bảo tàng-khu bảo tồn ngoài trời rộng lớn ở huyện Askiz, nơi lưu giữ hơn hai nghìn di tích khảo cổ giữa khung cảnh thảo nguyên, rừng taiga và núi non. Đây là bảo tàng-khu bảo tồn đầu tiên của Khakassia, tái hiện sống động đời sống và tín ngưỡng của người Khakas qua nhiều thời đại.",
        "yandex": "https://yandex.com/maps/?pt=90.0833,53.3167&z=17&l=map",
        "google": "https://www.google.com/maps/search/?api=1&query=53.3167,90.0833",
        "photo": null,
        "status": "enriched"
      }
    },
    {
      "type": "Feature",
      "geometry": {
        "type": "Point",
        "coordinates": [
          88.648046,
          54.617766
        ]
      },
      "properties": {
        "id": "khakassia-ivanovskie-lakes",
        "name_vi": "Cụm hồ Ivanovskie (I-va-nốp-xki-e Ô-di-ô-ra)",
        "name_ru": "Ивановские озёра",
        "name_en": "Ivanovskie Lakes",
        "region": "Cộng hoà Khakassia",
        "categories": [
          "park_garden"
        ],
        "rating": null,
        "reviews": null,
        "short": "Ivanovskie là chuỗi hồ băng hà trên độ cao 1.300 m giữa dãy Kuznetsk Alatau, được ví như 'viên ngọc' của thiên nhiên Khakassia. Bốn hồ nước trong vắt nối nhau bằng những thác nước, bao quanh là đồng cỏ núi cao và những vạt tuyết không tan.",
        "yandex": "https://yandex.com/maps/?pt=88.648046,54.617766&z=17&l=map",
        "google": "https://www.google.com/maps/search/?api=1&query=54.617766,88.648046",
        "photo": null,
        "status": "enriched"
      }
    },
    {
      "type": "Feature",
      "geometry": {
        "type": "Point",
        "coordinates": [
          91.427369,
          53.741987
        ]
      },
      "properties": {
        "id": "khakassia-abakan-transfiguration-cathedral",
        "name_vi": "Nhà thờ Chính tòa Chúa Hiển Dung Abakan (Xpa-xô Prê-ô-bra-gien-xki Xô-bo)",
        "name_ru": "Спасо-Преображенский собор (Абакан)",
        "name_en": "Transfiguration Cathedral (Abakan)",
        "region": "Cộng hoà Khakassia",
        "categories": [
          "church"
        ],
        "rating": 4.7,
        "reviews": 171,
        "short": "Nhà thờ Chính tòa Chúa Hiển Dung là ngôi thánh đường Chính thống giáo lớn nhất Khakassia và là biểu tượng của thành phố Abakan. Với bảy vòm mạ ánh vàng titan cao gần 50 mét, công trình nổi bật giữa trung tâm thành phố và có thể chứa tới cả nghìn giáo dân.",
        "yandex": "https://yandex.com/maps/?pt=91.427369,53.741987&z=17&l=map",
        "google": "https://www.google.com/maps/search/?api=1&query=53.741987,91.427369",
        "photo": "https://commons.wikimedia.org/wiki/Special:FilePath/Cathedral%20in%20Abakan%20%28cropped%29.jpg",
        "status": "enriched"
      }
    },
    {
      "type": "Feature",
      "geometry": {
        "type": "Point",
        "coordinates": [
          69.007798,
          60.980233
        ]
      },
      "properties": {
        "id": "khanty-mansi-khanty-mansiysk-archeopark",
        "name_vi": "Công viên Khảo cổ Arkheopark (Ác-khê-ô-pác)",
        "name_ru": "Культурно-туристический комплекс «Археопарк»",
        "name_en": "Archeopark",
        "region": "Khu tự trị Khanty-Mansi",
        "categories": [
          "park_garden",
          "monument"
        ],
        "rating": 4.8,
        "reviews": 257,
        "short": "Arkheopark là công viên ngoài trời nằm dưới chân đồi Samarovsky chugas, nổi tiếng với đàn voi ma-mút bằng đồng khổng lồ đứng giữa thiên nhiên như vừa bước ra từ Kỷ Băng hà. Đây là biểu tượng du lịch nổi bật nhất của Khanty-Mansiysk và là điểm 'sống ảo' được yêu thích bậc nhất vùng Yugra.",
        "yandex": "https://yandex.com/maps/?pt=69.007798,60.980233&z=17&l=map",
        "google": "https://www.google.com/maps/search/?api=1&query=60.980233,69.007798",
        "photo": null,
        "status": "enriched"
      }
    },
    {
      "type": "Feature",
      "geometry": {
        "type": "Point",
        "coordinates": [
          69.003478,
          60.998421
        ]
      },
      "properties": {
        "id": "khanty-mansi-torum-maa-ethnographic-museum",
        "name_vi": "Bảo tàng Dân tộc học ngoài trời Torum Maa (Tô-rum Ma)",
        "name_ru": "Этнографический музей под открытым небом «Торум Маа»",
        "name_en": "Torum Maa Open-Air Ethnographic Museum",
        "region": "Khu tự trị Khanty-Mansi",
        "categories": [
          "museum"
        ],
        "rating": 4.7,
        "reviews": 575,
        "short": "Torum Maa nghĩa là 'Vùng đất của các vị thần' trong tiếng Khanty và Mansi. Đây là bảo tàng ngoài trời tái hiện nhà cửa, đời sống và tín ngưỡng của hai dân tộc bản địa Khanty và Mansi, nằm giữa rừng taiga trên đồi Samarovsky chugas nhìn xuống thành phố.",
        "yandex": "https://yandex.com/maps/?pt=69.003478,60.998421&z=17&l=map",
        "google": "https://www.google.com/maps/search/?api=1&query=60.998421,69.003478",
        "photo": null,
        "status": "enriched"
      }
    },
    {
      "type": "Feature",
      "geometry": {
        "type": "Point",
        "coordinates": [
          69.060214,
          60.970636
        ]
      },
      "properties": {
        "id": "khanty-mansi-samarovsky-chugas",
        "name_vi": "Công viên tự nhiên Samarovsky Chugas (Sa-ma-rốp-xki Chu-gát)",
        "name_ru": "Природный парк «Самаровский чугас»",
        "name_en": "Samarovsky Chugas Nature Park",
        "region": "Khu tự trị Khanty-Mansi",
        "categories": [
          "park_garden"
        ],
        "rating": 4.8,
        "reviews": 12,
        "short": "Samarovsky chugas là ngọn đồi rừng taiga xanh thẫm nhô cao giữa vùng đất thấp nơi hai con sông Ob và Irtysh gặp nhau — 'chugas' trong tiếng Khanty nghĩa là 'hòn đảo phủ rừng thường xanh'. Gần như cả thành phố Khanty-Mansiysk nằm trên và quanh khối đồi độc đáo này.",
        "yandex": "https://yandex.com/maps/?pt=69.060214,60.970636&z=17&l=map",
        "google": "https://www.google.com/maps/search/?api=1&query=60.970636,69.060214",
        "photo": null,
        "status": "enriched"
      }
    },
    {
      "type": "Feature",
      "geometry": {
        "type": "Point",
        "coordinates": [
          69.024418,
          61.004785
        ]
      },
      "properties": {
        "id": "khanty-mansi-museum-nature-and-man",
        "name_vi": "Bảo tàng Thiên nhiên và Con người (Mu-dây Pri-rô-đư i Che-lô-vê-ka)",
        "name_ru": "Музей Природы и Человека",
        "name_en": "Museum of Nature and Man",
        "region": "Khu tự trị Khanty-Mansi",
        "categories": [
          "museum"
        ],
        "rating": 4.9,
        "reviews": 400,
        "short": "Bảo tàng Thiên nhiên và Con người là bảo tàng khoa học địa phương lâu đời và độc đáo bậc nhất Yugra, kể câu chuyện về thiên nhiên Tây Siberia và con người đã sống nơi đây từ thời tiền sử. Điểm nhấn là bộ sưu tập cổ sinh vật học đồ sộ, trong đó có cả bộ xương voi ma-mút.",
        "yandex": "https://yandex.com/maps/?pt=69.024418,61.004785&z=17&l=map",
        "google": "https://www.google.com/maps/search/?api=1&query=61.004785,69.024418",
        "photo": null,
        "status": "enriched"
      }
    },
    {
      "type": "Feature",
      "geometry": {
        "type": "Point",
        "coordinates": [
          71.424213,
          63.495617
        ]
      },
      "properties": {
        "id": "khanty-mansi-numto-nature-park",
        "name_vi": "Công viên tự nhiên Numto (Num-tô)",
        "name_ru": "Природный парк «Нумто»",
        "name_en": "Numto Nature Park",
        "region": "Khu tự trị Khanty-Mansi",
        "categories": [
          "park_garden"
        ],
        "rating": null,
        "reviews": null,
        "short": "Numto là công viên tự nhiên hoang sơ rộng lớn ở huyện Beloyarsky, bao quanh hồ thiêng Numto — 'Hồ Trời' trong tín ngưỡng của người Nenets rừng và người Khanty. Đây là một trong những vùng đất linh thiêng và biệt lập nhất của Yugra.",
        "yandex": "https://yandex.com/maps/?pt=71.424213,63.495617&z=17&l=map",
        "google": "https://www.google.com/maps/search/?api=1&query=63.495617,71.424213",
        "photo": null,
        "status": "enriched"
      }
    },
    {
      "type": "Feature",
      "geometry": {
        "type": "Point",
        "coordinates": [
          69.0194,
          61.0038
        ]
      },
      "properties": {
        "id": "khanty-mansi-khanty-mansiysk-fountains-square",
        "name_vi": "Quảng trường Trung tâm và các đài phun nước (Tsen-tran-nai-a Plô-shad)",
        "name_ru": "Центральная площадь (фонтаны)",
        "name_en": "Central Square and Fountains",
        "region": "Khu tự trị Khanty-Mansi",
        "categories": [
          "square_street"
        ],
        "rating": null,
        "reviews": null,
        "short": "Là trái tim của Khanty-Mansiysk, quảng trường trung tâm quy tụ Nhà Chính phủ Yugra, khu thương mại Gostiny Dvor và những đài phun nước độc đáo. Nổi bật là đài phun 'Rotonda' với quả cầu đá tượng trưng Trái Đất nằm dưới mái vòm ren tựa trên 12 cột đá granite.",
        "yandex": "https://yandex.com/maps/?pt=69.0194,61.0038&z=17&l=map",
        "google": "https://www.google.com/maps/search/?api=1&query=61.0038,69.0194",
        "photo": null,
        "status": "enriched"
      }
    },
    {
      "type": "Feature",
      "geometry": {
        "type": "Point",
        "coordinates": [
          63.420586,
          60.863797
        ]
      },
      "properties": {
        "id": "khanty-mansi-kondinskiye-lakes-park",
        "name_vi": "Công viên tự nhiên Hồ Kondinskiye (Kôn-đin-xki-ê)",
        "name_ru": "Природный парк «Кондинские озёра» им. Л. Ф. Сташкевича",
        "name_en": "Kondinskiye Lakes Nature Park",
        "region": "Khu tự trị Khanty-Mansi",
        "categories": [
          "park_garden"
        ],
        "rating": null,
        "reviews": null,
        "short": "Công viên tự nhiên ở huyện Sovetsky, được lập quanh chuỗi hồ – sông cổ Arantur, Pon-Tur và Ranghetur với làn nước trong lành hiếm có. Đây là vùng đất ngập nước quan trọng quốc tế, thiên đường của các loài chim và động vật hoang dã taiga.",
        "yandex": "https://yandex.com/maps/?pt=63.420586,60.863797&z=17&l=map",
        "google": "https://www.google.com/maps/search/?api=1&query=60.863797,63.420586",
        "photo": null,
        "status": "enriched"
      }
    },
    {
      "type": "Feature",
      "geometry": {
        "type": "Point",
        "coordinates": [
          49.6714,
          58.5975
        ]
      },
      "properties": {
        "id": "kirov-trifonov-monastery-kirov",
        "name_vi": "Tu viện Trifonov (Uspensky Trifonov monastyr)",
        "name_ru": "Успенский Трифонов монастырь",
        "name_en": "Assumption (Uspensky) Trifonov Monastery",
        "region": "Tỉnh Kirov",
        "categories": [
          "church",
          "monument"
        ],
        "rating": 4.7,
        "reviews": 93,
        "short": "Tu viện Trifonov là quần thể kiến trúc cổ nhất Kirov, do thánh Trifon xứ Vyatka lập năm 1580. Trái tim của tu viện là Nhà thờ Đức Mẹ An Nghỉ cuối thế kỷ 17 - công trình lâu đời nhất thành phố - nổi bật giữa khu vườn xanh mát bên sông Vyatka.",
        "yandex": "https://yandex.com/maps/?pt=49.6714,58.5975&z=17&l=map",
        "google": "https://www.google.com/maps/search/?api=1&query=58.5975,49.6714",
        "photo": "https://commons.wikimedia.org/wiki/Special:FilePath/Dormition%20Cathedral%20%2819964269815%29.jpg",
        "status": "enriched"
      }
    },
    {
      "type": "Feature",
      "geometry": {
        "type": "Point",
        "coordinates": [
          49.676538,
          58.602742
        ]
      },
      "properties": {
        "id": "kirov-dymkovo-toy-museum",
        "name_vi": "Bảo tàng Đồ chơi Dymkovo (Muzey dymkovskoy igrushki)",
        "name_ru": "Музей дымковской игрушки",
        "name_en": "Museum of Dymkovo Toy",
        "region": "Tỉnh Kirov",
        "categories": [
          "museum"
        ],
        "rating": 4.9,
        "reviews": 335,
        "short": "Bảo tàng Đồ chơi Dymkovo tôn vinh nghề làm tượng đất nung sơn màu rực rỡ đã hơn 400 năm tuổi của làng Dymkovo bên kia sông Vyatka. Nơi đây trưng bày hơn một nghìn tác phẩm, từ các bậc thầy đầu thế kỷ 20 đến nghệ nhân đương đại.",
        "yandex": "https://yandex.com/maps/?pt=49.676538,58.602742&z=17&l=map",
        "google": "https://www.google.com/maps/search/?api=1&query=58.602742,49.676538",
        "photo": "https://commons.wikimedia.org/wiki/Special:FilePath/%D0%A1%D0%BB%D0%BE%D0%B1%D0%BE%D0%B4%D0%B0%20%D0%94%D1%8B%D0%BC%D0%BA%D0%BE%D0%B2%D0%BE.jpg",
        "status": "enriched"
      }
    },
    {
      "type": "Feature",
      "geometry": {
        "type": "Point",
        "coordinates": [
          49.05417,
          58.89556
        ]
      },
      "properties": {
        "id": "kirov-velikoretskoye",
        "name_vi": "Làng Velikoretskoye (Velikoretskoye)",
        "name_ru": "Великорецкое",
        "name_en": "Velikoretskoye",
        "region": "Tỉnh Kirov",
        "categories": [
          "church",
          "monument"
        ],
        "rating": null,
        "reviews": null,
        "short": "Velikoretskoye là ngôi làng nhỏ bên sông Velikaya, được coi là trái tim tâm linh của vùng Vyatka. Đây là nơi khởi nguồn cuộc rước Velikoretsky - một trong những cuộc hành hương lớn nhất nước Nga - gắn với sự tích tượng thánh Nikolai hiển linh năm 1383.",
        "yandex": "https://yandex.com/maps/?pt=49.05417,58.89556&z=17&l=map",
        "google": "https://www.google.com/maps/search/?api=1&query=58.89556,49.05417",
        "photo": "https://commons.wikimedia.org/wiki/Special:FilePath/%D0%9A%D1%80%D0%B5%D1%81%D1%82%D0%BD%D1%8B%D0%B9%20%D1%85%D0%BE%D0%B4.JPG",
        "status": "enriched"
      }
    },
    {
      "type": "Feature",
      "geometry": {
        "type": "Point",
        "coordinates": [
          48.3305,
          58.3037
        ]
      },
      "properties": {
        "id": "kirov-kotelnich-paleontology-museum",
        "name_vi": "Bảo tàng Cổ sinh vật học Kotelnich (Kotelnichsky paleontologichesky muzey)",
        "name_ru": "Котельничский палеонтологический музей",
        "name_en": "Kotelnich Paleontological Museum",
        "region": "Tỉnh Kirov",
        "categories": [
          "museum"
        ],
        "rating": 4.3,
        "reviews": 8,
        "short": "Bảo tàng Cổ sinh vật học Kotelnich trưng bày những bộ xương pareiasaur - loài bò sát khổng lồ kỷ Permi - khai quật từ bờ sông Vyatka gần đó, một trong những địa điểm hóa thạch pareiasaur phong phú nhất thế giới. Đây là điểm đến độc đáo cho người mê cổ sinh vật và lịch sử Trái Đất.",
        "yandex": "https://yandex.com/maps/?pt=48.3305,58.3037&z=17&l=map",
        "google": "https://www.google.com/maps/search/?api=1&query=58.3037,48.3305",
        "photo": null,
        "status": "enriched"
      }
    },
    {
      "type": "Feature",
      "geometry": {
        "type": "Point",
        "coordinates": [
          49.686537,
          58.608026
        ]
      },
      "properties": {
        "id": "kirov-kirov-alexander-garden",
        "name_vi": "Vườn Aleksandrovsky và bờ sông Grin (Aleksandrovsky sad, naberezhnaya Grina)",
        "name_ru": "Александровский сад / набережная Грина",
        "name_en": "Alexander Garden and Grin Embankment",
        "region": "Tỉnh Kirov",
        "categories": [
          "park_garden",
          "square_street"
        ],
        "rating": 4.7,
        "reviews": 1028,
        "short": "Vườn Aleksandrovsky là công viên lâu đời nhất Kirov, mở từ năm 1825 trên bờ cao sông Vyatka. Với cổng chào có hàng cột, những đình nghỉ tân cổ điển và lối dạo dọc bờ sông Grin thơ mộng, đây là nơi người dân và du khách tản bộ, ngắm hoàng hôn.",
        "yandex": "https://yandex.com/maps/?pt=49.686537,58.608026&z=17&l=map",
        "google": "https://www.google.com/maps/search/?api=1&query=58.608026,49.686537",
        "photo": "https://commons.wikimedia.org/wiki/Special:FilePath/Vyatka-Kirov%20asv2019-05%20img31%20Alexander%20Garden.jpg",
        "status": "enriched"
      }
    },
    {
      "type": "Feature",
      "geometry": {
        "type": "Point",
        "coordinates": [
          49.513171,
          58.198089
        ]
      },
      "properties": {
        "id": "kirov-nizhne-ivkino-resort",
        "name_vi": "Khu điều dưỡng Nizhne-Ivkino (Nizhne-Ivkino)",
        "name_ru": "Санаторий «Нижне-Ивкино»",
        "name_en": "Nizhne-Ivkino Health Resort (Sanatorium)",
        "region": "Tỉnh Kirov",
        "categories": [
          "other"
        ],
        "rating": 4.3,
        "reviews": 51,
        "short": "Nizhne-Ivkino là khu nghỉ dưỡng - chữa bệnh nổi tiếng bậc nhất tỉnh Kirov, nằm giữa rừng thông cách thành phố khoảng 40 km. Nơi đây điều trị bằng nguồn nước khoáng sulfat-canxi và bùn sulfua tự nhiên, cùng bầu không khí trong lành ven sông Ivkina.",
        "yandex": "https://yandex.com/maps/?pt=49.513171,58.198089&z=17&l=map",
        "google": "https://www.google.com/maps/search/?api=1&query=58.198089,49.513171",
        "photo": null,
        "status": "enriched"
      }
    },
    {
      "type": "Feature",
      "geometry": {
        "type": "Point",
        "coordinates": [
          49.6689,
          58.6024
        ]
      },
      "properties": {
        "id": "kirov-vasnetsov-art-museum-kirov",
        "name_vi": "Bảo tàng Mỹ thuật Vyatka mang tên anh em Vasnetsov (Vyatsky khudozhestvenny muzey imeni Vasnetsovykh)",
        "name_ru": "Вятский художественный музей имени В. М. и А. М. Васнецовых",
        "name_en": "Vyatka Art Museum named after the Vasnetsov Brothers",
        "region": "Tỉnh Kirov",
        "categories": [
          "museum"
        ],
        "rating": 4.8,
        "reviews": 8,
        "short": "Đây là một trong những bảo tàng mỹ thuật tỉnh lẻ lâu đời nhất nước Nga, thành lập năm 1910 theo sáng kiến của hai anh em họa sĩ Viktor và Apollinary Vasnetsov - những người con của đất Vyatka. Bộ sưu tập trải rộng từ tranh Nga cổ điển, icon đến nghệ thuật dân gian.",
        "yandex": "https://yandex.com/maps/?pt=49.6689,58.6024&z=17&l=map",
        "google": "https://www.google.com/maps/search/?api=1&query=58.6024,49.6689",
        "photo": "https://commons.wikimedia.org/wiki/Special:FilePath/Vasnetsov%20Vyatka.JPG",
        "status": "enriched"
      }
    },
    {
      "type": "Feature",
      "geometry": {
        "type": "Point",
        "coordinates": [
          59.298056,
          62.257778
        ]
      },
      "properties": {
        "id": "komi-manpupuner",
        "name_vi": "Cột đá phong hóa Manpupuner (Man-pu-pu-nyor)",
        "name_ru": "Маньпупунёр (Столбы выветривания)",
        "name_en": "Manpupuner rock formations",
        "region": "Cộng hoà Komi",
        "categories": [
          "monument",
          "park_garden"
        ],
        "rating": 4.4,
        "reviews": 12,
        "short": "Manpupuner là bảy cột đá khổng lồ cao tới 40 mét, sừng sững giữa cao nguyên hoang vu ở dãy Ural phương Bắc. Được người Mansi tôn là vùng đất thiêng và được bình chọn là một trong Bảy kỳ quan nước Nga, nơi đây nổi tiếng vừa vì vẻ đẹp siêu thực vừa vì độ khó tiếp cận.",
        "yandex": "https://yandex.com/maps/?pt=59.298056,62.257778&z=17&l=map",
        "google": "https://www.google.com/maps/search/?api=1&query=62.257778,59.298056",
        "photo": "https://commons.wikimedia.org/wiki/Special:FilePath/%D0%9F%D0%BB%D0%B0%D1%82%D0%BE%20%D0%9C%D0%B0%D0%BD%D1%8C%D0%BF%D1%83%D0%BF%D1%83%D0%BD%D0%B5%D1%80.jpg",
        "status": "enriched"
      }
    },
    {
      "type": "Feature",
      "geometry": {
        "type": "Point",
        "coordinates": [
          58.2583,
          62.575
        ]
      },
      "properties": {
        "id": "komi-pechoro-ilych",
        "name_vi": "Khu bảo tồn thiên nhiên Pechoro-Ilych (Pê-chô-rô I-lứt)",
        "name_ru": "Печоро-Илычский заповедник",
        "name_en": "Pechora-Ilych Nature Reserve",
        "region": "Cộng hoà Komi",
        "categories": [
          "park_garden",
          "museum"
        ],
        "rating": null,
        "reviews": null,
        "short": "Khu bảo tồn Pechoro-Ilych là một trong những vùng rừng nguyên sinh lớn nhất châu Âu, thuộc Di sản Thế giới UNESCO 'Rừng nguyên sinh Komi'. Nơi đây nổi tiếng với trại nuôi nai sừng tấm độc đáo ở làng Yaksha và cũng là nơi tọa lạc cao nguyên cột đá Manpupuner.",
        "yandex": "https://yandex.com/maps/?pt=58.2583,62.575&z=17&l=map",
        "google": "https://www.google.com/maps/search/?api=1&query=62.575,58.2583",
        "photo": "https://commons.wikimedia.org/wiki/Special:FilePath/Entrance%20to%20hiking%20trail%20in%20Pechora-Ilych%20B.R.jpg",
        "status": "enriched"
      }
    },
    {
      "type": "Feature",
      "geometry": {
        "type": "Point",
        "coordinates": [
          58.7833,
          62.4167
        ]
      },
      "properties": {
        "id": "komi-yugyd-va",
        "name_vi": "Vườn quốc gia Yugyd Va (Yu-gứt Va)",
        "name_ru": "Национальный парк «Югыд ва»",
        "name_en": "Yugyd Va National Park",
        "region": "Cộng hoà Komi",
        "categories": [
          "park_garden",
          "monument"
        ],
        "rating": null,
        "reviews": null,
        "short": "Yugyd Va - 'nước trong' theo tiếng Komi, là vườn quốc gia lớn nhất nước Nga, bảo vệ những dãy núi, dòng sông và rừng taiga nguyên sơ của dãy Ural. Cùng với Pechoro-Ilych, nơi đây tạo nên Di sản Thế giới UNESCO và là thiên đường cho dân leo núi, chèo bè.",
        "yandex": "https://yandex.com/maps/?pt=58.7833,62.4167&z=17&l=map",
        "google": "https://www.google.com/maps/search/?api=1&query=62.4167,58.7833",
        "photo": "https://commons.wikimedia.org/wiki/Special:FilePath/%D0%9C%D0%B0%D0%BD%D0%B0%D1%80%D0%B0%D0%B3%D0%B0%20%D0%B8%20%D0%BE%D0%B7%D0%B5%D1%80%D0%BE.jpg",
        "status": "enriched"
      }
    },
    {
      "type": "Feature",
      "geometry": {
        "type": "Point",
        "coordinates": [
          50.8353,
          61.6688
        ]
      },
      "properties": {
        "id": "komi-syktyvkar",
        "name_vi": "Thành phố Syktyvkar (Xức-típ-ca)",
        "name_ru": "Сыктывкар",
        "name_en": "Syktyvkar",
        "region": "Cộng hoà Komi",
        "categories": [
          "square_street",
          "museum",
          "church"
        ],
        "rating": null,
        "reviews": null,
        "short": "Syktyvkar là thủ phủ của Cộng hòa Komi, nằm bên sông Sysola - cái tên có nghĩa 'thành phố bên sông Sysola'. Đây là trung tâm văn hóa của người Komi bản địa, với Quảng trường Stefanovskaya, nhà thờ chính tòa và bảo tàng quốc gia lâu đời nhất vùng.",
        "yandex": "https://yandex.com/maps/?pt=50.8353,61.6688&z=17&l=map",
        "google": "https://www.google.com/maps/search/?api=1&query=61.6688,50.8353",
        "photo": "https://commons.wikimedia.org/wiki/Special:FilePath/%D0%A1%D1%8B%D0%BA%D1%82%D1%8B%D0%B2%D0%BA%D0%B0%D1%80%20-%20panoramio%20%281%29.jpg",
        "status": "enriched"
      }
    },
    {
      "type": "Feature",
      "geometry": {
        "type": "Point",
        "coordinates": [
          50.39083,
          62.22583
        ]
      },
      "properties": {
        "id": "komi-ust-vym",
        "name_vi": "Làng cổ Ust-Vym (Ust Vưm)",
        "name_ru": "Усть-Вымь",
        "name_en": "Ust-Vym",
        "region": "Cộng hoà Komi",
        "categories": [
          "church",
          "monument"
        ],
        "rating": null,
        "reviews": null,
        "short": "Ust-Vym là ngôi làng cổ nơi Thánh Stephan xứ Perm khởi đầu công cuộc Kitô hóa người Komi năm 1380. Từng là thủ phủ tôn giáo và hành chính của cả vùng, nơi đây nay là điểm hành hương với Tu viện Tổng lãnh Thiên thần Mikhail cổ kính bên sông.",
        "yandex": "https://yandex.com/maps/?pt=50.39083,62.22583&z=17&l=map",
        "google": "https://www.google.com/maps/search/?api=1&query=62.22583,50.39083",
        "photo": "https://commons.wikimedia.org/wiki/Special:FilePath/%D0%A1%D0%B5%D0%BB%D0%BE%20%D0%A3%D1%81%D1%82%D1%8C-%D0%92%D1%8B%D0%BC%D1%8C%20-%20panoramio%20%281%29.jpg",
        "status": "enriched"
      }
    },
    {
      "type": "Feature",
      "geometry": {
        "type": "Point",
        "coordinates": [
          50.7605,
          61.4869
        ]
      },
      "properties": {
        "id": "komi-finno-ugric-ethnopark",
        "name_vi": "Công viên Văn hóa Finno-Ugric (làng Yb)",
        "name_ru": "Финно-угорский этнокультурный парк",
        "name_en": "Finno-Ugric Ethnocultural Park (Yb)",
        "region": "Cộng hoà Komi",
        "categories": [
          "museum",
          "park_garden"
        ],
        "rating": 3.5,
        "reviews": 14,
        "short": "Công viên Văn hóa Finno-Ugric ở làng cổ Yb là bảo tàng ngoài trời giới thiệu di sản của các dân tộc Finno-Ugric. Du khách được vào nhà gỗ Komi, lều chum Nenets, tham gia các lớp thủ công và nếm đặc sản phương Bắc trong không gian gần gũi thiên nhiên.",
        "yandex": "https://yandex.com/maps/?pt=50.7605,61.4869&z=17&l=map",
        "google": "https://www.google.com/maps/search/?api=1&query=61.4869,50.7605",
        "photo": "https://commons.wikimedia.org/wiki/Special:FilePath/Yb%20etnopark.jpg",
        "status": "enriched"
      }
    },
    {
      "type": "Feature",
      "geometry": {
        "type": "Point",
        "coordinates": [
          52.150833,
          65.433889
        ]
      },
      "properties": {
        "id": "komi-ust-tsilma",
        "name_vi": "Làng Ust-Tsilma (Ust Txin-ma)",
        "name_ru": "Усть-Цильма",
        "name_en": "Ust-Tsilma",
        "region": "Cộng hoà Komi",
        "categories": [
          "monument",
          "church"
        ],
        "rating": null,
        "reviews": null,
        "short": "Ust-Tsilma là ngôi làng phương bắc bên sông Pechora, cái nôi của văn hóa Tín đồ Cựu giáo và nếp sống Bắc Nga cổ. Nơi đây nổi danh với lễ hội múa vòng 'Gorka' mỗi tháng 7, khi cả làng khoác thổ cẩm rực rỡ ca hát trên đồi.",
        "yandex": "https://yandex.com/maps/?pt=52.150833,65.433889&z=17&l=map",
        "google": "https://www.google.com/maps/search/?api=1&query=65.433889,52.150833",
        "photo": "https://commons.wikimedia.org/wiki/Special:FilePath/%D0%9F%D1%80%D0%B0%D0%B7%D0%B4%D0%BD%D0%B8%D0%BA%20%22%D0%A3%D1%81%D1%82%D1%8C-%D0%A6%D0%B8%D0%BB%D0%B5%D0%BC%D1%81%D0%BA%D0%B0%D1%8F%20%D0%B3%D0%BE%D1%80%D0%BA%D0%B0%22.jpg",
        "status": "enriched"
      }
    },
    {
      "type": "Feature",
      "geometry": {
        "type": "Point",
        "coordinates": [
          40.8944,
          57.7764
        ]
      },
      "properties": {
        "id": "kostroma-ipatiev-monastery",
        "name_vi": "Tu viện Ipatiev (Ipatievsky monastyr)",
        "name_ru": "Ипатьевский монастырь",
        "name_en": "Ipatiev Monastery",
        "region": "Tỉnh Kostroma",
        "categories": [
          "church",
          "museum",
          "monument"
        ],
        "rating": 4.4,
        "reviews": 1029,
        "short": "Tu viện Ipatiev nằm bên hợp lưu sông Kostroma và sông Volga, được xem là 'cái nôi' của vương triều Romanov. Chính tại đây năm 1613, chàng thiếu niên Mikhail Romanov đã được Hội đồng toàn Nga chọn làm Sa hoàng, mở đầu triều đại kéo dài hơn 300 năm.",
        "yandex": "https://yandex.com/maps/?pt=40.8944,57.7764&z=17&l=map",
        "google": "https://www.google.com/maps/search/?api=1&query=57.7764,40.8944",
        "photo": "https://commons.wikimedia.org/wiki/Special:FilePath/Ipatiev%20Monastery%20in%20Kostroma.jpg",
        "status": "enriched"
      }
    },
    {
      "type": "Feature",
      "geometry": {
        "type": "Point",
        "coordinates": [
          40.89,
          57.776389
        ]
      },
      "properties": {
        "id": "kostroma-kostromskaya-sloboda",
        "name_vi": "Bảo tàng Kiến trúc Gỗ Kostroma «Kostromskaya Sloboda»",
        "name_ru": "Костромская слобода",
        "name_en": "Kostroma Museum of Wooden Architecture (Kostromskaya Sloboda)",
        "region": "Tỉnh Kostroma",
        "categories": [
          "museum",
          "park_garden"
        ],
        "rating": 4.5,
        "reviews": 846,
        "short": "Bảo tàng Kiến trúc Gỗ ngoài trời 'Kostromskaya Sloboda' quy tụ những nhà thờ, nhà nguyện và izba (nhà gỗ nông dân) thế kỷ 17-19 được di dời và phục dựng ngay cạnh Tu viện Ipatiev. Đây là nơi tái hiện sống động đời sống làng quê Nga xưa giữa khung cảnh ven sông thơ mộng.",
        "yandex": "https://yandex.com/maps/?pt=40.89,57.776389&z=17&l=map",
        "google": "https://www.google.com/maps/search/?api=1&query=57.776389,40.89",
        "photo": "https://commons.wikimedia.org/wiki/Special:FilePath/%D0%94%D0%BE%D0%BC%20%D0%A7%D0%B0%D0%BF%D1%8B%D0%B3%D0%B8%D0%BD%D0%BE%D0%B9%20%D0%9A%D0%BE%D1%81%D1%82%D1%80%D0%BE%D0%BC%D0%B0.JPG",
        "status": "enriched"
      }
    },
    {
      "type": "Feature",
      "geometry": {
        "type": "Point",
        "coordinates": [
          40.925833,
          57.768056
        ]
      },
      "properties": {
        "id": "kostroma-susanin-square-fire-tower",
        "name_vi": "Quảng trường Susanin và Tháp Lính cứu hỏa (Susaninskaya ploshchad, Pozharnaya kalancha)",
        "name_ru": "Сусанинская площадь и Пожарная каланча",
        "name_en": "Susanin Square and the Fire Tower",
        "region": "Tỉnh Kostroma",
        "categories": [
          "square_street",
          "monument",
          "museum"
        ],
        "rating": 4.5,
        "reviews": 204,
        "short": "Quảng trường Susanin là trái tim hình rẻ quạt của Kostroma, nơi hội tụ những con phố tỏa ra từ thời quy hoạch thế kỷ 18. Nổi bật giữa quảng trường là Tháp Lính cứu hỏa (Pozharnaya kalancha) theo phong cách Tân cổ điển, biểu tượng kiến trúc của thành phố.",
        "yandex": "https://yandex.com/maps/?pt=40.925833,57.768056&z=17&l=map",
        "google": "https://www.google.com/maps/search/?api=1&query=57.768056,40.925833",
        "photo": "https://commons.wikimedia.org/wiki/Special:FilePath/Watchtower%20Kostroma.jpg",
        "status": "enriched"
      }
    },
    {
      "type": "Feature",
      "geometry": {
        "type": "Point",
        "coordinates": [
          40.925391,
          57.765678
        ]
      },
      "properties": {
        "id": "kostroma-trading-rows-gostiny-dvor",
        "name_vi": "Dãy phố Thương mại Kostroma (Torgovye ryady / Gostiny Dvor)",
        "name_ru": "Костромские торговые ряды (Гостиный двор)",
        "name_en": "Kostroma Trading Rows (Gostiny Dvor)",
        "region": "Tỉnh Kostroma",
        "categories": [
          "monument",
          "square_street"
        ],
        "rating": 4.3,
        "reviews": 562,
        "short": "Dãy phố Thương mại Kostroma (Torgovye ryady) là một trong những quần thể kiến trúc thương mại thế kỷ 18-19 lớn và được bảo tồn tốt nhất nước Nga. Những hàng cột trắng nối dài quanh Nhà thờ Chúa Cứu Thế 'trong dãy phố' đến nay vẫn là khu chợ và mua sắm sầm uất.",
        "yandex": "https://yandex.com/maps/?pt=40.925391,57.765678&z=17&l=map",
        "google": "https://www.google.com/maps/search/?api=1&query=57.765678,40.925391",
        "photo": "https://commons.wikimedia.org/wiki/Special:FilePath/%D0%9A%D0%BE%D1%81%D1%82%D1%80%D0%BE%D0%BC%D0%B0%2C%20%D0%9A%D1%80%D0%B0%D1%81%D0%BD%D1%8B%D0%B5%20%D1%82%D0%BE%D1%80%D0%B3%D0%BE%D0%B2%D1%8B%D0%B5%20%D1%80%D1%8F%D0%B4%D1%8B.JPG",
        "status": "enriched"
      }
    },
    {
      "type": "Feature",
      "geometry": {
        "type": "Point",
        "coordinates": [
          40.925,
          57.773056
        ]
      },
      "properties": {
        "id": "kostroma-epiphany-anastasia-convent",
        "name_vi": "Tu viện nữ Epiphany-Anastasia (Bogoyavlensko-Anastasiin monastyr)",
        "name_ru": "Богоявленско-Анастасиин монастырь",
        "name_en": "Epiphany-Anastasia Convent",
        "region": "Tỉnh Kostroma",
        "categories": [
          "church",
          "monument"
        ],
        "rating": 4.5,
        "reviews": 249,
        "short": "Tu viện nữ Epiphany-Anastasia (Bogoyavlensko-Anastasiin) là trung tâm hành hương quan trọng của Kostroma, nơi lưu giữ báu vật thiêng liêng: bức icon Đức Mẹ Feodorovskaya, thánh tượng bảo trợ của vương triều Romanov.",
        "yandex": "https://yandex.com/maps/?pt=40.925,57.773056&z=17&l=map",
        "google": "https://www.google.com/maps/search/?api=1&query=57.773056,40.925",
        "photo": "https://commons.wikimedia.org/wiki/Special:FilePath/Bogojavlensky%20monastery%20Kostroma%202015.jpg",
        "status": "enriched"
      }
    },
    {
      "type": "Feature",
      "geometry": {
        "type": "Point",
        "coordinates": [
          40.95094,
          57.75572
        ]
      },
      "properties": {
        "id": "kostroma-snow-maiden-terem",
        "name_vi": "Điện gỗ nàng Tuyết Nhi (Terem Snegurochki)",
        "name_ru": "Терем Снегурочки",
        "name_en": "Snow Maiden's Terem (Residence)",
        "region": "Tỉnh Kostroma",
        "categories": [
          "other",
          "museum"
        ],
        "rating": 3.9,
        "reviews": 517,
        "short": "Terem Snegurochki là 'ngôi nhà gỗ' của nàng Tuyết Nhi (Snegurochka) - nhân vật cổ tích Nga mà Kostroma tự hào là quê hương. Điểm đến mang màu sắc thần tiên này nổi tiếng với Phòng Băng có tượng băng quanh năm và những màn trình diễn dân gian vui nhộn.",
        "yandex": "https://yandex.com/maps/?pt=40.95094,57.75572&z=17&l=map",
        "google": "https://www.google.com/maps/search/?api=1&query=57.75572,40.95094",
        "photo": null,
        "status": "enriched"
      }
    },
    {
      "type": "Feature",
      "geometry": {
        "type": "Point",
        "coordinates": [
          40.92993,
          57.76891
        ]
      },
      "properties": {
        "id": "kostroma-romanov-museum",
        "name_vi": "Bảo tàng Romanov (Romanovsky muzey)",
        "name_ru": "Романовский музей",
        "name_en": "Romanov Museum",
        "region": "Tỉnh Kostroma",
        "categories": [
          "museum",
          "monument"
        ],
        "rating": 4.4,
        "reviews": 21,
        "short": "Bảo tàng Romanov khánh thành năm 1913 nhân 300 năm vương triều Romanov, với sự hiện diện của Sa hoàng Nikolai II. Tòa nhà mang phong cách 'terem' Nga cổ nay là bảo tàng mỹ thuật, trưng bày tranh của các danh họa như Aivazovsky, Kustodiev và Levitan.",
        "yandex": "https://yandex.com/maps/?pt=40.92993,57.76891&z=17&l=map",
        "google": "https://www.google.com/maps/search/?api=1&query=57.76891,40.92993",
        "photo": "https://commons.wikimedia.org/wiki/Special:FilePath/Romanovs%20museum%20Kostroma.jpg",
        "status": "enriched"
      }
    },
    {
      "type": "Feature",
      "geometry": {
        "type": "Point",
        "coordinates": [
          42.172468,
          57.605417
        ]
      },
      "properties": {
        "id": "kostroma-shchelykovo-ostrovsky-estate",
        "name_vi": "Điền trang - Bảo tàng Ostrovsky «Shchelykovo»",
        "name_ru": "Музей-заповедник «Щелыково»",
        "name_en": "Shchelykovo - Ostrovsky Estate-Museum",
        "region": "Tỉnh Kostroma",
        "categories": [
          "museum",
          "park_garden"
        ],
        "rating": 4.7,
        "reviews": 19,
        "short": "Shchelykovo là điền trang - bảo tàng của đại văn hào kịch nghệ Aleksandr Ostrovsky, nằm giữa vùng rừng và đồng quê thơ mộng của tỉnh Kostroma. Nơi đây được ví như 'Barbizon của nước Nga', gắn liền với nguồn cảm hứng cho nhiều vở kịch bất hủ của ông, trong đó có 'Nàng Tuyết'.",
        "yandex": "https://yandex.com/maps/?pt=42.172468,57.605417&z=17&l=map",
        "google": "https://www.google.com/maps/search/?api=1&query=57.605417,42.172468",
        "photo": "https://commons.wikimedia.org/wiki/Special:FilePath/Ostrovsky%20District%2C%20Kostroma%20Oblast%2C%20Russia%20-%20panoramio%20%283%29.jpg",
        "status": "enriched"
      }
    },
    {
      "type": "Feature",
      "geometry": {
        "type": "Point",
        "coordinates": [
          40.2969,
          43.6725
        ]
      },
      "properties": {
        "id": "krasnodar-rosa-khutor-krasnaya-polyana",
        "name_vi": "Khu nghỉ dưỡng trượt tuyết Rosa Khutor (Rô-da Khu-tơ), Krasnaya Polyana",
        "name_ru": "Роза Хутор (Красная Поляна)",
        "name_en": "Rosa Khutor Alpine Resort (Krasnaya Polyana)",
        "region": "Vùng Krasnodar",
        "categories": [
          "park_garden"
        ],
        "rating": 4.6,
        "reviews": 5108,
        "short": "Nằm ở thung lũng Krasnaya Polyana bên dãy Kavkaz, Rosa Khutor là khu nghỉ dưỡng trượt tuyết lớn và sang trọng bậc nhất nước Nga, nơi tổ chức các nội dung trượt tuyết đổ đèo của Thế vận hội Mùa đông Sochi 2014. Từ ngôi làng ven sông ở độ cao 560 m, hệ thống cáp treo đưa du khách lên tận đỉnh Rosa Peak cao 2.320 m để phóng tầm mắt ra biển mây và những rặng núi tuyết phủ.",
        "yandex": "https://yandex.com/maps/?pt=40.2969,43.6725&z=17&l=map",
        "google": "https://www.google.com/maps/search/?api=1&query=43.6725,40.2969",
        "photo": "https://commons.wikimedia.org/wiki/Special:FilePath/RosaKhutor2013.jpg",
        "status": "enriched"
      }
    },
    {
      "type": "Feature",
      "geometry": {
        "type": "Point",
        "coordinates": [
          39.74271,
          43.571096
        ]
      },
      "properties": {
        "id": "krasnodar-sochi-arboretum",
        "name_vi": "Vườn thực vật Sochi - Dendrariy (Đen-đra-ri)",
        "name_ru": "Сочинский дендрарий",
        "name_en": "Sochi Arboretum",
        "region": "Vùng Krasnodar",
        "categories": [
          "park_garden"
        ],
        "rating": 4.3,
        "reviews": 2992,
        "short": "Được lập từ năm 1890 trên sườn đồi nhìn ra Biển Đen, Vườn thực vật Sochi là công viên cây cận nhiệt đới lớn nhất nước Nga, quy tụ hàng nghìn loài cây từ khắp năm châu trên diện tích 49 ha. Một tuyến cáp treo nối phần vườn dưới với đỉnh đồi, nơi có những hàng cọ, tùng bách, hồ nước và đài phun cùng khung cảnh lãng mạn kiểu Địa Trung Hải.",
        "yandex": "https://yandex.com/maps/?pt=39.74271,43.571096&z=17&l=map",
        "google": "https://www.google.com/maps/search/?api=1&query=43.571096,39.74271",
        "photo": "https://commons.wikimedia.org/wiki/Special:FilePath/Dendrarium%20Sochi%20main%20entrance.JPG",
        "status": "enriched"
      }
    },
    {
      "type": "Feature",
      "geometry": {
        "type": "Point",
        "coordinates": [
          39.84333,
          43.55056
        ]
      },
      "properties": {
        "id": "krasnodar-akhun-tower",
        "name_vi": "Tháp quan sát trên núi Akhun (A-khun)",
        "name_ru": "Башня на горе Ахун",
        "name_en": "Akhun Tower",
        "region": "Vùng Krasnodar",
        "categories": [
          "monument",
          "park_garden"
        ],
        "rating": 4.4,
        "reviews": 1209,
        "short": "Sừng sững trên đỉnh núi Akhun cao 663 m gần Sochi, tòa tháp quan sát bằng đá vôi được xây năm 1936 theo phong cách Roman, cao chừng 30 mét. Leo lên đỉnh tháp, du khách được thưởng ngoạn khung cảnh ngoạn mục: dãy Kavkaz tuyết phủ ở một phía và Biển Đen xanh thẳm trải dài ở phía kia.",
        "yandex": "https://yandex.com/maps/?pt=39.84333,43.55056&z=17&l=map",
        "google": "https://www.google.com/maps/search/?api=1&query=43.55056,39.84333",
        "photo": "https://commons.wikimedia.org/wiki/Special:FilePath/Tower%20on%20the%20Akhun%20mountain.JPG",
        "status": "enriched"
      }
    },
    {
      "type": "Feature",
      "geometry": {
        "type": "Point",
        "coordinates": [
          37.60194,
          44.70278
        ]
      },
      "properties": {
        "id": "krasnodar-abrau-dyurso",
        "name_vi": "Vùng rượu vang Abrau-Dyurso (A-brau Đuy-rơ-xô)",
        "name_ru": "Абрау-Дюрсо",
        "name_en": "Abrau-Dyurso Winery",
        "region": "Vùng Krasnodar",
        "categories": [
          "other",
          "park_garden"
        ],
        "rating": 4.5,
        "reviews": 604,
        "short": "Bên hồ nước ngọt Abrau lớn nhất vùng Kavkaz, làng Abrau-Dyurso là cái nôi của rượu vang nổ (sâm panh) Nga, ra đời từ năm 1870 theo sắc lệnh của Sa hoàng Aleksandr II. Ngày nay nơi đây là một khu du lịch rượu vang sầm uất với hầm rượu cổ, tour nếm thử, quảng trường bên hồ và màn trình diễn nhạc nước về đêm.",
        "yandex": "https://yandex.com/maps/?pt=37.60194,44.70278&z=17&l=map",
        "google": "https://www.google.com/maps/search/?api=1&query=44.70278,37.60194",
        "photo": "https://commons.wikimedia.org/wiki/Special:FilePath/%D0%92%D0%B8%D0%BD%D0%BD%D1%8B%D0%B9%20%D0%B7%D0%B0%D0%B2%D0%BE%D0%B4%20%C2%AB%D0%90%D0%B1%D1%80%D0%B0%D1%83-%D0%94%D1%8E%D1%80%D1%81%D0%BE%C2%BB%20%28%D0%9A%D1%80%D0%B0%D1%81%D0%BD%D0%BE%D0%B4%D0%B0%D1%80%D1%81%D0%BA%D0%B8%D0%B9%20%D0%BA%D1%80%D0%B0%D0%B9%29.JPG",
        "status": "enriched"
      }
    },
    {
      "type": "Feature",
      "geometry": {
        "type": "Point",
        "coordinates": [
          39.03857,
          45.0419
        ]
      },
      "properties": {
        "id": "krasnodar-krasnodar-galitsky-park",
        "name_vi": "Công viên Galitsky (Ga-lít-xki) - Công viên 'Krasnodar'",
        "name_ru": "Парк «Краснодар» (Парк Галицкого)",
        "name_en": "Galitsky Park (Krasnodar Park)",
        "region": "Vùng Krasnodar",
        "categories": [
          "park_garden"
        ],
        "rating": 4.7,
        "reviews": 293,
        "short": "Do tỷ phú Sergei Galitsky đầu tư và khánh thành năm 2017 bên cạnh sân vận động FC Krasnodar, công viên 'Krasnodar' (quen gọi là Công viên Galitsky) là một trong những không gian công cộng hiện đại và đẹp nhất nước Nga. Rộng hơn 22 ha, nơi đây gây ấn tượng với kiến trúc tối giản, đài phun nước, mê cung nước, giảng đường ngoài trời và khu Vườn Nhật cầu kỳ.",
        "yandex": "https://yandex.com/maps/?pt=39.03857,45.0419&z=17&l=map",
        "google": "https://www.google.com/maps/search/?api=1&query=45.0419,39.03857",
        "photo": "https://commons.wikimedia.org/wiki/Special:FilePath/Park%20near%20the%20stadium%20in%20Krasnodar%20%283%29.jpg",
        "status": "enriched"
      }
    },
    {
      "type": "Feature",
      "geometry": {
        "type": "Point",
        "coordinates": [
          39.954592,
          43.405647
        ]
      },
      "properties": {
        "id": "krasnodar-sochi-olympic-park",
        "name_vi": "Công viên Olympic Sochi (Ô-lim-pi-ski)",
        "name_ru": "Олимпийский парк (Сочи)",
        "name_en": "Sochi Olympic Park",
        "region": "Vùng Krasnodar",
        "categories": [
          "park_garden",
          "monument"
        ],
        "rating": 4.3,
        "reviews": 3051,
        "short": "Xây dựng cho Thế vận hội Mùa đông 2014 tại thung lũng Imeretinskaya ven Biển Đen ở Adler, Công viên Olympic Sochi là quần thể các nhà thi đấu tráng lệ vây quanh quảng trường trung tâm và đài lửa Olympic. Nổi bật là sân vận động Fisht, các cung điện băng, đường đua Công thức 1 Sochi Autodrom và màn trình diễn nhạc nước 'Những dòng nước của Công viên Olympic'.",
        "yandex": "https://yandex.com/maps/?pt=39.954592,43.405647&z=17&l=map",
        "google": "https://www.google.com/maps/search/?api=1&query=43.405647,39.954592",
        "photo": "https://commons.wikimedia.org/wiki/Special:FilePath/Sochi%20Olympic%20Park%20Fisht%20Olympic%20Stadium%20P5020324%202200.jpg",
        "status": "enriched"
      }
    },
    {
      "type": "Feature",
      "geometry": {
        "type": "Point",
        "coordinates": [
          38.06355,
          44.577756
        ]
      },
      "properties": {
        "id": "krasnodar-gelendzhik-embankment",
        "name_vi": "Bờ kè biển Gelendzhik (Ghê-len-gích)",
        "name_ru": "Геленджикская набережная",
        "name_en": "Gelendzhik Embankment",
        "region": "Vùng Krasnodar",
        "categories": [
          "square_street"
        ],
        "rating": 4.7,
        "reviews": 1356,
        "short": "Ôm trọn vịnh Gelendzhik hình móng ngựa bên Biển Đen, bờ kè Gelendzhik dài khoảng 8 km được xem là con đường ven biển dài nhất vùng Krasnodar. Rợp bóng cọ, thông và tùng, con đường dạo bộ này nối liền hai mũi đất Tolsty và Tonky, dày đặc tượng nghệ thuật, đài phun nước, quán cà phê và bãi tắm.",
        "yandex": "https://yandex.com/maps/?pt=38.06355,44.577756&z=17&l=map",
        "google": "https://www.google.com/maps/search/?api=1&query=44.577756,38.06355",
        "photo": "https://commons.wikimedia.org/wiki/Special:FilePath/Gelendzhik%20Bay.JPG",
        "status": "enriched"
      }
    },
    {
      "type": "Feature",
      "geometry": {
        "type": "Point",
        "coordinates": [
          36.695536,
          45.217842
        ]
      },
      "properties": {
        "id": "krasnodar-ataman-taman",
        "name_vi": "Làng Cossack Ataman (A-ta-man), Taman",
        "name_ru": "Атамань",
        "name_en": "Ataman Cossack Village (Taman)",
        "region": "Vùng Krasnodar",
        "categories": [
          "museum"
        ],
        "rating": null,
        "reviews": null,
        "short": "Trên bán đảo Taman - nơi những người Cossack Biển Đen đầu tiên đổ bộ năm 1792 - Ataman là một làng Cossack bảo tàng ngoài trời tái hiện trọn vẹn đời sống truyền thống vùng Kuban. Dạo giữa hàng chục nếp nhà tranh, lò rèn, quán rượu, cối xay gió và vườn tược, du khách như ngược dòng thời gian về một stanitsa Cossack thế kỷ 18-19.",
        "yandex": "https://yandex.com/maps/?pt=36.695536,45.217842&z=17&l=map",
        "google": "https://www.google.com/maps/search/?api=1&query=45.217842,36.695536",
        "photo": "https://commons.wikimedia.org/wiki/Special:FilePath/Ataman%20museum%20Lob%20153.JPG",
        "status": "enriched"
      }
    },
    {
      "type": "Feature",
      "geometry": {
        "type": "Point",
        "coordinates": [
          39.817243,
          43.55161
        ]
      },
      "properties": {
        "id": "krasnodar-agura-waterfalls",
        "name_vi": "Thác nước Agura (A-gu-ra)",
        "name_ru": "Агурские водопады",
        "name_en": "Agura Waterfalls",
        "region": "Vùng Krasnodar",
        "categories": [
          "park_garden"
        ],
        "rating": 4.4,
        "reviews": 385,
        "short": "Ẩn mình trong hẻm núi Agura thuộc Vườn Quốc gia Sochi, chuỗi thác Agura đổ xuống qua nhiều tầng đá vôi giữa rừng tùng, sồi rậm rạp. Men theo con đường mòn dọc dòng suối trong vắt, du khách lần lượt chiêm ngưỡng các tầng thác, hồ nước xanh biếc và những vách đá dựng đứng.",
        "yandex": "https://yandex.com/maps/?pt=39.817243,43.55161&z=17&l=map",
        "google": "https://www.google.com/maps/search/?api=1&query=43.55161,39.817243",
        "photo": "https://commons.wikimedia.org/wiki/Special:FilePath/Upper%20Agura%20waterfall.JPG",
        "status": "enriched"
      }
    },
    {
      "type": "Feature",
      "geometry": {
        "type": "Point",
        "coordinates": [
          92.73304,
          55.91615
        ]
      },
      "properties": {
        "id": "krasnoyarsk-stolby-national-park",
        "name_vi": "Công viên Quốc gia Cột Đá Krasnoyarsk (Krax-nô-ia-rơ-xki-e Xtôn-bư)",
        "name_ru": "Национальный парк «Красноярские Столбы»",
        "name_en": "Krasnoyarsk Stolby National Park",
        "region": "Vùng Krasnoyarsk",
        "categories": [
          "park_garden"
        ],
        "rating": 4.9,
        "reviews": 830,
        "short": "Krasnoyarsk Stolby là công viên quốc gia nổi tiếng với những cột đá syenit khổng lồ mọc lên giữa rừng taiga Siberia. Đây là biểu tượng thiên nhiên của Krasnoyarsk và là cái nôi của 'stolbizm' – nét văn hóa leo đá tự do độc đáo suốt hơn một thế kỷ.",
        "yandex": "https://yandex.com/maps/?pt=92.73304,55.91615&z=17&l=map",
        "google": "https://www.google.com/maps/search/?api=1&query=55.91615,92.73304",
        "photo": "https://commons.wikimedia.org/wiki/Special:FilePath/Krasnoyarsk%20Pillars%2C%20Russian%20flag%2C%20Flag%20of%20Russia.jpg",
        "status": "enriched"
      }
    },
    {
      "type": "Feature",
      "geometry": {
        "type": "Point",
        "coordinates": [
          92.795179,
          55.961349
        ]
      },
      "properties": {
        "id": "krasnoyarsk-bobrovy-log-fun-park",
        "name_vi": "Công viên Vui chơi Bốn mùa Bobrovy Log (Bô-brô-vưi Lốc, 'Khe Hải Ly')",
        "name_ru": "Фанпарк «Бобровый лог»",
        "name_en": "Bobrovy Log Fun Park",
        "region": "Vùng Krasnoyarsk",
        "categories": [
          "park_garden",
          "other"
        ],
        "rating": 4.7,
        "reviews": 395,
        "short": "Bobrovy Log là khu vui chơi – trượt tuyết hoạt động quanh năm, nằm ngay cửa ngõ công viên Stolby. Mùa đông đây là điểm trượt tuyết đạt chuẩn quốc tế, còn mùa hè biến thành công viên phiêu lưu với cáp treo, máng trượt và bể bơi ngoài trời.",
        "yandex": "https://yandex.com/maps/?pt=92.795179,55.961349&z=17&l=map",
        "google": "https://www.google.com/maps/search/?api=1&query=55.961349,92.795179",
        "photo": null,
        "status": "enriched"
      }
    },
    {
      "type": "Feature",
      "geometry": {
        "type": "Point",
        "coordinates": [
          92.859775,
          56.023646
        ]
      },
      "properties": {
        "id": "krasnoyarsk-paraskeva-pyatnitsa-chapel",
        "name_vi": "Nhà nguyện Paraskeva Pyatnitsa (Pa-ra-xke-va Pi-át-ni-txư)",
        "name_ru": "Часовня Параскевы Пятницы",
        "name_en": "Paraskeva Pyatnitsa Chapel",
        "region": "Vùng Krasnoyarsk",
        "categories": [
          "church"
        ],
        "rating": 4.7,
        "reviews": 515,
        "short": "Nhà nguyện Paraskeva Pyatnitsa là biểu tượng dễ nhận biết nhất của Krasnoyarsk, tọa lạc trên đỉnh đồi Karaulnaya. Ngôi nhà nguyện nhỏ bằng đá theo phong cách Nga cổ này chính là hình ảnh in trên tờ tiền 10 rúp của Nga.",
        "yandex": "https://yandex.com/maps/?pt=92.859775,56.023646&z=17&l=map",
        "google": "https://www.google.com/maps/search/?api=1&query=56.023646,92.859775",
        "photo": "https://commons.wikimedia.org/wiki/Special:FilePath/Paraskeva%20Pyatnitsa%20Chapel%2C%20Krasnoyarsk-3.jpg",
        "status": "enriched"
      }
    },
    {
      "type": "Feature",
      "geometry": {
        "type": "Point",
        "coordinates": [
          92.731111,
          55.965556
        ]
      },
      "properties": {
        "id": "krasnoyarsk-roev-ruchey-zoo",
        "name_vi": "Công viên Hệ Động Thực Vật Roev Ruchey (Rô-ép Ru-trây, 'Suối Roev')",
        "name_ru": "Парк флоры и фауны «Роев ручей»",
        "name_en": "Roev Ruchey Zoo (Park of Flora and Fauna)",
        "region": "Vùng Krasnoyarsk",
        "categories": [
          "park_garden"
        ],
        "rating": 4.7,
        "reviews": 363,
        "short": "Roev Ruchey là một trong những vườn thú lớn nhất nước Nga, nằm ở phía nam Krasnoyarsk ngay cạnh khu Stolby. Với hàng nghìn cá thể động vật và khu thủy cung – bò sát quy mô lớn, đây là điểm đến gia đình được yêu thích bậc nhất thành phố.",
        "yandex": "https://yandex.com/maps/?pt=92.731111,55.965556&z=17&l=map",
        "google": "https://www.google.com/maps/search/?api=1&query=55.965556,92.731111",
        "photo": null,
        "status": "enriched"
      }
    },
    {
      "type": "Feature",
      "geometry": {
        "type": "Point",
        "coordinates": [
          93.288072,
          52.807787
        ]
      },
      "properties": {
        "id": "krasnoyarsk-ergaki-nature-park",
        "name_vi": "Công viên Thiên nhiên Ergaki (Ê-rga-ki)",
        "name_ru": "Природный парк «Ергаки»",
        "name_en": "Ergaki Nature Park",
        "region": "Vùng Krasnoyarsk",
        "categories": [
          "park_garden"
        ],
        "rating": 4.7,
        "reviews": 60,
        "short": "Ergaki là công viên thiên nhiên vùng núi Tây Sayan – thiên đường trekking đẹp nhất Siberia. Nơi đây nổi tiếng với dãy núi 'Sayan Ngủ', tảng đá Treo kỳ vĩ cân bằng trên vách núi và hàng loạt hồ băng trong vắt.",
        "yandex": "https://yandex.com/maps/?pt=93.288072,52.807787&z=17&l=map",
        "google": "https://www.google.com/maps/search/?api=1&query=52.807787,93.288072",
        "photo": "https://commons.wikimedia.org/wiki/Special:FilePath/Hanging-rock-ergaki.jpg",
        "status": "enriched"
      }
    },
    {
      "type": "Feature",
      "geometry": {
        "type": "Point",
        "coordinates": [
          91.37028,
          52.82583
        ]
      },
      "properties": {
        "id": "krasnoyarsk-sayano-shushenskaya-dam",
        "name_vi": "Đập thủy điện Sayano-Shushenskaya (Xa-ia-nô Su-sen-xcai-a)",
        "name_ru": "Саяно-Шушенская ГЭС",
        "name_en": "Sayano-Shushenskaya Dam (Hydroelectric Power Station)",
        "region": "Vùng Krasnoyarsk",
        "categories": [
          "other"
        ],
        "rating": 4.7,
        "reviews": 95,
        "short": "Sayano-Shushenskaya là nhà máy thủy điện lớn nhất nước Nga, một con đập vòm–trọng lực khổng lồ chắn ngang sông Yenisei. Quy mô đồ sộ của công trình khiến du khách choáng ngợp, dù bản thân đập chỉ có thể chiêm ngưỡng từ khu vực quan sát bên ngoài.",
        "yandex": "https://yandex.com/maps/?pt=91.37028,52.82583&z=17&l=map",
        "google": "https://www.google.com/maps/search/?api=1&query=52.82583,91.37028",
        "photo": "https://commons.wikimedia.org/wiki/Special:FilePath/Sayano%E2%80%93Shushenskaya%20Dam1.JPG",
        "status": "enriched"
      }
    },
    {
      "type": "Feature",
      "geometry": {
        "type": "Point",
        "coordinates": [
          91.930343,
          53.326751
        ]
      },
      "properties": {
        "id": "krasnoyarsk-shushenskoye-museum-reserve",
        "name_vi": "Bảo tàng – Khu bảo tồn Shushenskoye (Su-sen-xcô-i-e)",
        "name_ru": "Историко-этнографический музей-заповедник «Шушенское»",
        "name_en": "Shushenskoye Historical and Ethnographic Museum-Reserve",
        "region": "Vùng Krasnoyarsk",
        "categories": [
          "museum",
          "park_garden"
        ],
        "rating": 4.7,
        "reviews": 70,
        "short": "Shushenskoye là bảo tàng ngoài trời tái hiện một ngôi làng Siberia cuối thế kỷ 19. Đây cũng là nơi lãnh tụ Lenin từng bị lưu đày ba năm, với những ngôi nhà gỗ nguyên bản được gìn giữ đến ngày nay.",
        "yandex": "https://yandex.com/maps/?pt=91.930343,53.326751&z=17&l=map",
        "google": "https://www.google.com/maps/search/?api=1&query=53.326751,91.930343",
        "photo": "https://commons.wikimedia.org/wiki/Special:FilePath/Shush%20Museum%20%286%29.jpg",
        "status": "enriched"
      }
    },
    {
      "type": "Feature",
      "geometry": {
        "type": "Point",
        "coordinates": [
          92.87372,
          56.00365
        ]
      },
      "properties": {
        "id": "krasnoyarsk-krasnoyarsk-yenisei-embankment",
        "name_vi": "Bờ kè sông Yenisei (Na-be-rêj-nai-a Ê-ni-xây)",
        "name_ru": "Набережная Енисея",
        "name_en": "Yenisei Embankment (Krasnoyarsk)",
        "region": "Vùng Krasnoyarsk",
        "categories": [
          "square_street"
        ],
        "rating": null,
        "reviews": null,
        "short": "Bờ kè sông Yenisei là một trong những 'tấm danh thiếp' của Krasnoyarsk – tuyến đi dạo ven sông trải dài với tầm nhìn thoáng đãng. Nhờ nước ấm xả từ đập thủy điện phía thượng nguồn, đoạn sông chảy qua thành phố không đóng băng suốt mùa đông.",
        "yandex": "https://yandex.com/maps/?pt=92.87372,56.00365&z=17&l=map",
        "google": "https://www.google.com/maps/search/?api=1&query=56.00365,92.87372",
        "photo": "https://commons.wikimedia.org/wiki/Special:FilePath/Krasnoyarsk%2C%20View%20of%20Yenisey%20River%2C%20Russia.jpg",
        "status": "enriched"
      }
    },
    {
      "type": "Feature",
      "geometry": {
        "type": "Point",
        "coordinates": [
          62.940027,
          56.257624
        ]
      },
      "properties": {
        "id": "kurgan-dalmatovsky-uspensky-monastery",
        "name_vi": "Tu viện Uspensky Dalmatovsky (Đan-ma-tốp-xki U-xpen-xki)",
        "name_ru": "Далматовский Успенский монастырь",
        "name_en": "Dalmatovsky Uspensky Monastery",
        "region": "Tỉnh Kurgan",
        "categories": [
          "church",
          "monument"
        ],
        "rating": 4.9,
        "reviews": 186,
        "short": "Tu viện Chính thống giáo cổ nhất vùng Zauralye, nổi bật với quần thể pháo đài đá và tường thành thế kỷ 18. Được lập từ năm 1644, đây vừa là nơi hành hương vừa là di tích lịch sử hàng đầu tỉnh Kurgan.",
        "yandex": "https://yandex.com/maps/?pt=62.940027,56.257624&z=17&l=map",
        "google": "https://www.google.com/maps/search/?api=1&query=56.257624,62.940027",
        "photo": "https://commons.wikimedia.org/wiki/Special:FilePath/%D0%91%D0%B0%D1%81%D1%82%D0%B8%D0%BE%D0%BD%20%D0%94%D0%B0%D0%BB%D0%BC%D0%B0%D1%82%D0%BE%D0%B2%D1%81%D0%BA%D0%BE%D0%B3%D0%BE%20%D0%BC%D0%BE%D0%BD%D0%B0%D1%81%D1%82%D1%8B%D1%80%D1%8F%2019.JPG",
        "status": "enriched"
      }
    },
    {
      "type": "Feature",
      "geometry": {
        "type": "Point",
        "coordinates": [
          65.134045,
          56.094174
        ]
      },
      "properties": {
        "id": "kurgan-chimeevo-kazan-monastery",
        "name_vi": "Tu viện Chimeevsky Thánh Kazan (Chi-mê-ép-xki)",
        "name_ru": "Свято-Казанский Чимеевский мужской монастырь",
        "name_en": "Holy Kazan Chimeevsky Monastery",
        "region": "Tỉnh Kurgan",
        "categories": [
          "church"
        ],
        "rating": 5.0,
        "reviews": 626,
        "short": "Trung tâm hành hương Chính thống giáo nổi tiếng với icon Đức Mẹ Kazan linh thiêng và nguồn suối thánh. Nằm giữa rừng thông hẻo lánh, tu viện mang bầu không khí tĩnh lặng, được nhiều người mô tả là 'chữa lành tâm hồn'.",
        "yandex": "https://yandex.com/maps/?pt=65.134045,56.094174&z=17&l=map",
        "google": "https://www.google.com/maps/search/?api=1&query=56.094174,65.134045",
        "photo": null,
        "status": "enriched"
      }
    },
    {
      "type": "Feature",
      "geometry": {
        "type": "Point",
        "coordinates": [
          65.353505,
          55.434625
        ]
      },
      "properties": {
        "id": "kurgan-kurgan-decembrists-museum",
        "name_vi": "Nhà-bảo tàng những người Tháng Chạp ở Kurgan (Mu-dây Đê-ka-bri-xtốp)",
        "name_ru": "Дом-музей декабристов",
        "name_en": "Decembrists House-Museum (Kurgan)",
        "region": "Tỉnh Kurgan",
        "categories": [
          "museum",
          "monument"
        ],
        "rating": 4.8,
        "reviews": 109,
        "short": "Bảo tàng trong ngôi nhà gỗ thế kỷ 18 từng là nơi lưu đày của nhà quý tộc Naryshkin sau khởi nghĩa Tháng Chạp năm 1825. Nơi đây tái hiện sinh động số phận của những trí thức quý tộc Nga bị đày tới Siberia.",
        "yandex": "https://yandex.com/maps/?pt=65.353505,55.434625&z=17&l=map",
        "google": "https://www.google.com/maps/search/?api=1&query=55.434625,65.353505",
        "photo": null,
        "status": "enriched"
      }
    },
    {
      "type": "Feature",
      "geometry": {
        "type": "Point",
        "coordinates": [
          65.337344,
          55.440543
        ]
      },
      "properties": {
        "id": "kurgan-kurgan-regional-museum",
        "name_vi": "Bảo tàng địa phương học tỉnh Kurgan (Kra-ê-vét-che-xki Mu-dây)",
        "name_ru": "Курганский областной краеведческий музей",
        "name_en": "Kurgan Regional Museum of Local Lore",
        "region": "Tỉnh Kurgan",
        "categories": [
          "museum"
        ],
        "rating": 4.7,
        "reviews": 283,
        "short": "Bảo tàng lớn nhất vùng Zauralye, trưng bày thiên nhiên, khảo cổ và lịch sử tỉnh Kurgan. Là nơi lý tưởng để có cái nhìn tổng quan về vùng đất trước khi khám phá các điểm khác (hiện tòa nhà chính đang được trùng tu).",
        "yandex": "https://yandex.com/maps/?pt=65.337344,55.440543&z=17&l=map",
        "google": "https://www.google.com/maps/search/?api=1&query=55.440543,65.337344",
        "photo": "https://commons.wikimedia.org/wiki/Special:FilePath/%D0%97%D0%B4%D0%B0%D0%BD%D0%B8%D0%B5%20%D0%9A%D1%80%D0%B0%D0%B5%D0%B2%D0%B5%D0%B4%D1%87%D0%B5%D1%81%D0%BA%D0%BE%D0%B3%D0%BE%20%D0%BC%D1%83%D0%B7%D0%B5%D1%8F.%20%D0%9E%D1%82%D1%80%D0%B0%D0%B6%D0%B5%D0%BD%D0%B8%D0%B5.jpg",
        "status": "enriched"
      }
    },
    {
      "type": "Feature",
      "geometry": {
        "type": "Point",
        "coordinates": [
          65.303629,
          55.495123
        ]
      },
      "properties": {
        "id": "kurgan-ilizarov-center-museum",
        "name_vi": "Bảo tàng lịch sử Trung tâm Ilizarov (I-li-da-rốp)",
        "name_ru": "Музей истории развития Центра имени академика Г. А. Илизарова",
        "name_en": "History Museum of the Ilizarov Center",
        "region": "Tỉnh Kurgan",
        "categories": [
          "museum"
        ],
        "rating": 5.0,
        "reviews": 31,
        "short": "Bảo tàng duy nhất ở Nga về chấn thương–chỉnh hình, kể câu chuyện về bác sĩ Ilizarov và phương pháp kéo giãn xương cách mạng. Có khu tương tác cho khách tự lắp ráp bộ khung Ilizarov nổi tiếng.",
        "yandex": "https://yandex.com/maps/?pt=65.303629,55.495123&z=17&l=map",
        "google": "https://www.google.com/maps/search/?api=1&query=55.495123,65.303629",
        "photo": "https://commons.wikimedia.org/wiki/Special:FilePath/%D0%9C%D1%83%D0%B7%D0%B5%D0%B9%20%D0%B8%D1%81%D1%82%D0%BE%D1%80%D0%B8%D0%B8.JPG",
        "status": "enriched"
      }
    },
    {
      "type": "Feature",
      "geometry": {
        "type": "Point",
        "coordinates": [
          65.644593,
          55.698246
        ]
      },
      "properties": {
        "id": "kurgan-savin-sanctuary",
        "name_vi": "Thánh địa Savin — 'Stonehenge vùng Zauralye' (Xa-vin)",
        "name_ru": "Святилище Савин («Зауральский Стоунхендж»)",
        "name_en": "Savin Sanctuary (Trans-Ural Stonehenge)",
        "region": "Tỉnh Kurgan",
        "categories": [
          "monument"
        ],
        "rating": 4.8,
        "reviews": 103,
        "short": "Di chỉ khảo cổ được mệnh danh 'Stonehenge vùng Zauralye', một đài quan sát thiên văn kiêm nơi tế lễ thời tiền sử. Có niên đại thiên niên kỷ III trước Công nguyên, cổ hơn cả Stonehenge, nay là bảo tàng ngoài trời.",
        "yandex": "https://yandex.com/maps/?pt=65.644593,55.698246&z=17&l=map",
        "google": "https://www.google.com/maps/search/?api=1&query=55.698246,65.644593",
        "photo": null,
        "status": "enriched"
      }
    },
    {
      "type": "Feature",
      "geometry": {
        "type": "Point",
        "coordinates": [
          65.34262,
          55.438951
        ]
      },
      "properties": {
        "id": "kurgan-kurgan-alexander-nevsky-cathedral",
        "name_vi": "Nhà thờ chính tòa Thánh Alexander Nevsky ở Kurgan (A-lếch-xan-đrơ Nép-xki)",
        "name_ru": "Собор Александра Невского (Курган)",
        "name_en": "Alexander Nevsky Cathedral (Kurgan)",
        "region": "Tỉnh Kurgan",
        "categories": [
          "church"
        ],
        "rating": 4.7,
        "reviews": 24,
        "short": "Nhà thờ chính tòa gạch đỏ tráng lệ (1896–1902), biểu tượng kiến trúc và tâm linh của Kurgan. Từng bị đóng cửa thời Xô Viết, nay đã được phục hồi thành nhà thờ chính tòa của giáo phận.",
        "yandex": "https://yandex.com/maps/?pt=65.34262,55.438951&z=17&l=map",
        "google": "https://www.google.com/maps/search/?api=1&query=55.438951,65.34262",
        "photo": "https://commons.wikimedia.org/wiki/Special:FilePath/%D0%A6%D0%B5%D1%80%D0%BA%D0%BE%D0%B2%D1%8C%20%D0%B2%20%D1%87%D0%B5%D1%81%D1%82%D1%8C%20%D1%81%D0%B2%D1%8F%D1%82%D0%BE%D0%B3%D0%BE%20%D0%BA%D0%BD%D1%8F%D0%B7%D1%8F%20%D0%90%D0%BB%D0%B5%D0%BA%D1%81%D0%B0%D0%BD%D0%B4%D1%80%D0%B0%20%D0%9D%D0%B5%D0%B2%D1%81%D0%BA%D0%BE%D0%B3%D0%BE.jpg",
        "status": "enriched"
      }
    },
    {
      "type": "Feature",
      "geometry": {
        "type": "Point",
        "coordinates": [
          36.308233,
          51.971969
        ]
      },
      "properties": {
        "id": "kursk-korennaya-pustyn",
        "name_vi": "Tu viện Korennaya Pustyn (phiên âm: Cô-ren-na-i-a Pu-xtưn)",
        "name_ru": "Коренная пустынь",
        "name_en": "Korennaya Pustyn Monastery",
        "region": "Tỉnh Kursk",
        "categories": [
          "church"
        ],
        "rating": 5.0,
        "reviews": 1838,
        "short": "Korennaya Pustyn là một trong những tu viện Chính thống giáo lâu đời và được sùng kính bậc nhất của vùng Kursk, tọa lạc bên hữu ngạn sông Tuskar, cách trung tâm thành phố chừng 30 km về phía bắc. Tu viện gắn liền với truyền thuyết về thánh tượng Đức Mẹ Kursk được tìm thấy năm 1295 bên một gốc cây, nơi lập tức trào lên mạch nước thánh vẫn chảy cho đến ngày nay.",
        "yandex": "https://yandex.com/maps/?pt=36.308233,51.971969&z=17&l=map",
        "google": "https://www.google.com/maps/search/?api=1&query=51.971969,36.308233",
        "photo": "https://commons.wikimedia.org/wiki/Special:FilePath/Kurskaya%20korennaya.jpg",
        "status": "enriched"
      }
    },
    {
      "type": "Feature",
      "geometry": {
        "type": "Point",
        "coordinates": [
          36.182236,
          51.793641
        ]
      },
      "properties": {
        "id": "kursk-kurskaya-duga-memorial",
        "name_vi": "Quần thể tưởng niệm 'Vòng cung Kursk' (phiên âm: Cuốc-xcai-a Đu-ga)",
        "name_ru": "Мемориальный комплекс «Курская дуга»",
        "name_en": "Kursk Bulge Memorial Complex",
        "region": "Tỉnh Kursk",
        "categories": [
          "monument"
        ],
        "rating": 5.0,
        "reviews": 546,
        "short": "Quần thể tưởng niệm 'Vòng cung Kursk' trải dài dọc đại lộ Pobedy ở cửa ngõ phía bắc thành phố, tri ân trận đánh xe tăng lớn nhất lịch sử diễn ra mùa hè 1943. Điểm nhấn là Khải hoàn môn cao gần 24 m với tượng Thánh George cưỡi ngựa đâm rồng, cùng ngọn lửa vĩnh cửu và mộ Chiến sĩ Vô danh.",
        "yandex": "https://yandex.com/maps/?pt=36.182236,51.793641&z=17&l=map",
        "google": "https://www.google.com/maps/search/?api=1&query=51.793641,36.182236",
        "photo": "https://commons.wikimedia.org/wiki/Special:FilePath/Kursk.%20Triumphal%20arch%2C%20monument%20to%20Georgy%20Zhukov%20P5090426%202475.jpg",
        "status": "enriched"
      }
    },
    {
      "type": "Feature",
      "geometry": {
        "type": "Point",
        "coordinates": [
          36.192567,
          51.727693
        ]
      },
      "properties": {
        "id": "kursk-znamensky-cathedral",
        "name_vi": "Nhà thờ chính tòa Znamensky (phiên âm: Dơ-na-men-xki)",
        "name_ru": "Знаменский собор",
        "name_en": "Znamensky Cathedral (Cathedral of Our Lady of the Sign)",
        "region": "Tỉnh Kursk",
        "categories": [
          "church"
        ],
        "rating": 4.7,
        "reviews": 80,
        "short": "Nhà thờ chính tòa Znamensky trên Quảng trường Đỏ là công trình biểu tượng và dễ nhận biết nhất của Kursk. Được xây dựng năm 1816-1826 để tạ ơn chiến thắng trong Chiến tranh Vệ quốc 1812, ngôi đền mang phong cách tân cổ điển với mái vòm lớn ở trung tâm và là nơi lưu giữ bản sao thánh tượng Đức Mẹ Kursk.",
        "yandex": "https://yandex.com/maps/?pt=36.192567,51.727693&z=17&l=map",
        "google": "https://www.google.com/maps/search/?api=1&query=51.727693,36.192567",
        "photo": "https://commons.wikimedia.org/wiki/Special:FilePath/Kursk.%20Cathedral%20of%20Our%20Lady%20of%20the%20Sign%20P5080269%202575.jpg",
        "status": "enriched"
      }
    },
    {
      "type": "Feature",
      "geometry": {
        "type": "Point",
        "coordinates": [
          36.196667,
          51.735278
        ]
      },
      "properties": {
        "id": "kursk-sergievo-kazansky-cathedral",
        "name_vi": "Nhà thờ chính tòa Sergievo-Kazansky (phiên âm: Xéc-ghi-ê-vô Ca-dan-xki)",
        "name_ru": "Сергиево-Казанский собор",
        "name_en": "Sergievo-Kazansky Cathedral",
        "region": "Tỉnh Kursk",
        "categories": [
          "church"
        ],
        "rating": 4.8,
        "reviews": 30,
        "short": "Sergievo-Kazansky là viên ngọc kiến trúc Baroque thời Elizabeth hiếm hoi ở Kursk, xây dựng năm 1752-1778 theo phong cách gắn với trường phái của kiến trúc sư Rastrelli. Nhà thờ hai tầng nổi bật với bức tường thánh (iconostasis) mạ vàng chạm khắc tinh xảo cao tới 18 m.",
        "yandex": "https://yandex.com/maps/?pt=36.196667,51.735278&z=17&l=map",
        "google": "https://www.google.com/maps/search/?api=1&query=51.735278,36.196667",
        "photo": null,
        "status": "enriched"
      }
    },
    {
      "type": "Feature",
      "geometry": {
        "type": "Point",
        "coordinates": [
          36.0916,
          51.5702
        ]
      },
      "properties": {
        "id": "kursk-streletskaya-steppe-reserve",
        "name_vi": "Khu bảo tồn thiên nhiên Đất Đen Trung Tâm - Thảo nguyên Streletskaya (phiên âm: Xtơ-re-lét-xcai-a xtép)",
        "name_ru": "Центрально-Чернозёмный заповедник (Стрелецкая степь)",
        "name_en": "Central Chernozem Nature Reserve (Streletskaya Steppe)",
        "region": "Tỉnh Kursk",
        "categories": [
          "park_garden"
        ],
        "rating": null,
        "reviews": null,
        "short": "Đây là khu bảo tồn thiên nhiên nghiêm ngặt lâu đời bậc nhất nước Nga (thành lập 1935), nổi tiếng với những thảo nguyên đồng cỏ nguyên sinh chưa từng bị cày xới. Phân khu Streletskaya gần Kursk là nơi du khách có thể theo tuyến sinh thái để chiêm ngưỡng hơn 800 loài thực vật và tượng đá cổ 'người đàn bà đá' của người Cuman.",
        "yandex": "https://yandex.com/maps/?pt=36.0916,51.5702&z=17&l=map",
        "google": "https://www.google.com/maps/search/?api=1&query=51.5702,36.0916",
        "photo": "https://commons.wikimedia.org/wiki/Special:FilePath/20140613%20204426%20Richtone%28HDR%29.jpg",
        "status": "enriched"
      }
    },
    {
      "type": "Feature",
      "geometry": {
        "type": "Point",
        "coordinates": [
          34.681052,
          51.571263
        ]
      },
      "properties": {
        "id": "kursk-rylsk",
        "name_vi": "Thị trấn cổ Rylsk (phiên âm: Rưn-xcơ)",
        "name_ru": "Рыльск",
        "name_en": "Rylsk",
        "region": "Tỉnh Kursk",
        "categories": [
          "other",
          "church"
        ],
        "rating": 5.0,
        "reviews": 1684,
        "short": "Rylsk là một trong những thị trấn cổ nhất vùng Kursk, được nhắc đến lần đầu trong biên niên sử năm 1152, nằm bên sông Seym ở phía tây tỉnh. Thị trấn quyến rũ du khách bằng những dãy phố buôn thế kỷ 18-19, các nhà thờ cổ và ngọn đồi Ivan Rylsky nhìn ra toàn cảnh.",
        "yandex": "https://yandex.com/maps/?pt=34.681052,51.571263&z=17&l=map",
        "google": "https://www.google.com/maps/search/?api=1&query=51.571263,34.681052",
        "photo": "https://commons.wikimedia.org/wiki/Special:FilePath/%D0%A0%D1%8B%D0%BB%D1%8C%D1%81%D0%BA%D0%B8%D0%B9%20%D0%A1%D0%B2%D1%8F%D1%82%D0%BE-%D0%9D%D0%B8%D0%BA%D0%BE%D0%BB%D0%B0%D0%B5%D0%B2%D1%81%D0%BA%D0%B8%D0%B9%20%D0%BC%D1%83%D0%B6%D1%81%D0%BA%D0%BE%D0%B9%20%D0%BC%D0%BE%D0%BD%D0%B0%D1%81%D1%82%D1%8B%D1%80%D1%8C%20%28%D0%B2%D0%B8%D0%B4%20%D1%81%20%D0%BE%D0%BA%D1%80%D0%B0%D0%B8%D0%BD%D1%8B%20%D0%B3.%D0%A0%D1%8B%D0%BB%D1%8C%D1%81%D0%BA%D0%B0%29.jpg",
        "status": "enriched"
      }
    },
    {
      "type": "Feature",
      "geometry": {
        "type": "Point",
        "coordinates": [
          36.47743,
          51.989079
        ]
      },
      "properties": {
        "id": "kursk-fet-museum-estate-vorobyovka",
        "name_vi": "Bảo tàng - Điền trang A. Fet ở Vorobyovka (phiên âm: A-fa-na-xi Phét, Vô-rô-bi-ốp-ca)",
        "name_ru": "Музей-усадьба А. А. Фета (Воробьёвка)",
        "name_en": "Afanasy Fet Museum-Estate (Vorobyovka)",
        "region": "Tỉnh Kursk",
        "categories": [
          "museum",
          "park_garden"
        ],
        "rating": 5.0,
        "reviews": 977,
        "short": "Đây là điền trang nơi đại thi hào trữ tình Nga Afanasy Fet sống và sáng tác những năm cuối đời (1877-1892), nay là bảo tàng văn học được phục dựng công phu tại làng Vorobyovka. Ngôi nhà cổ bên hồ nước và công viên thơ mộng từng đón những vị khách như nhạc sĩ Tchaikovsky và các văn nhân lớn của nước Nga.",
        "yandex": "https://yandex.com/maps/?pt=36.47743,51.989079&z=17&l=map",
        "google": "https://www.google.com/maps/search/?api=1&query=51.989079,36.47743",
        "photo": null,
        "status": "enriched"
      }
    },
    {
      "type": "Feature",
      "geometry": {
        "type": "Point",
        "coordinates": [
          36.19156,
          51.727673
        ]
      },
      "properties": {
        "id": "kursk-kursk-regional-museum",
        "name_vi": "Bảo tàng Địa phương học tỉnh Kursk (phiên âm: Cra-ê-vét-chex-ki mu-dây)",
        "name_ru": "Курский областной краеведческий музей",
        "name_en": "Kursk Regional Museum of Local Lore",
        "region": "Tỉnh Kursk",
        "categories": [
          "museum"
        ],
        "rating": 4.6,
        "reviews": 329,
        "short": "Được thành lập năm 1903, Bảo tàng Địa phương học tỉnh Kursk là một trong những bảo tàng lâu đời và giàu hiện vật nhất vùng, với hơn 181.000 hiện vật thuộc gần 40 bộ sưu tập. Bảo tàng tọa lạc trong một tòa nhà lịch sử ngay gần Quảng trường Đỏ.",
        "yandex": "https://yandex.com/maps/?pt=36.19156,51.727673&z=17&l=map",
        "google": "https://www.google.com/maps/search/?api=1&query=51.727673,36.19156",
        "photo": null,
        "status": "enriched"
      }
    },
    {
      "type": "Feature",
      "geometry": {
        "type": "Point",
        "coordinates": [
          28.72917,
          60.71583
        ]
      },
      "properties": {
        "id": "leningrad-oblast-vyborg-castle",
        "name_vi": "Lâu đài Vyborg (Vư-boóc)",
        "name_ru": "Выборгский замок",
        "name_en": "Vyborg Castle",
        "region": "Tỉnh Leningrad",
        "categories": [
          "fortress",
          "museum",
          "monument"
        ],
        "rating": null,
        "reviews": null,
        "short": "Lâu đài Vyborg là tòa lâu đài Trung cổ kiểu Tây Âu duy nhất còn nguyên vẹn trên đất Nga, tọa lạc trên một hòn đảo đá nhỏ ngay giữa lòng thành phố. Được người Thụy Điển dựng năm 1293, công trình nổi bật với Tháp Thánh Olaf vươn cao soi bóng xuống vịnh.",
        "yandex": "https://yandex.com/maps/?pt=28.72917,60.71583&z=17&l=map",
        "google": "https://www.google.com/maps/search/?api=1&query=60.71583,28.72917",
        "photo": "https://commons.wikimedia.org/wiki/Special:FilePath/Vyborg%20Castle%20in%20Russia.jpg",
        "status": "enriched"
      }
    },
    {
      "type": "Feature",
      "geometry": {
        "type": "Point",
        "coordinates": [
          28.725702,
          60.730387
        ]
      },
      "properties": {
        "id": "leningrad-oblast-mon-repos-park",
        "name_vi": "Công viên Monrepos (Môn Rơ-pô)",
        "name_ru": "Парк Монрепо",
        "name_en": "Mon Repos Park",
        "region": "Tỉnh Leningrad",
        "categories": [
          "park_garden"
        ],
        "rating": null,
        "reviews": null,
        "short": "Monrepos là một trong những công viên cảnh quan đẹp nhất nước Nga, trải dọc bờ vịnh Vyborg với vách đá granite, rừng thông và các đền đài lãng mạn. Cái tên tiếng Pháp mon repos nghĩa là chốn nghỉ ngơi của tôi.",
        "yandex": "https://yandex.com/maps/?pt=28.725702,60.730387&z=17&l=map",
        "google": "https://www.google.com/maps/search/?api=1&query=60.730387,28.725702",
        "photo": "https://commons.wikimedia.org/wiki/Special:FilePath/Monrepos%20park.jpg",
        "status": "enriched"
      }
    },
    {
      "type": "Feature",
      "geometry": {
        "type": "Point",
        "coordinates": [
          32.29806,
          59.99722
        ]
      },
      "properties": {
        "id": "leningrad-oblast-staraya-ladoga-fortress",
        "name_vi": "Pháo đài Staraya Ladoga (Xta-ra-ia La-đô-ga)",
        "name_ru": "Староладожская крепость",
        "name_en": "Staraya Ladoga Fortress",
        "region": "Tỉnh Leningrad",
        "categories": [
          "fortress",
          "museum",
          "monument"
        ],
        "rating": null,
        "reviews": null,
        "short": "Nằm bên sông Volkhov, Staraya Ladoga thường được gọi là thủ đô đầu tiên của nước Nga, gắn với truyền thuyết thủ lĩnh Rurik thế kỷ 9. Pháo đài đá với những tòa tháp uy nghi là trái tim của ngôi làng cổ nhất vùng.",
        "yandex": "https://yandex.com/maps/?pt=32.29806,59.99722&z=17&l=map",
        "google": "https://www.google.com/maps/search/?api=1&query=59.99722,32.29806",
        "photo": "https://commons.wikimedia.org/wiki/Special:FilePath/%D0%9A%D1%80%D0%B5%D0%BF%D0%BE%D1%81%D1%82%D1%8C%20%D0%A1%D1%82%D0%B0%D1%80%D0%B0%D1%8F%20%D0%9B%D0%B0%D0%B4%D0%BE%D0%B3%D0%B0%20%D1%81%20%D0%B2%D1%8B%D1%81%D0%BE%D1%82%D1%8B%20%D0%BF%D1%82%D0%B8%D1%87%D1%8C%D0%B5%D0%B3%D0%BE%20%D0%BF%D0%BE%D0%BB%D0%B5%D1%82%D0%B0%2001.jpg",
        "status": "enriched"
      }
    },
    {
      "type": "Feature",
      "geometry": {
        "type": "Point",
        "coordinates": [
          31.038522,
          59.954022
        ]
      },
      "properties": {
        "id": "leningrad-oblast-oreshek-fortress",
        "name_vi": "Pháo đài Oreshek (A-rê-sếc)",
        "name_ru": "Крепость Орешек",
        "name_en": "Oreshek Fortress",
        "region": "Tỉnh Leningrad",
        "categories": [
          "fortress",
          "monument",
          "museum"
        ],
        "rating": null,
        "reviews": null,
        "short": "Oreshek là pháo đài trên đảo ngay nơi sông Neva chảy ra từ hồ Ladoga, được lập năm 1323. Nơi đây nổi tiếng với nhà tù Sa hoàng khét tiếng và trận cố thủ 500 ngày anh dũng trong Thế chiến II.",
        "yandex": "https://yandex.com/maps/?pt=31.038522,59.954022&z=17&l=map",
        "google": "https://www.google.com/maps/search/?api=1&query=59.954022,31.038522",
        "photo": "https://commons.wikimedia.org/wiki/Special:FilePath/Fortress%20Oreshek.jpg",
        "status": "enriched"
      }
    },
    {
      "type": "Feature",
      "geometry": {
        "type": "Point",
        "coordinates": [
          28.2075,
          59.374722
        ]
      },
      "properties": {
        "id": "leningrad-oblast-ivangorod-fortress",
        "name_vi": "Pháo đài Ivangorod (I-van-gô-rát)",
        "name_ru": "Ивангородская крепость",
        "name_en": "Ivangorod Fortress",
        "region": "Tỉnh Leningrad",
        "categories": [
          "fortress",
          "monument"
        ],
        "rating": null,
        "reviews": null,
        "short": "Được Ivan III cho xây năm 1492 bên sông Narva, Ivangorod là tiền đồn phía tây của nước Nga. Điều đặc biệt nhất là nó đứng đối diện lâu đài Narva của Estonia qua dòng sông, tạo nên màn đối mặt ngoạn mục của hai tòa thành.",
        "yandex": "https://yandex.com/maps/?pt=28.2075,59.374722&z=17&l=map",
        "google": "https://www.google.com/maps/search/?api=1&query=59.374722,28.2075",
        "photo": "https://commons.wikimedia.org/wiki/Special:FilePath/View%20to%20Ivangorod%20Fortress%20%28Russia%29%20from%20Narva%20%28Estonia%29.jpg",
        "status": "enriched"
      }
    },
    {
      "type": "Feature",
      "geometry": {
        "type": "Point",
        "coordinates": [
          29.032231,
          59.709308
        ]
      },
      "properties": {
        "id": "leningrad-oblast-koporye-fortress",
        "name_vi": "Pháo đài Koporye (Kô-pô-ri-e)",
        "name_ru": "Копорская крепость",
        "name_en": "Koporye Fortress",
        "region": "Tỉnh Leningrad",
        "categories": [
          "fortress",
          "monument"
        ],
        "rating": null,
        "reviews": null,
        "short": "Koporye là pháo đài đá bán hoang phế đầy chất phiêu lưu, dựng trên một mỏm đá gần vịnh Phần Lan. Nơi đây từng là tiền tuyến của Novgorod chống các hiệp sĩ Teuton, gắn với chiến công của Alexander Nevsky.",
        "yandex": "https://yandex.com/maps/?pt=29.032231,59.709308&z=17&l=map",
        "google": "https://www.google.com/maps/search/?api=1&query=59.709308,29.032231",
        "photo": "https://commons.wikimedia.org/wiki/Special:FilePath/%D0%9A%D0%BE%D0%BF%D0%BE%D1%80%D1%81%D0%BA%D0%B0%D1%8F%20%D0%BA%D1%80%D0%B5%D0%BF%D0%BE%D1%81%D1%82%D1%8C.JPG",
        "status": "enriched"
      }
    },
    {
      "type": "Feature",
      "geometry": {
        "type": "Point",
        "coordinates": [
          30.12244,
          61.02991
        ]
      },
      "properties": {
        "id": "leningrad-oblast-korela-fortress",
        "name_vi": "Pháo đài Korela (Ka-rê-la)",
        "name_ru": "Крепость Корела",
        "name_en": "Korela Fortress",
        "region": "Tỉnh Leningrad",
        "categories": [
          "fortress",
          "museum",
          "monument"
        ],
        "rating": null,
        "reviews": null,
        "short": "Korela là pháo đài nhỏ xinh bên sông ở thành phố Priozersk, từng mang tên Thụy Điển Kexholm. Biểu tượng của nơi này là Tháp Tròn cổ kính, chứng nhân cho cuộc giằng co lâu dài giữa Nga, Thụy Điển và Phần Lan.",
        "yandex": "https://yandex.com/maps/?pt=30.12244,61.02991&z=17&l=map",
        "google": "https://www.google.com/maps/search/?api=1&query=61.02991,30.12244",
        "photo": "https://commons.wikimedia.org/wiki/Special:FilePath/Korela%20Fort.JPG",
        "status": "enriched"
      }
    },
    {
      "type": "Feature",
      "geometry": {
        "type": "Point",
        "coordinates": [
          33.521176,
          59.653156
        ]
      },
      "properties": {
        "id": "leningrad-oblast-tikhvin-assumption-monastery",
        "name_vi": "Tu viện Đức Mẹ Lên Trời Tikhvin (Tíc-vin)",
        "name_ru": "Тихвинский Успенский монастырь",
        "name_en": "Tikhvin Assumption Monastery",
        "region": "Tỉnh Leningrad",
        "categories": [
          "church",
          "monument"
        ],
        "rating": null,
        "reviews": null,
        "short": "Tu viện Đức Mẹ Lên Trời Tikhvin do Sa hoàng Ivan Bạo chúa lập năm 1560 để tôn trí bức thánh tượng Đức Mẹ Tikhvin kỳ diệu. Đây là trung tâm hành hương Chính Thống giáo lớn, nơi bức icon trở về từ Mỹ năm 2004.",
        "yandex": "https://yandex.com/maps/?pt=33.521176,59.653156&z=17&l=map",
        "google": "https://www.google.com/maps/search/?api=1&query=59.653156,33.521176",
        "photo": "https://commons.wikimedia.org/wiki/Special:FilePath/Monas1.JPG",
        "status": "enriched"
      }
    },
    {
      "type": "Feature",
      "geometry": {
        "type": "Point",
        "coordinates": [
          38.5019,
          52.6224
        ]
      },
      "properties": {
        "id": "lipetsk-yelets-town",
        "name_vi": "Thị trấn cổ Yelets (Ê-lét)",
        "name_ru": "Елец",
        "name_en": "Yelets Historic Town",
        "region": "Tỉnh Lipetsk",
        "categories": [
          "square_street",
          "church",
          "museum"
        ],
        "rating": 4.5,
        "reviews": 13,
        "short": "Yelets là một trong những thị trấn cổ nhất nước Nga, được nhắc đến lần đầu năm 1146. Khu phố cổ với những dãy nhà thương gia thế kỷ 19, mái vòm nhà thờ và các con phố lát đá tạo nên một bảo tàng kiến trúc ngoài trời hiếm có.",
        "yandex": "https://yandex.com/maps/?pt=38.5019,52.6224&z=17&l=map",
        "google": "https://www.google.com/maps/search/?api=1&query=52.6224,38.5019",
        "photo": "https://commons.wikimedia.org/wiki/Special:FilePath/The%20Ascension%20Cathedral%20in%20Yelets.jpg",
        "status": "enriched"
      }
    },
    {
      "type": "Feature",
      "geometry": {
        "type": "Point",
        "coordinates": [
          38.916,
          52.3924
        ]
      },
      "properties": {
        "id": "lipetsk-zadonsk-nativity-monastery",
        "name_vi": "Tu viện Sinh Nhật Đức Mẹ Zadonsk (Za-đôn-xki)",
        "name_ru": "Задонский Рождество-Богородицкий монастырь",
        "name_en": "Zadonsk Nativity-of-the-Mother-of-God Monastery",
        "region": "Tỉnh Lipetsk",
        "categories": [
          "church"
        ],
        "rating": 4.7,
        "reviews": 93,
        "short": "Được lập từ năm 1610, Tu viện Sinh Nhật Đức Mẹ ở Zadonsk là một trong những trung tâm hành hương Chính thống giáo lớn nhất miền trung nước Nga. Nơi đây gắn liền với Thánh Tikhon xứ Zadonsk và nổi bật với Nhà thờ Vladimir hoành tráng cùng tháp chuông cao 82 mét.",
        "yandex": "https://yandex.com/maps/?pt=38.916,52.3924&z=17&l=map",
        "google": "https://www.google.com/maps/search/?api=1&query=52.3924,38.916",
        "photo": "https://commons.wikimedia.org/wiki/Special:FilePath/Church%20of%20Our%20Lady%20of%20Vladimir%20%28Zadonsk%29.JPG",
        "status": "enriched"
      }
    },
    {
      "type": "Feature",
      "geometry": {
        "type": "Point",
        "coordinates": [
          38.771867,
          52.367845
        ]
      },
      "properties": {
        "id": "lipetsk-kudykina-gora-safari-park",
        "name_vi": "Công viên Safari Kudykina Gora (Cu-đư-ki-na Go-ra)",
        "name_ru": "Парк «Кудыкина гора»",
        "name_en": "Kudykina Gora Safari Park",
        "region": "Tỉnh Lipetsk",
        "categories": [
          "park_garden",
          "monument"
        ],
        "rating": 4.2,
        "reviews": 257,
        "short": "Kudykina Gora là công viên safari - giải trí rộng khoảng 500 ha bên bờ sông Đông, nổi tiếng khắp nước Nga nhờ bức tượng rồng ba đầu Zmey Gorynych cao 15 mét biết phun lửa. Đây là điểm đến lý tưởng cho gia đình với vườn thú, thành lũy gỗ và vô số hoạt động ngoài trời.",
        "yandex": "https://yandex.com/maps/?pt=38.771867,52.367845&z=17&l=map",
        "google": "https://www.google.com/maps/search/?api=1&query=52.367845,38.771867",
        "photo": "https://commons.wikimedia.org/wiki/Special:FilePath/Zmei%20Gorinich%20%28colour%20fixed%29.jpg",
        "status": "enriched"
      }
    },
    {
      "type": "Feature",
      "geometry": {
        "type": "Point",
        "coordinates": [
          38.92833,
          52.60139
        ]
      },
      "properties": {
        "id": "lipetsk-galichya-gora-reserve",
        "name_vi": "Khu bảo tồn thiên nhiên Galichya Gora (Ga-lít-cha Go-ra)",
        "name_ru": "Галичья гора",
        "name_en": "Galichya Gora Nature Reserve",
        "region": "Tỉnh Lipetsk",
        "categories": [
          "park_garden"
        ],
        "rating": 4.2,
        "reviews": 44,
        "short": "Galichya Gora được xem là khu bảo tồn thiên nhiên nhỏ nhất thế giới, với khu lõi ban đầu chỉ khoảng 19 hecta bên bờ sông Đông. Nơi đây nổi tiếng nhờ hệ thực vật độc đáo với nhiều loài hiếm còn sót lại từ kỷ băng hà, mọc trên các vách đá vôi.",
        "yandex": "https://yandex.com/maps/?pt=38.92833,52.60139&z=17&l=map",
        "google": "https://www.google.com/maps/search/?api=1&query=52.60139,38.92833",
        "photo": "https://commons.wikimedia.org/wiki/Special:FilePath/%D0%92%D0%B8%D0%B4%20%D0%B7%D0%B0%20%D0%B7%D0%B0%D0%BF%D0%BE%D0%B2%D0%B5%D0%B4%D0%BD%D0%B8%D0%BA%20%D0%93%D0%B0%D0%BB%D0%B8%D1%87%D1%8C%D1%8F%20%D0%93%D0%BE%D1%80%D0%B0.%20%D0%A1%D0%BA%D0%B0%D0%BB%D1%8B.jpg",
        "status": "enriched"
      }
    },
    {
      "type": "Feature",
      "geometry": {
        "type": "Point",
        "coordinates": [
          38.505556,
          52.624444
        ]
      },
      "properties": {
        "id": "lipetsk-ascension-cathedral-yelets",
        "name_vi": "Nhà thờ chính tòa Thăng Thiên, Yelets (Vô-dơ-nhe-xen-xki)",
        "name_ru": "Вознесенский собор (Елец)",
        "name_en": "Ascension Cathedral, Yelets",
        "region": "Tỉnh Lipetsk",
        "categories": [
          "church"
        ],
        "rating": 4.9,
        "reviews": 80,
        "short": "Nhà thờ chính tòa Thăng Thiên là biểu tượng của Yelets, do kiến trúc sư danh tiếng Konstantin Ton thiết kế và xây dựng suốt 44 năm (1845–1889). Với chiều cao 74 mét và năm mái vòm hành củ, đây là một trong những thánh đường ấn tượng nhất cả vùng.",
        "yandex": "https://yandex.com/maps/?pt=38.505556,52.624444&z=17&l=map",
        "google": "https://www.google.com/maps/search/?api=1&query=52.624444,38.505556",
        "photo": "https://commons.wikimedia.org/wiki/Special:FilePath/%D0%95%D0%BB%D0%B5%D1%86%2C%20%D0%92%D0%BE%D0%B7%D0%BD%D0%B5%D1%81%D0%B5%D0%BD%D1%81%D0%BA%D0%B8%D0%B9%20%D1%81%D0%BE%D0%B1%D0%BE%D1%80%2C%20%D0%B1%D1%8B%D0%BB%20%D0%BE%D1%82%D0%BA%D1%80%D1%8B%D1%82%20%D0%B2%201889%20%D0%B3%D0%BE%D0%B4%D1%83.%20-%20panoramio%20%281%29.jpg",
        "status": "enriched"
      }
    },
    {
      "type": "Feature",
      "geometry": {
        "type": "Point",
        "coordinates": [
          39.600779,
          52.606226
        ]
      },
      "properties": {
        "id": "lipetsk-nizhny-park-lipetsk",
        "name_vi": "Công viên Hạ (Nizhny Park), Lipetsk (Ni-giơ-nưi)",
        "name_ru": "Нижний парк",
        "name_en": "Nizhny Park (Lipetsk spa resort)",
        "region": "Tỉnh Lipetsk",
        "categories": [
          "park_garden"
        ],
        "rating": 4.1,
        "reviews": 151,
        "short": "Công viên Hạ là công viên lâu đời và nổi tiếng nhất Lipetsk, ra đời từ năm 1805 khi Sa hoàng Aleksandr I cho lập khu điều dưỡng nước khoáng tại đây. Ngày nay đây là lá phổi xanh rộng lớn giữa lòng thành phố với suối khoáng, vườn thú, đài phun nước và nhiều trò chơi giải trí.",
        "yandex": "https://yandex.com/maps/?pt=39.600779,52.606226&z=17&l=map",
        "google": "https://www.google.com/maps/search/?api=1&query=52.606226,39.600779",
        "photo": null,
        "status": "enriched"
      }
    },
    {
      "type": "Feature",
      "geometry": {
        "type": "Point",
        "coordinates": [
          38.352222,
          52.575278
        ]
      },
      "properties": {
        "id": "lipetsk-vorgol-rocks",
        "name_vi": "Vách đá Vorgol (Vo-rơ-gôn)",
        "name_ru": "Воргольские скалы",
        "name_en": "Vorgol Rocks",
        "region": "Tỉnh Lipetsk",
        "categories": [
          "park_garden",
          "other"
        ],
        "rating": 4.6,
        "reviews": 71,
        "short": "Vách đá Vorgol là quần thể vách đá vôi dựng đứng cao tới 20 mét bên dòng sông Vorgol, cách Yelets khoảng 15 km. Cảnh quan hùng vĩ hiếm thấy ở vùng đồng bằng này khiến nơi đây trở thành thiên đường cho dân leo núi, cắm trại và nhiếp ảnh.",
        "yandex": "https://yandex.com/maps/?pt=38.352222,52.575278&z=17&l=map",
        "google": "https://www.google.com/maps/search/?api=1&query=52.575278,38.352222",
        "photo": null,
        "status": "enriched"
      }
    },
    {
      "type": "Feature",
      "geometry": {
        "type": "Point",
        "coordinates": [
          150.812142,
          59.59161
        ]
      },
      "properties": {
        "id": "magadan-mask-of-sorrow-magadan",
        "name_vi": "Tượng đài Mặt nạ Đau thương (Maska Skorbi)",
        "name_ru": "Монумент «Маска Скорби»",
        "name_en": "Mask of Sorrow",
        "region": "Tỉnh Magadan",
        "categories": [
          "monument"
        ],
        "rating": 4.7,
        "reviews": 128,
        "short": "Sừng sững trên đồi Krutaya nhìn xuống Magadan, 'Mặt nạ Đau thương' là đài tưởng niệm bê tông cao 15 mét dành cho hàng trăm nghìn tù nhân đã ngã xuống trong các trại lao động Gulag ở vùng Kolyma. Tác phẩm của nhà điêu khắc Ernst Neizvestny khắc họa một gương mặt khổng lồ đang khóc, với những giọt nước mắt hóa thành các mặt nạ nhỏ. Đây là một trong những biểu tượng day dứt và quan trọng nhất về lịch sử đàn áp chính trị ở nước Nga.",
        "yandex": "https://yandex.com/maps/?pt=150.812142,59.59161&z=17&l=map",
        "google": "https://www.google.com/maps/search/?api=1&query=59.59161,150.812142",
        "photo": "https://commons.wikimedia.org/wiki/Special:FilePath/%D0%9C%D0%B5%D0%BC%D0%BE%D1%80%D0%B8%D0%B0%D0%BB%D1%8C%D0%BD%D1%8B%D0%B9%20%D0%BA%D0%BE%D0%BC%D0%BF%D0%BB%D0%B5%D0%BA%D1%81%20%C2%AB%D0%9C%D0%B0%D1%81%D0%BA%D0%B0%20%D0%A1%D0%BA%D0%BE%D1%80%D0%B1%D0%B8%C2%BB.jpg",
        "status": "enriched"
      }
    },
    {
      "type": "Feature",
      "geometry": {
        "type": "Point",
        "coordinates": [
          150.7916,
          59.559
        ]
      },
      "properties": {
        "id": "magadan-nagaeva-bay-magadan",
        "name_vi": "Vịnh Nagaeva (Bukhta Nagayeva)",
        "name_ru": "Бухта Нагаева",
        "name_en": "Nagaev Bay",
        "region": "Tỉnh Magadan",
        "categories": [
          "park_garden"
        ],
        "rating": 4.7,
        "reviews": 49,
        "short": "Vịnh Nagaeva là cửa ngõ biển của Magadan, một vụng nước sâu và kín gió của Biển Okhotsk, được xem là nơi neo đậu tốt nhất vùng. Bờ vịnh nay có kè dạo bộ thoáng đãng, là chỗ ngắm bình minh, đàn hải âu và khung cảnh núi non ôm lấy mặt nước. Nhưng vịnh cũng nhuốm màu bi thương: đây từng là bến cập tàu chở tù nhân Gulag vào Kolyma những năm 1930.",
        "yandex": "https://yandex.com/maps/?pt=150.7916,59.559&z=17&l=map",
        "google": "https://www.google.com/maps/search/?api=1&query=59.559,150.7916",
        "photo": "https://commons.wikimedia.org/wiki/Special:FilePath/The%20Bay%20of%20Nagaev%2C%20Magadan.jpg",
        "status": "enriched"
      }
    },
    {
      "type": "Feature",
      "geometry": {
        "type": "Point",
        "coordinates": [
          149.52861,
          62.08028
        ]
      },
      "properties": {
        "id": "magadan-jack-london-lake",
        "name_vi": "Hồ Jack London (Ozero Dzheka Londona)",
        "name_ru": "Озеро Джека Лондона",
        "name_en": "Jack London Lake",
        "region": "Tỉnh Magadan",
        "categories": [
          "park_garden"
        ],
        "rating": null,
        "reviews": null,
        "short": "Nằm ở độ cao hơn 800 m giữa những dãy núi hoang sơ ở thượng nguồn Kolyma, hồ Jack London là một trong những hồ đẹp nhất nước Nga. Mặt nước trong vắt trải dài 10 km, điểm xuyết vài hòn đảo nhỏ, phản chiếu núi non và rừng taiga. Được đặt theo tên nhà văn Mỹ từ năm 1932, hồ là viên ngọc của 'công viên tự nhiên' cùng tên, chỉ dành cho những ai sẵn lòng vượt đường xa.",
        "yandex": "https://yandex.com/maps/?pt=149.52861,62.08028&z=17&l=map",
        "google": "https://www.google.com/maps/search/?api=1&query=62.08028,149.52861",
        "photo": "https://commons.wikimedia.org/wiki/Special:FilePath/Jack%20London%20Lake%20by%20bartosh.jpg",
        "status": "enriched"
      }
    },
    {
      "type": "Feature",
      "geometry": {
        "type": "Point",
        "coordinates": [
          150.831667,
          59.588333
        ]
      },
      "properties": {
        "id": "magadan-kolyma-highway-road-of-bones",
        "name_vi": "Đường Kolyma - 'Con đường Xương trắng' (Kolymskaya trassa)",
        "name_ru": "Колымская трасса («дорога на костях»)",
        "name_en": "Kolyma Highway (Road of Bones)",
        "region": "Tỉnh Magadan",
        "categories": [
          "other"
        ],
        "rating": null,
        "reviews": null,
        "short": "Trải dài hơn 2.000 km từ Magadan tới Yakutsk, đường Kolyma (R504) là một trong những cung đường ám ảnh nhất thế giới. Người ta gọi nó là 'con đường trên xương người' bởi vô số tù nhân Gulag đã bỏ mạng khi xây dựng nó thời Stalin, và tương truyền thi thể họ nằm ngay dưới nền đường. Ngày nay đây là hành trình huyền thoại của dân phượt ưa mạo hiểm và du lịch lịch sử đen.",
        "yandex": "https://yandex.com/maps/?pt=150.831667,59.588333&z=17&l=map",
        "google": "https://www.google.com/maps/search/?api=1&query=59.588333,150.831667",
        "photo": "https://commons.wikimedia.org/wiki/Special:FilePath/Kolyma%20Highway%20%28Road%20of%20Bones%29.jpg",
        "status": "enriched"
      }
    },
    {
      "type": "Feature",
      "geometry": {
        "type": "Point",
        "coordinates": [
          150.8128,
          59.56705
        ]
      },
      "properties": {
        "id": "magadan-holy-trinity-cathedral-magadan",
        "name_vi": "Nhà thờ chính tòa Chúa Ba Ngôi (Svyato-Troitsky sobor)",
        "name_ru": "Свято-Троицкий кафедральный собор",
        "name_en": "Holy Trinity Cathedral",
        "region": "Tỉnh Magadan",
        "categories": [
          "church"
        ],
        "rating": 4.6,
        "reviews": 61,
        "short": "Vươn cao 71 m giữa lòng Magadan, Nhà thờ chính tòa Chúa Ba Ngôi là thánh đường Chính thống giáo lớn nhất vùng Viễn Đông Nga. Kiến trúc trắng và vàng lộng lẫy theo phong cách Nga cổ Vladimir–Novgorod, nổi bật trên nền trời và nhìn thấy từ khắp thành phố. Công trình còn mang ý nghĩa như một đài tưởng niệm dành cho các nạn nhân của đàn áp chính trị thời Xô Viết.",
        "yandex": "https://yandex.com/maps/?pt=150.8128,59.56705&z=17&l=map",
        "google": "https://www.google.com/maps/search/?api=1&query=59.56705,150.8128",
        "photo": "https://commons.wikimedia.org/wiki/Special:FilePath/Orthodox%20cathedral%20Magadan.jpg",
        "status": "enriched"
      }
    },
    {
      "type": "Feature",
      "geometry": {
        "type": "Point",
        "coordinates": [
          152.40045,
          61.13163
        ]
      },
      "properties": {
        "id": "magadan-talaya-hot-springs",
        "name_vi": "Suối nước nóng Talaya (Talaya)",
        "name_ru": "Талая (Тальский горячий источник)",
        "name_en": "Talaya Hot Springs",
        "region": "Tỉnh Magadan",
        "categories": [
          "park_garden"
        ],
        "rating": 4.4,
        "reviews": 54,
        "short": "Ẩn mình giữa dãy Kolyma ở độ cao khoảng 720 m, Talaya là suối khoáng nóng nổi tiếng nhất tỉnh Magadan, với nguồn nước vọt lên tới 90°C. Quanh suối là khu điều dưỡng 'Talaya' hoạt động từ năm 1940, nơi người dân vùng Kolyma tìm đến để tắm khoáng, chữa bệnh và nghỉ dưỡng. Đây là một ốc đảo ấm áp kỳ lạ giữa vùng đất lạnh giá bậc nhất nước Nga.",
        "yandex": "https://yandex.com/maps/?pt=152.40045,61.13163&z=17&l=map",
        "google": "https://www.google.com/maps/search/?api=1&query=61.13163,152.40045",
        "photo": null,
        "status": "enriched"
      }
    },
    {
      "type": "Feature",
      "geometry": {
        "type": "Point",
        "coordinates": [
          47.8931,
          56.6316
        ]
      },
      "properties": {
        "id": "mari-el-yoshkar-ola-bruges-embankment",
        "name_vi": "Bờ kè Bruges (Naberezhnaya Bryugge)",
        "name_ru": "Набережная Брюгге",
        "name_en": "Brugge Embankment",
        "region": "Cộng hoà Mari El",
        "categories": [
          "square_street"
        ],
        "rating": 4.5,
        "reviews": 355,
        "short": "Bờ kè Bruges là dải đi bộ ven sông Malaya Kokshaga xây theo phong cách Tây Âu, gợi nhớ thành phố Bruges của nước Bỉ. Những dãy nhà mái nhọn nhiều màu, tháp đồng hồ và lối lát đá biến nơi đây thành phông nền chụp ảnh nổi tiếng nhất Yoshkar-Ola.",
        "yandex": "https://yandex.com/maps/?pt=47.8931,56.6316&z=17&l=map",
        "google": "https://www.google.com/maps/search/?api=1&query=56.6316,47.8931",
        "photo": "https://commons.wikimedia.org/wiki/Special:FilePath/%D0%99%D0%BE%D1%88%D0%BA%D0%B0%D1%80-%D0%9E%D0%BB%D0%B0._%D0%9D%D0%B0%D0%B1%D0%B5%D1%80%D0%B5%D0%B6%D0%BD%D0%B0%D1%8F.jpg",
        "status": "enriched"
      }
    },
    {
      "type": "Feature",
      "geometry": {
        "type": "Point",
        "coordinates": [
          47.901243,
          56.637224
        ]
      },
      "properties": {
        "id": "mari-el-tsarevokokshaysky-kremlin",
        "name_vi": "Điện Kremlin Tsarevokokshaysk (Tsaryovokokshaysky kreml)",
        "name_ru": "Царёвококшайский кремль",
        "name_en": "Tsaryovokokshaysky Kremlin",
        "region": "Cộng hoà Mari El",
        "categories": [
          "fortress",
          "museum"
        ],
        "rating": 4.7,
        "reviews": 1614,
        "short": "Царёвококшайский kremlin là 'điện Kremlin' của Yoshkar-Ola — quần thể tường gạch đỏ và tháp canh tái hiện pháo đài lịch sử của thành phố. Bên trong có sân dạo, tượng đài, tiểu cảnh và vài bảo tàng nhỏ.",
        "yandex": "https://yandex.com/maps/?pt=47.901243,56.637224&z=17&l=map",
        "google": "https://www.google.com/maps/search/?api=1&query=56.637224,47.901243",
        "photo": null,
        "status": "enriched"
      }
    },
    {
      "type": "Feature",
      "geometry": {
        "type": "Point",
        "coordinates": [
          48.2417,
          56.2919
        ]
      },
      "properties": {
        "id": "mari-el-sheremetev-castle-yurino",
        "name_vi": "Lâu đài Sheremetev (Zamok Sheremeteva)",
        "name_ru": "Замок Шереметева",
        "name_en": "Sheremetev Castle",
        "region": "Cộng hoà Mari El",
        "categories": [
          "palace",
          "museum"
        ],
        "rating": 4.4,
        "reviews": 58,
        "short": "Lâu đài Sheremetev ở Yurino là một dinh thự - lâu đài gạch đỏ nguy nga bên tả ngạn sông Volga, do dòng họ quý tộc Sheremetev xây dựng trong nửa cuối thế kỷ 19. Công trình pha trộn Gothic, Phục hưng, phương Đông và Nga, nay là bảo tàng kiêm khách sạn.",
        "yandex": "https://yandex.com/maps/?pt=48.2417,56.2919&z=17&l=map",
        "google": "https://www.google.com/maps/search/?api=1&query=56.2919,48.2417",
        "photo": "https://commons.wikimedia.org/wiki/Special:FilePath/Sheremetev_castle_by_Igor_Filippov_1.jpg",
        "status": "enriched"
      }
    },
    {
      "type": "Feature",
      "geometry": {
        "type": "Point",
        "coordinates": [
          48.366667,
          56.15
        ]
      },
      "properties": {
        "id": "mari-el-mari-chodra-national-park",
        "name_vi": "Vườn quốc gia Mari Chodra (Mariy Chodra – 'Rừng Mari')",
        "name_ru": "Марий Чодра",
        "name_en": "Mari Chodra National Park",
        "region": "Cộng hoà Mari El",
        "categories": [
          "park_garden"
        ],
        "rating": null,
        "reviews": null,
        "short": "Марий Чодра ('Rừng Mari') là vườn quốc gia rộng lớn ở đông nam Mari El, nổi tiếng với những hồ karst nước trong, rừng thông - sồi và suối khoáng. Đây là thiên đường cắm trại, chèo thuyền và đi bộ đường dài của cả vùng Volga.",
        "yandex": "https://yandex.com/maps/?pt=48.366667,56.15&z=17&l=map",
        "google": "https://www.google.com/maps/search/?api=1&query=56.15,48.366667",
        "photo": "https://commons.wikimedia.org/wiki/Special:FilePath/%D0%9E%D0%B7%D0%B5%D1%80%D0%BE_%D0%AF%D0%BB%D1%8C%D1%87%D0%B8%D0%BA.JPG",
        "status": "enriched"
      }
    },
    {
      "type": "Feature",
      "geometry": {
        "type": "Point",
        "coordinates": [
          46.57111,
          56.33667
        ]
      },
      "properties": {
        "id": "mari-el-kozmodemyansk",
        "name_vi": "Thị trấn Kozmodemyansk (Kozmodemyansk)",
        "name_ru": "Козьмодемьянск",
        "name_en": "Kozmodemyansk",
        "region": "Cộng hoà Mari El",
        "categories": [
          "other",
          "museum"
        ],
        "rating": null,
        "reviews": null,
        "short": "Kozmodemyansk là thị trấn thương nhân cổ bên hữu ngạn sông Volga, nổi tiếng với phố dốc, nhà gỗ chạm khắc và các bảo tàng đặc sắc. Nơi đây còn được xem là nguyên mẫu của 'thành phố Vasyuki' trong tiểu thuyết trào phúng 'Mười hai chiếc ghế'.",
        "yandex": "https://yandex.com/maps/?pt=46.57111,56.33667&z=17&l=map",
        "google": "https://www.google.com/maps/search/?api=1&query=56.33667,46.57111",
        "photo": "https://commons.wikimedia.org/wiki/Special:FilePath/Chasovnya_Kozmodemjansk.jpg",
        "status": "enriched"
      }
    },
    {
      "type": "Feature",
      "geometry": {
        "type": "Point",
        "coordinates": [
          48.2,
          56.6
        ]
      },
      "properties": {
        "id": "mari-el-mari-sacred-groves",
        "name_vi": "Những khu rừng thiêng của người Mari (Kӱsoto)",
        "name_ru": "Марийские священные рощи",
        "name_en": "Mari Sacred Groves",
        "region": "Cộng hoà Mari El",
        "categories": [
          "other",
          "park_garden"
        ],
        "rating": null,
        "reviews": null,
        "short": "Người Mari là một trong số ít dân tộc châu Âu còn giữ tín ngưỡng đa thần bản địa, và trung tâm của tín ngưỡng ấy là các 'kюсото' — những khu rừng thiêng. Tại đây, thầy tế (kart) chủ trì các buổi cầu nguyện tập thể với lễ vật, dưới những tán cây không bao giờ bị chặt.",
        "yandex": "https://yandex.com/maps/?pt=48.2,56.6&z=17&l=map",
        "google": "https://www.google.com/maps/search/?api=1&query=56.6,48.2",
        "photo": "https://commons.wikimedia.org/wiki/Special:FilePath/A_sacred_tree_a_community.jpg",
        "status": "enriched"
      }
    },
    {
      "type": "Feature",
      "geometry": {
        "type": "Point",
        "coordinates": [
          47.8905,
          56.6386
        ]
      },
      "properties": {
        "id": "mari-el-national-museum-mari",
        "name_vi": "Bảo tàng Quốc gia Cộng hòa Mari El mang tên T. Evseev",
        "name_ru": "Национальный музей Республики Марий Эл им. Т. Евсеева",
        "name_en": "T. Evseev National Museum of the Mari El Republic",
        "region": "Cộng hoà Mari El",
        "categories": [
          "museum"
        ],
        "rating": null,
        "reviews": null,
        "short": "Đây là bảo tàng lâu đời và lớn nhất Cộng hòa Mari El, ra đời năm 1920 và mang tên nhà dân tộc học Timofey Evseev. Bộ sưu tập trải rộng từ thiên nhiên, khảo cổ đến trang phục, tín ngưỡng và đời sống của người Mari.",
        "yandex": "https://yandex.com/maps/?pt=47.8905,56.6386&z=17&l=map",
        "google": "https://www.google.com/maps/search/?api=1&query=56.6386,47.8905",
        "photo": null,
        "status": "enriched"
      }
    },
    {
      "type": "Feature",
      "geometry": {
        "type": "Point",
        "coordinates": [
          45.181667,
          54.181389
        ]
      },
      "properties": {
        "id": "mordovia-saransk-ushakov-cathedral",
        "name_vi": "Nhà thờ Chính tòa Thánh Fyodor Ushakov (Sobor Feodora Ushakova)",
        "name_ru": "Кафедральный собор святого праведного воина Феодора Ушакова",
        "name_en": "Cathedral of St. Theodore (Feodor) Ushakov",
        "region": "Cộng hoà Mordovia",
        "categories": [
          "church"
        ],
        "rating": 4.8,
        "reviews": 189,
        "short": "Sừng sững giữa Quảng trường Sobornaya, Nhà thờ Chính tòa Thánh Fyodor Ushakov là biểu tượng hiện đại của Saransk. Thánh hiến năm 2006 và mang tên vị đô đốc hải quân được phong thánh, đây là một trong những thánh đường Chính thống lớn nhất vùng Volga.",
        "yandex": "https://yandex.com/maps/?pt=45.181667,54.181389&z=17&l=map",
        "google": "https://www.google.com/maps/search/?api=1&query=54.181389,45.181667",
        "photo": "https://commons.wikimedia.org/wiki/Special:FilePath/Saint%20Fyodor%20Ushakov%20Orthodox%20cathedral%20in%20Saransk%20.jpg",
        "status": "enriched"
      }
    },
    {
      "type": "Feature",
      "geometry": {
        "type": "Point",
        "coordinates": [
          45.1815,
          54.1852
        ]
      },
      "properties": {
        "id": "mordovia-erzia-museum-saransk",
        "name_vi": "Bảo tàng Mỹ thuật Mordovia mang tên S.D. Erzia (Muzey Erzi)",
        "name_ru": "Мордовский республиканский музей изобразительных искусств им. С. Д. Эрьзи",
        "name_en": "Mordovian Republican Museum of Fine Arts named after S.D. Erzia",
        "region": "Cộng hoà Mordovia",
        "categories": [
          "museum"
        ],
        "rating": null,
        "reviews": null,
        "short": "Bảo tàng Mỹ thuật Mordovia lưu giữ bộ sưu tập tượng lớn nhất của Stepan Erzia, nhà điêu khắc gốc Mordvin được ví như 'Rodin của nước Nga'. Đây là điểm đến văn hóa trung tâm của Saransk.",
        "yandex": "https://yandex.com/maps/?pt=45.1815,54.1852&z=17&l=map",
        "google": "https://www.google.com/maps/search/?api=1&query=54.1852,45.1815",
        "photo": "https://commons.wikimedia.org/wiki/Special:FilePath/%D0%9C%D0%BE%D1%80%D0%B4%D0%BE%D0%B2%D1%81%D0%BA%D0%B8%D0%B9%20%D1%80%D0%B5%D1%81%D0%BF%D1%83%D0%B1%D0%BB%D0%B8%D0%BA%D0%B0%D0%BD%D1%81%D0%BA%D0%B8%D0%B9%20%D0%BC%D1%83%D0%B7%D0%B5%D0%B9%20%D0%B8%D0%B7%D0%BE%D0%B1%D1%80%D0%B0%D0%B7%D0%B8%D1%82%D0%B5%D0%BB%D1%8C%D0%BD%D1%8B%D1%85%20%D0%B8%D1%81%D0%BA%D1%83%D1%81%D1%81%D1%82%D0%B2%20%D0%B8%D0%BC.%20%D0%A1.%D0%94.%20%D0%AD%D1%80%D1%8C%D0%B7%D0%B8.JPG",
        "status": "enriched"
      }
    },
    {
      "type": "Feature",
      "geometry": {
        "type": "Point",
        "coordinates": [
          43.16556,
          54.65306
        ]
      },
      "properties": {
        "id": "mordovia-sanaksar-monastery",
        "name_vi": "Tu viện Sanaksar (Sanaksarsky monastyr) — nơi an nghỉ của đô đốc Ushakov",
        "name_ru": "Рождество-Богородичный Санаксарский мужской монастырь",
        "name_en": "Sanaksar Monastery (Nativity of the Theotokos)",
        "region": "Cộng hoà Mordovia",
        "categories": [
          "church",
          "monument"
        ],
        "rating": null,
        "reviews": null,
        "short": "Tu viện Sanaksar thế kỷ 17 là một trong những trung tâm hành hương Chính thống quan trọng nhất vùng Volga, nổi tiếng là nơi lưu giữ thánh tích của đô đốc bất bại Fyodor Ushakov.",
        "yandex": "https://yandex.com/maps/?pt=43.16556,54.65306&z=17&l=map",
        "google": "https://www.google.com/maps/search/?api=1&query=54.65306,43.16556",
        "photo": "https://commons.wikimedia.org/wiki/Special:FilePath/Sanaksar%20monastery.JPG",
        "status": "enriched"
      }
    },
    {
      "type": "Feature",
      "geometry": {
        "type": "Point",
        "coordinates": [
          45.25528,
          54.15833
        ]
      },
      "properties": {
        "id": "mordovia-makarovsky-pogost",
        "name_vi": "Quần thể Makarovsky (Makarovsky pogost) — Tu viện Thánh Gioan Thần học",
        "name_ru": "Иоанно-Богословский Макаровский мужской монастырь (Макаровский погост)",
        "name_en": "Makarovsky Pogost / Monastery of St. John the Evangelist in Makarovka",
        "region": "Cộng hoà Mordovia",
        "categories": [
          "church"
        ],
        "rating": null,
        "reviews": null,
        "short": "Quần thể 'pogost' Makarovsky là một trong những di sản kiến trúc thế kỷ 18 hiếm hoi còn nguyên vẹn ở Mordovia, khởi đầu với Nhà thờ Thánh Gioan Thần học xây năm 1704. Nay là tu viện hoạt động ngay sát Saransk.",
        "yandex": "https://yandex.com/maps/?pt=45.25528,54.15833&z=17&l=map",
        "google": "https://www.google.com/maps/search/?api=1&query=54.15833,45.25528",
        "photo": "https://commons.wikimedia.org/wiki/Special:FilePath/Makarovsky%20monastery1.jpg",
        "status": "enriched"
      }
    },
    {
      "type": "Feature",
      "geometry": {
        "type": "Point",
        "coordinates": [
          43.34056,
          54.82083
        ]
      },
      "properties": {
        "id": "mordovia-mordovsky-nature-reserve",
        "name_vi": "Khu bảo tồn thiên nhiên Mordovia mang tên P.G. Smidovich (Mordovsky zapovednik)",
        "name_ru": "Мордовский государственный природный заповедник имени П. Г. Смидовича",
        "name_en": "Mordovia State Nature Reserve named after P.G. Smidovich",
        "region": "Cộng hoà Mordovia",
        "categories": [
          "park_garden"
        ],
        "rating": null,
        "reviews": null,
        "short": "Khu bảo tồn thiên nhiên Mordovia rộng hơn 32.000 ha bên hữu ngạn sông Moksha là mái nhà của gấu nâu, nai sừng tấm và hơn 200 loài chim. Nơi đây phục vụ du lịch sinh thái có hướng dẫn.",
        "yandex": "https://yandex.com/maps/?pt=43.34056,54.82083&z=17&l=map",
        "google": "https://www.google.com/maps/search/?api=1&query=54.82083,43.34056",
        "photo": "https://commons.wikimedia.org/wiki/Special:FilePath/Lake_in_Mordovsky_Zapovednik.png",
        "status": "enriched"
      }
    },
    {
      "type": "Feature",
      "geometry": {
        "type": "Point",
        "coordinates": [
          43.2333,
          54.6333
        ]
      },
      "properties": {
        "id": "mordovia-temnikov-historic",
        "name_vi": "Thị trấn cổ Temnikov",
        "name_ru": "Темников",
        "name_en": "Temnikov",
        "region": "Cộng hoà Mordovia",
        "categories": [
          "other"
        ],
        "rating": null,
        "reviews": null,
        "short": "Temnikov là thị trấn lâu đời nhất Cộng hòa Mordovia, được nhắc đến lần đầu năm 1536. Đô thị nhỏ bên sông Moksha này là cửa ngõ đến Tu viện Sanaksar và Khu bảo tồn thiên nhiên Mordovia.",
        "yandex": "https://yandex.com/maps/?pt=43.2333,54.6333&z=17&l=map",
        "google": "https://www.google.com/maps/search/?api=1&query=54.6333,43.2333",
        "photo": "https://commons.wikimedia.org/wiki/Special:FilePath/%D0%A2%D0%B5%D0%BC%D0%BD%D0%B8%D0%BA%D0%BE%D0%B2%D1%81%D0%BA%D0%B8%D0%B9_%D0%BA%D1%80%D0%B0%D0%B5%D0%B2%D0%B5%D0%B4%D1%87%D0%B5%D1%81%D0%BA%D0%B8%D0%B9_%D0%BC%D1%83%D0%B7%D0%B5%D0%B9.jpg",
        "status": "enriched"
      }
    },
    {
      "type": "Feature",
      "geometry": {
        "type": "Point",
        "coordinates": [
          45.18,
          54.1845
        ]
      },
      "properties": {
        "id": "mordovia-pushkin-square-saransk",
        "name_vi": "Công viên Văn hóa và Nghỉ dưỡng mang tên A.S. Pushkin (Park Pushkina)",
        "name_ru": "Парк культуры и отдыха имени А. С. Пушкина",
        "name_en": "A.S. Pushkin Park of Culture and Leisure",
        "region": "Cộng hoà Mordovia",
        "categories": [
          "park_garden"
        ],
        "rating": null,
        "reviews": null,
        "short": "Công viên Pushkin là lá phổi xanh trung tâm của Saransk, được lập năm 1864 ngay trên nền pháo đài đầu tiên khai sinh thành phố. Rộng 40 ha, nơi đây có vòng đu quay, khu trò chơi và những lối dạo bên sông Saranka.",
        "yandex": "https://yandex.com/maps/?pt=45.18,54.1845&z=17&l=map",
        "google": "https://www.google.com/maps/search/?api=1&query=54.1845,45.18",
        "photo": "https://commons.wikimedia.org/wiki/Special:FilePath/Pushkin%20Park%20%28Saransk%29.JPG",
        "status": "enriched"
      }
    },
    {
      "type": "Feature",
      "geometry": {
        "type": "Point",
        "coordinates": [
          38.1312,
          56.31035
        ]
      },
      "properties": {
        "id": "moscow-oblast-trinity-lavra-sergiev-posad",
        "name_vi": "Tu viện Trinity Lavra của Thánh Sergius (Troitse-Sergieva Lavra)",
        "name_ru": "Троице-Сергиева лавра",
        "name_en": "Trinity Lavra of St. Sergius",
        "region": "Tỉnh Moskva",
        "categories": [
          "church",
          "fortress",
          "museum"
        ],
        "rating": 4.25,
        "reviews": null,
        "short": "Được Thánh Sergius thành Radonezh lập nên từ năm 1337, Trinity Lavra là tu viện quan trọng nhất của Chính Thống giáo Nga và là Di sản Thế giới UNESCO. Quần thể tường thành trắng bao bọc hàng chục nhà thờ, tháp chuông và học viện thần học vẫn hoạt động đến ngày nay.",
        "yandex": "https://yandex.com/maps/?pt=38.1312,56.31035&z=17&l=map",
        "google": "https://www.google.com/maps/search/?api=1&query=56.31035,38.1312",
        "photo": "https://commons.wikimedia.org/wiki/Special:FilePath/Dormition_Cathedral_in_Trinity_Lavra_of_St._Sergius.JPG",
        "status": "enriched"
      }
    },
    {
      "type": "Feature",
      "geometry": {
        "type": "Point",
        "coordinates": [
          36.8459,
          55.9216
        ]
      },
      "properties": {
        "id": "moscow-oblast-new-jerusalem-monastery-istra",
        "name_vi": "Tu viện Tân Jerusalem (Novoierusalimsky monastyr)",
        "name_ru": "Воскресенский Ново-Иерусалимский монастырь",
        "name_en": "New Jerusalem Monastery",
        "region": "Tỉnh Moskva",
        "categories": [
          "church",
          "museum"
        ],
        "rating": 4.73,
        "reviews": 45,
        "short": "Do Thượng phụ Nikon lập năm 1656, Tân Jerusalem là bản sao đầy tham vọng của các thánh địa Jerusalem đặt trên đất Nga, với dòng sông Istra đóng vai trò sông Jordan. Trung tâm quần thể là Nhà thờ Phục Sinh mô phỏng Nhà thờ Mộ Thánh ở Jerusalem.",
        "yandex": "https://yandex.com/maps/?pt=36.8459,55.9216&z=17&l=map",
        "google": "https://www.google.com/maps/search/?api=1&query=55.9216,36.8459",
        "photo": "https://commons.wikimedia.org/wiki/Special:FilePath/Gate_and_cathedral_of_the_New_Jerusalem_monastery.JPG",
        "status": "enriched"
      }
    },
    {
      "type": "Feature",
      "geometry": {
        "type": "Point",
        "coordinates": [
          38.7544,
          55.1039
        ]
      },
      "properties": {
        "id": "moscow-oblast-kolomna-kremlin",
        "name_vi": "Thành Kolomna Kremlin (Kolomensky kreml)",
        "name_ru": "Коломенский кремль",
        "name_en": "Kolomna Kremlin",
        "region": "Tỉnh Moskva",
        "categories": [
          "fortress",
          "church",
          "museum"
        ],
        "rating": 4.75,
        "reviews": null,
        "short": "Xây dựng năm 1525-1531 dưới thời Vasily III, Kolomna Kremlin là một trong những pháo đài gạch lớn nhất và đẹp nhất nước Nga. Bên trong bức tường thành cổ vẫn là một khu phố sống động với nhà thờ, tu viện và bảo tàng.",
        "yandex": "https://yandex.com/maps/?pt=38.7544,55.1039&z=17&l=map",
        "google": "https://www.google.com/maps/search/?api=1&query=55.1039,38.7544",
        "photo": "https://commons.wikimedia.org/wiki/Special:FilePath/Marinkina_Tower_of_Kolomna_Kremlin01.jpg",
        "status": "enriched"
      }
    },
    {
      "type": "Feature",
      "geometry": {
        "type": "Point",
        "coordinates": [
          37.2842,
          55.7853
        ]
      },
      "properties": {
        "id": "moscow-oblast-arkhangelskoye-estate",
        "name_vi": "Điền trang Arkhangelskoye (Usadba Arkhangelskoye)",
        "name_ru": "Усадьба Архангельское",
        "name_en": "Arkhangelskoye Estate",
        "region": "Tỉnh Moskva",
        "categories": [
          "palace",
          "park_garden",
          "museum"
        ],
        "rating": 4.76,
        "reviews": 17,
        "short": "Arkhangelskoye là điền trang tân cổ điển lộng lẫy từng thuộc các dòng họ quý tộc Golitsyn và Yusupov, nổi tiếng với cung điện, khu vườn kiểu Pháp và bộ sưu tập nghệ thuật quý giá. Người ta thường gọi đây là 'Versailles gần Moscow'.",
        "yandex": "https://yandex.com/maps/?pt=37.2842,55.7853&z=17&l=map",
        "google": "https://www.google.com/maps/search/?api=1&query=55.7853,37.2842",
        "photo": "https://commons.wikimedia.org/wiki/Special:FilePath/Arkhangelskoye_estate_IMG_9768_2175.jpg",
        "status": "enriched"
      }
    },
    {
      "type": "Feature",
      "geometry": {
        "type": "Point",
        "coordinates": [
          37.967778,
          56.234444
        ]
      },
      "properties": {
        "id": "moscow-oblast-abramtsevo-estate-museum",
        "name_vi": "Bảo tàng - Điền trang Abramtsevo (Muzey-zapovednik Abramtsevo)",
        "name_ru": "Музей-заповедник «Абрамцево»",
        "name_en": "Abramtsevo Estate-Museum",
        "region": "Tỉnh Moskva",
        "categories": [
          "museum",
          "park_garden",
          "church"
        ],
        "rating": null,
        "reviews": null,
        "short": "Abramtsevo là điền trang từng là salon văn chương thời Aksakov rồi trở thành khu tụ hội nghệ sĩ dưới thời nhà bảo trợ Savva Mamontov. Nơi đây được xem là chiếc nôi của phong trào phục hưng nghệ thuật Nga cuối thế kỷ 19.",
        "yandex": "https://yandex.com/maps/?pt=37.967778,56.234444&z=17&l=map",
        "google": "https://www.google.com/maps/search/?api=1&query=56.234444,37.967778",
        "photo": "https://commons.wikimedia.org/wiki/Special:FilePath/Entrace%20to%20Chicken%20Hut.JPG",
        "status": "enriched"
      }
    },
    {
      "type": "Feature",
      "geometry": {
        "type": "Point",
        "coordinates": [
          36.816,
          55.728
        ]
      },
      "properties": {
        "id": "moscow-oblast-savvino-storozhevsky-monastery",
        "name_vi": "Tu viện Savvino-Storozhevsky (Savvino-Storozhevsky monastyr)",
        "name_ru": "Саввино-Сторожевский монастырь",
        "name_en": "Savvino-Storozhevsky Monastery",
        "region": "Tỉnh Moskva",
        "categories": [
          "church",
          "fortress",
          "museum"
        ],
        "rating": 4.25,
        "reviews": null,
        "short": "Được Thánh Savva, môn đệ của Thánh Sergius, lập năm 1398 theo lời mời của công tước Yuri xứ Zvenigorod, tu viện từng là nơi hành hương yêu thích của các Sa hoàng. Quần thể tường thành trắng tọa lạc trên ngọn đồi nhìn ra sông Moskva.",
        "yandex": "https://yandex.com/maps/?pt=36.816,55.728&z=17&l=map",
        "google": "https://www.google.com/maps/search/?api=1&query=55.728,36.816",
        "photo": "https://commons.wikimedia.org/wiki/Special:FilePath/Church_of_Venerable_Savva_2.JPG",
        "status": "enriched"
      }
    },
    {
      "type": "Feature",
      "geometry": {
        "type": "Point",
        "coordinates": [
          37.65,
          55.117
        ]
      },
      "properties": {
        "id": "moscow-oblast-melikhovo-chekhov-estate",
        "name_vi": "Điền trang - Bảo tàng Chekhov Melikhovo (Melikhovo)",
        "name_ru": "Музей-заповедник А. П. Чехова «Мелихово»",
        "name_en": "Melikhovo (Chekhov Estate-Museum)",
        "region": "Tỉnh Moskva",
        "categories": [
          "museum",
          "park_garden"
        ],
        "rating": null,
        "reviews": null,
        "short": "Melikhovo là điền trang nơi văn hào Anton Chekhov sống và sáng tác từ 1892 đến 1899, cho ra đời 'Chim hải âu' và 'Cậu Vanya'. Bảo tàng tái hiện chân thực đời sống và không gian sáng tạo của ông.",
        "yandex": "https://yandex.com/maps/?pt=37.65,55.117&z=17&l=map",
        "google": "https://www.google.com/maps/search/?api=1&query=55.117,37.65",
        "photo": "https://commons.wikimedia.org/wiki/Special:FilePath/Melihovo.jpg",
        "status": "enriched"
      }
    },
    {
      "type": "Feature",
      "geometry": {
        "type": "Point",
        "coordinates": [
          35.817,
          55.533
        ]
      },
      "properties": {
        "id": "moscow-oblast-borodino-field",
        "name_vi": "Chiến địa Borodino (Borodinskoye pole)",
        "name_ru": "Бородинское поле",
        "name_en": "Borodino Field",
        "region": "Tỉnh Moskva",
        "categories": [
          "monument",
          "museum",
          "park_garden"
        ],
        "rating": null,
        "reviews": null,
        "short": "Borodino là nơi diễn ra trận đánh đẫm máu nhất Chiến tranh Napoleon ngày 7 tháng 9 năm 1812, giữa quân Nga của Kutuzov và đại quân Pháp của Napoleon. Ngày nay chiến địa là khu bảo tàng - di tích lịch sử quân sự với hàng trăm đài tưởng niệm.",
        "yandex": "https://yandex.com/maps/?pt=35.817,55.533&z=17&l=map",
        "google": "https://www.google.com/maps/search/?api=1&query=55.533,35.817",
        "photo": "https://commons.wikimedia.org/wiki/Special:FilePath/Borodino_principal_monument.jpg",
        "status": "enriched"
      }
    },
    {
      "type": "Feature",
      "geometry": {
        "type": "Point",
        "coordinates": [
          37.494408,
          55.441297
        ]
      },
      "properties": {
        "id": "moscow-oblast-church-of-the-sign-dubrovitsy",
        "name_vi": "Nhà thờ Dấu Chỉ ở Dubrovitsy (Znamenskaya tserkov)",
        "name_ru": "Знаменская церковь (Дубровицы)",
        "name_en": "Church of the Sign at Dubrovitsy",
        "region": "Tỉnh Moskva",
        "categories": [
          "church",
          "monument"
        ],
        "rating": 5.0,
        "reviews": 4,
        "short": "Nhà thờ Dấu Chỉ ở Dubrovitsy là công trình baroque độc nhất vô nhị của nước Nga, xây năm 1690-1704 dưới sự bảo trợ của công tước Boris Golitsyn. Thay cho mái vòm hành thông thường, đỉnh nhà thờ là một chiếc vương miện vàng bằng kim loại chạm rỗng.",
        "yandex": "https://yandex.com/maps/?pt=37.494408,55.441297&z=17&l=map",
        "google": "https://www.google.com/maps/search/?api=1&query=55.441297,37.494408",
        "photo": "https://commons.wikimedia.org/wiki/Special:FilePath/Church_of_the_Theotokos_of_the_Sign_%28Dubrovitsy%29_1062.JPG",
        "status": "enriched"
      }
    },
    {
      "type": "Feature",
      "geometry": {
        "type": "Point",
        "coordinates": [
          37.4975,
          55.498056
        ]
      },
      "properties": {
        "id": "moscow-oblast-ostafyevo-estate",
        "name_vi": "Điền trang Ostafyevo - 'Parnassus Nga' (Ostafyevo)",
        "name_ru": "Музей-усадьба «Остафьево» — «Русский Парнас»",
        "name_en": "Ostafyevo Estate (Russian Parnassus)",
        "region": "Tỉnh Moskva",
        "categories": [
          "museum",
          "palace",
          "park_garden"
        ],
        "rating": 4.0,
        "reviews": null,
        "short": "Ostafyevo được mệnh danh là 'Parnassus Nga' vì gắn với các tên tuổi lớn của văn học Nga: chính tại đây Karamzin đã viết 'Lịch sử Nhà nước Nga', còn Pushkin, Zhukovsky và Gogol từng là khách. Điền trang tân cổ điển có cung điện với hàng cột và công viên bên hồ.",
        "yandex": "https://yandex.com/maps/?pt=37.4975,55.498056&z=17&l=map",
        "google": "https://www.google.com/maps/search/?api=1&query=55.498056,37.4975",
        "photo": "https://commons.wikimedia.org/wiki/Special:FilePath/%D0%9C%D1%83%D0%B7%D0%B5%D0%B9-%D1%83%D1%81%D0%B0%D0%B4%D1%8C%D0%B1%D0%B0%20%C2%AB%D0%9E%D1%81%D1%82%D0%B0%D1%84%D1%8C%D0%B5%D0%B2%D0%BE%C2%BB.%20%D0%93%D0%BB%D0%B0%D0%B2%D0%BD%D1%8B%D0%B9%20%D0%B4%D0%BE%D0%BC..JPG",
        "status": "enriched"
      }
    },
    {
      "type": "Feature",
      "geometry": {
        "type": "Point",
        "coordinates": [
          37.62,
          55.75417
        ]
      },
      "properties": {
        "id": "moscow-red-square",
        "name_vi": "Quảng trường Đỏ (Krasnaya Ploshchad)",
        "name_ru": "Красная площадь",
        "name_en": "Red Square",
        "region": "Moskva",
        "categories": [
          "square_street",
          "monument"
        ],
        "rating": 4.7,
        "reviews": 20619,
        "short": "Trái tim biểu tượng của Moskva và cả nước Nga — quần thể choáng ngợp gồm Nhà thờ Thánh Basil, tường thành Kremlin, cửa hàng GUM và Lăng Lenin, đặc biệt huyền ảo khi lên đèn.",
        "yandex": "https://yandex.com/maps/?pt=37.62,55.75417&z=17&l=map",
        "google": "https://www.google.com/maps/search/?api=1&query=55.75417,37.62",
        "photo": "https://commons.wikimedia.org/wiki/Special:FilePath/Red%20Square%2C%20winter%2C%20Moscow%2C%20Russia.jpg",
        "status": "enriched"
      }
    },
    {
      "type": "Feature",
      "geometry": {
        "type": "Point",
        "coordinates": [
          37.617664,
          55.752121
        ]
      },
      "properties": {
        "id": "moscow-kremlin",
        "name_vi": "Điện Kremlin Moskva",
        "name_ru": "Московский Кремль",
        "name_en": "Moscow Kremlin",
        "region": "Moskva",
        "categories": [
          "fortress",
          "museum"
        ],
        "rating": 4.6,
        "reviews": 7934,
        "short": "Thành luỹ quyền lực suốt hơn 500 năm của nước Nga — nơi ở của Tổng thống, với Quảng trường Nhà thờ, kho báu Armoury, Chuông Sa hoàng và Đại bác Sa hoàng khổng lồ.",
        "yandex": "https://yandex.com/maps/?pt=37.617664,55.752121&z=17&l=map",
        "google": "https://www.google.com/maps/search/?api=1&query=55.752121,37.617664",
        "photo": "https://commons.wikimedia.org/wiki/Special:FilePath/Kremlin%20y%20r%C3%ADo%20Moscova%2C%20Mosc%C3%BA%2C%20Rusia%2C%202016-10-03%2C%20DD%2020-21%20HDR.jpg",
        "status": "enriched"
      }
    },
    {
      "type": "Feature",
      "geometry": {
        "type": "Point",
        "coordinates": [
          37.62306,
          55.7525
        ]
      },
      "properties": {
        "id": "moscow-st-basils",
        "name_vi": "Nhà thờ Thánh Basil (Sobor Vasiliya Blazhennogo)",
        "name_ru": "Собор Василия Блаженного",
        "name_en": "Saint Basil's Cathedral",
        "region": "Moskva",
        "categories": [
          "church"
        ],
        "rating": 4.7,
        "reviews": 12444,
        "short": "Biểu tượng cổ tích của nước Nga với những mái vòm củ hành nhiều màu xoáy tròn — do Sa hoàng Ivan Bạo chúa cho xây, nay là Di sản Thế giới UNESCO.",
        "yandex": "https://yandex.com/maps/?pt=37.62306,55.7525&z=17&l=map",
        "google": "https://www.google.com/maps/search/?api=1&query=55.7525,37.62306",
        "photo": "https://commons.wikimedia.org/wiki/Special:FilePath/Saint%20Basil%27s%20Cathedral%20in%20Moscow.jpg",
        "status": "enriched"
      }
    },
    {
      "type": "Feature",
      "geometry": {
        "type": "Point",
        "coordinates": [
          37.61972,
          55.75361
        ]
      },
      "properties": {
        "id": "moscow-lenin-mausoleum",
        "name_vi": "Lăng Lenin (Mavzoley Lenina)",
        "name_ru": "Мавзолей Ленина",
        "name_en": "Lenin's Mausoleum",
        "region": "Moskva",
        "categories": [
          "monument"
        ],
        "rating": 4.0,
        "reviews": 1371,
        "short": "Nơi lưu giữ thi hài ướp của Vladimir Lenin từ năm 1924, ngay trên Quảng trường Đỏ — một trải nghiệm lịch sử kỳ lạ, vào cửa miễn phí.",
        "yandex": "https://yandex.com/maps/?pt=37.61972,55.75361&z=17&l=map",
        "google": "https://www.google.com/maps/search/?api=1&query=55.75361,37.61972",
        "photo": "https://commons.wikimedia.org/wiki/Special:FilePath/Moscow%20LeninMausoleum%201547.JPG",
        "status": "enriched"
      }
    },
    {
      "type": "Feature",
      "geometry": {
        "type": "Point",
        "coordinates": [
          37.621389,
          55.754722
        ]
      },
      "properties": {
        "id": "moscow-gum",
        "name_vi": "Cửa hàng bách hoá GUM",
        "name_ru": "ГУМ",
        "name_en": "GUM Department Store",
        "region": "Moskva",
        "categories": [
          "square_street"
        ],
        "rating": 4.4,
        "reviews": 6011,
        "short": "Thương xá lịch sử tráng lệ bên Quảng trường Đỏ, mở từ 1893, với mái vòm kính, dãy hành lang cổ và trang trí lễ hội rực rỡ — nổi tiếng với kem GUM huyền thoại.",
        "yandex": "https://yandex.com/maps/?pt=37.621389,55.754722&z=17&l=map",
        "google": "https://www.google.com/maps/search/?api=1&query=55.754722,37.621389",
        "photo": "https://commons.wikimedia.org/wiki/Special:FilePath/Gum%20Moscow.JPG",
        "status": "enriched"
      }
    },
    {
      "type": "Feature",
      "geometry": {
        "type": "Point",
        "coordinates": [
          37.618611,
          55.760278
        ]
      },
      "properties": {
        "id": "moscow-bolshoi-theatre",
        "name_vi": "Nhà hát Bolshoi",
        "name_ru": "Большой театр",
        "name_en": "Bolshoi Theatre",
        "region": "Moskva",
        "categories": [
          "theatre"
        ],
        "rating": 4.6,
        "reviews": 3916,
        "short": "Thánh đường ballet và opera của nước Nga, thành lập 1776, với khán phòng tân cổ điển đỏ-vàng lộng lẫy và cỗ xe tứ mã Apollo trên mặt tiền — biểu tượng trên tờ 100 rúp.",
        "yandex": "https://yandex.com/maps/?pt=37.618611,55.760278&z=17&l=map",
        "google": "https://www.google.com/maps/search/?api=1&query=55.760278,37.618611",
        "photo": "https://commons.wikimedia.org/wiki/Special:FilePath/Moscow_Bolshoi_Theatre_2011.JPG",
        "status": "enriched"
      }
    },
    {
      "type": "Feature",
      "geometry": {
        "type": "Point",
        "coordinates": [
          37.620864,
          55.741389
        ]
      },
      "properties": {
        "id": "moscow-tretyakov-gallery",
        "name_vi": "Bảo tàng Tretyakov (Phòng tranh quốc gia)",
        "name_ru": "Третьяковская галерея",
        "name_en": "State Tretyakov Gallery",
        "region": "Moskva",
        "categories": [
          "museum"
        ],
        "rating": 4.7,
        "reviews": 5965,
        "short": "Kho tàng nghệ thuật Nga vĩ đại nhất — từ icon trung cổ tới bậc thầy thế kỷ 19 — trong toà nhà mặt tiền cổ tích của hoạ sĩ Vasnetsov; nơi lưu giữ 'Chúa Ba Ngôi' của Rublev.",
        "yandex": "https://yandex.com/maps/?pt=37.620864,55.741389&z=17&l=map",
        "google": "https://www.google.com/maps/search/?api=1&query=55.741389,37.620864",
        "photo": "https://commons.wikimedia.org/wiki/Special:FilePath/Moscow_05-2012_TretyakovGallery.jpg",
        "status": "enriched"
      }
    },
    {
      "type": "Feature",
      "geometry": {
        "type": "Point",
        "coordinates": [
          37.605556,
          55.744444
        ]
      },
      "properties": {
        "id": "moscow-christ-the-saviour",
        "name_vi": "Nhà thờ Chúa Cứu Thế (Khram Khrista Spasitelya)",
        "name_ru": "Храм Христа Спасителя",
        "name_en": "Cathedral of Christ the Saviour",
        "region": "Moskva",
        "categories": [
          "church"
        ],
        "rating": 4.4,
        "reviews": 2173,
        "short": "Thánh đường Chính thống giáo cao nhất thế giới (~103 m), mái vòm vàng bên sông Moskva — bản phục dựng của nhà thờ bị Stalin cho nổ tung năm 1931.",
        "yandex": "https://yandex.com/maps/?pt=37.605556,55.744444&z=17&l=map",
        "google": "https://www.google.com/maps/search/?api=1&query=55.744444,37.605556",
        "photo": "https://commons.wikimedia.org/wiki/Special:FilePath/Moscow_-_Cathedral_of_Christ_the_Saviour.jpg",
        "status": "enriched"
      }
    },
    {
      "type": "Feature",
      "geometry": {
        "type": "Point",
        "coordinates": [
          37.556111,
          55.726111
        ]
      },
      "properties": {
        "id": "moscow-novodevichy",
        "name_vi": "Tu viện Novodevichy",
        "name_ru": "Новодевичий монастырь",
        "name_en": "Novodevichy Convent",
        "region": "Moskva",
        "categories": [
          "church"
        ],
        "rating": 4.4,
        "reviews": 1794,
        "short": "Tu viện tường trắng tháp đỏ theo phong cách Baroque Moskva (xây từ 1524), Di sản Thế giới UNESCO, cạnh nghĩa trang nơi Chekhov, Gogol, Shostakovich an nghỉ.",
        "yandex": "https://yandex.com/maps/?pt=37.556111,55.726111&z=17&l=map",
        "google": "https://www.google.com/maps/search/?api=1&query=55.726111,37.556111",
        "photo": "https://commons.wikimedia.org/wiki/Special:FilePath/Novodevichy_Convent_3.jpg",
        "status": "enriched"
      }
    },
    {
      "type": "Feature",
      "geometry": {
        "type": "Point",
        "coordinates": [
          37.63032,
          55.834024
        ]
      },
      "properties": {
        "id": "moscow-vdnkh",
        "name_vi": "Công viên triển lãm VDNKh",
        "name_ru": "ВДНХ",
        "name_en": "VDNKh",
        "region": "Moskva",
        "categories": [
          "park_garden",
          "monument"
        ],
        "rating": 4.4,
        "reviews": 1883,
        "short": "Quần thể triển lãm kiểu Xô Viết hoành tráng (mở 1939) với những gian trưng bày nguy nga và đài phun nước mạ vàng 'Tình hữu nghị các dân tộc' — rộng hơn cả Monaco.",
        "yandex": "https://yandex.com/maps/?pt=37.63032,55.834024&z=17&l=map",
        "google": "https://www.google.com/maps/search/?api=1&query=55.834024,37.63032",
        "photo": "https://commons.wikimedia.org/wiki/Special:FilePath/Moscow%2C%20VDNKh%2C%20Friendship%20of%20Nations%20fountain%20%2810656732243%29.jpg",
        "status": "enriched"
      }
    },
    {
      "type": "Feature",
      "geometry": {
        "type": "Point",
        "coordinates": [
          37.6,
          55.728333
        ]
      },
      "properties": {
        "id": "moscow-gorky-park",
        "name_vi": "Công viên Gorky",
        "name_ru": "Парк Горького",
        "name_en": "Gorky Park",
        "region": "Moskva",
        "categories": [
          "park_garden"
        ],
        "rating": 4.5,
        "reviews": 2803,
        "short": "Công viên ven sông đầu tiên kiểu 'văn hoá và nghỉ ngơi' của Liên Xô (1928), nay hiện đại và miễn phí — đạp xe, trượt băng, bảo tàng, rạp chiếu ngoài trời.",
        "yandex": "https://yandex.com/maps/?pt=37.6,55.728333&z=17&l=map",
        "google": "https://www.google.com/maps/search/?api=1&query=55.728333,37.6",
        "photo": "https://commons.wikimedia.org/wiki/Special:FilePath/Moscow_Gorky_Park_main_portal_08-2016_img1.jpg",
        "status": "enriched"
      }
    },
    {
      "type": "Feature",
      "geometry": {
        "type": "Point",
        "coordinates": [
          37.655,
          55.774722
        ]
      },
      "properties": {
        "id": "moscow-moscow-metro",
        "name_vi": "Tàu điện ngầm Moskva (ga Komsomolskaya & các ga nghệ thuật)",
        "name_ru": "Московский метрополитен",
        "name_en": "Moscow Metro",
        "region": "Moskva",
        "categories": [
          "monument"
        ],
        "rating": 4.6,
        "reviews": 17077,
        "short": "Hệ thống metro như 'cung điện dưới lòng đất' — đèn chùm, tranh khảm, cột cẩm thạch; ga Komsomolskaya, Ploshchad Revolyutsii và Mayakovskaya là những điểm phải xem, vé chưa tới 1 euro.",
        "yandex": "https://yandex.com/maps/?pt=37.655,55.774722&z=17&l=map",
        "google": "https://www.google.com/maps/search/?api=1&query=55.774722,37.655",
        "photo": "https://commons.wikimedia.org/wiki/Special:FilePath/Komsomolskaya%20%28Koltsevaya%20Line%29%20%2819343583583%29.jpg",
        "status": "enriched"
      }
    },
    {
      "type": "Feature",
      "geometry": {
        "type": "Point",
        "coordinates": [
          37.628889,
          55.751111
        ]
      },
      "properties": {
        "id": "moscow-zaryadye-park",
        "name_vi": "Công viên Zaryadye",
        "name_ru": "Парк Зарядье",
        "name_en": "Zaryadye Park",
        "region": "Moskva",
        "categories": [
          "park_garden",
          "bridge"
        ],
        "rating": 3.9,
        "reviews": 946,
        "short": "Công viên hiện đại cạnh Quảng trường Đỏ (mở 2017) với 'cầu bay' hình chữ V vươn ra sông Moskva — tái hiện bốn vùng khí hậu của nước Nga.",
        "yandex": "https://yandex.com/maps/?pt=37.628889,55.751111&z=17&l=map",
        "google": "https://www.google.com/maps/search/?api=1&query=55.751111,37.628889",
        "photo": "https://commons.wikimedia.org/wiki/Special:FilePath/Hovering%20Bridge%2C%20Zaryadye%20Park%20%2837237251426%29.jpg",
        "status": "enriched"
      }
    },
    {
      "type": "Feature",
      "geometry": {
        "type": "Point",
        "coordinates": [
          37.606029,
          55.747029
        ]
      },
      "properties": {
        "id": "moscow-pushkin-museum",
        "name_vi": "Bảo tàng Mỹ thuật Pushkin (Pu-skin)",
        "name_ru": "Государственный музей изобразительных искусств имени А. С. Пушкина",
        "name_en": "Pushkin State Museum of Fine Arts",
        "region": "Moskva",
        "categories": [
          "museum"
        ],
        "rating": 4.5,
        "reviews": 1854,
        "short": "Kho tàng nghệ thuật nước ngoài lớn bậc nhất Moscow, mang tên thi hào Pushkin như một biểu tượng văn hóa chứ không trưng bày về ông. Nơi đây quy tụ cổ vật Ai Cập, điêu khắc Hy Lạp - La Mã và một bộ sưu tập tranh Ấn tượng, Hậu Ấn tượng lộng lẫy.",
        "yandex": "https://yandex.com/maps/?pt=37.606029,55.747029&z=17&l=map",
        "google": "https://www.google.com/maps/search/?api=1&query=55.747029,37.606029",
        "photo": "https://commons.wikimedia.org/wiki/Special:FilePath/Pushkin%20Museum.JPG",
        "status": "enriched"
      }
    },
    {
      "type": "Feature",
      "geometry": {
        "type": "Point",
        "coordinates": [
          37.617778,
          55.755278
        ]
      },
      "properties": {
        "id": "moscow-state-historical-museum",
        "name_vi": "Bảo tàng Lịch sử Quốc gia Nga trên Quảng trường Đỏ",
        "name_ru": "Государственный исторический музей",
        "name_en": "State Historical Museum",
        "region": "Moskva",
        "categories": [
          "museum"
        ],
        "rating": 4.3,
        "reviews": 724,
        "short": "Tòa nhà gạch đỏ với những chóp nhọn kiểu Nga cổ đứng sừng sững ở đầu bắc Quảng trường Đỏ chính là Bảo tàng Lịch sử Quốc gia. Bên trong là bộ sưu tập đồ sộ kể trọn câu chuyện nước Nga, từ thời tiền sử và các bộ tộc Slav cho đến triều đại Romanov.",
        "yandex": "https://yandex.com/maps/?pt=37.617778,55.755278&z=17&l=map",
        "google": "https://www.google.com/maps/search/?api=1&query=55.755278,37.617778",
        "photo": "https://commons.wikimedia.org/wiki/Special:FilePath/State%20Historical%20Museum%2C%20Moscow.jpg",
        "status": "enriched"
      }
    },
    {
      "type": "Feature",
      "geometry": {
        "type": "Point",
        "coordinates": [
          37.604864,
          55.734525
        ]
      },
      "properties": {
        "id": "moscow-new-tretyakov-gallery",
        "name_vi": "Phòng trưng bày Tretyakov Mới (Tre-chi-a-cốp) trên phố Krymsky Val",
        "name_ru": "Новая Третьяковка (Третьяковская галерея на Крымском Валу)",
        "name_en": "New Tretyakov Gallery",
        "region": "Moskva",
        "categories": [
          "museum"
        ],
        "rating": 4.5,
        "reviews": 1147,
        "short": "Nằm trong tòa nhà hiện đại thời Xô Viết bên công viên điêu khắc Muzeon, đây là nơi trưng bày nghệ thuật Nga thế kỷ 20 và 21. Từ tranh tiên phong avant-garde của Malevich, Kandinsky, Chagall đến hội họa hiện thực xã hội chủ nghĩa, bộ sưu tập kể lại một thế kỷ đầy biến động của nghệ thuật Nga.",
        "yandex": "https://yandex.com/maps/?pt=37.604864,55.734525&z=17&l=map",
        "google": "https://www.google.com/maps/search/?api=1&query=55.734525,37.604864",
        "photo": "https://commons.wikimedia.org/wiki/Special:FilePath/%D0%9D%D0%BE%D0%B2%D0%B0%D1%8F%20%D0%A2%D1%80%D0%B5%D1%82%D1%8C%D1%8F%D0%BA%D0%BE%D0%B2%D0%BA%D0%B0.jpg",
        "status": "enriched"
      }
    },
    {
      "type": "Feature",
      "geometry": {
        "type": "Point",
        "coordinates": [
          37.63971,
          55.822733
        ]
      },
      "properties": {
        "id": "moscow-cosmonautics-museum",
        "name_vi": "Bảo tàng Du hành Vũ trụ Moscow (cùng Đài tưởng niệm Những người chinh phục Không gian)",
        "name_ru": "Мемориальный музей космонавтики",
        "name_en": "Memorial Museum of Cosmonautics",
        "region": "Moskva",
        "categories": [
          "museum",
          "monument"
        ],
        "rating": 4.5,
        "reviews": 2165,
        "short": "Dưới chân đài tưởng niệm bằng titan cao 107 mét hình tên lửa lao vút lên trời, bảo tàng này tôn vinh kỷ nguyên chinh phục vũ trụ của Liên Xô. Bên trong là khoang tàu của Gagarin, xe tự hành Mặt Trăng Lunokhod, bộ đồ phi hành gia và cả hai chú chó vũ trụ Belka và Strelka.",
        "yandex": "https://yandex.com/maps/?pt=37.63971,55.822733&z=17&l=map",
        "google": "https://www.google.com/maps/search/?api=1&query=55.822733,37.63971",
        "photo": "https://commons.wikimedia.org/wiki/Special:FilePath/7359.%20Moscow.%20Memorial%20Museum%20of%20Cosmonautics.jpg",
        "status": "enriched"
      }
    },
    {
      "type": "Feature",
      "geometry": {
        "type": "Point",
        "coordinates": [
          37.649277,
          55.741735
        ]
      },
      "properties": {
        "id": "moscow-bunker-42",
        "name_vi": "Bảo tàng Chiến tranh Lạnh Bunker-42 (Bun-ke) ở Taganka (Ta-gan-ka)",
        "name_ru": "Бункер-42 на Таганке (Музей холодной войны)",
        "name_en": "Bunker-42 Cold War Museum at Taganka",
        "region": "Moskva",
        "categories": [
          "museum"
        ],
        "rating": 4.1,
        "reviews": 832,
        "short": "Ẩn sâu 65 mét dưới lòng đất Moscow là một hầm chỉ huy hạt nhân tuyệt mật thời Chiến tranh Lạnh, nay thành bảo tàng độc đáo. Từng là sở chỉ huy dự phòng của không quân chiến lược Liên Xô, nơi đây đưa bạn trở về những năm tháng căng thẳng bên bờ vực chiến tranh nguyên tử.",
        "yandex": "https://yandex.com/maps/?pt=37.649277,55.741735&z=17&l=map",
        "google": "https://www.google.com/maps/search/?api=1&query=55.741735,37.649277",
        "photo": "https://commons.wikimedia.org/wiki/Special:FilePath/Cold%20War%20Museum%20BUNKER%2042.jpg",
        "status": "enriched"
      }
    },
    {
      "type": "Feature",
      "geometry": {
        "type": "Point",
        "coordinates": [
          37.593056,
          55.766944
        ]
      },
      "properties": {
        "id": "moscow-bulgakov-museum",
        "name_vi": "Bảo tàng Bulgakov (Bun-ga-cốp) - 'Căn hộ Quỷ ám' số 50",
        "name_ru": "Музей М. А. Булгакова («Нехорошая квартира»)",
        "name_en": "M.A. Bulgakov Museum (The Bad Apartment No. 50)",
        "region": "Moskva",
        "categories": [
          "museum"
        ],
        "rating": 4.6,
        "reviews": 317,
        "short": "Trên tầng 4 của một chung cư cổ gần Hồ Tổ Phụ là căn hộ số 50, nơi văn hào Mikhail Bulgakov từng sống và cũng là nguyên mẫu của 'căn hộ quỷ ám' trong kiệt tác 'Nghệ nhân và Margarita'. Bảo tàng nhà nước này tái hiện không gian sống của nhà văn cùng thế giới ma mị trong tiểu thuyết của ông.",
        "yandex": "https://yandex.com/maps/?pt=37.593056,55.766944&z=17&l=map",
        "google": "https://www.google.com/maps/search/?api=1&query=55.766944,37.593056",
        "photo": "https://commons.wikimedia.org/wiki/Special:FilePath/Bulgakov%20Museum%2011.JPG",
        "status": "enriched"
      }
    },
    {
      "type": "Feature",
      "geometry": {
        "type": "Point",
        "coordinates": [
          37.601597,
          55.727864
        ]
      },
      "properties": {
        "id": "moscow-garage-museum",
        "name_vi": "Bảo tàng Nghệ thuật Đương đại Garage (Ga-ra-giơ) ở Công viên Gorky (Goóc-ki)",
        "name_ru": "Музей современного искусства «Гараж»",
        "name_en": "Garage Museum of Contemporary Art",
        "region": "Moskva",
        "categories": [
          "museum"
        ],
        "rating": 4.0,
        "reviews": 295,
        "short": "Trong Công viên Gorky, một nhà hàng Xô Viết bị bỏ hoang đã được kiến trúc sư lừng danh Rem Koolhaas biến thành bảo tàng nghệ thuật đương đại hàng đầu nước Nga. Garage nổi tiếng với các triển lãm táo bạo, kiến trúc độc đáo cùng thư viện và hiệu sách nghệ thuật hấp dẫn.",
        "yandex": "https://yandex.com/maps/?pt=37.601597,55.727864&z=17&l=map",
        "google": "https://www.google.com/maps/search/?api=1&query=55.727864,37.601597",
        "photo": "https://commons.wikimedia.org/wiki/Special:FilePath/Moscow%2C%20Garage%20Museum%20building%20in%20Gorky%20Park%20%2819535807311%29.jpg",
        "status": "enriched"
      }
    },
    {
      "type": "Feature",
      "geometry": {
        "type": "Point",
        "coordinates": [
          37.6703,
          55.6675
        ]
      },
      "properties": {
        "id": "moscow-kolomenskoye",
        "name_vi": "Bảo tàng - Công viên Kolomenskoye (Cô-lô-men-xcô-ie)",
        "name_ru": "Музей-заповедник «Коломенское»",
        "name_en": "Kolomenskoye Museum-Reserve",
        "region": "Moskva",
        "categories": [
          "park_garden",
          "church"
        ],
        "rating": 4.0,
        "reviews": 2636,
        "short": "Khu bảo tàng - công viên ngoài trời rộng lớn nằm trên triền dốc cao bên sông Moskva, từng là điền trang mùa hè yêu thích của các Sa hoàng Nga. Điểm nhấn là Nhà thờ Thăng Thiên dựng năm 1532, kiệt tác đầu tiên của lối kiến trúc 'mái lều' bằng đá và là Di sản Thế giới UNESCO.",
        "yandex": "https://yandex.com/maps/?pt=37.6703,55.6675&z=17&l=map",
        "google": "https://www.google.com/maps/search/?api=1&query=55.6675,37.6703",
        "photo": "https://commons.wikimedia.org/wiki/Special:FilePath/The%20Church%20of%20the%20Ascension%202%2C%20Kolomenskoye%2C%20Moscow%2C%20Russia.jpg",
        "status": "enriched"
      }
    },
    {
      "type": "Feature",
      "geometry": {
        "type": "Point",
        "coordinates": [
          37.6858,
          55.6156
        ]
      },
      "properties": {
        "id": "moscow-tsaritsyno",
        "name_vi": "Bảo tàng - Điền trang Tsaritsyno (Xa-rít-xư-nô)",
        "name_ru": "Музей-заповедник «Царицыно»",
        "name_en": "Tsaritsyno Museum-Reserve",
        "region": "Moskva",
        "categories": [
          "palace",
          "park_garden"
        ],
        "rating": 4.7,
        "reviews": 4005,
        "short": "Quần thể cung điện và công viên cảnh quan tráng lệ ở nam Moscow, do Nữ hoàng Ekaterina Đại đế khởi công theo phong cách 'Gothic Nga' gạch đỏ viền trắng. Bị bỏ hoang suốt hơn 200 năm, cung điện chỉ được phục dựng và mở cửa hoàn chỉnh năm 2007, nay là một trong những điểm dạo chơi được yêu thích nhất thành phố.",
        "yandex": "https://yandex.com/maps/?pt=37.6858,55.6156&z=17&l=map",
        "google": "https://www.google.com/maps/search/?api=1&query=55.6156,37.6858",
        "photo": "https://commons.wikimedia.org/wiki/Special:FilePath/Tsaritsyno%20Palace%20-%20Moscow%2C%20Russia%20-%20panoramio%20%281%29.jpg",
        "status": "enriched"
      }
    },
    {
      "type": "Feature",
      "geometry": {
        "type": "Point",
        "coordinates": [
          37.8061,
          55.7358
        ]
      },
      "properties": {
        "id": "moscow-kuskovo",
        "name_vi": "Điền trang Kuskovo (Cút-xkô-vô)",
        "name_ru": "Усадьба Кусково",
        "name_en": "Kuskovo Estate",
        "region": "Moskva",
        "categories": [
          "palace",
          "park_garden"
        ],
        "rating": 4.6,
        "reviews": 943,
        "short": "Điền trang mùa hè thế kỷ 18 của dòng họ bá tước Sheremetev giàu có, được ví như 'Versailles của Moscow'. Nổi bật với cung điện gỗ màu hồng phấn, khu vườn kiểu Pháp đối xứng và loạt gian đình độc đáo như Grotto, Nhà Hà Lan và nhà kính cổ.",
        "yandex": "https://yandex.com/maps/?pt=37.8061,55.7358&z=17&l=map",
        "google": "https://www.google.com/maps/search/?api=1&query=55.7358,37.8061",
        "photo": "https://commons.wikimedia.org/wiki/Special:FilePath/Moscow%2C%20winter%20view%20of%20the%20Kuskovo%20Palace.jpg",
        "status": "enriched"
      }
    },
    {
      "type": "Feature",
      "geometry": {
        "type": "Point",
        "coordinates": [
          37.7486,
          55.7906
        ]
      },
      "properties": {
        "id": "moscow-izmailovo-kremlin",
        "name_vi": "Điện Kremlin Izmailovo (Ít-mai-lô-vô) và chợ Vernisazh",
        "name_ru": "Измайловский кремль",
        "name_en": "Izmailovo Kremlin and Market",
        "region": "Moskva",
        "categories": [
          "other",
          "museum"
        ],
        "rating": 4.0,
        "reviews": 536,
        "short": "Một 'điện Kremlin' bằng gỗ đầy màu sắc mới xây theo phong cách cổ tích Nga, bao quanh khu chợ đồ lưu niệm và đồ cổ Vernisazh nổi tiếng nhất Moscow. Đây là nơi lý tưởng để mua búp bê Matryoshka, đồ thủ công, ghé các bảo tàng nhỏ vui nhộn và chụp những bức ảnh rực rỡ.",
        "yandex": "https://yandex.com/maps/?pt=37.7486,55.7906&z=17&l=map",
        "google": "https://www.google.com/maps/search/?api=1&query=55.7906,37.7486",
        "photo": "https://commons.wikimedia.org/wiki/Special:FilePath/Kremlin%20in%20Izmaylovo.JPG",
        "status": "enriched"
      }
    },
    {
      "type": "Feature",
      "geometry": {
        "type": "Point",
        "coordinates": [
          37.5058,
          55.7314
        ]
      },
      "properties": {
        "id": "moscow-victory-park-poklonnaya-hill",
        "name_vi": "Công viên Chiến thắng trên đồi Poklonnaya (Pô-klôn-na-ia)",
        "name_ru": "Парк Победы на Поклонной горе",
        "name_en": "Victory Park on Poklonnaya Hill",
        "region": "Moskva",
        "categories": [
          "park_garden",
          "monument"
        ],
        "rating": 4.6,
        "reviews": 1091,
        "short": "Quần thể công viên - đài tưởng niệm rộng lớn dành cho Chiến thắng trong Chiến tranh Vệ quốc Vĩ đại (Thế chiến II), khánh thành năm 1995. Trung tâm là cột đài chiến thắng cao 141,8 mét, Bảo tàng Chiến thắng và những đài phun nước đỏ tượng trưng cho máu đã đổ.",
        "yandex": "https://yandex.com/maps/?pt=37.5058,55.7314&z=17&l=map",
        "google": "https://www.google.com/maps/search/?api=1&query=55.7314,37.5058",
        "photo": "https://commons.wikimedia.org/wiki/Special:FilePath/Museum%20to%20the%20Russian%20Victory%20in%20Great%20Patriotic%20War%2C%20Poklonnaya%20Hill%20in%20Moscow%2C%20Victory%20Park%2C%20Moscow%2C%20Russia.jpg",
        "status": "enriched"
      }
    },
    {
      "type": "Feature",
      "geometry": {
        "type": "Point",
        "coordinates": [
          37.5426,
          55.7103
        ]
      },
      "properties": {
        "id": "moscow-sparrow-hills",
        "name_vi": "Đồi Chim Sẻ - Vorobyovy Gory (Vô-rô-bi-ố-vư Gô-rư)",
        "name_ru": "Воробьёвы горы",
        "name_en": "Sparrow Hills (Vorobyovy Gory)",
        "region": "Moskva",
        "categories": [
          "park_garden",
          "other"
        ],
        "rating": 4.5,
        "reviews": 2197,
        "short": "Triền đồi cao phủ rừng bên bờ sông Moskva, nơi có đài quan sát nổi tiếng ngắm toàn cảnh thủ đô. Phía sau là tòa nhà chính đồ sộ của Đại học Tổng hợp Moscow, một trong 'Bảy chị em' cao tầng theo phong cách đế chế Stalin.",
        "yandex": "https://yandex.com/maps/?pt=37.5426,55.7103&z=17&l=map",
        "google": "https://www.google.com/maps/search/?api=1&query=55.7103,37.5426",
        "photo": "https://commons.wikimedia.org/wiki/Special:FilePath/View%20of%20Moscow%20from%20Sparrow%20Hills%20%2831439902676%29.jpg",
        "status": "enriched"
      }
    },
    {
      "type": "Feature",
      "geometry": {
        "type": "Point",
        "coordinates": [
          37.57722,
          55.76194
        ]
      },
      "properties": {
        "id": "moscow-moscow-zoo",
        "name_vi": "Vườn thú Moscow (Sở thú Mát-xcơ-va)",
        "name_ru": "Московский зоопарк",
        "name_en": "Moscow Zoo",
        "region": "Moskva",
        "categories": [
          "park_garden",
          "other"
        ],
        "rating": 3.5,
        "reviews": 1566,
        "short": "Một trong những vườn thú lâu đời nhất châu Âu, thành lập năm 1864, nằm ngay trung tâm Moscow. Rộng khoảng 21,5 ha với hơn một nghìn loài, nổi tiếng với cặp gấu trúc lớn và cây cầu đi bộ trên cao nối hai khu vực cũ - mới.",
        "yandex": "https://yandex.com/maps/?pt=37.57722,55.76194&z=17&l=map",
        "google": "https://www.google.com/maps/search/?api=1&query=55.76194,37.57722",
        "photo": "https://commons.wikimedia.org/wiki/Special:FilePath/Moscow%20Zoo.JPG",
        "status": "enriched"
      }
    },
    {
      "type": "Feature",
      "geometry": {
        "type": "Point",
        "coordinates": [
          37.59611,
          55.75111
        ]
      },
      "properties": {
        "id": "moscow-old-arbat",
        "name_vi": "Phố Arbat Cổ (Xta-rưi Ác-bát)",
        "name_ru": "Старый Арбат",
        "name_en": "Old Arbat Street (Stary Arbat)",
        "region": "Moskva",
        "categories": [
          "square_street"
        ],
        "rating": 4.0,
        "reviews": 1560,
        "short": "Phố Arbat Cổ (đọc là 'Xta-rưi Ác-bát') là con phố đi bộ nổi tiếng nhất Moskva, dài khoảng một cây số giữa lòng thành phố. Đây là một trong những con phố cổ nhất còn lại của thủ đô nước Nga, nay rực rỡ với nghệ sĩ đường phố, quán cà phê và cửa hàng lưu niệm.",
        "yandex": "https://yandex.com/maps/?pt=37.59611,55.75111&z=17&l=map",
        "google": "https://www.google.com/maps/search/?api=1&query=55.75111,37.59611",
        "photo": "https://commons.wikimedia.org/wiki/Special:FilePath/Old%20Arbat%20Street%2C%20Moscow.JPG",
        "status": "enriched"
      }
    },
    {
      "type": "Feature",
      "geometry": {
        "type": "Point",
        "coordinates": [
          37.53028,
          55.70306
        ]
      },
      "properties": {
        "id": "moscow-msu-main-building",
        "name_vi": "Tòa nhà chính Đại học Tổng hợp Quốc gia Moskva (MGU) trên Đồi Chim Sẻ",
        "name_ru": "Главное здание МГУ",
        "name_en": "Main Building of Moscow State University (Sparrow Hills)",
        "region": "Moskva",
        "categories": [
          "monument",
          "other"
        ],
        "rating": 4.6,
        "reviews": 1480,
        "short": "Tòa nhà chính của Đại học Tổng hợp Quốc gia Moskva (MGU) là công trình chọc trời cao 240 m theo phong cách Stalin, một trong 'Bảy chị em' của thủ đô. Sừng sững trên Đồi Chim Sẻ, đây từng là tòa nhà cao nhất châu Âu cho tới năm 1990.",
        "yandex": "https://yandex.com/maps/?pt=37.53028,55.70306&z=17&l=map",
        "google": "https://www.google.com/maps/search/?api=1&query=55.70306,37.53028",
        "photo": "https://commons.wikimedia.org/wiki/Special:FilePath/Main%20Building%20of%20Moscow%20State%20University.jpg",
        "status": "enriched"
      }
    },
    {
      "type": "Feature",
      "geometry": {
        "type": "Point",
        "coordinates": [
          37.61167,
          55.81972
        ]
      },
      "properties": {
        "id": "moscow-ostankino-tower",
        "name_vi": "Tháp truyền hình Ostankino – đài quan sát",
        "name_ru": "Останкинская телебашня",
        "name_en": "Ostankino Tower (observation deck)",
        "region": "Moskva",
        "categories": [
          "monument",
          "other"
        ],
        "rating": 4.3,
        "reviews": 967,
        "short": "Tháp truyền hình Ostankino (đọc là 'Ô-xtan-ki-nô') cao 540 m là công trình cao nhất châu Âu và từng là công trình đứng tự do cao nhất thế giới. Đài quan sát nằm ở độ cao 337 m, có cả sàn kính trong suốt, mang đến tầm nhìn ngoạn mục xuống toàn Moskva.",
        "yandex": "https://yandex.com/maps/?pt=37.61167,55.81972&z=17&l=map",
        "google": "https://www.google.com/maps/search/?api=1&query=55.81972,37.61167",
        "photo": "https://commons.wikimedia.org/wiki/Special:FilePath/Ostankino%20Tower.jpg",
        "status": "enriched"
      }
    },
    {
      "type": "Feature",
      "geometry": {
        "type": "Point",
        "coordinates": [
          37.537139,
          55.749769
        ]
      },
      "properties": {
        "id": "moscow-moscow-city-panorama360",
        "name_vi": "Khu thương mại Moskva-City & đài quan sát Panorama 360 (tháp Federatsiya)",
        "name_ru": "Москва-Сити (PANORAMA360, башня «Федерация»)",
        "name_en": "Moscow City & Panorama 360 observation deck (Federation Tower)",
        "region": "Moskva",
        "categories": [
          "monument",
          "other"
        ],
        "rating": 4.3,
        "reviews": 2297,
        "short": "Moskva-City (Москва-Сити) là khu thương mại hiện đại với rừng nhà chọc trời bằng kính bên bờ sông Moskva. Trên tầng 89 của tháp Federatsiya, đài quan sát Panorama 360 ở độ cao 327 m được xem là đài ngắm cảnh cao nhất châu Âu.",
        "yandex": "https://yandex.com/maps/?pt=37.537139,55.749769&z=17&l=map",
        "google": "https://www.google.com/maps/search/?api=1&query=55.749769,37.537139",
        "photo": "https://commons.wikimedia.org/wiki/Special:FilePath/Moscow-City%20skyline.jpg",
        "status": "enriched"
      }
    },
    {
      "type": "Feature",
      "geometry": {
        "type": "Point",
        "coordinates": [
          37.61389,
          55.7525
        ]
      },
      "properties": {
        "id": "moscow-alexander-garden",
        "name_vi": "Vườn Alexander & Mộ Chiến sĩ Vô danh (A-lếch-xan-đrốp-xki Sát)",
        "name_ru": "Александровский сад",
        "name_en": "Alexander Garden (with the Tomb of the Unknown Soldier)",
        "region": "Moskva",
        "categories": [
          "park_garden",
          "monument"
        ],
        "rating": 4.4,
        "reviews": 637,
        "short": "Vườn Alexander (Aleksandrovsky Sad) là công viên thanh bình trải dọc bức tường phía tây điện Kremlin. Nơi đây có Mộ Chiến sĩ Vô danh với ngọn lửa vĩnh cửu và nghi thức đổi gác trang nghiêm diễn ra mỗi giờ.",
        "yandex": "https://yandex.com/maps/?pt=37.61389,55.7525&z=17&l=map",
        "google": "https://www.google.com/maps/search/?api=1&query=55.7525,37.61389",
        "photo": "https://commons.wikimedia.org/wiki/Special:FilePath/Alexander%20Garden%2C%20Moscow.jpg",
        "status": "enriched"
      }
    },
    {
      "type": "Feature",
      "geometry": {
        "type": "Point",
        "coordinates": [
          37.59212,
          55.763883
        ]
      },
      "properties": {
        "id": "moscow-patriarchs-ponds",
        "name_vi": "Ao Thượng Phụ (Pa-tri-ác-si-e Pru-đư)",
        "name_ru": "Патриаршие пруды",
        "name_en": "Patriarch's Ponds (Patriarshiye Prudy)",
        "region": "Moskva",
        "categories": [
          "park_garden",
          "other"
        ],
        "rating": 4.5,
        "reviews": 780,
        "short": "Ao Thượng Phụ (đọc là 'Pa-tri-ác-si-e Pru-đư') là hồ nước thanh bình giữa khu phố quý phái Presnensky. Nơi đây nổi tiếng là bối cảnh mở đầu tiểu thuyết 'Nghệ nhân và Margarita' của Mikhail Bulgakov.",
        "yandex": "https://yandex.com/maps/?pt=37.59212,55.763883&z=17&l=map",
        "google": "https://www.google.com/maps/search/?api=1&query=55.763883,37.59212",
        "photo": "https://commons.wikimedia.org/wiki/Special:FilePath/Patriarshii-prudy2012.JPG",
        "status": "enriched"
      }
    },
    {
      "type": "Feature",
      "geometry": {
        "type": "Point",
        "coordinates": [
          37.61472,
          55.75583
        ]
      },
      "properties": {
        "id": "moscow-manezhnaya-square",
        "name_vi": "Quảng trường Manezhnaya (Ma-nhe-giơ-na-ia)",
        "name_ru": "Манежная площадь",
        "name_en": "Manezhnaya Square (Manege Square)",
        "region": "Moskva",
        "categories": [
          "square_street",
          "other"
        ],
        "rating": 4.3,
        "reviews": 275,
        "short": "Quảng trường Manezhnaya (đọc là 'Ma-nhe-giơ-na-ia') là quảng trường rộng lớn ngay sát Quảng trường Đỏ và Vườn Alexander. Nơi đây nổi bật với đài phun nước, tượng nhân vật cổ tích và mái vòm kính của trung tâm mua sắm ngầm Okhotny Ryad.",
        "yandex": "https://yandex.com/maps/?pt=37.61472,55.75583&z=17&l=map",
        "google": "https://www.google.com/maps/search/?api=1&query=55.75583,37.61472",
        "photo": "https://commons.wikimedia.org/wiki/Special:FilePath/Manege%20square.jpg",
        "status": "enriched"
      }
    },
    {
      "type": "Feature",
      "geometry": {
        "type": "Point",
        "coordinates": [
          37.62917,
          55.71111
        ]
      },
      "properties": {
        "id": "moscow-danilov-monastery",
        "name_vi": "Tu viện Danilov (Đa-ni-lốp)",
        "name_ru": "Свято-Данилов монастырь",
        "name_en": "Danilov Monastery",
        "region": "Moskva",
        "categories": [
          "church"
        ],
        "rating": 4.5,
        "reviews": 74,
        "short": "Tu viện Danilov là tu viện lâu đời nhất Moskva, do hoàng thân Daniil sáng lập vào cuối thế kỷ 13. Ngày nay đây là trung tâm hành chính - tinh thần của Giáo hội Chính thống Nga và là nơi đặt tòa của Đức Thượng phụ cùng Thánh Công đồng.",
        "yandex": "https://yandex.com/maps/?pt=37.62917,55.71111&z=17&l=map",
        "google": "https://www.google.com/maps/search/?api=1&query=55.71111,37.62917",
        "photo": "https://commons.wikimedia.org/wiki/Special:FilePath/Danilov%20Monastery%20Moscow%2005-2017%20img10%20Danilov%20Monastery.jpg",
        "status": "enriched"
      }
    },
    {
      "type": "Feature",
      "geometry": {
        "type": "Point",
        "coordinates": [
          37.60208,
          55.71444
        ]
      },
      "properties": {
        "id": "moscow-donskoy-monastery",
        "name_vi": "Tu viện Donskoy (Đôn-xkôi)",
        "name_ru": "Донской монастырь",
        "name_en": "Donskoy Monastery",
        "region": "Moskva",
        "categories": [
          "church"
        ],
        "rating": 4.8,
        "reviews": 294,
        "short": "Tu viện Donskoy được Sa hoàng Fyodor I lập năm 1591 để tạ ơn thoát khỏi cuộc vây hãm của quân Hãn Krym, mang tên bức linh ảnh Đức Mẹ sông Đông. Đây là một trong những tu viện - pháo đài đẹp và giàu chất thơ bậc nhất Moskva.",
        "yandex": "https://yandex.com/maps/?pt=37.60208,55.71444&z=17&l=map",
        "google": "https://www.google.com/maps/search/?api=1&query=55.71444,37.60208",
        "photo": "https://commons.wikimedia.org/wiki/Special:FilePath/Donskoj%20monastyr.JPG",
        "status": "enriched"
      }
    },
    {
      "type": "Feature",
      "geometry": {
        "type": "Point",
        "coordinates": [
          37.67056,
          55.74889
        ]
      },
      "properties": {
        "id": "moscow-andronikov-monastery",
        "name_vi": "Tu viện Andronikov và Bảo tàng nghệ thuật Nga cổ Andrei Rublev (An-đrô-ni-cốp / An-đrây Ru-bli-ốp)",
        "name_ru": "Спасо-Андроников монастырь",
        "name_en": "Andronikov Monastery (Andrei Rublev Museum of Old Russian Art)",
        "region": "Moskva",
        "categories": [
          "church",
          "museum"
        ],
        "rating": 4.9,
        "reviews": 76,
        "short": "Tu viện Andronikov (thành lập năm 1357) lưu giữ Nhà thờ Chúa Cứu Thế – công trình bằng đá cổ nhất còn lại của Moskva – và gắn liền với danh họa vẽ thánh tượng Andrei Rublev. Trong khuôn viên nay là Bảo tàng Trung ương về Văn hóa và Nghệ thuật Nga cổ mang tên ông.",
        "yandex": "https://yandex.com/maps/?pt=37.67056,55.74889&z=17&l=map",
        "google": "https://www.google.com/maps/search/?api=1&query=55.74889,37.67056",
        "photo": "https://commons.wikimedia.org/wiki/Special:FilePath/Andronikov%20Monastery%20%281%29.jpg",
        "status": "enriched"
      }
    },
    {
      "type": "Feature",
      "geometry": {
        "type": "Point",
        "coordinates": [
          37.67444,
          55.7725
        ]
      },
      "properties": {
        "id": "moscow-yelokhovo-cathedral",
        "name_vi": "Nhà thờ chính tòa Hiển Linh Yelokhovo (Ê-lô-khô-vô)",
        "name_ru": "Богоявленский собор в Елохове",
        "name_en": "Yelokhovo Cathedral (Epiphany Cathedral)",
        "region": "Moskva",
        "categories": [
          "church"
        ],
        "rating": 4.6,
        "reviews": 71,
        "short": "Nhà thờ Hiển Linh ở Yelokhovo là thánh đường tráng lệ theo phong cách Đế chế muộn, hoàn thành năm 1845. Nơi đây từng là nhà thờ chính tòa của các Thượng phụ Moskva suốt thời Xô Viết và là nơi thi hào Pushkin được rửa tội.",
        "yandex": "https://yandex.com/maps/?pt=37.67444,55.7725&z=17&l=map",
        "google": "https://www.google.com/maps/search/?api=1&query=55.7725,37.67444",
        "photo": "https://commons.wikimedia.org/wiki/Special:FilePath/Bogoyavlensky%20%28Epiphany%29%20cathedral%20in%20Yelokhovo%2051.jpg",
        "status": "enriched"
      }
    },
    {
      "type": "Feature",
      "geometry": {
        "type": "Point",
        "coordinates": [
          37.65833,
          55.7275
        ]
      },
      "properties": {
        "id": "moscow-krutitsy-metochion",
        "name_vi": "Khu di tích Krutitsy (Cru-tít-xcôi)",
        "name_ru": "Крутицкое подворье",
        "name_en": "Krutitsy Metochion",
        "region": "Moskva",
        "categories": [
          "church",
          "monument"
        ],
        "rating": 4.7,
        "reviews": 639,
        "short": "Krutitsy là dinh thự cổ của các Giám mục Krutitsy, nổi tiếng với Teremok – cổng tháp phủ gạch men nhiều màu tuyệt đẹp. Đây là một góc Moskva trung cổ hiếm hoi còn sót lại, đẹp như bước ra từ cổ tích.",
        "yandex": "https://yandex.com/maps/?pt=37.65833,55.7275&z=17&l=map",
        "google": "https://www.google.com/maps/search/?api=1&query=55.7275,37.65833",
        "photo": "https://commons.wikimedia.org/wiki/Special:FilePath/Krutitskoe%20podvorie%20by%20shakko%2001.jpg",
        "status": "enriched"
      }
    },
    {
      "type": "Feature",
      "geometry": {
        "type": "Point",
        "coordinates": [
          37.615,
          55.76722
        ]
      },
      "properties": {
        "id": "moscow-vysokopetrovsky-monastery",
        "name_vi": "Tu viện Vysokopetrovsky (Vư-xô-cô-Pê-trốp-xki)",
        "name_ru": "Высоко-Петровский монастырь",
        "name_en": "Vysokopetrovsky Monastery",
        "region": "Moskva",
        "categories": [
          "church"
        ],
        "rating": 4.7,
        "reviews": 106,
        "short": "Tu viện Vysokopetrovsky là một quần thể baroque duyên dáng ngay trung tâm Moskva, khởi lập từ đầu thế kỷ 14 và gắn với tên Thánh Pyotr – vị Giáo trưởng đầu tiên của Moskva. Chính tu viện đã đặt tên cho con phố Petrovka nổi tiếng.",
        "yandex": "https://yandex.com/maps/?pt=37.615,55.76722&z=17&l=map",
        "google": "https://www.google.com/maps/search/?api=1&query=55.76722,37.615",
        "photo": "https://commons.wikimedia.org/wiki/Special:FilePath/Vysokopetrovsky%20Monastery%204.JPG",
        "status": "enriched"
      }
    },
    {
      "type": "Feature",
      "geometry": {
        "type": "Point",
        "coordinates": [
          37.65667,
          55.73194
        ]
      },
      "properties": {
        "id": "moscow-novospassky-monastery",
        "name_vi": "Tu viện Novospassky (Nô-vô-xpa-xki)",
        "name_ru": "Новоспасский монастырь",
        "name_en": "Novospassky Monastery",
        "region": "Moskva",
        "categories": [
          "church"
        ],
        "rating": 4.6,
        "reviews": 237,
        "short": "Tu viện Novospassky ('Tu viện Chúa Cứu Thế Mới') là một pháo đài tâm linh bên sông Moskva, nổi bật với Nhà thờ Chúa Biến Hình năm mái vòm và tháp chuông cao vút. Đây còn là nơi an nghỉ của nhiều tổ tiên dòng họ Romanov.",
        "yandex": "https://yandex.com/maps/?pt=37.65667,55.73194&z=17&l=map",
        "google": "https://www.google.com/maps/search/?api=1&query=55.73194,37.65667",
        "photo": "https://commons.wikimedia.org/wiki/Special:FilePath/Novospassky%20Monastery.jpg",
        "status": "enriched"
      }
    },
    {
      "type": "Feature",
      "geometry": {
        "type": "Point",
        "coordinates": [
          37.664613,
          55.755556
        ]
      },
      "properties": {
        "id": "moscow-winzavod",
        "name_vi": "Trung tâm Nghệ thuật Đương đại Winzavod (Vin-da-vốt)",
        "name_ru": "Центр современного искусства «Винзавод»",
        "name_en": "Winzavod Center for Contemporary Art",
        "region": "Moskva",
        "categories": [
          "museum"
        ],
        "rating": 4.0,
        "reviews": 127,
        "short": "Winzavod là trung tâm nghệ thuật đương đại tư nhân lớn và lâu đời bậc nhất Moscow, cải tạo từ một xưởng bia - rượu vang cuối thế kỷ 19. Quần thể gồm bảy tòa nhà công nghiệp bằng gạch đỏ nay là nơi tập trung các phòng tranh, xưởng sáng tác, quán cà phê và cửa hàng thiết kế.",
        "yandex": "https://yandex.com/maps/?pt=37.664613,55.755556&z=17&l=map",
        "google": "https://www.google.com/maps/search/?api=1&query=55.755556,37.664613",
        "photo": null,
        "status": "enriched"
      }
    },
    {
      "type": "Feature",
      "geometry": {
        "type": "Point",
        "coordinates": [
          37.583611,
          55.761389
        ]
      },
      "properties": {
        "id": "moscow-moscow-planetarium",
        "name_vi": "Cung Thiên văn Moscow (Mát-xcốp-xki Pla-nê-ta-ri)",
        "name_ru": "Московский планетарий",
        "name_en": "Moscow Planetarium",
        "region": "Moskva",
        "categories": [
          "museum"
        ],
        "rating": 4.2,
        "reviews": 970,
        "short": "Cung Thiên văn Moscow là cung thiên văn lâu đời nhất nước Nga, khai trương năm 1929 và hồi sinh ngoạn mục sau đợt đại trùng tu kéo dài đến năm 2011. Mái vòm chiếu sao đường kính 25 m cùng hệ thống bảo tàng tương tác biến nơi đây thành điểm khám phá vũ trụ hấp dẫn cho mọi lứa tuổi.",
        "yandex": "https://yandex.com/maps/?pt=37.583611,55.761389&z=17&l=map",
        "google": "https://www.google.com/maps/search/?api=1&query=55.761389,37.583611",
        "photo": "https://commons.wikimedia.org/wiki/Special:FilePath/Moscow%20Planetarium%201948.jpg",
        "status": "enriched"
      }
    },
    {
      "type": "Feature",
      "geometry": {
        "type": "Point",
        "coordinates": [
          37.596363,
          55.758154
        ]
      },
      "properties": {
        "id": "moscow-ryabushinsky-mansion",
        "name_vi": "Dinh thự Ryabushinsky (Ria-bu-sin-xki) – Nhà-Bảo tàng Gorky",
        "name_ru": "Особняк Рябушинского",
        "name_en": "Ryabushinsky Mansion (Gorky House-Museum)",
        "region": "Moskva",
        "categories": [
          "museum",
          "palace"
        ],
        "rating": 4.5,
        "reviews": 309,
        "short": "Dinh thự Ryabushinsky là một kiệt tác kiến trúc Art Nouveau (Tân nghệ thuật) do Fyodor Shekhtel thiết kế năm 1900–1903 cho nhà tư sản Stepan Ryabushinsky. Từ năm 1931, ngôi nhà trở thành nơi ở của văn hào Maxim Gorky và nay là bảo tàng tưởng niệm ông.",
        "yandex": "https://yandex.com/maps/?pt=37.596363,55.758154&z=17&l=map",
        "google": "https://www.google.com/maps/search/?api=1&query=55.758154,37.596363",
        "photo": "https://commons.wikimedia.org/wiki/Special:FilePath/Moscow.%20Ryabushinsky%20House.%20Interiors.%20Main%20stairs%20-%20002.JPG",
        "status": "enriched"
      }
    },
    {
      "type": "Feature",
      "geometry": {
        "type": "Point",
        "coordinates": [
          37.620016,
          55.770583
        ]
      },
      "properties": {
        "id": "moscow-nikulin-circus",
        "name_vi": "Rạp xiếc Nikulin trên Đại lộ Tsvetnoy (Ni-cu-lin, Đại lộ Xvét-nôi)",
        "name_ru": "Цирк Никулина на Цветном бульваре",
        "name_en": "Nikulin Circus on Tsvetnoy Boulevard",
        "region": "Moskva",
        "categories": [
          "theatre"
        ],
        "rating": 4.4,
        "reviews": 835,
        "short": "Rạp xiếc Nikulin trên Đại lộ Tsvetnoy là rạp xiếc cổ nhất Moscow, ra đời năm 1880. Gắn liền với tên tuổi nghệ sĩ hài huyền thoại Yuri Nikulin, nơi đây vẫn là một trong những sân khấu xiếc danh giá và được yêu thích bậc nhất nước Nga.",
        "yandex": "https://yandex.com/maps/?pt=37.620016,55.770583&z=17&l=map",
        "google": "https://www.google.com/maps/search/?api=1&query=55.770583,37.620016",
        "photo": "https://commons.wikimedia.org/wiki/Special:FilePath/Moscow%20Circus%20on%20Tsvetnoy%20Boulevard%20MIN-P1050191.jpg",
        "status": "enriched"
      }
    },
    {
      "type": "Feature",
      "geometry": {
        "type": "Point",
        "coordinates": [
          37.605278,
          55.732778
        ]
      },
      "properties": {
        "id": "moscow-muzeon",
        "name_vi": "Công viên Nghệ thuật Muzeon (Mu-dê-ôn)",
        "name_ru": "Парк искусств «Музеон»",
        "name_en": "Muzeon Park of Arts",
        "region": "Moskva",
        "categories": [
          "park_garden",
          "monument"
        ],
        "rating": 4.6,
        "reviews": 1035,
        "short": "Công viên Nghệ thuật Muzeon là bảo tàng điêu khắc ngoài trời lớn nhất nước Nga, nằm bên bờ sông Moskva cạnh Phòng trưng bày Tretyakov Mới. Hơn một nghìn tác phẩm, trong đó có nhiều tượng đài thời Xô Viết bị tháo dỡ, tạo nên một 'công viên của lịch sử' độc đáo và miễn phí.",
        "yandex": "https://yandex.com/maps/?pt=37.605278,55.732778&z=17&l=map",
        "google": "https://www.google.com/maps/search/?api=1&query=55.732778,37.605278",
        "photo": "https://commons.wikimedia.org/wiki/Special:FilePath/20190516%20Muzeon%20park%2003.jpg",
        "status": "enriched"
      }
    },
    {
      "type": "Feature",
      "geometry": {
        "type": "Point",
        "coordinates": [
          37.561667,
          55.690556
        ]
      },
      "properties": {
        "id": "moscow-darwin-museum",
        "name_vi": "Bảo tàng Darwin Quốc gia (Đác-uyn)",
        "name_ru": "Государственный Дарвиновский музей",
        "name_en": "State Darwin Museum",
        "region": "Moskva",
        "categories": [
          "museum"
        ],
        "rating": 4.5,
        "reviews": 678,
        "short": "Bảo tàng Darwin Quốc gia là bảo tàng về tiến hóa đầu tiên trên thế giới, thành lập năm 1907. Với các mẫu vật nhồi bông sống động, mô hình khủng long và nhiều khu tương tác, đây là điểm đến khoa học tự nhiên hấp dẫn hàng đầu cho gia đình ở Moscow.",
        "yandex": "https://yandex.com/maps/?pt=37.561667,55.690556&z=17&l=map",
        "google": "https://www.google.com/maps/search/?api=1&query=55.690556,37.561667",
        "photo": "https://commons.wikimedia.org/wiki/Special:FilePath/Darvinovskiy%20museum.jpg",
        "status": "enriched"
      }
    },
    {
      "type": "Feature",
      "geometry": {
        "type": "Point",
        "coordinates": [
          37.61275,
          55.742778
        ]
      },
      "properties": {
        "id": "moscow-ges-2",
        "name_vi": "Nhà Văn hóa GES-2 (Ghê-ét-hai)",
        "name_ru": "Дом культуры «ГЭС-2»",
        "name_en": "GES-2 House of Culture",
        "region": "Moskva",
        "categories": [
          "museum"
        ],
        "rating": 3.1,
        "reviews": 30,
        "short": "GES-2 là nhà văn hóa nghệ thuật đương đại nằm bên bờ kè Bolotnaya, cải tạo từ một nhà máy điện năm 1907 theo thiết kế của kiến trúc sư Renzo Piano. Khánh thành cuối năm 2021, nơi đây quy tụ triển lãm, hòa nhạc, hội thảo và cả một rừng bạch dương trong khuôn viên.",
        "yandex": "https://yandex.com/maps/?pt=37.61275,55.742778&z=17&l=map",
        "google": "https://www.google.com/maps/search/?api=1&query=55.742778,37.61275",
        "photo": "https://commons.wikimedia.org/wiki/Special:FilePath/GES-2%20at%20night%20-%20Moscow.jpg",
        "status": "enriched"
      }
    },
    {
      "type": "Feature",
      "geometry": {
        "type": "Point",
        "coordinates": [
          35.1408,
          69.1656
        ]
      },
      "properties": {
        "id": "murmansk-teriberka",
        "name_vi": "Làng Teriberka bên biển Barents (phiên âm: Tê-ri-be-ca)",
        "name_ru": "Териберка",
        "name_en": "Teriberka",
        "region": "Tỉnh Murmansk",
        "categories": [
          "other",
          "park_garden"
        ],
        "rating": 4.5,
        "reviews": 32,
        "short": "Teriberka là ngôi làng chài nhỏ nằm ở 'tận cùng thế giới' bên bờ biển Barents, nơi đường bộ của nước Nga chạm tới Bắc Băng Dương. Từng chìm vào quên lãng, làng bừng tỉnh sau bộ phim 'Leviathan' (2014) và nay là điểm săn cực quang, ngắm cá voi nổi tiếng của bán đảo Kola.",
        "yandex": "https://yandex.com/maps/?pt=35.1408,69.1656&z=17&l=map",
        "google": "https://www.google.com/maps/search/?api=1&query=69.1656,35.1408",
        "photo": "https://commons.wikimedia.org/wiki/Special:FilePath/Teriberka%2C%20Kola%20Peninsula%2C%20Russia.jpg",
        "status": "enriched"
      }
    },
    {
      "type": "Feature",
      "geometry": {
        "type": "Point",
        "coordinates": [
          33.7267,
          67.735
        ]
      },
      "properties": {
        "id": "murmansk-khibiny-mountains",
        "name_vi": "Dãy núi Khibiny (phiên âm: Khi-bi-nư)",
        "name_ru": "Хибины",
        "name_en": "Khibiny Mountains",
        "region": "Tỉnh Murmansk",
        "categories": [
          "other",
          "park_garden"
        ],
        "rating": null,
        "reviews": null,
        "short": "Khibiny là dãy núi cổ hình bầu dục nằm trọn trên bán đảo Kola, phía trong Vòng Bắc Cực — vương quốc của lãnh nguyên núi cao, hồ băng và khoáng vật quý hiếm. Đây là thiên đường leo núi, trượt tuyết và ngắm cực quang bậc nhất miền Bắc nước Nga.",
        "yandex": "https://yandex.com/maps/?pt=33.7267,67.735&z=17&l=map",
        "google": "https://www.google.com/maps/search/?api=1&query=67.735,33.7267",
        "photo": "https://commons.wikimedia.org/wiki/Special:FilePath/Apatity%20and%20Khibiny%20mountains.JPG",
        "status": "enriched"
      }
    },
    {
      "type": "Feature",
      "geometry": {
        "type": "Point",
        "coordinates": [
          33.6675,
          67.6156
        ]
      },
      "properties": {
        "id": "murmansk-kirovsk-snow-village-botanical-garden",
        "name_vi": "Kirovsk — Làng Tuyết & Vườn Thực vật Cực–Núi cao (phiên âm: Ki-rốp-xcơ)",
        "name_ru": "Кировск — «Снежная деревня» и Полярно-альпийский ботанический сад",
        "name_en": "Kirovsk — Snow Village & Polar-Alpine Botanical Garden",
        "region": "Tỉnh Murmansk",
        "categories": [
          "park_garden",
          "other"
        ],
        "rating": 4.6,
        "reviews": 137,
        "short": "Kirovsk là thị trấn mỏ nép dưới chân dãy Khibiny, nổi tiếng với hai trải nghiệm trái ngược: 'Làng Tuyết' — mê cung sảnh băng điêu khắc dựng mới mỗi mùa đông, và Vườn Thực vật Cực–Núi cao, một trong những vườn thực vật ở cực bắc nhất thế giới. Về đêm mùa đông, cả vùng còn là nơi ngắm cực quang tuyệt đẹp.",
        "yandex": "https://yandex.com/maps/?pt=33.6675,67.6156&z=17&l=map",
        "google": "https://www.google.com/maps/search/?api=1&query=67.6156,33.6675",
        "photo": "https://commons.wikimedia.org/wiki/Special:FilePath/Kirovsk%20in%20Murmansk%20Oblast.jpg",
        "status": "enriched"
      }
    },
    {
      "type": "Feature",
      "geometry": {
        "type": "Point",
        "coordinates": [
          33.07167,
          68.99306
        ]
      },
      "properties": {
        "id": "murmansk-murmansk-alyosha-lenin-icebreaker",
        "name_vi": "Murmansk: Tượng đài 'Alyosha' & Tàu phá băng nguyên tử 'Lenin' (phiên âm: Mua-man / A-li-ô-sa / Lê-nin)",
        "name_ru": "Мурманск: «Алёша» и атомный ледокол «Ленин»",
        "name_en": "Murmansk: Alyosha Monument & nuclear icebreaker Lenin",
        "region": "Tỉnh Murmansk",
        "categories": [
          "monument",
          "museum"
        ],
        "rating": 4.8,
        "reviews": 636,
        "short": "Murmansk — thành phố lớn nhất thế giới nằm sau Vòng Bắc Cực — có hai biểu tượng phải thấy: tượng lính 'Alyosha' cao 42,5 m sừng sững trên đồi tưởng niệm những người bảo vệ Bắc Cực thời Thế chiến II, và 'Lenin', con tàu mặt nước chạy bằng năng lượng nguyên tử đầu tiên trên thế giới, nay là bảo tàng.",
        "yandex": "https://yandex.com/maps/?pt=33.07167,68.99306&z=17&l=map",
        "google": "https://www.google.com/maps/search/?api=1&query=68.99306,33.07167",
        "photo": "https://commons.wikimedia.org/wiki/Special:FilePath/RUS-2016-Murmansk-Icebreaker%20Lenin%2001.jpg",
        "status": "enriched"
      }
    },
    {
      "type": "Feature",
      "geometry": {
        "type": "Point",
        "coordinates": [
          34.85,
          67.817
        ]
      },
      "properties": {
        "id": "murmansk-lovozero-seydozero",
        "name_vi": "Lovozero & Hồ thiêng Seydozero - xứ người Sami (phiên âm: Lô-vô-dê-rô / Xây-đô-dê-rô)",
        "name_ru": "Ловозеро и Сейдозеро",
        "name_en": "Lovozero & Lake Seydozero (Sami land)",
        "region": "Tỉnh Murmansk",
        "categories": [
          "other",
          "park_garden"
        ],
        "rating": null,
        "reviews": null,
        "short": "Lovozero là trái tim của người Sami bản địa trên bán đảo Kola, còn Seydozero là hồ thiêng nằm sâu trong khối núi Lovozero — nơi gắn với truyền thuyết người khổng lồ Kuiva. Vùng đất lãnh nguyên hoang vắng này nổi tiếng về cực quang, tuần lộc và những câu chuyện thần bí.",
        "yandex": "https://yandex.com/maps/?pt=34.85,67.817&z=17&l=map",
        "google": "https://www.google.com/maps/search/?api=1&query=67.817,34.85",
        "photo": "https://commons.wikimedia.org/wiki/Special:FilePath/Lake%20Seydozero%2C%20Sacred%20Sami%20Lake%20in%20Murmansk%20Oblast%2C%20Russia.jpg",
        "status": "enriched"
      }
    },
    {
      "type": "Feature",
      "geometry": {
        "type": "Point",
        "coordinates": [
          30.61,
          69.3965
        ]
      },
      "properties": {
        "id": "murmansk-kola-superdeep-borehole",
        "name_vi": "Giếng khoan siêu sâu Kola (phiên âm: giếng Côn-xcai-a)",
        "name_ru": "Кольская сверхглубокая скважина",
        "name_en": "Kola Superdeep Borehole (SG-3)",
        "region": "Tỉnh Murmansk",
        "categories": [
          "other"
        ],
        "rating": null,
        "reviews": null,
        "short": "Đây là lỗ khoan nhân tạo sâu nhất Trái Đất: 12.262 m, giữ kỷ lục từ năm 1979 và vẫn chưa bị vượt qua. Dự án khoa học Xô-viết đầy tham vọng nay chỉ còn phế tích hoang tàn với một nắp giếng hàn kín, nhưng vẫn khơi gợi trí tò mò của cả thế giới.",
        "yandex": "https://yandex.com/maps/?pt=30.61,69.3965&z=17&l=map",
        "google": "https://www.google.com/maps/search/?api=1&query=69.3965,30.61",
        "photo": "https://commons.wikimedia.org/wiki/Special:FilePath/Kola%20sverhglubokaya%202020.jpg",
        "status": "enriched"
      }
    },
    {
      "type": "Feature",
      "geometry": {
        "type": "Point",
        "coordinates": [
          33.02878,
          68.98125
        ]
      },
      "properties": {
        "id": "murmansk-abram-mys",
        "name_vi": "Đài ngắm cảnh Abram-Mys (phiên âm: A-bram-Mứs)",
        "name_ru": "Смотровая площадка «Абрам-Мыс»",
        "name_en": "Abram-Mys Observation Deck",
        "region": "Tỉnh Murmansk",
        "categories": [
          "other",
          "monument"
        ],
        "rating": null,
        "reviews": null,
        "short": "Nằm bên bờ tây vịnh Kola, đối diện thành phố, Abram-Mys là đài ngắm cảnh cho tầm nhìn trọn vẹn về Murmansk, cảng biển và cả tượng đài 'Alyosha' phía xa. Nơi đây cũng là khu tưởng niệm các xạ thủ phòng không đã bảo vệ bầu trời Murmansk trong chiến tranh.",
        "yandex": "https://yandex.com/maps/?pt=33.02878,68.98125&z=17&l=map",
        "google": "https://www.google.com/maps/search/?api=1&query=68.98125,33.02878",
        "photo": null,
        "status": "enriched"
      }
    },
    {
      "type": "Feature",
      "geometry": {
        "type": "Point",
        "coordinates": [
          53.00371,
          67.63869
        ]
      },
      "properties": {
        "id": "nenets-naryan-mar",
        "name_vi": "Thành phố Naryan-Mar (Na-ri-an Ma)",
        "name_ru": "Нарьян-Мар",
        "name_en": "Naryan-Mar",
        "region": "Khu tự trị Nenets",
        "categories": [
          "square_street"
        ],
        "rating": null,
        "reviews": null,
        "short": "Naryan-Mar là thủ phủ của Khu tự trị Nenets, thành phố cực bắc nằm bên bờ sông Pechora, cách vòng Bắc Cực không xa. Tên thành phố trong tiếng Nenets nghĩa là 'Thành phố Đỏ', nổi bật với những dãy nhà gỗ sơn màu rực rỡ giữa vùng lãnh nguyên trắng xóa. Đây là cửa ngõ để khám phá văn hóa dân tộc Nenets và thiên nhiên Bắc Cực nước Nga.",
        "yandex": "https://yandex.com/maps/?pt=53.00371,67.63869&z=17&l=map",
        "google": "https://www.google.com/maps/search/?api=1&query=67.63869,53.00371",
        "photo": "https://commons.wikimedia.org/wiki/Special:FilePath/000%20Narjan-mar.jpg",
        "status": "enriched"
      }
    },
    {
      "type": "Feature",
      "geometry": {
        "type": "Point",
        "coordinates": [
          52.58639,
          67.53639
        ]
      },
      "properties": {
        "id": "nenets-pustozersk",
        "name_vi": "Di chỉ lịch sử Pustozersk (Pu-xtô-de-rơxk)",
        "name_ru": "Пустозерск",
        "name_en": "Pustozersk",
        "region": "Khu tự trị Nenets",
        "categories": [
          "monument"
        ],
        "rating": null,
        "reviews": null,
        "short": "Pustozersk là thị trấn Nga đầu tiên được xây dựng ở vùng Bắc Cực, thành lập năm 1499 bên hồ Gorodetskoye. Ngày nay nơi đây chỉ còn là một di chỉ hoang vắng với những cây thánh giá gỗ tưởng niệm, trong đó có nơi tổng tư tế Avvakum bị thiêu sống năm 1682. Pustozersk được ví như 'thành phố đã mất' - Atlantis của phương Bắc nước Nga.",
        "yandex": "https://yandex.com/maps/?pt=52.58639,67.53639&z=17&l=map",
        "google": "https://www.google.com/maps/search/?api=1&query=67.53639,52.58639",
        "photo": "https://commons.wikimedia.org/wiki/Special:FilePath/Pustozersk-1908-11.jpg",
        "status": "enriched"
      }
    },
    {
      "type": "Feature",
      "geometry": {
        "type": "Point",
        "coordinates": [
          53.0049,
          67.6381
        ]
      },
      "properties": {
        "id": "nenets-nenets-local-lore-museum",
        "name_vi": "Bảo tàng Địa phương học Nenets (Ne-nhét-xki krai-vê-đét-xki mu-dây)",
        "name_ru": "Ненецкий краеведческий музей",
        "name_en": "Nenets Local Lore Museum",
        "region": "Khu tự trị Nenets",
        "categories": [
          "museum"
        ],
        "rating": null,
        "reviews": null,
        "short": "Bảo tàng Địa phương học Nenets ở Naryan-Mar lưu giữ toàn diện lịch sử tự nhiên và văn hóa của vùng Bắc Cực này. Thành lập từ năm 1932, bảo tàng trưng bày bộ sưu tập dân tộc học Nenets quý giá cùng các mẫu vật cổ sinh, khảo cổ và thiên nhiên. Đây là điểm dừng chân lý tưởng để hiểu về đời sống người bản địa và thiên nhiên lãnh nguyên.",
        "yandex": "https://yandex.com/maps/?pt=53.0049,67.6381&z=17&l=map",
        "google": "https://www.google.com/maps/search/?api=1&query=67.6381,53.0049",
        "photo": null,
        "status": "enriched"
      }
    },
    {
      "type": "Feature",
      "geometry": {
        "type": "Point",
        "coordinates": [
          53.009859,
          67.638347
        ]
      },
      "properties": {
        "id": "nenets-epiphany-cathedral-naryan-mar",
        "name_vi": "Nhà thờ chính tòa Hiển Linh, Naryan-Mar (Bô-gô-yáp-len-xki sa-bo)",
        "name_ru": "Богоявленский кафедральный собор",
        "name_en": "Epiphany Cathedral, Naryan-Mar",
        "region": "Khu tự trị Nenets",
        "categories": [
          "church"
        ],
        "rating": null,
        "reviews": null,
        "short": "Nhà thờ chính tòa Hiển Linh là nhà thờ Chính thống giáo lớn nhất và là biểu tượng của Naryan-Mar. Được dựng hoàn toàn bằng gỗ thông rụng lá theo lối kiến trúc gỗ truyền thống miền Bắc nước Nga, công trình nổi bật với mái lều nhọn và tháp chuông cao. Đây là trung tâm tinh thần của cộng đồng Chính thống giáo nơi vùng cực.",
        "yandex": "https://yandex.com/maps/?pt=53.009859,67.638347&z=17&l=map",
        "google": "https://www.google.com/maps/search/?api=1&query=67.638347,53.009859",
        "photo": null,
        "status": "enriched"
      }
    },
    {
      "type": "Feature",
      "geometry": {
        "type": "Point",
        "coordinates": [
          53.3,
          67.7
        ]
      },
      "properties": {
        "id": "nenets-nenets-tundra-reindeer-camps",
        "name_vi": "Lãnh nguyên Nenets, người chăn tuần lộc và lều chum (tun-đra, a-lê-na-vô-đư, chum)",
        "name_ru": "Тундра, оленеводы, чум",
        "name_en": "Nenets tundra and reindeer herders' camps (chum)",
        "region": "Khu tự trị Nenets",
        "categories": [
          "other"
        ],
        "rating": null,
        "reviews": null,
        "short": "Vùng lãnh nguyên bao la của người Nenets là nơi những gia đình du mục vẫn chăn tuần lộc theo lối sống ngàn đời. Trung tâm đời sống của họ là chiếc lều chum hình chóp phủ da tuần lộc, di chuyển theo mùa cùng đàn gia súc. Trải nghiệm ở lại trại du mục giữa lãnh nguyên là hành trình chạm vào một trong những nền văn hóa Bắc Cực nguyên bản nhất còn sót lại.",
        "yandex": "https://yandex.com/maps/?pt=53.3,67.7&z=17&l=map",
        "google": "https://www.google.com/maps/search/?api=1&query=67.7,53.3",
        "photo": "https://commons.wikimedia.org/wiki/Special:FilePath/Nenetsia%20banner%20Naryan-Mar%20reindeers.jpg",
        "status": "enriched"
      }
    },
    {
      "type": "Feature",
      "geometry": {
        "type": "Point",
        "coordinates": [
          44.002564,
          56.328503
        ]
      },
      "properties": {
        "id": "nizhny-novgorod-nizhny-novgorod-kremlin",
        "name_vi": "Thành cổ Kremlin Nizhny Novgorod (Nizhegorodsky kreml)",
        "name_ru": "Нижегородский кремль",
        "name_en": "Nizhny Novgorod Kremlin",
        "region": "Tỉnh Nizhny Novgorod",
        "categories": [
          "fortress",
          "museum",
          "monument"
        ],
        "rating": 4.5,
        "reviews": 2267,
        "short": "Kremlin Nizhny Novgorod là pháo đài gạch đỏ đồ sộ tọa lạc trên đồi cao nơi sông Oka đổ vào sông Volga. Được xây dựng đầu thế kỷ 16 với mười ba tòa tháp và bức tường dài gần hai cây số, đây là trái tim lịch sử và biểu tượng của thành phố.",
        "yandex": "https://yandex.com/maps/?pt=44.002564,56.328503&z=17&l=map",
        "google": "https://www.google.com/maps/search/?api=1&query=56.328503,44.002564",
        "photo": "https://commons.wikimedia.org/wiki/Special:FilePath/Gorky_City._Nizhny_Novgorod_Kremlin.jpg",
        "status": "enriched"
      }
    },
    {
      "type": "Feature",
      "geometry": {
        "type": "Point",
        "coordinates": [
          44.00944,
          56.33083
        ]
      },
      "properties": {
        "id": "nizhny-novgorod-chkalov-staircase",
        "name_vi": "Cầu thang Chkalov (Chkalovskaya lestnitsa)",
        "name_ru": "Чкаловская лестница",
        "name_en": "Chkalov Staircase",
        "region": "Tỉnh Nizhny Novgorod",
        "categories": [
          "monument",
          "square_street"
        ],
        "rating": 4.7,
        "reviews": 1393,
        "short": "Cầu thang Chkalov là bậc thang dài nhất nước Nga với 560 bậc, nối quảng trường Minin trên đồi với bờ sông Volga phía dưới. Thiết kế hình số tám độc đáo cùng tầm nhìn khoáng đạt ra dòng sông khiến đây thành một trong những biểu tượng được yêu thích nhất của Nizhny Novgorod.",
        "yandex": "https://yandex.com/maps/?pt=44.00944,56.33083&z=17&l=map",
        "google": "https://www.google.com/maps/search/?api=1&query=56.33083,44.00944",
        "photo": "https://commons.wikimedia.org/wiki/Special:FilePath/NN%20Chkalov%20Stairs%2008-2016%20img3.jpg",
        "status": "enriched"
      }
    },
    {
      "type": "Feature",
      "geometry": {
        "type": "Point",
        "coordinates": [
          43.2325,
          55.04583
        ]
      },
      "properties": {
        "id": "nizhny-novgorod-diveyevo-monastery",
        "name_vi": "Tu viện Seraphim-Diveyevo (Serafimo-Diveevsky monastyr)",
        "name_ru": "Серафимо-Дивеевский монастырь",
        "name_en": "Holy Trinity-Saint Seraphim-Diveyevo Monastery",
        "region": "Tỉnh Nizhny Novgorod",
        "categories": [
          "church",
          "monument"
        ],
        "rating": 4.7,
        "reviews": 407,
        "short": "Tu viện Seraphim-Diveyevo là một trong những trung tâm hành hương Chính thống giáo quan trọng nhất nước Nga, gắn liền với Thánh Seraphim thành Sarov. Nơi đây lưu giữ thánh tích của ngài và con mương thiêng Kanavka mà tín đồ tin là dấu chân Đức Mẹ.",
        "yandex": "https://yandex.com/maps/?pt=43.2325,55.04583&z=17&l=map",
        "google": "https://www.google.com/maps/search/?api=1&query=55.04583,43.2325",
        "photo": "https://commons.wikimedia.org/wiki/Special:FilePath/Diveyevo_Serafimo-Diveevsky_Monastery_The_Trinity_Cathedral_IMG_9603.jpg",
        "status": "enriched"
      }
    },
    {
      "type": "Feature",
      "geometry": {
        "type": "Point",
        "coordinates": [
          45.063889,
          56.0825
        ]
      },
      "properties": {
        "id": "nizhny-novgorod-makaryev-monastery",
        "name_vi": "Tu viện Makaryev bên sông Volga (Makarievsky Zheltovodsky monastyr)",
        "name_ru": "Макарьевский монастырь",
        "name_en": "Makaryev Monastery (Makaryevo-Zheltovodsky)",
        "region": "Tỉnh Nizhny Novgorod",
        "categories": [
          "church",
          "fortress"
        ],
        "rating": 4.7,
        "reviews": 32,
        "short": "Tu viện Makaryev là quần thể tường thành trắng với những mái vòm dát vàng soi bóng bên tả ngạn sông Volga. Từng là nơi diễn ra hội chợ lớn nhất Đông Âu suốt hơn hai thế kỷ, nay đây là một nữ tu viện thanh bình và điểm dừng chân đẹp trên các tuyến du thuyền.",
        "yandex": "https://yandex.com/maps/?pt=45.063889,56.0825&z=17&l=map",
        "google": "https://www.google.com/maps/search/?api=1&query=56.0825,45.063889",
        "photo": "https://commons.wikimedia.org/wiki/Special:FilePath/Makaryev_Monastery.jpg",
        "status": "enriched"
      }
    },
    {
      "type": "Feature",
      "geometry": {
        "type": "Point",
        "coordinates": [
          43.483,
          56.65
        ]
      },
      "properties": {
        "id": "nizhny-novgorod-gorodets",
        "name_vi": "Thị trấn thủ công cổ Gorodets",
        "name_ru": "Городец",
        "name_en": "Gorodets",
        "region": "Tỉnh Nizhny Novgorod",
        "categories": [
          "monument",
          "museum"
        ],
        "rating": null,
        "reviews": null,
        "short": "Gorodets là thị trấn cổ nhất tỉnh Nizhny Novgorod, nằm bên bờ sông Volga và nổi danh với nghề vẽ tranh dân gian, bánh mật pryanik và chạm khắc gỗ. Khu phố cổ với những ngôi nhà gỗ chạm trổ tinh xảo cùng chuỗi bảo tàng thủ công biến nơi đây thành một 'bảo tàng ngoài trời' sống động.",
        "yandex": "https://yandex.com/maps/?pt=43.483,56.65&z=17&l=map",
        "google": "https://www.google.com/maps/search/?api=1&query=56.65,43.483",
        "photo": "https://commons.wikimedia.org/wiki/Special:FilePath/Gorodets%2C_Nizhegorodskaya_oblast%27%2C_Russia_-_panoramio_%284%29.jpg",
        "status": "enriched"
      }
    },
    {
      "type": "Feature",
      "geometry": {
        "type": "Point",
        "coordinates": [
          45.309722,
          55.003889
        ]
      },
      "properties": {
        "id": "nizhny-novgorod-boldino-pushkin",
        "name_vi": "Điền trang Pushkin ở Bolshoye Boldino (Bolshoe Boldino)",
        "name_ru": "Большое Болдино",
        "name_en": "Bolshoye Boldino (Pushkin Museum-Reserve)",
        "region": "Tỉnh Nizhny Novgorod",
        "categories": [
          "museum",
          "monument",
          "park_garden"
        ],
        "rating": null,
        "reviews": null,
        "short": "Bolshoye Boldino là điền trang tổ tiên của đại thi hào Alexander Pushkin, nơi ông trải qua 'Mùa thu Boldino' năm 1830 – giai đoạn sáng tác sung mãn nhất đời mình. Ngôi nhà gỗ, nhà thờ và khu vườn cổ nay là bảo tàng – khu bảo tồn tưởng niệm nhà thơ.",
        "yandex": "https://yandex.com/maps/?pt=45.309722,55.003889&z=17&l=map",
        "google": "https://www.google.com/maps/search/?api=1&query=55.003889,45.309722",
        "photo": "https://commons.wikimedia.org/wiki/Special:FilePath/%D0%91%D0%BE%D0%BB%D1%8C%D1%88%D0%BE%D0%B5_%D0%91%D0%BE%D0%BB%D0%B4%D0%B8%D0%BD%D0%BE_-_panoramio_%285%29.jpg",
        "status": "enriched"
      }
    },
    {
      "type": "Feature",
      "geometry": {
        "type": "Point",
        "coordinates": [
          43.96083,
          56.32833
        ]
      },
      "properties": {
        "id": "nizhny-novgorod-nizhny-novgorod-fair",
        "name_vi": "Hội chợ Nizhny Novgorod (Nizhegorodskaya yarmarka)",
        "name_ru": "Нижегородская ярмарка",
        "name_en": "Nizhny Novgorod Fair",
        "region": "Tỉnh Nizhny Novgorod",
        "categories": [
          "monument",
          "museum"
        ],
        "rating": null,
        "reviews": null,
        "short": "Nizhegorodskaya Yarmarka từng là hội chợ thương mại lớn nhất nước Nga thế kỷ 19, nơi hàng hóa từ châu Á và châu Âu gặp nhau. Tòa Nhà Hội chợ chính lộng lẫy theo phong cách Nga cổ nay là trung tâm triển lãm và nơi đặt bảo tàng đa phương tiện 'Nước Nga – Lịch sử của tôi'.",
        "yandex": "https://yandex.com/maps/?pt=43.96083,56.32833&z=17&l=map",
        "google": "https://www.google.com/maps/search/?api=1&query=56.32833,43.96083",
        "photo": "https://commons.wikimedia.org/wiki/Special:FilePath/NN%20the%20Fair%2001-11-2021%2013.jpg",
        "status": "enriched"
      }
    },
    {
      "type": "Feature",
      "geometry": {
        "type": "Point",
        "coordinates": [
          44.5,
          56.8
        ]
      },
      "properties": {
        "id": "nizhny-novgorod-semyonov-khokhloma",
        "name_vi": "Thành phố Semyonov – thủ phủ tranh sơn Khokhloma",
        "name_ru": "Семёнов (хохлома)",
        "name_en": "Semyonov (Khokhloma)",
        "region": "Tỉnh Nizhny Novgorod",
        "categories": [
          "museum",
          "monument"
        ],
        "rating": null,
        "reviews": null,
        "short": "Semyonov là thủ phủ của Khokhloma – nghệ thuật vẽ đồ gỗ sơn son ánh 'vàng' trứ danh của nước Nga. Thành phố là nơi đặt xưởng 'Khokhlomskaya rospis' và trung tâm bảo tàng 'Khokhloma Vàng', nơi du khách chiêm ngưỡng và tự tay thử vẽ những món đồ gỗ rực rỡ.",
        "yandex": "https://yandex.com/maps/?pt=44.5,56.8&z=17&l=map",
        "google": "https://www.google.com/maps/search/?api=1&query=56.8,44.5",
        "photo": "https://commons.wikimedia.org/wiki/Special:FilePath/Khokhloma%20Hochloma%2020090814%2002.JPG",
        "status": "enriched"
      }
    },
    {
      "type": "Feature",
      "geometry": {
        "type": "Point",
        "coordinates": [
          44.446111,
          42.841111
        ]
      },
      "properties": {
        "id": "north-ossetia-dargavs-city-of-the-dead",
        "name_vi": "Thành phố của người chết, Dargavs (Đa-gáp-xơ)",
        "name_ru": "Даргавс, «Город мёртвых»",
        "name_en": "Dargavs, City of the Dead",
        "region": "Cộng hoà Bắc Ossetia",
        "categories": [
          "monument"
        ],
        "rating": 4.7,
        "reviews": 82,
        "short": "Nằm trên sườn đồi xanh giữa thung lũng Gizeldon, 'Thành phố của người chết' Dargavs là nghĩa địa cổ lớn nhất vùng Bắc Kavkaz với gần một trăm hầm mộ đá trắng. Những mái nhà mồ nhọn xếp tầng trông như một ngôi làng tí hon, lưu giữ hài cốt của nhiều thế kỷ.",
        "yandex": "https://yandex.com/maps/?pt=44.446111,42.841111&z=17&l=map",
        "google": "https://www.google.com/maps/search/?api=1&query=42.841111,44.446111",
        "photo": "https://commons.wikimedia.org/wiki/Special:FilePath/Architectural%20complex.%20Dargavs.jpg",
        "status": "enriched"
      }
    },
    {
      "type": "Feature",
      "geometry": {
        "type": "Point",
        "coordinates": [
          44.233333,
          42.783333
        ]
      },
      "properties": {
        "id": "north-ossetia-kurtatinsky-gorge",
        "name_vi": "Hẻm núi Kurtatinsky (Cua-ta-tin-xki)",
        "name_ru": "Куртатинское ущелье",
        "name_en": "Kurtatinsky Gorge",
        "region": "Cộng hoà Bắc Ossetia",
        "categories": [
          "park_garden"
        ],
        "rating": 4.8,
        "reviews": 51,
        "short": "Kurtatinsky là một trong những hẻm núi đẹp và giàu di sản nhất Bắc Ossetia, nơi con sông Fiagdon xẻ qua những vách đá dựng đứng. Chỉ trong một thung lũng, du khách gặp pháo đài đá cổ, tu viện Chính thống giáo cao nhất nước Nga và những hẻm vực hẹp ngoạn mục.",
        "yandex": "https://yandex.com/maps/?pt=44.233333,42.783333&z=17&l=map",
        "google": "https://www.google.com/maps/search/?api=1&query=42.783333,44.233333",
        "photo": null,
        "status": "enriched"
      }
    },
    {
      "type": "Feature",
      "geometry": {
        "type": "Point",
        "coordinates": [
          43.883,
          42.767
        ]
      },
      "properties": {
        "id": "north-ossetia-tsey-gorge",
        "name_vi": "Hẻm núi Tsey (Txây)",
        "name_ru": "Цейское ущелье",
        "name_en": "Tsey Gorge",
        "region": "Cộng hoà Bắc Ossetia",
        "categories": [
          "park_garden"
        ],
        "rating": 5.0,
        "reviews": 4,
        "short": "Cách Vladikavkaz gần 100 km, hẻm núi Tsey là một trong những góc núi cao đẹp nhất Bắc Ossetia, được bao quanh bởi các đỉnh trên 4.000 m và những dòng sông băng lấp lánh. Đây vừa là thiên đường đi bộ đường dài mùa hè, vừa là khu trượt tuyết được yêu thích, lại ẩn chứa đền thiêng Rekom cổ kính.",
        "yandex": "https://yandex.com/maps/?pt=43.883,42.767&z=17&l=map",
        "google": "https://www.google.com/maps/search/?api=1&query=42.767,43.883",
        "photo": "https://commons.wikimedia.org/wiki/Special:FilePath/019%20%D0%A6%D0%B5%D0%B9%D1%81%D0%BA%D0%BE%D0%B5%20%D1%83%D1%89%D0%B5%D0%BB%D1%8C%D0%B5.JPG",
        "status": "enriched"
      }
    },
    {
      "type": "Feature",
      "geometry": {
        "type": "Point",
        "coordinates": [
          44.312578,
          42.875257
        ]
      },
      "properties": {
        "id": "north-ossetia-dzivgis-rock-fortress",
        "name_vi": "Pháo đài đá Dzivgis (Dơ-víp-ghít)",
        "name_ru": "Дзивгисская наскальная крепость",
        "name_en": "Dzivgis Rock Fortress",
        "region": "Cộng hoà Bắc Ossetia",
        "categories": [
          "fortress",
          "monument"
        ],
        "rating": 4.7,
        "reviews": 9,
        "short": "Ẩn mình trong vách đá vôi dựng đứng ở làng Dzivgis, pháo đài đá Dzivgis là công trình phòng thủ trong hang lớn nhất và ngoạn mục nhất của Bắc Kavkaz. Người Alan xưa đã xây tường đá bịt kín các hang tự nhiên, biến vách núi thành một chuỗi công sự gần như bất khả xâm phạm.",
        "yandex": "https://yandex.com/maps/?pt=44.312578,42.875257&z=17&l=map",
        "google": "https://www.google.com/maps/search/?api=1&query=42.875257,44.312578",
        "photo": null,
        "status": "enriched"
      }
    },
    {
      "type": "Feature",
      "geometry": {
        "type": "Point",
        "coordinates": [
          44.36181,
          42.76988
        ]
      },
      "properties": {
        "id": "north-ossetia-midagrabin-waterfalls",
        "name_vi": "Thác nước Midagrabin (Mi-đa-gra-bin)",
        "name_ru": "Мидаграбинские водопады",
        "name_en": "Midagrabin Waterfalls",
        "region": "Cộng hoà Bắc Ossetia",
        "categories": [
          "park_garden"
        ],
        "rating": 5.0,
        "reviews": 111,
        "short": "Ẩn sâu trong thung lũng Midagrabin sát dãy núi biên giới, đây là quần thể thác nước ngoạn mục bậc nhất nước Nga. Ngôi sao của thung lũng là thác Bolshoy Zeygalan cao khoảng 650 m - một trong những thác cao nhất châu Âu, chỉ tuôn chảy dữ dội vào mùa hè khi băng tan.",
        "yandex": "https://yandex.com/maps/?pt=44.36181,42.76988&z=17&l=map",
        "google": "https://www.google.com/maps/search/?api=1&query=42.76988,44.36181",
        "photo": null,
        "status": "enriched"
      }
    },
    {
      "type": "Feature",
      "geometry": {
        "type": "Point",
        "coordinates": [
          44.675853,
          43.026101
        ]
      },
      "properties": {
        "id": "north-ossetia-vladikavkaz-sunni-mosque",
        "name_vi": "Nhà thờ Hồi giáo Sunni (Thánh đường Mukhtarov), Vladikavkaz (Mu-kh-ta-rốp)",
        "name_ru": "Суннитская мечеть (мечеть Мухтарова), Владикавказ",
        "name_en": "Sunni Mosque (Mukhtarov Mosque), Vladikavkaz",
        "region": "Cộng hoà Bắc Ossetia",
        "categories": [
          "church",
          "monument"
        ],
        "rating": 5.0,
        "reviews": 62,
        "short": "Bên tả ngạn sông Terek giữa lòng Vladikavkaz, Thánh đường Mukhtarov (còn gọi là Nhà thờ Hồi giáo Sunni) là một viên ngọc kiến trúc đầu thế kỷ XX. Được xây bằng đá vôi trắng theo phong cách Cairo, hai ngọn tháp minaret thanh mảnh của nó soi bóng xuống dòng sông đã trở thành biểu tượng của thành phố.",
        "yandex": "https://yandex.com/maps/?pt=44.675853,43.026101&z=17&l=map",
        "google": "https://www.google.com/maps/search/?api=1&query=43.026101,44.675853",
        "photo": "https://commons.wikimedia.org/wiki/Special:FilePath/%D0%A1%D1%83%D0%BD%D0%BD%D0%B8%D1%82%D1%81%D0%BA%D0%B0%D1%8F%20%D0%BC%D0%B5%D1%87%D0%B5%D1%82%D1%8C%20%D0%B2%D0%BE%20%D0%92%D0%BB%D0%B0%D0%B4%D0%B8%D0%BA%D0%B0%D0%B2%D0%BA%D0%B0%D0%B7%D0%B5.jpg",
        "status": "enriched"
      }
    },
    {
      "type": "Feature",
      "geometry": {
        "type": "Point",
        "coordinates": [
          43.333333,
          42.833333
        ]
      },
      "properties": {
        "id": "north-ossetia-alania-national-park",
        "name_vi": "Vườn quốc gia Alania (A-la-ni-a)",
        "name_ru": "Национальный парк «Алания»",
        "name_en": "Alania National Park",
        "region": "Cộng hoà Bắc Ossetia",
        "categories": [
          "park_garden"
        ],
        "rating": null,
        "reviews": null,
        "short": "Trải rộng trên sườn bắc dãy Kavkaz thuộc huyện Iraf, Vườn quốc gia Alania là vùng núi cao hoang sơ với những sông băng khổng lồ, hẻm vực sâu và thác nước. Đây là điểm đến của dân trekking ưa mạo hiểm, nơi thiên nhiên gần như còn nguyên vẹn và cần giấy phép để vào.",
        "yandex": "https://yandex.com/maps/?pt=43.333333,42.833333&z=17&l=map",
        "google": "https://www.google.com/maps/search/?api=1&query=42.833333,43.333333",
        "photo": "https://commons.wikimedia.org/wiki/Special:FilePath/%D0%92%D0%BE%D0%B4%D0%BE%D0%BF%D0%B0%D0%B4%20%D0%A2%D1%80%D0%B8%20%D0%A1%D0%B5%D1%81%D1%82%D1%80%D1%8B%20%D0%BD%D0%B0%20%D1%80%D0%B0%D1%81%D1%81%D0%B2%D0%B5%D1%82%D0%B5.jpg",
        "status": "enriched"
      }
    },
    {
      "type": "Feature",
      "geometry": {
        "type": "Point",
        "coordinates": [
          31.275556,
          58.520972
        ]
      },
      "properties": {
        "id": "novgorod-novgorod-kremlin",
        "name_vi": "Thành cổ Kremlin Novgorod (Detinets / Novgorodsky Detinets)",
        "name_ru": "Новгородский детинец",
        "name_en": "Novgorod Kremlin (Detinets)",
        "region": "Tỉnh Novgorod",
        "categories": [
          "fortress",
          "church",
          "museum"
        ],
        "rating": 4.8,
        "reviews": 1423,
        "short": "Kremlin Novgorod, hay Detinets, là pháo đài gạch đỏ cổ kính bên bờ sông Volkhov, trái tim lịch sử của thành phố Veliky Novgorod. Được UNESCO công nhận là Di sản Thế giới, nơi đây quy tụ nhà thờ, bảo tàng và tượng đài quan trọng bậc nhất nước Nga.",
        "yandex": "https://yandex.com/maps/?pt=31.275556,58.520972&z=17&l=map",
        "google": "https://www.google.com/maps/search/?api=1&query=58.520972,31.275556",
        "photo": "https://commons.wikimedia.org/wiki/Special:FilePath/Kreml%20veliky%20novgorod.jpg",
        "status": "enriched"
      }
    },
    {
      "type": "Feature",
      "geometry": {
        "type": "Point",
        "coordinates": [
          31.2766,
          58.52217
        ]
      },
      "properties": {
        "id": "novgorod-st-sophia-cathedral-novgorod",
        "name_vi": "Nhà thờ Thánh Sophia, Novgorod (Sofiysky Sobor)",
        "name_ru": "Софийский собор",
        "name_en": "Cathedral of St Sophia, Novgorod",
        "region": "Tỉnh Novgorod",
        "categories": [
          "church",
          "monument"
        ],
        "rating": 4.8,
        "reviews": 551,
        "short": "Nhà thờ Thánh Sophia là công trình nhà thờ bằng đá cổ nhất còn nguyên vẹn ở Nga, xây giữa thế kỷ 11. Với năm vòm mái hình mũ giáp và những bức bích họa cổ, đây là biểu tượng thiêng liêng của Veliky Novgorod.",
        "yandex": "https://yandex.com/maps/?pt=31.2766,58.52217&z=17&l=map",
        "google": "https://www.google.com/maps/search/?api=1&query=58.52217,31.2766",
        "photo": "https://commons.wikimedia.org/wiki/Special:FilePath/Saint%20Sophia%20Cathedral%20in%20Novgorod.jpg",
        "status": "enriched"
      }
    },
    {
      "type": "Feature",
      "geometry": {
        "type": "Point",
        "coordinates": [
          31.282561,
          58.518471
        ]
      },
      "properties": {
        "id": "novgorod-yaroslavs-court",
        "name_vi": "Sân Yaroslav và Khu chợ cổ (Yaroslavovo Dvorishche)",
        "name_ru": "Ярославово дворище",
        "name_en": "Yaroslav's Court and Marketplace",
        "region": "Tỉnh Novgorod",
        "categories": [
          "monument",
          "church"
        ],
        "rating": 4.5,
        "reviews": 233,
        "short": "Yaroslavovo Dvorishche là khu chợ cổ và quần thể nhà thờ nằm bên hữu ngạn sông Volkhov, đối diện Kremlin. Đây từng là trung tâm thương mại sầm uất của Novgorod thời trung cổ, nay là bảo tàng ngoài trời với nhiều nhà thờ hàng trăm năm tuổi.",
        "yandex": "https://yandex.com/maps/?pt=31.282561,58.518471&z=17&l=map",
        "google": "https://www.google.com/maps/search/?api=1&query=58.518471,31.282561",
        "photo": "https://commons.wikimedia.org/wiki/Special:FilePath/Saint%20Nicholas%20Church%20on%20Yaroslav%27s%20Court%20%28Veliky%20Novgorod%29.JPG",
        "status": "enriched"
      }
    },
    {
      "type": "Feature",
      "geometry": {
        "type": "Point",
        "coordinates": [
          31.272267,
          58.490325
        ]
      },
      "properties": {
        "id": "novgorod-vitoslavlitsy-museum",
        "name_vi": "Bảo tàng Kiến trúc Gỗ Vitoslavlitsy (Vitoslavlitsy)",
        "name_ru": "Витославлицы",
        "name_en": "Vitoslavlitsy Museum of Wooden Architecture",
        "region": "Tỉnh Novgorod",
        "categories": [
          "museum",
          "church"
        ],
        "rating": 4.4,
        "reviews": 969,
        "short": "Vitoslavlitsy là bảo tàng ngoài trời tái hiện ngôi làng Nga xưa với nhà thờ, nhà gỗ, cối xay và nông trại bằng gỗ. Nằm cạnh Tu viện Yuriev bên hồ Myachino, đây là một trong những bảo tàng kiến trúc gỗ đẹp nhất nước Nga.",
        "yandex": "https://yandex.com/maps/?pt=31.272267,58.490325&z=17&l=map",
        "google": "https://www.google.com/maps/search/?api=1&query=58.490325,31.272267",
        "photo": "https://commons.wikimedia.org/wiki/Special:FilePath/Vitoslavlicy%207.JPG",
        "status": "enriched"
      }
    },
    {
      "type": "Feature",
      "geometry": {
        "type": "Point",
        "coordinates": [
          31.285278,
          58.487499
        ]
      },
      "properties": {
        "id": "novgorod-yuriev-monastery",
        "name_vi": "Tu viện Thánh George (Tu viện Yuriev / Yuriev Monastyr)",
        "name_ru": "Юрьев монастырь",
        "name_en": "St George's (Yuriev) Monastery",
        "region": "Tỉnh Novgorod",
        "categories": [
          "church"
        ],
        "rating": 4.6,
        "reviews": 316,
        "short": "Tu viện Yuriev là một trong những tu viện cổ nhất nước Nga, tương truyền lập từ khoảng năm 1030. Nổi bật với Nhà thờ chính tòa Thánh George khổng lồ và những mái vòm xanh, tu viện tọa lạc bên sông Volkhov, phía nam Veliky Novgorod.",
        "yandex": "https://yandex.com/maps/?pt=31.285278,58.487499&z=17&l=map",
        "google": "https://www.google.com/maps/search/?api=1&query=58.487499,31.285278",
        "photo": "https://commons.wikimedia.org/wiki/Special:FilePath/Yuriev-Monastery-Novgorod.JPG",
        "status": "enriched"
      }
    },
    {
      "type": "Feature",
      "geometry": {
        "type": "Point",
        "coordinates": [
          31.275242,
          58.521126
        ]
      },
      "properties": {
        "id": "novgorod-millennium-of-russia-monument",
        "name_vi": "Tượng đài Thiên niên kỷ nước Nga (Pamyatnik Tysyacheletiyu Rossii)",
        "name_ru": "Памятник «Тысячелетие России»",
        "name_en": "Millennium of Russia Monument",
        "region": "Tỉnh Novgorod",
        "categories": [
          "monument"
        ],
        "rating": 4.8,
        "reviews": 833,
        "short": "Tượng đài Thiên niên kỷ nước Nga là công trình bằng đồng khánh thành năm 1862, kỷ niệm một nghìn năm lập quốc. Đặt giữa Kremlin Novgorod, tượng đài khắc họa 128 nhân vật tiêu biểu làm nên lịch sử nước Nga.",
        "yandex": "https://yandex.com/maps/?pt=31.275242,58.521126&z=17&l=map",
        "google": "https://www.google.com/maps/search/?api=1&query=58.521126,31.275242",
        "photo": "https://commons.wikimedia.org/wiki/Special:FilePath/%D0%9F%D0%B0%D0%BC%D1%8F%D1%82%D0%BD%D0%B8%D0%BA%20%D0%A2%D1%8B%D1%81%D1%8F%D1%87%D0%B5%D0%BB%D0%B5%D1%82%D0%B8%D0%B5%20%D0%A0%D0%BE%D1%81%D1%81%D0%B8%D0%B8.jpg",
        "status": "enriched"
      }
    },
    {
      "type": "Feature",
      "geometry": {
        "type": "Point",
        "coordinates": [
          31.283333,
          58.483334
        ]
      },
      "properties": {
        "id": "novgorod-rurikovo-gorodishche",
        "name_vi": "Thành cổ Rurik (Rurikovo Gorodishche)",
        "name_ru": "Рюриково городище",
        "name_en": "Rurikovo Gorodishche",
        "region": "Tỉnh Novgorod",
        "categories": [
          "monument"
        ],
        "rating": 3.9,
        "reviews": 66,
        "short": "Rurikovo Gorodishche là khu di chỉ khảo cổ bên sông Volkhov, được xem là tiền thân của Veliky Novgorod từ thế kỷ 9. Tương truyền đây là nơi ở của thủ lĩnh Rurik, người khai sinh triều đại Rurik của nước Nga.",
        "yandex": "https://yandex.com/maps/?pt=31.283333,58.483334&z=17&l=map",
        "google": "https://www.google.com/maps/search/?api=1&query=58.483334,31.283333",
        "photo": "https://commons.wikimedia.org/wiki/Special:FilePath/%D0%92%D0%B5%D0%BB%D0%B8%D0%BA%D0%B8%D0%B9%20%D0%9D%D0%BE%D0%B2%D0%B3%D0%BE%D1%80%D0%BE%D0%B4%20%D0%93%D0%BE%D1%80%D0%BE%D0%B4%D0%B8%D1%89%D0%B5.JPG",
        "status": "enriched"
      }
    },
    {
      "type": "Feature",
      "geometry": {
        "type": "Point",
        "coordinates": [
          33.30417,
          57.98861
        ]
      },
      "properties": {
        "id": "novgorod-valday-iversky-monastery",
        "name_vi": "Tu viện Iversky Valday (Valdayskiy Iverskiy Monastyr)",
        "name_ru": "Валдайский Иверский монастырь",
        "name_en": "Valday Iversky Monastery",
        "region": "Tỉnh Novgorod",
        "categories": [
          "church"
        ],
        "rating": 4.8,
        "reviews": 287,
        "short": "Tu viện Iversky Valday là quần thể tu viện Chính thống giáo tuyệt đẹp, nằm trên một hòn đảo giữa hồ Valday trong xanh. Do Thượng phụ Nikon lập năm 1653, đây là một trong những trung tâm tôn giáo và văn hóa có ảnh hưởng của nước Nga.",
        "yandex": "https://yandex.com/maps/?pt=33.30417,57.98861&z=17&l=map",
        "google": "https://www.google.com/maps/search/?api=1&query=57.98861,33.30417",
        "photo": "https://commons.wikimedia.org/wiki/Special:FilePath/Valdaysky%20Monastery%2032.jpg",
        "status": "enriched"
      }
    },
    {
      "type": "Feature",
      "geometry": {
        "type": "Point",
        "coordinates": [
          82.92444,
          55.03056
        ]
      },
      "properties": {
        "id": "novosibirsk-novosibirsk-opera-ballet-theatre",
        "name_vi": "Nhà hát Opera và Ballet Novosibirsk – NOVAT (Nô-vô-xi-biếc, Nô-vát)",
        "name_ru": "Новосибирский государственный академический театр оперы и балета (НОВАТ)",
        "name_en": "Novosibirsk State Academic Opera and Ballet Theatre (NOVAT)",
        "region": "Tỉnh Novosibirsk",
        "categories": [
          "theatre"
        ],
        "rating": 4.8,
        "reviews": 11698,
        "short": "NOVAT là nhà hát opera và ballet lớn nhất nước Nga, biểu tượng kiến trúc của Novosibirsk với mái vòm bạc khổng lồ vươn lên bên Quảng trường Lenin. Được ví như 'Nhà hát Bolshoi của Siberia', đây là niềm tự hào văn hóa của cả vùng.",
        "yandex": "https://yandex.com/maps/?pt=82.92444,55.03056&z=17&l=map",
        "google": "https://www.google.com/maps/search/?api=1&query=55.03056,82.92444",
        "photo": "https://commons.wikimedia.org/wiki/Special:FilePath/Novosibirsk%20KrasnyPr%20Opera%20Theatre%2007-2016.jpg",
        "status": "enriched"
      }
    },
    {
      "type": "Feature",
      "geometry": {
        "type": "Point",
        "coordinates": [
          83.106,
          54.851
        ]
      },
      "properties": {
        "id": "novosibirsk-akademgorodok",
        "name_vi": "Thị trấn Khoa học Akademgorodok (A-ka-đem-gô-rô-đốc)",
        "name_ru": "Академгородок",
        "name_en": "Akademgorodok (Novosibirsk Science Town)",
        "region": "Tỉnh Novosibirsk",
        "categories": [
          "other"
        ],
        "rating": null,
        "reviews": null,
        "short": "Akademgorodok là 'thành phố khoa học' nổi tiếng của Liên Xô, nằm giữa rừng thông bên bờ 'biển Ob' ở phía nam Novosibirsk. Đây là nơi quy tụ hàng chục viện nghiên cứu, trường đại học và những con phố rợp bóng cây yên bình.",
        "yandex": "https://yandex.com/maps/?pt=83.106,54.851&z=17&l=map",
        "google": "https://www.google.com/maps/search/?api=1&query=54.851,83.106",
        "photo": "https://commons.wikimedia.org/wiki/Special:FilePath/Monument%20to%20lab%20mouse-4.JPG",
        "status": "enriched"
      }
    },
    {
      "type": "Feature",
      "geometry": {
        "type": "Point",
        "coordinates": [
          82.88,
          55.056
        ]
      },
      "properties": {
        "id": "novosibirsk-novosibirsk-zoo",
        "name_vi": "Vườn thú Novosibirsk mang tên R. A. Shilo (Dô-ô-pác Nô-vô-xi-biếc)",
        "name_ru": "Новосибирский зоопарк имени Р. А. Шило",
        "name_en": "Novosibirsk Zoo (named after R. A. Shilo)",
        "region": "Tỉnh Novosibirsk",
        "categories": [
          "park_garden"
        ],
        "rating": 4.8,
        "reviews": 9559,
        "short": "Vườn thú Novosibirsk là một trong những vườn thú lớn và được yêu thích nhất nước Nga, nằm giữa rừng thông xanh mát. Nơi đây nổi tiếng thế giới với các chương trình nhân giống quý hiếm và chú 'liger' khổng lồ lai giữa sư tử và hổ.",
        "yandex": "https://yandex.com/maps/?pt=82.88,55.056&z=17&l=map",
        "google": "https://www.google.com/maps/search/?api=1&query=55.056,82.88",
        "photo": "https://commons.wikimedia.org/wiki/Special:FilePath/%D0%9D%D0%BE%D0%B2%D0%BE%D1%81%D0%B8%D0%B1%D0%B8%D1%80%D1%81%D0%BA%D0%B8%D0%B9%20%D0%B7%D0%BE%D0%BE%D0%BF%D0%B0%D1%80%D0%BA%20-%20panoramio.jpg",
        "status": "enriched"
      }
    },
    {
      "type": "Feature",
      "geometry": {
        "type": "Point",
        "coordinates": [
          82.9202,
          55.0183
        ]
      },
      "properties": {
        "id": "novosibirsk-alexander-nevsky-cathedral-novosibirsk",
        "name_vi": "Nhà thờ chính tòa Alexander Nevsky (Xô-bo A-lếch-xan-đrơ Nhép-xki)",
        "name_ru": "Собор во имя святого благоверного князя Александра Невского",
        "name_en": "Alexander Nevsky Cathedral",
        "region": "Tỉnh Novosibirsk",
        "categories": [
          "church"
        ],
        "rating": 4.5,
        "reviews": 215,
        "short": "Nhà thờ Alexander Nevsky là một trong những công trình bằng đá đầu tiên và là biểu tượng tâm linh của Novosibirsk. Ngôi thánh đường gạch đỏ theo phong cách Tân Byzantine mang vẻ đẹp trang nghiêm bên đầu đại lộ Krasny Prospekt.",
        "yandex": "https://yandex.com/maps/?pt=82.9202,55.0183&z=17&l=map",
        "google": "https://www.google.com/maps/search/?api=1&query=55.0183,82.9202",
        "photo": "https://commons.wikimedia.org/wiki/Special:FilePath/Alexander%20Nevsky%20Cathedral%20Novosibirsk%2002.JPG",
        "status": "enriched"
      }
    },
    {
      "type": "Feature",
      "geometry": {
        "type": "Point",
        "coordinates": [
          82.98889,
          54.84917
        ]
      },
      "properties": {
        "id": "novosibirsk-ob-reservoir-sea",
        "name_vi": "Hồ chứa Novosibirsk – 'Biển Ob' (Ốp-xcôi-e Mô-rê)",
        "name_ru": "Новосибирское водохранилище (Обское море)",
        "name_en": "Novosibirsk Reservoir (Ob Sea)",
        "region": "Tỉnh Novosibirsk",
        "categories": [
          "park_garden"
        ],
        "rating": null,
        "reviews": null,
        "short": "Được người dân trìu mến gọi là 'biển Ob', hồ chứa Novosibirsk là mặt nước nhân tạo khổng lồ trải dài 200 km bên rìa thành phố. Mùa hè, đây là thiên đường tắm biển, du thuyền và nghỉ dưỡng của người Siberia.",
        "yandex": "https://yandex.com/maps/?pt=82.98889,54.84917&z=17&l=map",
        "google": "https://www.google.com/maps/search/?api=1&query=54.84917,82.98889",
        "photo": "https://commons.wikimedia.org/wiki/Special:FilePath/Russia-novosibirsk-lake.JPG",
        "status": "enriched"
      }
    },
    {
      "type": "Feature",
      "geometry": {
        "type": "Point",
        "coordinates": [
          83.076008,
          54.869157
        ]
      },
      "properties": {
        "id": "novosibirsk-west-siberian-railway-museum",
        "name_vi": "Bảo tàng Kỹ thuật Đường sắt Novosibirsk (Mu-dây Giê-lê-dô-rô-giơ-nôi Tếch-ni-ki, ga Xê-ia-ten)",
        "name_ru": "Музей железнодорожной техники им. Н. А. Акулинина",
        "name_en": "Novosibirsk Museum of Railway Technology (named after N. A. Akulinin)",
        "region": "Tỉnh Novosibirsk",
        "categories": [
          "museum"
        ],
        "rating": 4.6,
        "reviews": 1358,
        "short": "Bảo tàng Kỹ thuật Đường sắt Novosibirsk là bảo tàng ngoài trời trưng bày hàng trăm đầu máy và toa xe qua các thời kỳ, bên ga Seyatel. Đây là một trong những bảo tàng giao thông lớn nhất nước Nga, thiên đường cho người mê tàu hỏa.",
        "yandex": "https://yandex.com/maps/?pt=83.076008,54.869157&z=17&l=map",
        "google": "https://www.google.com/maps/search/?api=1&query=54.869157,83.076008",
        "photo": "https://commons.wikimedia.org/wiki/Special:FilePath/%D0%92%D0%9B60%D0%9A-649%2C%20%D0%A0%D0%BE%D1%81%D1%81%D0%B8%D1%8F%2C%20%D0%9D%D0%BE%D0%B2%D0%BE%D1%81%D0%B8%D0%B1%D0%B8%D1%80%D1%81%D0%BA%D0%B0%D1%8F%20%D0%BE%D0%B1%D0%BB%D0%B0%D1%81%D1%82%D1%8C%2C%20%D0%9C%D0%96%D0%A2%20%D0%BD%D0%B0%20%D1%81%D1%82%D0%B0%D0%BD%D1%86%D0%B8%D0%B8%20%D0%A1%D0%B5%D1%8F%D1%82%D0%B5%D0%BB%D1%8C%20%28Trainpix%2012814%29.jpg",
        "status": "enriched"
      }
    },
    {
      "type": "Feature",
      "geometry": {
        "type": "Point",
        "coordinates": [
          83.10655,
          54.848675
        ]
      },
      "properties": {
        "id": "novosibirsk-monument-laboratory-mouse",
        "name_vi": "Tượng đài Chú chuột Thí nghiệm (Pa-mi-át-nhích La-bô-ra-tor-nôi Mư-si)",
        "name_ru": "Памятник лабораторной мыши",
        "name_en": "Monument to the Laboratory Mouse",
        "region": "Tỉnh Novosibirsk",
        "categories": [
          "monument"
        ],
        "rating": 4.6,
        "reviews": 109,
        "short": "Tượng đài Chú chuột Thí nghiệm ở Akademgorodok là một trong những tượng đài khoa học độc đáo nhất thế giới. Chú chuột đeo kính, tay đan sợi ADN, tri ân loài vật đã hi sinh cho nghiên cứu di truyền.",
        "yandex": "https://yandex.com/maps/?pt=83.10655,54.848675&z=17&l=map",
        "google": "https://www.google.com/maps/search/?api=1&query=54.848675,83.10655",
        "photo": "https://commons.wikimedia.org/wiki/Special:FilePath/Monument%20to%20lab%20mouse-4.JPG",
        "status": "enriched"
      }
    },
    {
      "type": "Feature",
      "geometry": {
        "type": "Point",
        "coordinates": [
          73.36713,
          54.990178
        ]
      },
      "properties": {
        "id": "omsk-omsk-dormition-cathedral",
        "name_vi": "Nhà thờ Chính tòa Đức Mẹ An Giấc Omsk (U-xpen-xki xô-bo)",
        "name_ru": "Успенский кафедральный собор",
        "name_en": "Dormition (Assumption) Cathedral, Omsk",
        "region": "Tỉnh Omsk",
        "categories": [
          "church"
        ],
        "rating": 4.8,
        "reviews": 660,
        "short": "Nhà thờ Chính tòa Đức Mẹ An Giấc là ngôi thánh đường Chính Thống giáo lộng lẫy nhất Omsk, nổi bật giữa Quảng trường Nhà thờ với những mái vòm nhiều màu rực rỡ. Được xây lại nguyên bản đầu thế kỷ 21, đây vừa là biểu tượng tâm linh vừa là điểm hẹn quen thuộc của người dân thành phố.",
        "yandex": "https://yandex.com/maps/?pt=73.36713,54.990178&z=17&l=map",
        "google": "https://www.google.com/maps/search/?api=1&query=54.990178,73.36713",
        "photo": "https://commons.wikimedia.org/wiki/Special:FilePath/Dormition%20Cathedral%20in%20Omsk.jpg",
        "status": "enriched"
      }
    },
    {
      "type": "Feature",
      "geometry": {
        "type": "Point",
        "coordinates": [
          73.374308,
          54.985928
        ]
      },
      "properties": {
        "id": "omsk-lyubinsky-avenue",
        "name_vi": "Đại lộ Lyubinsky (Liu-bin-xki, nay là phố Lenin)",
        "name_ru": "Любинский проспект (улица Ленина)",
        "name_en": "Lyubinsky Avenue (Lenin Street)",
        "region": "Tỉnh Omsk",
        "categories": [
          "square_street"
        ],
        "rating": 4.9,
        "reviews": 17,
        "short": "Đại lộ Lyubinsky - đoạn lịch sử của phố Lenin - là trái tim cổ kính của Omsk, nơi những dãy nhà thương gia thế kỷ 19 nối nhau khoe kiến trúc cổ điển. Con phố đi bộ này gắn với truyền thuyết về nàng Lyuba và bức tượng 'Lyubochka' duyên dáng đã thành biểu tượng thành phố.",
        "yandex": "https://yandex.com/maps/?pt=73.374308,54.985928&z=17&l=map",
        "google": "https://www.google.com/maps/search/?api=1&query=54.985928,73.374308",
        "photo": null,
        "status": "enriched"
      }
    },
    {
      "type": "Feature",
      "geometry": {
        "type": "Point",
        "coordinates": [
          73.362759,
          54.985534
        ]
      },
      "properties": {
        "id": "omsk-omsk-fortress",
        "name_vi": "Pháo đài Omsk (Om-xkaia krê-pôxt)",
        "name_ru": "Омская крепость",
        "name_en": "Omsk Fortress",
        "region": "Tỉnh Omsk",
        "categories": [
          "fortress"
        ],
        "rating": 4.9,
        "reviews": 673,
        "short": "Pháo đài Omsk là nơi khai sinh ra thành phố, một quần thể lịch sử - văn hóa bên hợp lưu sông Om và Irtysh. Tại đây còn lưu giữ Cổng Tobolsk cổ kính cùng ký ức về những năm tù khổ sai của văn hào Dostoevsky.",
        "yandex": "https://yandex.com/maps/?pt=73.362759,54.985534&z=17&l=map",
        "google": "https://www.google.com/maps/search/?api=1&query=54.985534,73.362759",
        "photo": "https://commons.wikimedia.org/wiki/Special:FilePath/Omsk%20fortress%20view%20from%20Tobolsk%20Gate.jpg",
        "status": "enriched"
      }
    },
    {
      "type": "Feature",
      "geometry": {
        "type": "Point",
        "coordinates": [
          73.368708,
          54.983665
        ]
      },
      "properties": {
        "id": "omsk-dostoevsky-literary-museum-omsk",
        "name_vi": "Bảo tàng Văn học Quốc gia Omsk mang tên F. M. Dostoevsky (Đa-xtôi-ep-xki)",
        "name_ru": "Омский государственный литературный музей имени Ф. М. Достоевского",
        "name_en": "Omsk State Literary Museum named after F. M. Dostoevsky",
        "region": "Tỉnh Omsk",
        "categories": [
          "museum"
        ],
        "rating": 4.7,
        "reviews": 218,
        "short": "Bảo tàng Văn học mang tên Dostoevsky là bảo tàng văn chương lâu đời của Omsk, đặt trong ngôi nhà viên chỉ huy pháo đài cuối thế kỷ 18 - một trong những công trình đá cổ nhất thành phố. Nơi đây kể lại những năm tù khổ sai của Dostoevsky ở Omsk và tôn vinh văn học Siberia.",
        "yandex": "https://yandex.com/maps/?pt=73.368708,54.983665&z=17&l=map",
        "google": "https://www.google.com/maps/search/?api=1&query=54.983665,73.368708",
        "photo": "https://commons.wikimedia.org/wiki/Special:FilePath/%D0%94%D0%BE%D0%BC%20%D0%BA%D0%BE%D0%BC%D0%B5%D0%BD%D0%B4%D0%B0%D0%BD%D1%82%D0%BE%D0%B2%20%D0%9E%D0%BC%D1%81%D0%BA%D0%BE%D0%B9%20%D0%BA%D1%80%D0%B5%D0%BF%D0%BE%D1%81%D1%82%D0%B8%203.JPG",
        "status": "enriched"
      }
    },
    {
      "type": "Feature",
      "geometry": {
        "type": "Point",
        "coordinates": [
          73.343572,
          54.973006
        ]
      },
      "properties": {
        "id": "omsk-ptichya-gavan-park",
        "name_vi": "Công viên Tự nhiên 'Vịnh Chim' (Ptichya Gavan - Ptí-tra Ga-van)",
        "name_ru": "Природный парк «Птичья гавань»",
        "name_en": "Ptichya Gavan Natural Park (Bird Harbour)",
        "region": "Tỉnh Omsk",
        "categories": [
          "park_garden"
        ],
        "rating": 4.8,
        "reviews": 2035,
        "short": "'Vịnh Chim' (Ptichya Gavan) là công viên tự nhiên độc đáo nằm ngay trong lòng Omsk, nơi trú ngụ của hàng trăm loài chim di cư và bản địa. Với hệ hồ nước, đường mòn sinh thái và khu nuôi chim, đây là ốc đảo thiên nhiên yên bình giữa đô thị.",
        "yandex": "https://yandex.com/maps/?pt=73.343572,54.973006&z=17&l=map",
        "google": "https://www.google.com/maps/search/?api=1&query=54.973006,73.343572",
        "photo": "https://commons.wikimedia.org/wiki/Special:FilePath/%D0%9F%D1%82%D0%B8%D1%87%D1%8C%D1%8F%20%D0%B3%D0%B0%D0%B2%D0%B0%D0%BD%D1%8C%20%D0%B2%20%D0%9E%D0%BC%D1%81%D0%BA%D0%B5.JPG",
        "status": "enriched"
      }
    },
    {
      "type": "Feature",
      "geometry": {
        "type": "Point",
        "coordinates": [
          73.818308,
          54.668736
        ]
      },
      "properties": {
        "id": "omsk-achair-monastery",
        "name_vi": "Tu viện Thánh Giá Achair (A-trai-rơ-xki)",
        "name_ru": "Ачаирский монастырь (Ачаирский женский монастырь Честного Креста Господня)",
        "name_en": "Achair Monastery (Achair Cross Convent)",
        "region": "Tỉnh Omsk",
        "categories": [
          "church"
        ],
        "rating": 4.8,
        "reviews": 462,
        "short": "Tu viện Thánh Giá Achair là quần thể tu viện nữ với những mái vòm xanh - vàng nổi bật giữa thảo nguyên bên sông Irtysh, cách Omsk khoảng 50 km về phía nam. Nơi đây nổi tiếng với suối khoáng nóng linh thiêng và câu chuyện bi tráng về vùng đất từng là trại lao cải.",
        "yandex": "https://yandex.com/maps/?pt=73.818308,54.668736&z=17&l=map",
        "google": "https://www.google.com/maps/search/?api=1&query=54.668736,73.818308",
        "photo": null,
        "status": "enriched"
      }
    },
    {
      "type": "Feature",
      "geometry": {
        "type": "Point",
        "coordinates": [
          73.372877,
          54.988198
        ]
      },
      "properties": {
        "id": "omsk-vrubel-museum-of-fine-arts",
        "name_vi": "Bảo tàng Mỹ thuật Vùng Omsk mang tên M. A. Vrubel (Vru-ben)",
        "name_ru": "Омский областной музей изобразительных искусств имени М. А. Врубеля",
        "name_en": "Omsk Regional Museum of Fine Arts named after M. A. Vrubel",
        "region": "Tỉnh Omsk",
        "categories": [
          "museum"
        ],
        "rating": 4.8,
        "reviews": 889,
        "short": "Bảo tàng Mỹ thuật mang tên M. A. Vrubel là bảo tàng nghệ thuật lớn và lâu đời bậc nhất Siberia, với bộ sưu tập khoảng 27.000 hiện vật. Bảo tàng vinh danh danh họa Mikhail Vrubel - người sinh ra tại chính Omsk - và trưng bày trong hai tòa nhà lịch sử trên phố Lenin.",
        "yandex": "https://yandex.com/maps/?pt=73.372877,54.988198&z=17&l=map",
        "google": "https://www.google.com/maps/search/?api=1&query=54.988198,73.372877",
        "photo": "https://commons.wikimedia.org/wiki/Special:FilePath/Omsk%20Vrubel%20Museum.jpg",
        "status": "enriched"
      }
    },
    {
      "type": "Feature",
      "geometry": {
        "type": "Point",
        "coordinates": [
          55.107048,
          51.753348
        ]
      },
      "properties": {
        "id": "orenburg-orenburg-europe-asia-bridge",
        "name_vi": "Cầu đi bộ Âu - Á bắc qua sông Ural (Most Evropa-Aziya)",
        "name_ru": "Пешеходный мост «Европа — Азия»",
        "name_en": "Europe-Asia Pedestrian Bridge",
        "region": "Tỉnh Orenburg",
        "categories": [
          "monument"
        ],
        "rating": 4.8,
        "reviews": 228,
        "short": "Cây cầu đi bộ nổi tiếng bắc qua sông Ural, nối liền hai lục địa Âu và Á ngay giữa lòng Orenburg. Trên mặt cầu có cột mốc tượng trưng đánh dấu ranh giới địa lý giữa châu Âu và châu Á.",
        "yandex": "https://yandex.com/maps/?pt=55.107048,51.753348&z=17&l=map",
        "google": "https://www.google.com/maps/search/?api=1&query=51.753348,55.107048",
        "photo": "https://commons.wikimedia.org/wiki/Special:FilePath/Orenburg%20Ural%20bridge%20frontview.jpg",
        "status": "enriched"
      }
    },
    {
      "type": "Feature",
      "geometry": {
        "type": "Point",
        "coordinates": [
          55.093111,
          51.77145
        ]
      },
      "properties": {
        "id": "orenburg-caravanserai-orenburg",
        "name_vi": "Karavan-Saray - Quần thể kiến trúc Bashkir (Karavan-Saray)",
        "name_ru": "Караван-Сарай",
        "name_en": "Orenburg Caravanserai",
        "region": "Tỉnh Orenburg",
        "categories": [
          "monument",
          "church"
        ],
        "rating": 4.6,
        "reviews": 15,
        "short": "Quần thể kiến trúc độc đáo giữa thế kỷ 19, từng là 'ngôi nhà chung' và trung tâm tinh thần của người Bashkir tại Orenburg. Điểm nhấn là thánh đường Hồi giáo với ngọn tháp minaret cao vút, mang đậm dấu ấn phương Đông.",
        "yandex": "https://yandex.com/maps/?pt=55.093111,51.77145&z=17&l=map",
        "google": "https://www.google.com/maps/search/?api=1&query=51.77145,55.093111",
        "photo": "https://commons.wikimedia.org/wiki/Special:FilePath/%D0%9E%D1%80%D0%B5%D0%BD%D0%B1%D1%83%D1%80%D0%B3%D1%81%D0%BA%D0%B8%D0%B9%20%D0%9A%D0%B0%D1%80%D0%B0%D0%B2%D0%B0%D0%BD-%D0%A1%D0%B0%D1%80%D0%B0%D0%B9%20%28%D0%BE%D1%81%D0%BD%D0%BE%D0%B2%D0%BD%D0%BE%D0%B9%20%D0%BA%D0%BE%D1%80%D0%BF%D1%83%D1%81%29%2001.jpg",
        "status": "enriched"
      }
    },
    {
      "type": "Feature",
      "geometry": {
        "type": "Point",
        "coordinates": [
          54.9903,
          51.1631
        ]
      },
      "properties": {
        "id": "orenburg-sol-iletsk-salt-lakes",
        "name_vi": "Hồ nước mặn Sol-Iletsk - hồ Razval (Solyonye ozyora, ozero Razval)",
        "name_ru": "Солёные озёра Соль-Илецка (озеро Развал)",
        "name_en": "Sol-Iletsk Salt Lakes (Lake Razval)",
        "region": "Tỉnh Orenburg",
        "categories": [
          "park_garden",
          "other"
        ],
        "rating": null,
        "reviews": null,
        "short": "Cụm hồ nước mặn và bùn khoáng chữa bệnh nổi tiếng, thường được gọi là 'Biển Chết của nước Nga'. Ngôi sao là hồ Razval mặn đến mức người tắm nổi bồng bềnh mà không cần cử động.",
        "yandex": "https://yandex.com/maps/?pt=54.9903,51.1631&z=17&l=map",
        "google": "https://www.google.com/maps/search/?api=1&query=51.1631,54.9903",
        "photo": "https://commons.wikimedia.org/wiki/Special:FilePath/%D0%A1%D0%BE%D0%BB%D1%8C-%D0%98%D0%BB%D0%B5%D1%86%D0%BA%20-%20panoramio%20%283%29.jpg",
        "status": "enriched"
      }
    },
    {
      "type": "Feature",
      "geometry": {
        "type": "Point",
        "coordinates": [
          52.031336,
          52.941522
        ]
      },
      "properties": {
        "id": "orenburg-buzuluksky-bor",
        "name_vi": "Vườn quốc gia Buzuluksky Bor - rừng thông Buzuluk (Buzulukskiy Bor)",
        "name_ru": "Национальный парк «Бузулукский бор»",
        "name_en": "Buzuluksky Bor National Park",
        "region": "Tỉnh Orenburg",
        "categories": [
          "park_garden"
        ],
        "rating": null,
        "reviews": null,
        "short": "'Ốc đảo' rừng thông rộng hơn 1.000 km² giữa vùng thảo nguyên, trải trên ranh giới hai tỉnh Orenburg và Samara. Nơi đây có những cây thông cổ thụ hàng trăm năm tuổi và hệ sinh thái quý hiếm.",
        "yandex": "https://yandex.com/maps/?pt=52.031336,52.941522&z=17&l=map",
        "google": "https://www.google.com/maps/search/?api=1&query=52.941522,52.031336",
        "photo": "https://commons.wikimedia.org/wiki/Special:FilePath/Buzuluksky%20Bor%20national%20park.jpg",
        "status": "enriched"
      }
    },
    {
      "type": "Feature",
      "geometry": {
        "type": "Point",
        "coordinates": [
          55.098024,
          51.762075
        ]
      },
      "properties": {
        "id": "orenburg-orenburg-museum-fine-arts",
        "name_vi": "Bảo tàng Mỹ thuật tỉnh Orenburg - nơi trưng bày Khăn lông cừu Orenburg (Muzey izobrazitelnykh iskusstv)",
        "name_ru": "Оренбургский областной музей изобразительных искусств",
        "name_en": "Orenburg Regional Museum of Fine Arts",
        "region": "Tỉnh Orenburg",
        "categories": [
          "museum",
          "other"
        ],
        "rating": null,
        "reviews": null,
        "short": "Bảo tàng mỹ thuật hàng đầu của Orenburg, trưng bày tranh tượng Nga - châu Âu và di sản trứ danh 'Khăn lông cừu Orenburg'. Những chiếc khăn đan tay mỏng đến mức có thể luồn qua một chiếc nhẫn.",
        "yandex": "https://yandex.com/maps/?pt=55.098024,51.762075&z=17&l=map",
        "google": "https://www.google.com/maps/search/?api=1&query=51.762075,55.098024",
        "photo": null,
        "status": "enriched"
      }
    },
    {
      "type": "Feature",
      "geometry": {
        "type": "Point",
        "coordinates": [
          55.1049,
          51.7546
        ]
      },
      "properties": {
        "id": "orenburg-orenburg-history-museum",
        "name_vi": "Bảo tàng Lịch sử Orenburg (Muzey istorii Orenburga)",
        "name_ru": "Музей истории Оренбурга",
        "name_en": "Museum of History of Orenburg",
        "region": "Tỉnh Orenburg",
        "categories": [
          "museum",
          "monument"
        ],
        "rating": null,
        "reviews": null,
        "short": "Bảo tàng lịch sử thành phố nằm trong tòa nhà tân Gothic năm 1856 bên bờ kè sông Ural, có tháp đồng hồ đặc trưng. Nơi đây lưu giữ hơn 8.000 hiện vật kể chuyện hình thành và phát triển của Orenburg.",
        "yandex": "https://yandex.com/maps/?pt=55.1049,51.7546&z=17&l=map",
        "google": "https://www.google.com/maps/search/?api=1&query=51.7546,55.1049",
        "photo": null,
        "status": "enriched"
      }
    },
    {
      "type": "Feature",
      "geometry": {
        "type": "Point",
        "coordinates": [
          58.478449,
          51.232494
        ]
      },
      "properties": {
        "id": "orenburg-orsk-preobrazhenskaya-hill",
        "name_vi": "Đồi Preobrazhenskaya (Đồi Chúa Biến Hình), Phố Cổ Orsk (Gora Preobrazhenskaya)",
        "name_ru": "Преображенская гора (Орск, Старый город)",
        "name_en": "Preobrazhenskaya Hill, Orsk Old Town",
        "region": "Tỉnh Orenburg",
        "categories": [
          "monument",
          "church"
        ],
        "rating": null,
        "reviews": null,
        "short": "Ngọn đồi lịch sử ở Phố Cổ Orsk - nơi đặt nền móng pháo đài Orenburg đầu tiên năm 1735. Trên đỉnh có nhà thờ Chúa Biến Hình và điểm ngắm toàn cảnh thành phố cùng sông Ural.",
        "yandex": "https://yandex.com/maps/?pt=58.478449,51.232494&z=17&l=map",
        "google": "https://www.google.com/maps/search/?api=1&query=51.232494,58.478449",
        "photo": "https://commons.wikimedia.org/wiki/Special:FilePath/Orsk%20from%20viewpoint%2005.jpg",
        "status": "enriched"
      }
    },
    {
      "type": "Feature",
      "geometry": {
        "type": "Point",
        "coordinates": [
          36.633695,
          53.37371
        ]
      },
      "properties": {
        "id": "oryol-spasskoye-lutovinovo",
        "name_vi": "Điền trang - Bảo tàng Turgenev Spasskoye-Lutovinovo (Xpát-xcô-e Lu-tô-vi-nô-vô)",
        "name_ru": "Спасское-Лутовиново",
        "name_en": "Spasskoye-Lutovinovo — Turgenev Estate-Museum",
        "region": "Tỉnh Oryol",
        "categories": [
          "museum",
          "park_garden"
        ],
        "rating": 4.7,
        "reviews": 76,
        "short": "Spasskoye-Lutovinovo là điền trang gia đình nơi đại văn hào Ivan Turgenev lớn lên và viết nên nhiều kiệt tác. Ngày nay, quần thể trở thành bảo tàng - khu bảo tồn quốc gia với ngôi nhà gỗ phục dựng, nhà thờ nhỏ và công viên cổ thụ trải rộng bên những mặt hồ phẳng lặng.",
        "yandex": "https://yandex.com/maps/?pt=36.633695,53.37371&z=17&l=map",
        "google": "https://www.google.com/maps/search/?api=1&query=53.37371,36.633695",
        "photo": "https://commons.wikimedia.org/wiki/Special:FilePath/Spasskoye-Lutovinovo1.JPG",
        "status": "enriched"
      }
    },
    {
      "type": "Feature",
      "geometry": {
        "type": "Point",
        "coordinates": [
          36.061168,
          52.967179
        ]
      },
      "properties": {
        "id": "oryol-turgenev-literary-museum-oryol",
        "name_vi": "Bảo tàng Văn học Quốc gia I.S. Turgenev, Oryol (Tuốc-ghê-nhép)",
        "name_ru": "Музей И.С. Тургенева",
        "name_en": "Oryol United State Literary Museum of I.S. Turgenev",
        "region": "Tỉnh Oryol",
        "categories": [
          "museum"
        ],
        "rating": 4.4,
        "reviews": 21,
        "short": "Đây là hạt nhân của Bảo tàng Văn học Quốc gia Oryol, một trong những bảo tàng văn học lâu đời nhất nước Nga, thành lập năm 1918. Bảo tàng dành trọn cho cuộc đời và sự nghiệp của Ivan Turgenev, người con nổi tiếng của vùng Oryol.",
        "yandex": "https://yandex.com/maps/?pt=36.061168,52.967179&z=17&l=map",
        "google": "https://www.google.com/maps/search/?api=1&query=52.967179,36.061168",
        "photo": "https://commons.wikimedia.org/wiki/Special:FilePath/%D0%A3%D0%BB.%D0%A2%D1%83%D1%80%D0%B3%D0%B5%D0%BD%D0%B5%D0%B2%D0%B0%2C%2011%20%D0%9C%D1%83%D0%B7%D0%B5%D0%B9%20%D0%98.%D0%A1.%D0%A2%D1%83%D1%80%D0%B3%D0%B5%D0%BD%D0%B5%D0%B2%D0%B0.JPG",
        "status": "enriched"
      }
    },
    {
      "type": "Feature",
      "geometry": {
        "type": "Point",
        "coordinates": [
          35.294907,
          53.255515
        ]
      },
      "properties": {
        "id": "oryol-oryol-polesie-national-park",
        "name_vi": "Vườn quốc gia Orlovskoye Polesie (Oóc-lốp-xcôi-e Pô-le-xi-e)",
        "name_ru": "Национальный парк «Орловское полесье»",
        "name_en": "Oryol Polesie National Park",
        "region": "Tỉnh Oryol",
        "categories": [
          "park_garden"
        ],
        "rating": 4.9,
        "reviews": 1641,
        "short": "Orlovskoye Polesie là vườn quốc gia rộng gần 78.000 ha ở tây bắc tỉnh Oryol, nơi giao thoa giữa rừng phương bắc và thảo nguyên rừng phương nam. Công viên nổi tiếng với quần thể bò rừng bison châu Âu tự do lớn nhất nước Nga cùng hệ sinh thái rừng, hồ và đầm lầy phong phú.",
        "yandex": "https://yandex.com/maps/?pt=35.294907,53.255515&z=17&l=map",
        "google": "https://www.google.com/maps/search/?api=1&query=53.255515,35.294907",
        "photo": "https://commons.wikimedia.org/wiki/Special:FilePath/National%20park%20Orlovskoe%20polesje.jpg",
        "status": "enriched"
      }
    },
    {
      "type": "Feature",
      "geometry": {
        "type": "Point",
        "coordinates": [
          36.069797,
          52.966055
        ]
      },
      "properties": {
        "id": "oryol-epiphany-cathedral-oryol",
        "name_vi": "Nhà thờ chính tòa Hiển Linh (Bô-gô-áp-len-xki), Oryol",
        "name_ru": "Богоявленский собор",
        "name_en": "Epiphany Cathedral, Oryol",
        "region": "Tỉnh Oryol",
        "categories": [
          "church"
        ],
        "rating": 5.0,
        "reviews": 9,
        "short": "Nhà thờ Hiển Linh là công trình tôn giáo cổ nhất còn tồn tại ở Oryol, khởi nguồn từ giữa thế kỷ 17. Tọa lạc ngay trung tâm lịch sử bên ngã ba sông Oka và Orlik, đây là một biểu tượng tâm linh và kiến trúc của thành phố.",
        "yandex": "https://yandex.com/maps/?pt=36.069797,52.966055&z=17&l=map",
        "google": "https://www.google.com/maps/search/?api=1&query=52.966055,36.069797",
        "photo": "https://commons.wikimedia.org/wiki/Special:FilePath/Epiphany%20Cathedral%20%28even%20without%20Ivan%20the%20Terrible%29%20%2829711780983%29.jpg",
        "status": "enriched"
      }
    },
    {
      "type": "Feature",
      "geometry": {
        "type": "Point",
        "coordinates": [
          35.8984,
          52.910984
        ]
      },
      "properties": {
        "id": "oryol-saburovo-fortress",
        "name_vi": "Pháo đài Saburovo (Xa-bu-rốp-xcai-a)",
        "name_ru": "Сабуровская крепость",
        "name_en": "Saburovo Fortress",
        "region": "Tỉnh Oryol",
        "categories": [
          "fortress",
          "church"
        ],
        "rating": 4.9,
        "reviews": 645,
        "short": "Pháo đài Saburovo là một điền trang - pháo đài độc đáo do dòng họ bá tước Kamensky xây dựng vào cuối thế kỷ 18. Những bức tường gạch dài cùng các tháp canh hình chóp, hình tròn còn sót lại khiến nơi đây trông như một 'điện Kremlin thu nhỏ' giữa đồng quê Oryol.",
        "yandex": "https://yandex.com/maps/?pt=35.8984,52.910984&z=17&l=map",
        "google": "https://www.google.com/maps/search/?api=1&query=52.910984,35.8984",
        "photo": null,
        "status": "enriched"
      }
    },
    {
      "type": "Feature",
      "geometry": {
        "type": "Point",
        "coordinates": [
          36.005781,
          53.441895
        ]
      },
      "properties": {
        "id": "oryol-bolkhov-historic-town",
        "name_vi": "Thị trấn cổ Bolkhov (Bôn-khốp)",
        "name_ru": "Болхов",
        "name_en": "Bolkhov historic town",
        "region": "Tỉnh Oryol",
        "categories": [
          "church",
          "square_street"
        ],
        "rating": 4.8,
        "reviews": 17,
        "short": "Bolkhov là thị trấn cổ hơn 800 năm tuổi ở phía bắc tỉnh Oryol, từng được mệnh danh là 'thành phố của các nhà thờ'. Với hàng chục thánh đường và kiến trúc thương nhân thế kỷ 18–19 gần như còn nguyên vẹn, nơi đây được xem như một bảo tàng lộ thiên về nước Nga xưa.",
        "yandex": "https://yandex.com/maps/?pt=36.005781,53.441895&z=17&l=map",
        "google": "https://www.google.com/maps/search/?api=1&query=53.441895,36.005781",
        "photo": "https://commons.wikimedia.org/wiki/Special:FilePath/Church%20of%20the%20Transfiguration%20%28Bolkhov%29.JPG",
        "status": "enriched"
      }
    },
    {
      "type": "Feature",
      "geometry": {
        "type": "Point",
        "coordinates": [
          36.060825,
          52.96597
        ]
      },
      "properties": {
        "id": "oryol-bunin-museum-oryol",
        "name_vi": "Bảo tàng I.A. Bunin, Oryol (Bu-nhin)",
        "name_ru": "Музей И.А. Бунина",
        "name_en": "I.A. Bunin Museum, Oryol",
        "region": "Tỉnh Oryol",
        "categories": [
          "museum"
        ],
        "rating": 4.0,
        "reviews": 15,
        "short": "Bảo tàng dành riêng cho Ivan Bunin — nhà văn Nga đầu tiên đoạt giải Nobel Văn học năm 1933. Qua bảy gian trưng bày, bảo tàng tái hiện cuộc đời đầy trắc trở của ông, từ tuổi trẻ ở Oryol đến những năm lưu vong tại Pháp.",
        "yandex": "https://yandex.com/maps/?pt=36.060825,52.96597&z=17&l=map",
        "google": "https://www.google.com/maps/search/?api=1&query=52.96597,36.060825",
        "photo": null,
        "status": "enriched"
      }
    },
    {
      "type": "Feature",
      "geometry": {
        "type": "Point",
        "coordinates": [
          36.063918,
          52.953209
        ]
      },
      "properties": {
        "id": "oryol-oryol-military-history-museum",
        "name_vi": "Bảo tàng Lịch sử - Quân sự Oryol (bảo tàng tranh toàn cảnh diorama)",
        "name_ru": "Военно-исторический музей",
        "name_en": "Oryol Military-History Museum",
        "region": "Tỉnh Oryol",
        "categories": [
          "museum"
        ],
        "rating": 4.8,
        "reviews": 1052,
        "short": "Bảo tàng Lịch sử - Quân sự Oryol nổi tiếng với bức tranh toàn cảnh khổng lồ về trận đánh giải phóng thành phố mùa hè năm 1943. Đây là nơi lưu giữ ký ức Chiến tranh Vệ quốc Vĩ đại và truyền thống quân sự của vùng đất Oryol.",
        "yandex": "https://yandex.com/maps/?pt=36.063918,52.953209&z=17&l=map",
        "google": "https://www.google.com/maps/search/?api=1&query=52.953209,36.063918",
        "photo": null,
        "status": "enriched"
      }
    },
    {
      "type": "Feature",
      "geometry": {
        "type": "Point",
        "coordinates": [
          43.9086,
          53.0847
        ]
      },
      "properties": {
        "id": "penza-tarkhany-lermontov-estate",
        "name_vi": "Khu bảo tồn - điền trang Lermontov “Tarkhany” (Tác-kha-nư)",
        "name_ru": "Государственный Лермонтовский музей-заповедник «Тарханы»",
        "name_en": "State Lermontov Museum-Reserve Tarkhany",
        "region": "Tỉnh Penza",
        "categories": [
          "museum",
          "park_garden",
          "church"
        ],
        "rating": null,
        "reviews": null,
        "short": "Tarkhany là điền trang tuổi thơ của đại thi hào Nga Mikhail Lermontov, nay trở thành bảo tàng - khu bảo tồn văn học nổi tiếng bậc nhất nước Nga. Ngôi nhà chủ, nhà thờ cổ, hồ nước và công viên rộng lớn tái hiện trọn vẹn không gian quý tộc thế kỷ 19 nơi nhà thơ lớn lên và an nghỉ.",
        "yandex": "https://yandex.com/maps/?pt=43.9086,53.0847&z=17&l=map",
        "google": "https://www.google.com/maps/search/?api=1&query=53.0847,43.9086",
        "photo": "https://commons.wikimedia.org/wiki/Special:FilePath/Tarkhany%20%D0%90%D0%B2%D0%B3%D1%83%D1%81%D1%82%202008%20049.jpg",
        "status": "enriched"
      }
    },
    {
      "type": "Feature",
      "geometry": {
        "type": "Point",
        "coordinates": [
          45.0192,
          53.1832
        ]
      },
      "properties": {
        "id": "penza-museum-of-one-painting",
        "name_vi": "Bảo tàng Một Bức Tranh (Mu-dây ốt-nôi các-ti-nư)",
        "name_ru": "Музей одной картины им. Г.В. Мясникова",
        "name_en": "Museum of One Painting",
        "region": "Tỉnh Penza",
        "categories": [
          "museum"
        ],
        "rating": null,
        "reviews": null,
        "short": "Bảo tàng Một Bức Tranh ở Penza là bảo tàng độc đáo hiếm có trên thế giới: mỗi đợt chỉ trưng bày duy nhất một kiệt tác hội họa. Khán giả ngồi trong khán phòng, xem phần thuyết minh bằng âm thanh - ánh sáng do các nghệ sĩ nổi tiếng lồng tiếng, rồi tấm màn được kéo lên để chiêm ngưỡng bức tranh.",
        "yandex": "https://yandex.com/maps/?pt=45.0192,53.1832&z=17&l=map",
        "google": "https://www.google.com/maps/search/?api=1&query=53.1832,45.0192",
        "photo": "https://commons.wikimedia.org/wiki/Special:FilePath/Muzeum1kartiny.jpg",
        "status": "enriched"
      }
    },
    {
      "type": "Feature",
      "geometry": {
        "type": "Point",
        "coordinates": [
          45.0166,
          53.1849
        ]
      },
      "properties": {
        "id": "penza-penza-picture-gallery-savitsky",
        "name_vi": "Bảo tàng Mỹ thuật Penza mang tên K.A. Savitsky (Xa-vít-xki)",
        "name_ru": "Пензенская областная картинная галерея им. К.А. Савицкого",
        "name_en": "Penza Regional Art Gallery named after K.A. Savitsky",
        "region": "Tỉnh Penza",
        "categories": [
          "museum"
        ],
        "rating": 4.5,
        "reviews": null,
        "short": "Bảo tàng Mỹ thuật Penza mang tên K.A. Savitsky là một trong những phòng tranh vùng miền giàu có và uy tín nhất nước Nga. Bộ sưu tập trải dài từ hội họa Nga thế kỷ 18-20 đến nghệ thuật Tây Âu, được trưng bày trong tòa nhà cổ kính nguyên là Ngân hàng Ruộng đất Nông dân.",
        "yandex": "https://yandex.com/maps/?pt=45.0166,53.1849&z=17&l=map",
        "google": "https://www.google.com/maps/search/?api=1&query=53.1849,45.0166",
        "photo": null,
        "status": "enriched"
      }
    },
    {
      "type": "Feature",
      "geometry": {
        "type": "Point",
        "coordinates": [
          45.2888,
          53.0844
        ]
      },
      "properties": {
        "id": "penza-zolotarevskoye-gorodishche",
        "name_vi": "Di chỉ thành lũy cổ Zolotaryovskoye (Dô-lô-ta-riốp-x-côi-e gô-rô-đi-sê)",
        "name_ru": "Золотарёвское городище",
        "name_en": "Zolotarevskoye Gorodishche (medieval hillfort)",
        "region": "Tỉnh Penza",
        "categories": [
          "fortress",
          "museum"
        ],
        "rating": null,
        "reviews": null,
        "short": "Thành cổ Zolotaryovskoye là một di chỉ khảo cổ độc đáo bên rừng Penza - nơi từng là thành lũy sầm uất trên tuyến thương mại cổ, bị đạo quân Mông Cổ của Batu Khan san phẳng năm 1237. Được ví như “thành Troy của nước Nga”, đây là một trong những chiến địa thời trung cổ được bảo tồn nguyên vẹn bậc nhất.",
        "yandex": "https://yandex.com/maps/?pt=45.2888,53.0844&z=17&l=map",
        "google": "https://www.google.com/maps/search/?api=1&query=53.0844,45.2888",
        "photo": null,
        "status": "enriched"
      }
    },
    {
      "type": "Feature",
      "geometry": {
        "type": "Point",
        "coordinates": [
          43.779094,
          53.858615
        ]
      },
      "properties": {
        "id": "penza-narovchat",
        "name_vi": "Tu viện hang động Skanov ở Narovchat (Xca-nốp, Na-rốp-chát)",
        "name_ru": "Наровчатский пещерный монастырь (Сканов пещерный мужской монастырь)",
        "name_en": "Narovchat Cave Monastery (Skanov Caves)",
        "region": "Tỉnh Penza",
        "categories": [
          "church",
          "other"
        ],
        "rating": null,
        "reviews": null,
        "short": "Gần thị trấn cổ Narovchat, tu viện hang động Skanov là một mê cung đường hầm do các tu sĩ đào trong lòng đồi cát, dài hơn cả hang động của Tu viện Kiev-Pechersk lừng danh. Ba tầng hang mát lạnh với hàng chục phòng tu, nhà nguyện và mộ phần tạo nên một điểm hành hương huyền bí.",
        "yandex": "https://yandex.com/maps/?pt=43.779094,53.858615&z=17&l=map",
        "google": "https://www.google.com/maps/search/?api=1&query=53.858615,43.779094",
        "photo": "https://commons.wikimedia.org/wiki/Special:FilePath/Troice-scanov%20monastery%20DSC08705.jpg",
        "status": "enriched"
      }
    },
    {
      "type": "Feature",
      "geometry": {
        "type": "Point",
        "coordinates": [
          45.0246,
          53.1793
        ]
      },
      "properties": {
        "id": "penza-monument-first-settler-penza",
        "name_vi": "Tượng đài Người Định Cư Đầu Tiên (Per-vô-pô-xê-le-nhét)",
        "name_ru": "Памятник «Первопоселенец»",
        "name_en": "Monument to the First Settler",
        "region": "Tỉnh Penza",
        "categories": [
          "monument"
        ],
        "rating": null,
        "reviews": null,
        "short": "Tượng đài “Người Định Cư Đầu Tiên” là một trong những biểu tượng của thành phố Penza, tôn vinh những người khai hoang lập nên pháo đài Penza năm 1663. Bức tượng đồng khắc họa một người đàn ông cùng con ngựa - một tay cầm giáo, một tay tì lên lưỡi cày - tượng trưng cho người vừa là chiến binh vừa là nông dân.",
        "yandex": "https://yandex.com/maps/?pt=45.0246,53.1793&z=17&l=map",
        "google": "https://www.google.com/maps/search/?api=1&query=53.1793,45.0246",
        "photo": "https://commons.wikimedia.org/wiki/Special:FilePath/%D0%9F%D0%B0%D0%BC%D1%8F%D1%82%D0%BD%D0%B8%D0%BA%20%D0%9F%D0%B5%D1%80%D0%B2%D0%BE%D0%BF%D0%BE%D1%81%D0%B5%D0%BB%D0%B5%D0%BD%D1%86%D1%83%2C%20%D0%9F%D0%B5%D0%BD%D0%B7%D0%B0.jpg",
        "status": "enriched"
      }
    },
    {
      "type": "Feature",
      "geometry": {
        "type": "Point",
        "coordinates": [
          45.0186,
          53.1836
        ]
      },
      "properties": {
        "id": "penza-spassky-cathedral-penza",
        "name_vi": "Nhà thờ Chính tòa Spassky (Xpát-xki - Đấng Cứu Thế Nhân Từ)",
        "name_ru": "Спасский кафедральный собор",
        "name_en": "Spassky Cathedral (Cathedral of the Merciful Saviour)",
        "region": "Tỉnh Penza",
        "categories": [
          "church"
        ],
        "rating": null,
        "reviews": null,
        "short": "Nhà thờ Chính tòa Spassky là ngôi thánh đường chính và công trình cao nhất của thành phố Penza, ngự trên Quảng trường Sobornaya lịch sử. Bị chính quyền Xô Viết phá hủy năm 1934, nhà thờ đã được phục dựng nguyên vẹn và bề thế hơn xưa, với tháp chuông cao 82,5 mét.",
        "yandex": "https://yandex.com/maps/?pt=45.0186,53.1836&z=17&l=map",
        "google": "https://www.google.com/maps/search/?api=1&query=53.1836,45.0186",
        "photo": "https://commons.wikimedia.org/wiki/Special:FilePath/%D0%9F%D0%B5%D0%BD%D0%B7%D0%B0%20%D0%A1%D0%BE%D0%B2%D0%B5%D1%82%D1%81%D0%BA%D0%B0%D1%8F%20%D0%BF%D0%BB%D0%BE%D1%89%D0%B0%D0%B4%D1%8C%20%D1%81%D1%82%D1%80%D0%BE%D1%8E%D1%89%D0%B8%D0%B9%D1%81%D1%8F%20%D1%81%D0%BE%D0%B1%D0%BE%D1%80.JPG",
        "status": "enriched"
      }
    },
    {
      "type": "Feature",
      "geometry": {
        "type": "Point",
        "coordinates": [
          57.0059,
          57.4409
        ]
      },
      "properties": {
        "id": "perm-kungur-ice-cave",
        "name_vi": "Hang băng Kungur (Kun-gua)",
        "name_ru": "Кунгурская ледяная пещера",
        "name_en": "Kungur Ice Cave",
        "region": "Vùng Perm",
        "categories": [
          "other"
        ],
        "rating": 4.5,
        "reviews": 391,
        "short": "Hang băng Kungur là một trong những hang động thạch cao nổi tiếng nhất nước Nga, nằm dưới chân Núi Băng bên sông Sylva gần thành phố Kungur. Nổi bật với những hang phủ băng vĩnh cửu, tinh thể lấp lánh và hàng chục hồ ngầm trong vắt, đây là điểm đến kỳ ảo bậc nhất vùng Ural.",
        "yandex": "https://yandex.com/maps/?pt=57.0059,57.4409&z=17&l=map",
        "google": "https://www.google.com/maps/search/?api=1&query=57.4409,57.0059",
        "photo": "https://commons.wikimedia.org/wiki/Special:FilePath/Kungur%20asv2019-05%20img27%20Ice%20Cave.jpg",
        "status": "enriched"
      }
    },
    {
      "type": "Feature",
      "geometry": {
        "type": "Point",
        "coordinates": [
          57.432111,
          58.263111
        ]
      },
      "properties": {
        "id": "perm-perm-36-museum",
        "name_vi": "Bảo tàng tưởng niệm Perm-36 (Péc-mơ 36)",
        "name_ru": "Мемориальный музей «Пермь-36»",
        "name_en": "Perm-36 Memorial Museum of the History of Political Repression",
        "region": "Vùng Perm",
        "categories": [
          "museum",
          "monument"
        ],
        "rating": 4.5,
        "reviews": 93,
        "short": "Perm-36 là trại lao động khổ sai Gulag duy nhất thời Xô Viết còn được bảo tồn gần như nguyên vẹn, nay trở thành bảo tàng tưởng niệm nạn nhân của đàn áp chính trị. Nằm ở làng Kuchino hẻo lánh, nơi đây từng giam giữ nhiều nhà bất đồng chính kiến cho đến cuối thập niên 1980.",
        "yandex": "https://yandex.com/maps/?pt=57.432111,58.263111&z=17&l=map",
        "google": "https://www.google.com/maps/search/?api=1&query=58.263111,57.432111",
        "photo": "https://commons.wikimedia.org/wiki/Special:FilePath/The%20fence%20at%20the%20old%20GULag%20in%20Perm-36.JPG",
        "status": "enriched"
      }
    },
    {
      "type": "Feature",
      "geometry": {
        "type": "Point",
        "coordinates": [
          56.252067,
          58.019433
        ]
      },
      "properties": {
        "id": "perm-perm-art-gallery",
        "name_vi": "Bảo tàng Mỹ thuật Perm (Péc-mơ)",
        "name_ru": "Пермская государственная художественная галерея",
        "name_en": "Perm State Art Gallery",
        "region": "Vùng Perm",
        "categories": [
          "museum"
        ],
        "rating": null,
        "reviews": null,
        "short": "Bảo tàng Mỹ thuật Perm nổi tiếng khắp nước Nga nhờ bộ sưu tập 'các vị thần Perm' — những pho tượng gỗ Chính thống giáo độc nhất vô nhị. Tháng 4/2026, bảo tàng đã chuyển về tòa nhà mới hiện đại tại khu Zavod Shpagina bên bờ sông Kama.",
        "yandex": "https://yandex.com/maps/?pt=56.252067,58.019433&z=17&l=map",
        "google": "https://www.google.com/maps/search/?api=1&query=58.019433,56.252067",
        "photo": null,
        "status": "enriched"
      }
    },
    {
      "type": "Feature",
      "geometry": {
        "type": "Point",
        "coordinates": [
          56.2303,
          57.392283
        ]
      },
      "properties": {
        "id": "perm-belogorsky-monastery",
        "name_vi": "Tu viện Thánh Nicholas Belogorsky (Bê-lô-goóc-xki)",
        "name_ru": "Белогорский Свято-Николаевский монастырь",
        "name_en": "Belogorsky St. Nicholas Monastery",
        "region": "Vùng Perm",
        "categories": [
          "church"
        ],
        "rating": 4.6,
        "reviews": 85,
        "short": "Tọa lạc trên đỉnh Núi Trắng cao 446 m, Tu viện Thánh Nicholas Belogorsky được mệnh danh là 'Núi Athos của vùng Ural' nhờ nhà thờ Nâng Thánh Giá trắng muốt kiểu Byzantine đồ sộ. Đây là một trong những trung tâm hành hương Chính thống giáo nổi tiếng nhất miền Ural.",
        "yandex": "https://yandex.com/maps/?pt=56.2303,57.392283&z=17&l=map",
        "google": "https://www.google.com/maps/search/?api=1&query=57.392283,56.2303",
        "photo": "https://commons.wikimedia.org/wiki/Special:FilePath/Belogorski%20monastery.PNG",
        "status": "enriched"
      }
    },
    {
      "type": "Feature",
      "geometry": {
        "type": "Point",
        "coordinates": [
          56.261111,
          58.261111
        ]
      },
      "properties": {
        "id": "perm-khokhlovka-museum",
        "name_vi": "Bảo tàng kiến trúc gỗ Khokhlovka (Khóc-lốp-ca)",
        "name_ru": "Хохловка (архитектурно-этнографический музей)",
        "name_en": "Khokhlovka Architectural and Ethnographic Museum",
        "region": "Vùng Perm",
        "categories": [
          "museum",
          "park_garden"
        ],
        "rating": 4.8,
        "reviews": 85,
        "short": "Khokhlovka là bảo tàng ngoài trời về kiến trúc gỗ đầu tiên của vùng Ural, nằm trên một bán đảo thơ mộng bên sông Kama. Nơi đây quy tụ những nhà thờ, tháp chuông, nhà gỗ nông dân và công trình làm muối cổ từ khắp tỉnh Perm.",
        "yandex": "https://yandex.com/maps/?pt=56.261111,58.261111&z=17&l=map",
        "google": "https://www.google.com/maps/search/?api=1&query=58.261111,56.261111",
        "photo": "https://commons.wikimedia.org/wiki/Special:FilePath/Khokhlovka.jpg",
        "status": "enriched"
      }
    },
    {
      "type": "Feature",
      "geometry": {
        "type": "Point",
        "coordinates": [
          59.21722,
          61.48611
        ]
      },
      "properties": {
        "id": "perm-vishera-reserve",
        "name_vi": "Khu bảo tồn thiên nhiên Vishera (Vi-sê-ra)",
        "name_ru": "Вишерский заповедник",
        "name_en": "Vishera Nature Reserve",
        "region": "Vùng Perm",
        "categories": [
          "park_garden"
        ],
        "rating": null,
        "reviews": null,
        "short": "Vishera là một trong những khu bảo tồn thiên nhiên nghiêm ngặt lớn nhất phần châu Âu của Nga, trải rộng trên vùng núi Bắc Ural hoang sơ ở cực bắc tỉnh Perm. Nơi đây bảo vệ thượng nguồn sông Vishera, rừng taiga bạt ngàn và đỉnh Tulymsky Kamen cao nhất tỉnh.",
        "yandex": "https://yandex.com/maps/?pt=59.21722,61.48611&z=17&l=map",
        "google": "https://www.google.com/maps/search/?api=1&query=61.48611,59.21722",
        "photo": "https://commons.wikimedia.org/wiki/Special:FilePath/%D0%98%D1%88%D0%B5%D1%80%D0%B8%D0%BC.jpg",
        "status": "enriched"
      }
    },
    {
      "type": "Feature",
      "geometry": {
        "type": "Point",
        "coordinates": [
          56.486881,
          60.402568
        ]
      },
      "properties": {
        "id": "perm-cherdyn",
        "name_vi": "Thị trấn cổ Cherdyn (Chéc-đưn)",
        "name_ru": "Чердынь",
        "name_en": "Cherdyn",
        "region": "Vùng Perm",
        "categories": [
          "other",
          "museum"
        ],
        "rating": null,
        "reviews": null,
        "short": "Cherdyn là một trong những thị trấn cổ nhất vùng Ural, từng là thủ phủ của xứ Đại Perm. Nép mình bên sông Kolva với những nhà thờ cổ, dinh thự thương nhân thế kỷ 18–19 và một bảo tàng lừng danh, nơi đây mang đậm không khí trầm mặc của lịch sử.",
        "yandex": "https://yandex.com/maps/?pt=56.486881,60.402568&z=17&l=map",
        "google": "https://www.google.com/maps/search/?api=1&query=60.402568,56.486881",
        "photo": "https://commons.wikimedia.org/wiki/Special:FilePath/Cherdyn%2C%20Perm%20Krai%2C%20Russia%2C%20618601%20-%20panoramio.jpg",
        "status": "enriched"
      }
    },
    {
      "type": "Feature",
      "geometry": {
        "type": "Point",
        "coordinates": [
          56.707636,
          59.411537
        ]
      },
      "properties": {
        "id": "perm-usolye",
        "name_vi": "Quần thể kiến trúc cổ Usolye (U-xô-li-ê)",
        "name_ru": "Усолье (Усолье Строгановское)",
        "name_en": "Usolye (Stroganov architectural ensemble)",
        "region": "Vùng Perm",
        "categories": [
          "museum",
          "church"
        ],
        "rating": null,
        "reviews": null,
        "short": "Usolye là quần thể kiến trúc thế kỷ 18 do dòng họ thương nhân Stroganov giàu có xây dựng bên sông Kama. Nổi bật với Nhà thờ Chúa Biến Hình kiểu Baroque Stroganov, tháp chuông nghiêng và Dinh Stroganov, nơi đây nay là bảo tàng ngoài trời đầy hoài niệm.",
        "yandex": "https://yandex.com/maps/?pt=56.707636,59.411537&z=17&l=map",
        "google": "https://www.google.com/maps/search/?api=1&query=59.411537,56.707636",
        "photo": "https://commons.wikimedia.org/wiki/Special:FilePath/Usolie%20city%20and%20Kama%20River%2C%20Perm%20Krai.jpg",
        "status": "enriched"
      }
    },
    {
      "type": "Feature",
      "geometry": {
        "type": "Point",
        "coordinates": [
          131.8961,
          43.1086
        ]
      },
      "properties": {
        "id": "primorsky-vd-golden-bridge-vladivostok",
        "name_vi": "Cầu Vàng (Da-la-tôi Mốt)",
        "name_ru": "Золотой мост",
        "name_en": "Golden Bridge (Zolotoy Bridge)",
        "region": "Vùng Primorsky",
        "categories": [
          "bridge"
        ],
        "rating": null,
        "reviews": null,
        "short": "Cầu Vàng là biểu tượng hiện đại rực rỡ nhất của Vladivostok, cây cầu dây văng khổng lồ vắt ngang vịnh Sừng Vàng với hai trụ tháp hình chữ A cao hơn 220 mét. Khánh thành năm 2012, cây cầu đã thay đổi hoàn toàn diện mạo và nhịp sống của thành phố cảng Viễn Đông này.",
        "yandex": "https://yandex.com/maps/?pt=131.8961,43.1086&z=17&l=map",
        "google": "https://www.google.com/maps/search/?api=1&query=43.1086,131.8961",
        "photo": "https://commons.wikimedia.org/wiki/Special:FilePath/Zolotoy%20bridge%2C%20Golden%20Bridge%20%2822076779162%29.jpg",
        "status": "enriched"
      }
    },
    {
      "type": "Feature",
      "geometry": {
        "type": "Point",
        "coordinates": [
          131.9081,
          43.0636
        ]
      },
      "properties": {
        "id": "primorsky-vd-russky-bridge",
        "name_vi": "Cầu Đảo Russky (Rút-xki Mốt)",
        "name_ru": "Русский мост",
        "name_en": "Russky Bridge",
        "region": "Vùng Primorsky",
        "categories": [
          "bridge"
        ],
        "rating": null,
        "reviews": null,
        "short": "Cầu Đảo Russky là cây cầu dây văng có nhịp chính dài thứ nhì thế giới và trụ tháp cao thứ nhì hành tinh, một kỳ tích kỹ thuật vắt ngang eo biển Bosphorus Phương Đông. Hình ảnh cây cầu với những bó dây văng đỏ trắng được in trang trọng trên tờ tiền 2.000 rúp của Nga.",
        "yandex": "https://yandex.com/maps/?pt=131.9081,43.0636&z=17&l=map",
        "google": "https://www.google.com/maps/search/?api=1&query=43.0636,131.9081",
        "photo": "https://commons.wikimedia.org/wiki/Special:FilePath/Russki%20Island%20Bridge%2C%20Russia1.jpg",
        "status": "enriched"
      }
    },
    {
      "type": "Feature",
      "geometry": {
        "type": "Point",
        "coordinates": [
          131.8922,
          43.1156
        ]
      },
      "properties": {
        "id": "primorsky-vd-eagles-nest-hill",
        "name_vi": "Đồi Tổ Đại Bàng (Oóc-li-nô-i-ê Gnhi-đô)",
        "name_ru": "Сопка Орлиное гнездо",
        "name_en": "Eagle's Nest Hill (Orlinoye Gnezdo)",
        "region": "Vùng Primorsky",
        "categories": [
          "monument"
        ],
        "rating": null,
        "reviews": null,
        "short": "Đồi Tổ Đại Bàng là điểm cao nhất khu trung tâm Vladivostok với đài quan sát ở độ cao gần 200 mét, nơi ngắm toàn cảnh vịnh Sừng Vàng và Cầu Vàng đẹp như tranh. Trên đỉnh còn có tượng đài hai vị thánh Cyril và Methodius, cha đẻ của bảng chữ cái Slav.",
        "yandex": "https://yandex.com/maps/?pt=131.8922,43.1156&z=17&l=map",
        "google": "https://www.google.com/maps/search/?api=1&query=43.1156,131.8922",
        "photo": "https://commons.wikimedia.org/wiki/Special:FilePath/Eagle%27s%20Nest%20panorama%2C%20Vladivostok%20%2822076581422%29.jpg",
        "status": "enriched"
      }
    },
    {
      "type": "Feature",
      "geometry": {
        "type": "Point",
        "coordinates": [
          131.8447,
          43.0728
        ]
      },
      "properties": {
        "id": "primorsky-vd-tokarevsky-lighthouse",
        "name_vi": "Hải đăng Tokarevsky (Tô-ca-rép-xki)",
        "name_ru": "Токаревский маяк",
        "name_en": "Tokarevsky Lighthouse",
        "region": "Vùng Primorsky",
        "categories": [
          "monument"
        ],
        "rating": null,
        "reviews": null,
        "short": "Hải đăng Tokarevsky là ngọn hải đăng trắng nhỏ nhắn nằm ở cuối một dải cát mảnh vươn thẳng ra biển, một trong những biểu tượng lãng mạn và được chụp ảnh nhiều nhất Vladivostok. Được dựng từ năm 1876, đây là một trong những ngọn hải đăng cổ nhất vùng Viễn Đông Nga.",
        "yandex": "https://yandex.com/maps/?pt=131.8447,43.0728&z=17&l=map",
        "google": "https://www.google.com/maps/search/?api=1&query=43.0728,131.8447",
        "photo": "https://commons.wikimedia.org/wiki/Special:FilePath/Tokarevsky%20Lighthouse%20%2821466329494%29.jpg",
        "status": "enriched"
      }
    },
    {
      "type": "Feature",
      "geometry": {
        "type": "Point",
        "coordinates": [
          131.7553,
          43.024
        ]
      },
      "properties": {
        "id": "primorsky-vd-primorsky-aquarium",
        "name_vi": "Thủy cung Primorsky (Pri-mo-rơ-xki A-kê-a-ri-um)",
        "name_ru": "Приморский океанариум",
        "name_en": "Primorsky Aquarium (Primorsky Oceanarium)",
        "region": "Vùng Primorsky",
        "categories": [
          "other"
        ],
        "rating": null,
        "reviews": null,
        "short": "Thủy cung Primorsky là một trong những thủy cung lớn nhất nước Nga, nằm trên đảo Russky trong tòa nhà hình vỏ sò khổng lồ độc đáo. Nơi đây tái hiện đại dương thế giới với đường hầm kính dưới nước, rừng nhiệt đới trong nhà và nhà biểu diễn cá heo.",
        "yandex": "https://yandex.com/maps/?pt=131.7553,43.024&z=17&l=map",
        "google": "https://www.google.com/maps/search/?api=1&query=43.024,131.7553",
        "photo": null,
        "status": "enriched"
      }
    },
    {
      "type": "Feature",
      "geometry": {
        "type": "Point",
        "coordinates": [
          131.8876,
          43.1147
        ]
      },
      "properties": {
        "id": "primorsky-vd-submarine-s56",
        "name_vi": "Tàu ngầm bảo tàng S-56 (Es-56)",
        "name_ru": "Мемориальная подводная лодка С-56",
        "name_en": "Memorial Submarine S-56",
        "region": "Vùng Primorsky",
        "categories": [
          "museum",
          "monument"
        ],
        "rating": null,
        "reviews": null,
        "short": "Tàu ngầm S-56 là chiến hạm ngầm huyền thoại của Liên Xô trong Thế chiến thứ hai, nay trở thành bảo tàng ngay trên bờ kè trung tâm Vladivostok. Du khách có thể bước vào bên trong các khoang tàu thật để cảm nhận cuộc sống và những trận chiến dưới lòng biển.",
        "yandex": "https://yandex.com/maps/?pt=131.8876,43.1147&z=17&l=map",
        "google": "https://www.google.com/maps/search/?api=1&query=43.1147,131.8876",
        "photo": "https://commons.wikimedia.org/wiki/Special:FilePath/Vladivostok%20Submarine%20S-56%20P8050502%202200.jpg",
        "status": "enriched"
      }
    },
    {
      "type": "Feature",
      "geometry": {
        "type": "Point",
        "coordinates": [
          131.85155,
          43.111161
        ]
      },
      "properties": {
        "id": "primorsky-vd-railway-station",
        "name_vi": "Ga xe lửa Vladivostok (Vla-đi-vô-xtốc)",
        "name_ru": "Владивостокский вокзал",
        "name_en": "Vladivostok Railway Station",
        "region": "Vùng Primorsky",
        "categories": [
          "monument"
        ],
        "rating": null,
        "reviews": null,
        "short": "Ga Vladivostok là điểm cuối của tuyến đường sắt xuyên Siberia dài nhất thế giới, nơi có cột mốc số 9288 nổi tiếng. Tòa nhà ga tráng lệ theo phong cách Nga thế kỷ 17 được xây soi gương với ga Yaroslavsky ở Moskva - đầu bên kia của tuyến đường.",
        "yandex": "https://yandex.com/maps/?pt=131.85155,43.111161&z=17&l=map",
        "google": "https://www.google.com/maps/search/?api=1&query=43.111161,131.85155",
        "photo": "https://commons.wikimedia.org/wiki/Special:FilePath/Vladivostok%20railway%20station%2019920503.jpg",
        "status": "enriched"
      }
    },
    {
      "type": "Feature",
      "geometry": {
        "type": "Point",
        "coordinates": [
          131.876,
          43.1178
        ]
      },
      "properties": {
        "id": "primorsky-vd-fortress",
        "name_vi": "Pháo đài Vladivostok (Vla-đi-vô-xtốc-xcai-a Cre-pốt)",
        "name_ru": "Владивостокская крепость",
        "name_en": "Vladivostok Fortress",
        "region": "Vùng Primorsky",
        "categories": [
          "fortress",
          "museum"
        ],
        "rating": null,
        "reviews": null,
        "short": "Pháo đài Vladivostok là hệ thống công sự phòng thủ biển đồ sộ được xây suốt từ năm 1889 đến 1918, từng thuộc hàng mạnh nhất thế giới và chưa từng bị đánh chiếm. Ngày nay một phần pháo đài trở thành bảo tàng quân sự với đại bác, hầm ngầm và tầm nhìn tuyệt đẹp ra vịnh.",
        "yandex": "https://yandex.com/maps/?pt=131.876,43.1178&z=17&l=map",
        "google": "https://www.google.com/maps/search/?api=1&query=43.1178,131.876",
        "photo": "https://commons.wikimedia.org/wiki/Special:FilePath/Vladivostok%20Fortress%20museum%20%2822099310821%29.jpg",
        "status": "enriched"
      }
    },
    {
      "type": "Feature",
      "geometry": {
        "type": "Point",
        "coordinates": [
          131.4167,
          43.0
        ]
      },
      "properties": {
        "id": "primorsky-primorsky-land-of-leopard",
        "name_vi": "Vườn quốc gia Vùng Đất Của Báo (Dem-lia Lê-ô-pác-đa)",
        "name_ru": "Национальный парк «Земля леопарда»",
        "name_en": "Land of the Leopard National Park",
        "region": "Vùng Primorsky",
        "categories": [
          "park_garden"
        ],
        "rating": null,
        "reviews": null,
        "short": "Vùng Đất Của Báo là vườn quốc gia được lập năm 2012 để cứu loài báo Viễn Đông - loài mèo lớn hiếm nhất hành tinh, chỉ còn khoảng hơn một trăm cá thể trên thế giới. Khu rừng Mãn Châu nguyên sinh này cũng là nơi cư trú của hổ Amur và hàng trăm loài chim thú quý.",
        "yandex": "https://yandex.com/maps/?pt=131.4167,43.0&z=17&l=map",
        "google": "https://www.google.com/maps/search/?api=1&query=43.0,131.4167",
        "photo": "https://commons.wikimedia.org/wiki/Special:FilePath/Amur%20Leopard%20Panthera%20pardus%20orientalis%20Facing%20Forward%201761px.jpg",
        "status": "enriched"
      }
    },
    {
      "type": "Feature",
      "geometry": {
        "type": "Point",
        "coordinates": [
          132.4167,
          45.0
        ]
      },
      "properties": {
        "id": "primorsky-primorsky-lake-khanka",
        "name_vi": "Hồ Khanka (Ô-dê-rô Khan-ca)",
        "name_ru": "Озеро Ханка",
        "name_en": "Lake Khanka",
        "region": "Vùng Primorsky",
        "categories": [
          "park_garden"
        ],
        "rating": null,
        "reviews": null,
        "short": "Hồ Khanka là hồ nước ngọt lớn nhất vùng Viễn Đông Nga, trải rộng trên biên giới Nga - Trung với diện tích hơn bốn nghìn cây số vuông. Đây là thiên đường đất ngập nước được UNESCO và Công ước Ramsar bảo vệ, nổi tiếng với sếu quý, cò phương Đông và những cánh đồng sen.",
        "yandex": "https://yandex.com/maps/?pt=132.4167,45.0&z=17&l=map",
        "google": "https://www.google.com/maps/search/?api=1&query=45.0,132.4167",
        "photo": "https://commons.wikimedia.org/wiki/Special:FilePath/Primorsky%20Krai%20banner%20Beach%20of%20Khanka%20Lake.jpg",
        "status": "enriched"
      }
    },
    {
      "type": "Feature",
      "geometry": {
        "type": "Point",
        "coordinates": [
          131.8875,
          43.1157
        ]
      },
      "properties": {
        "id": "primorsky-vd-svetlanskaya-street",
        "name_vi": "Phố Svetlanskaya (Xvét-lan-xcai-a)",
        "name_ru": "Улица Светланская",
        "name_en": "Svetlanskaya Street",
        "region": "Vùng Primorsky",
        "categories": [
          "square_street"
        ],
        "rating": null,
        "reviews": null,
        "short": "Svetlanskaya là con phố chính và cổ nhất của Vladivostok, chạy dọc vịnh Sừng Vàng qua trung tâm lịch sử. Hai bên phố là những tòa nhà kiến trúc cuối thế kỷ 19 - đầu thế kỷ 20 lộng lẫy, cùng quảng trường trung tâm với tượng đài lớn nhất vùng Viễn Đông.",
        "yandex": "https://yandex.com/maps/?pt=131.8875,43.1157&z=17&l=map",
        "google": "https://www.google.com/maps/search/?api=1&query=43.1157,131.8875",
        "photo": "https://commons.wikimedia.org/wiki/Special:FilePath/%D0%A3%D0%BF%D1%80%D0%B0%D0%B2%D0%BB%D0%B5%D0%BD%D0%B8%D0%B5%20%D0%92%D0%BB%D0%B0%D0%B4%D0%B8%D0%B2%D0%BE%D1%81%D1%82%D0%BE%D0%BA%D1%81%D0%BA%D0%BE%D0%B3%D0%BE%20%D0%BF%D0%BE%D1%80%D1%82%D0%B0%20%D0%B8%20%D0%A1%D0%B8%D0%B1%D0%B8%D1%80%D1%81%D0%BA%D0%BE%D0%B9%20%D1%84%D0%BB%D0%BE%D1%82%D0%B8%D0%BB%D0%B8%D0%B8%2C%20%D0%B3.%20%D0%92%D0%BB%D0%B0%D0%B4%D0%B8%D0%B2%D0%BE%D1%81%D1%82%D0%BE%D0%BA%2C%20%D1%83%D0%BB.%20%D0%A1%D0%B2%D0%B5%D1%82%D0%BB%D0%B0%D0%BD%D1%81%D0%BA%D0%B0%D1%8F%2072.JPG",
        "status": "enriched"
      }
    },
    {
      "type": "Feature",
      "geometry": {
        "type": "Point",
        "coordinates": [
          131.7553,
          42.9236
        ]
      },
      "properties": {
        "id": "primorsky-primorsky-cape-tobizina",
        "name_vi": "Mũi Tobizina (Mưs Tô-bi-di-na)",
        "name_ru": "Мыс Тобизина",
        "name_en": "Cape Tobizina",
        "region": "Vùng Primorsky",
        "categories": [
          "park_garden"
        ],
        "rating": null,
        "reviews": null,
        "short": "Mũi Tobizina là mỏm đá hoang sơ ở cực nam đảo Russky, nổi tiếng với những vách đá dựng đứng, nước biển trong vắt và 'sân cờ' đá phẳng kỳ lạ. Đây là điểm trekking và ngắm biển được dân địa phương yêu thích bậc nhất Vladivostok.",
        "yandex": "https://yandex.com/maps/?pt=131.7553,42.9236&z=17&l=map",
        "google": "https://www.google.com/maps/search/?api=1&query=42.9236,131.7553",
        "photo": "https://commons.wikimedia.org/wiki/Special:FilePath/20220812%20Tobizin%20cape%20Russky%20Island.jpg",
        "status": "enriched"
      }
    },
    {
      "type": "Feature",
      "geometry": {
        "type": "Point",
        "coordinates": [
          28.328611,
          57.821945
        ]
      },
      "properties": {
        "id": "pskov-pskov-krom",
        "name_vi": "Điện Kremlin Pskov (Pskovsky Krom) và Nhà thờ Chính tòa Ba Ngôi",
        "name_ru": "Псковский Кром (Кремль), Троицкий собор",
        "name_en": "Pskov Krom (Kremlin) & Trinity Cathedral",
        "region": "Tỉnh Pskov",
        "categories": [
          "fortress",
          "church"
        ],
        "rating": 4.7,
        "reviews": 1085,
        "short": "Nằm trên mũi đất nơi sông Pskova đổ vào sông Velikaya, Điện Kremlin Pskov (Krom) là trái tim lịch sử ngàn năm của thành phố với những bức tường đá trắng vươn cao trên vách sông. Bên trong quần thể là Nhà thờ Chính tòa Ba Ngôi năm tầng vòm, ngôi đền linh thiêng bậc nhất vùng đất Pskov.",
        "yandex": "https://yandex.com/maps/?pt=28.328611,57.821945&z=17&l=map",
        "google": "https://www.google.com/maps/search/?api=1&query=57.821945,28.328611",
        "photo": "https://commons.wikimedia.org/wiki/Special:FilePath/Pskov%20asv07-2018%20Kremlin%20aerial7.jpg",
        "status": "enriched"
      }
    },
    {
      "type": "Feature",
      "geometry": {
        "type": "Point",
        "coordinates": [
          27.859278,
          57.710306
        ]
      },
      "properties": {
        "id": "pskov-izborsk-fortress",
        "name_vi": "Pháo đài Izborsk (Izborskaya krepost)",
        "name_ru": "Изборская крепость",
        "name_en": "Izborsk Fortress",
        "region": "Tỉnh Pskov",
        "categories": [
          "fortress",
          "museum"
        ],
        "rating": 4.7,
        "reviews": 190,
        "short": "Là một trong những toà thành cổ xưa nhất nước Nga, Pháo đài Izborsk sừng sững trên đồi Zheravya với những bức tường đá và tháp canh từ thế kỷ 14. Xung quanh là thung lũng thơ mộng với suối Slovenskie thiêng, hồ nước và đàn thiên nga, tạo nên bức tranh 'lịch sử hoà quyện thiên nhiên'.",
        "yandex": "https://yandex.com/maps/?pt=27.859278,57.710306&z=17&l=map",
        "google": "https://www.google.com/maps/search/?api=1&query=57.710306,27.859278",
        "photo": "https://commons.wikimedia.org/wiki/Special:FilePath/Stary%20Izborsk.%20Izborskaya%20fortress.jpg",
        "status": "enriched"
      }
    },
    {
      "type": "Feature",
      "geometry": {
        "type": "Point",
        "coordinates": [
          27.615278,
          57.809723
        ]
      },
      "properties": {
        "id": "pskov-pskovo-pechersky-monastery",
        "name_vi": "Tu viện Hang động Pskovo-Pechersky (Svyato-Uspensky Pskovo-Pechersky monastyr)",
        "name_ru": "Свято-Успенский Псково-Печерский монастырь",
        "name_en": "Pskovo-Pechersky (Pskov-Caves) Monastery",
        "region": "Tỉnh Pskov",
        "categories": [
          "church",
          "fortress"
        ],
        "rating": 4.8,
        "reviews": 456,
        "short": "Tu viện Pskovo-Pechersky nổi tiếng với hệ thống hang động cát tự nhiên nơi an nghỉ của hàng nghìn tu sĩ và tín đồ, cùng những bức tường thành kiên cố ôm trọn thung lũng. Đây là một trong số ít tu viện Chính thống giáo Nga chưa từng đóng cửa suốt lịch sử, được xem là 'chốn tựa tâm linh' của tín đồ khắp nước Nga.",
        "yandex": "https://yandex.com/maps/?pt=27.615278,57.809723&z=17&l=map",
        "google": "https://www.google.com/maps/search/?api=1&query=57.809723,27.615278",
        "photo": "https://commons.wikimedia.org/wiki/Special:FilePath/Pechory%20Monastery.jpg",
        "status": "enriched"
      }
    },
    {
      "type": "Feature",
      "geometry": {
        "type": "Point",
        "coordinates": [
          28.933332,
          57.049999
        ]
      },
      "properties": {
        "id": "pskov-mikhailovskoye",
        "name_vi": "Điền trang Mikhailovskoye — Khu bảo tồn Pushkin (Muzey-zapovednik Mikhaylovskoye, Pushkinskie Gory)",
        "name_ru": "Музей-заповедник «Михайловское», Пушкинские Горы",
        "name_en": "Mikhailovskoye — Pushkin Museum-Reserve",
        "region": "Tỉnh Pskov",
        "categories": [
          "museum",
          "park_garden"
        ],
        "rating": 4.7,
        "reviews": 371,
        "short": "Mikhailovskoye là điền trang của gia đình đại thi hào Aleksandr Pushkin, nơi ông sống lưu đày và viết nên nhiều kiệt tác. Ngày nay điền trang cùng công viên cổ, hồ nước và rừng thông trở thành khu bảo tồn văn học thiêng liêng, được người Nga xem như 'thánh địa' của thi ca.",
        "yandex": "https://yandex.com/maps/?pt=28.933332,57.049999&z=17&l=map",
        "google": "https://www.google.com/maps/search/?api=1&query=57.049999,28.933332",
        "photo": "https://commons.wikimedia.org/wiki/Special:FilePath/Mikhailovskoye%20in%20Whinter.jpg",
        "status": "enriched"
      }
    },
    {
      "type": "Feature",
      "geometry": {
        "type": "Point",
        "coordinates": [
          28.91972,
          57.02217
        ]
      },
      "properties": {
        "id": "pskov-svyatogorsky-monastery",
        "name_vi": "Tu viện Svyatogorsky và mộ Pushkin (Svyatogorsky Svyato-Uspensky monastyr)",
        "name_ru": "Святогорский Свято-Успенский монастырь",
        "name_en": "Svyatogorsky Monastery — Pushkin's Grave",
        "region": "Tỉnh Pskov",
        "categories": [
          "church",
          "monument"
        ],
        "rating": 4.6,
        "reviews": 129,
        "short": "Tu viện Svyatogorsky do Sa hoàng Ivan Bạo chúa lập năm 1569 là nơi an nghỉ của đại thi hào Aleksandr Pushkin bên chân tường Nhà thờ An giấc. Đây vừa là tu viện Chính thống giáo cổ kính, vừa là điểm hành hương văn học thiêng liêng của người Nga.",
        "yandex": "https://yandex.com/maps/?pt=28.91972,57.02217&z=17&l=map",
        "google": "https://www.google.com/maps/search/?api=1&query=57.02217,28.91972",
        "photo": "https://commons.wikimedia.org/wiki/Special:FilePath/3925.%20Svyatogorsky%20Holy%20Assumption%20Monastery.jpg",
        "status": "enriched"
      }
    },
    {
      "type": "Feature",
      "geometry": {
        "type": "Point",
        "coordinates": [
          28.263293,
          57.834852
        ]
      },
      "properties": {
        "id": "pskov-snetogorsky-monastery",
        "name_vi": "Tu viện Snetogorsky (Snetogorsky monastyr)",
        "name_ru": "Снетогорский монастырь",
        "name_en": "Snetogorsky Monastery",
        "region": "Tỉnh Pskov",
        "categories": [
          "church"
        ],
        "rating": 4.6,
        "reviews": 36,
        "short": "Tu viện Snetogorsky cổ kính nằm trên đồi đá vôi bên sông Velikaya, nổi bật với Nhà thờ Giáng sinh Đức Mẹ dựng năm 1311 và những bức bích hoạ đầu thế kỷ 14 quý giá. Cụm kiến trúc này là một trong mười công trình được UNESCO công nhận thuộc 'Trường phái kiến trúc Pskov'.",
        "yandex": "https://yandex.com/maps/?pt=28.263293,57.834852&z=17&l=map",
        "google": "https://www.google.com/maps/search/?api=1&query=57.834852,28.263293",
        "photo": null,
        "status": "enriched"
      }
    },
    {
      "type": "Feature",
      "geometry": {
        "type": "Point",
        "coordinates": [
          28.329201,
          57.805599
        ]
      },
      "properties": {
        "id": "pskov-pskov-churches-unesco",
        "name_vi": "Các nhà thờ trường phái kiến trúc Pskov - Di sản UNESCO (Khramy pskovskoy shkoly zodchestva)",
        "name_ru": "Храмы псковской архитектурной школы",
        "name_en": "Churches of the Pskov School of Architecture (UNESCO)",
        "region": "Tỉnh Pskov",
        "categories": [
          "church"
        ],
        "rating": null,
        "reviews": null,
        "short": "Năm 2019, mười ngôi đền tiêu biểu của Pskov được UNESCO ghi danh Di sản Thế giới, đại diện cho 'trường phái kiến trúc Pskov' độc đáo hình thành từ thế kỷ 12 đến 17. Chúng nổi bật với dáng vẻ mộc mạc, tường đá quét vôi trắng, mái vòm đơn và tháp chuông kiểu 'zvonnitsa' đặc trưng.",
        "yandex": "https://yandex.com/maps/?pt=28.329201,57.805599&z=17&l=map",
        "google": "https://www.google.com/maps/search/?api=1&query=57.805599,28.329201",
        "photo": "https://commons.wikimedia.org/wiki/Special:FilePath/Pskov%20asv07-2018%20various56%20Mirozhsky%20Monastery.jpg",
        "status": "enriched"
      }
    },
    {
      "type": "Feature",
      "geometry": {
        "type": "Point",
        "coordinates": [
          27.833334,
          58.733334
        ]
      },
      "properties": {
        "id": "pskov-gdov-lake-peipus",
        "name_vi": "Gdov và Hồ Peipus (Chudskoye) (Gdov, Chudskoe ozero)",
        "name_ru": "Гдов, Чудское озеро",
        "name_en": "Gdov & Lake Peipus (Chudskoye)",
        "region": "Tỉnh Pskov",
        "categories": [
          "fortress",
          "park_garden"
        ],
        "rating": null,
        "reviews": null,
        "short": "Thị trấn nhỏ Gdov bên bờ đông Hồ Peipus lưu giữ tàn tích toà thành đá thế kỷ 15 và ngôi nhà thờ được phục dựng bên trong. Mặt hồ Peipus mênh mông — nơi diễn ra 'Trận chiến trên băng' huyền thoại năm 1242 — mang đến khung cảnh thiên nhiên yên bình và những bãi cát ven bờ.",
        "yandex": "https://yandex.com/maps/?pt=27.833334,58.733334&z=17&l=map",
        "google": "https://www.google.com/maps/search/?api=1&query=58.733334,27.833334",
        "photo": "https://commons.wikimedia.org/wiki/Special:FilePath/Gdov.Kremlin%20wall.20100803.DSC%200594.jpg",
        "status": "enriched"
      }
    },
    {
      "type": "Feature",
      "geometry": {
        "type": "Point",
        "coordinates": [
          39.707253,
          47.2127
        ]
      },
      "properties": {
        "id": "rostov-rostov-on-don-embankment",
        "name_vi": "Bờ kè sông Đông ở Rostov-na-Donu (Na-bê-rê-giơ-nai-a)",
        "name_ru": "Набережная Ростова-на-Дону",
        "name_en": "Rostov-on-Don Embankment",
        "region": "Tỉnh Rostov",
        "categories": [
          "square_street",
          "park_garden"
        ],
        "rating": null,
        "reviews": null,
        "short": "Bờ kè sông Đông là dải đi bộ sầm uất và lãng mạn nhất Rostov-na-Donu, trải dài bên hữu ngạn dòng Đông. Nổi tiếng với hàng chục tác phẩm điêu khắc lấy cảm hứng từ 'Sông Đông êm đềm', cùng các quán cà phê, du thuyền và lễ hội, đây là trái tim của đời sống ngoài trời thành phố.",
        "yandex": "https://yandex.com/maps/?pt=39.707253,47.2127&z=17&l=map",
        "google": "https://www.google.com/maps/search/?api=1&query=47.2127,39.707253",
        "photo": "https://commons.wikimedia.org/wiki/Special:FilePath/Rostov-on-Don%2C%20Panorama%20of%20Don%20River%2C%20Russia.jpg",
        "status": "enriched"
      }
    },
    {
      "type": "Feature",
      "geometry": {
        "type": "Point",
        "coordinates": [
          40.0508,
          47.2408
        ]
      },
      "properties": {
        "id": "rostov-starocherkasskaya",
        "name_vi": "Làng Cossack Starocherkasskaya (Xta-rô-che-rơ-cát-xcai-a)",
        "name_ru": "Старочеркасская станица",
        "name_en": "Starocherkasskaya (Old Cherkassk)",
        "region": "Tỉnh Rostov",
        "categories": [
          "church",
          "museum",
          "monument"
        ],
        "rating": null,
        "reviews": null,
        "short": "Starocherkasskaya là 'cái nôi' của người Cossack sông Đông – thủ phủ của Quân đoàn Cossack Đông suốt gần hai thế kỷ (1644–1805). Ngôi làng - bảo tàng ngoài trời này lưu giữ nhà thờ Phục Sinh chín mái vòm, dinh Ataman và hơn một trăm di tích, cùng ký ức về các thủ lĩnh khởi nghĩa Stepan Razin và Kondraty Bulavin.",
        "yandex": "https://yandex.com/maps/?pt=40.0508,47.2408&z=17&l=map",
        "google": "https://www.google.com/maps/search/?api=1&query=47.2408,40.0508",
        "photo": "https://commons.wikimedia.org/wiki/Special:FilePath/Cathedral%20of%20the%20Resurrection.JPG",
        "status": "enriched"
      }
    },
    {
      "type": "Feature",
      "geometry": {
        "type": "Point",
        "coordinates": [
          40.110176,
          47.414214
        ]
      },
      "properties": {
        "id": "rostov-novocherkassk-ascension-cathedral",
        "name_vi": "Nhà thờ Chính tòa Thăng Thiên Novocherkassk (Vô-dơ-nê-xen-xki Xô-bo)",
        "name_ru": "Вознесенский войсковой кафедральный собор",
        "name_en": "Ascension Cathedral (Novocherkassk)",
        "region": "Tỉnh Rostov",
        "categories": [
          "church",
          "monument"
        ],
        "rating": null,
        "reviews": null,
        "short": "Được mệnh danh là 'mặt trời thứ hai của sông Đông', Nhà thờ Thăng Thiên ở Novocherkassk là thánh đường chính của người Cossack Đông. Công trình tân-Byzantine đồ sộ cao gần 75 m, khánh thành năm 1905, là một trong những nhà thờ Chính thống giáo lớn và cao nhất nước Nga, nơi an nghỉ của các anh hùng Cossack.",
        "yandex": "https://yandex.com/maps/?pt=40.110176,47.414214&z=17&l=map",
        "google": "https://www.google.com/maps/search/?api=1&query=47.414214,40.110176",
        "photo": "https://commons.wikimedia.org/wiki/Special:FilePath/Voznesensky%20Metropolitan%20Cathedral%20Novocherkassk%201905.jpg",
        "status": "enriched"
      }
    },
    {
      "type": "Feature",
      "geometry": {
        "type": "Point",
        "coordinates": [
          39.359671,
          47.269673
        ]
      },
      "properties": {
        "id": "rostov-tanais-museum",
        "name_vi": "Bảo tàng Khảo cổ Tanais (Ta-na-ít)",
        "name_ru": "Археологический музей-заповедник «Танаис»",
        "name_en": "Tanais Archaeological Museum-Reserve",
        "region": "Tỉnh Rostov",
        "categories": [
          "museum",
          "monument"
        ],
        "rating": 4.7,
        "reviews": 2541,
        "short": "Tanais là thành phố Hy Lạp cổ nơi cửa sông Đông, do các thương nhân Hy Lạp lập nên từ thế kỷ III trước Công nguyên. Nay là khu bảo tàng - khảo cổ ngoài trời đầu tiên của nước Nga, nơi du khách dạo giữa nền móng phố cổ, tường thành và chiêm ngưỡng cổ vật hai nghìn năm tuổi.",
        "yandex": "https://yandex.com/maps/?pt=39.359671,47.269673&z=17&l=map",
        "google": "https://www.google.com/maps/search/?api=1&query=47.269673,39.359671",
        "photo": "https://commons.wikimedia.org/wiki/Special:FilePath/Tanais%20Museum%2026.jpg",
        "status": "enriched"
      }
    },
    {
      "type": "Feature",
      "geometry": {
        "type": "Point",
        "coordinates": [
          38.931199,
          47.206864
        ]
      },
      "properties": {
        "id": "rostov-taganrog-chekhov",
        "name_vi": "Các bảo tàng Chekhov ở Taganrog (Ta-gan-rốc)",
        "name_ru": "Музеи А. П. Чехова в Таганроге",
        "name_en": "Chekhov Museums in Taganrog",
        "region": "Tỉnh Rostov",
        "categories": [
          "museum",
          "monument"
        ],
        "rating": 4.9,
        "reviews": 173,
        "short": "Taganrog là thành phố quê hương của đại văn hào Anton Chekhov. Cụm bảo tàng về ông gồm 'Ngôi nhà nhỏ' – nơi Chekhov chào đời năm 1860, và 'Cửa hiệu nhà Chekhov' – ngôi nhà kiêm tiệm tạp hóa nơi gia đình ông từng sống, tái hiện sinh động tuổi thơ của nhà văn.",
        "yandex": "https://yandex.com/maps/?pt=38.931199,47.206864&z=17&l=map",
        "google": "https://www.google.com/maps/search/?api=1&query=47.206864,38.931199",
        "photo": "https://commons.wikimedia.org/wiki/Special:FilePath/Anton%20Pavlovich%20Chekhov%27s%20house-museum.JPG",
        "status": "enriched"
      }
    },
    {
      "type": "Feature",
      "geometry": {
        "type": "Point",
        "coordinates": [
          39.423564,
          47.111687
        ]
      },
      "properties": {
        "id": "rostov-azov-fortress",
        "name_vi": "Pháo đài Azov (A-dốp)",
        "name_ru": "Азовская крепость",
        "name_en": "Azov Fortress",
        "region": "Tỉnh Rostov",
        "categories": [
          "fortress",
          "museum",
          "monument"
        ],
        "rating": null,
        "reviews": null,
        "short": "Pháo đài Azov canh giữ cửa sông Đông ra biển Azov từng là điểm nóng của các cuộc chiến Nga - Ottoman. Ngày nay du khách có thể dạo trên những lũy đất cổ, thăm 'Kho thuốc súng' thế kỷ XVIII với mô hình tái hiện cuộc vây hãm Azov năm 1696 của Peter Đại đế.",
        "yandex": "https://yandex.com/maps/?pt=39.423564,47.111687&z=17&l=map",
        "google": "https://www.google.com/maps/search/?api=1&query=47.111687,39.423564",
        "photo": "https://commons.wikimedia.org/wiki/Special:FilePath/Azov%20fortress.JPG",
        "status": "enriched"
      }
    },
    {
      "type": "Feature",
      "geometry": {
        "type": "Point",
        "coordinates": [
          39.71197,
          47.21724
        ]
      },
      "properties": {
        "id": "rostov-rostov-nativity-cathedral",
        "name_vi": "Nhà thờ Chính tòa Giáng Sinh Đức Mẹ (Xô-bo Rô-giơ-đê-xtva)",
        "name_ru": "Собор Рождества Пресвятой Богородицы",
        "name_en": "Cathedral of the Nativity of the Theotokos (Rostov-on-Don)",
        "region": "Tỉnh Rostov",
        "categories": [
          "church",
          "monument"
        ],
        "rating": null,
        "reviews": null,
        "short": "Là nhà thờ chính của Rostov-na-Donu, thánh đường Giáng Sinh Đức Mẹ nổi bật với năm mái vòm và tháp chuông cao vút bên Chợ Trung tâm. Công trình phong cách Nga - Byzantine do kiến trúc sư Konstantin Ton thiết kế, xây năm 1854–1860, là trái tim Chính thống giáo của thành phố.",
        "yandex": "https://yandex.com/maps/?pt=39.71197,47.21724&z=17&l=map",
        "google": "https://www.google.com/maps/search/?api=1&query=47.21724,39.71197",
        "photo": "https://commons.wikimedia.org/wiki/Special:FilePath/%D0%9A%D0%B0%D1%84%D0%B5%D0%B4%D1%80%D0%B0%D0%BB%D1%8C%D0%BD%D1%8B%D0%B9%20%D1%81%D0%BE%D0%B1%D0%BE%D1%80%20%D0%B2%20%D0%A0%D0%BE%D1%81%D1%82%D0%BE%D0%B2%D0%B5.JPG",
        "status": "enriched"
      }
    },
    {
      "type": "Feature",
      "geometry": {
        "type": "Point",
        "coordinates": [
          41.72873,
          49.626507
        ]
      },
      "properties": {
        "id": "rostov-sholokhov-veshenskaya",
        "name_vi": "Khu bảo tàng - bảo tồn Sholokhov ở Veshenskaya (Sô-lô-khốp, Vi-ô-sen-xcai-a)",
        "name_ru": "Государственный музей-заповедник М. А. Шолохова",
        "name_en": "Sholokhov State Museum-Reserve (Veshenskaya)",
        "region": "Tỉnh Rostov",
        "categories": [
          "museum",
          "monument",
          "park_garden"
        ],
        "rating": null,
        "reviews": null,
        "short": "Veshenskaya là quê hương của Mikhail Sholokhov – nhà văn Nga đoạt giải Nobel Văn học 1965, tác giả 'Sông Đông êm đềm'. Khu bảo tàng - bảo tồn quốc gia gìn giữ tư dinh nơi ông sống và an nghỉ, các ngôi nhà tưởng niệm và cả vùng cảnh quan thảo nguyên sông Đông đã đi vào trang văn của ông.",
        "yandex": "https://yandex.com/maps/?pt=41.72873,49.626507&z=17&l=map",
        "google": "https://www.google.com/maps/search/?api=1&query=49.626507,41.72873",
        "photo": "https://commons.wikimedia.org/wiki/Special:FilePath/%D0%92%D0%B5%D1%88%D0%B5%D0%BD%D1%81%D0%BA%D0%B0%D1%8F%2C%20%D0%A0%D0%BE%D1%81%D1%82%D0%BE%D0%B2%D1%81%D0%BA%D0%B0%D1%8F%20%D0%BE%D0%B1%D0%BB.%2C%20%D0%A0%D0%BE%D1%81%D1%81%D0%B8%D1%8F%2C%20%D0%A3%D1%81%D0%B0%D0%B4%D1%8C%D0%B1%D0%B0%20%D0%A8%D0%BE%D0%BB%D0%BE%D1%85%D0%BE%D0%B2%D0%B0%20-%20panoramio.jpg",
        "status": "enriched"
      }
    },
    {
      "type": "Feature",
      "geometry": {
        "type": "Point",
        "coordinates": [
          39.748299,
          54.635799
        ]
      },
      "properties": {
        "id": "ryazan-ryazan-kremlin",
        "name_vi": "Điện Kremlin Ryazan (Ri-a-dan-xki Krem-lơ)",
        "name_ru": "Рязанский кремль",
        "name_en": "Ryazan Kremlin",
        "region": "Tỉnh Ryazan",
        "categories": [
          "fortress",
          "church",
          "museum"
        ],
        "rating": 4.5,
        "reviews": 822,
        "short": "Điện Kremlin Ryazan là quần thể pháo đài - tôn giáo cổ kính nằm trên ngọn đồi cao bên sông Trubezh, được coi là trái tim lịch sử và tâm hồn của thành phố Ryazan. Nơi đây quy tụ nhà thờ chính tòa Uspensky đồ sộ, tháp chuông cao vút cùng nhiều bảo tàng, là điểm đến không thể bỏ qua của cả vùng.",
        "yandex": "https://yandex.com/maps/?pt=39.748299,54.635799&z=17&l=map",
        "google": "https://www.google.com/maps/search/?api=1&query=54.635799,39.748299",
        "photo": "https://commons.wikimedia.org/wiki/Special:FilePath/%D0%A0%D1%8F%D0%B7%D0%B0%D0%BD%D1%8C%2C%20%D0%B2%D0%B8%D0%B4%20%D0%BD%D0%B0%20%D0%9A%D1%80%D0%B5%D0%BC%D0%BB%D1%8C.jpg",
        "status": "enriched"
      }
    },
    {
      "type": "Feature",
      "geometry": {
        "type": "Point",
        "coordinates": [
          39.599998,
          54.849998
        ]
      },
      "properties": {
        "id": "ryazan-yesenin-konstantinovo",
        "name_vi": "Điền trang - Bảo tàng Sergei Yesenin, làng Konstantinovo (Xéc-gây Ê-xê-nhin, Côn-xtan-ti-nô-vô)",
        "name_ru": "Государственный музей-заповедник С.А. Есенина (Константиново)",
        "name_en": "State Museum-Reserve of Sergei Yesenin, Konstantinovo",
        "region": "Tỉnh Ryazan",
        "categories": [
          "museum",
          "park_garden"
        ],
        "rating": 4.6,
        "reviews": 296,
        "short": "Đây là quê hương và điền trang gắn với tuổi thơ của Sergei Yesenin — nhà thơ trữ tình được yêu mến bậc nhất nước Nga. Bảo tàng - khu bảo tồn trải rộng bên bờ cao sông Oka, gồm ngôi nhà cha mẹ nhà thơ, trường học, nhà thờ và khung cảnh làng quê Nga thơ mộng đã đi vào thi ca.",
        "yandex": "https://yandex.com/maps/?pt=39.599998,54.849998&z=17&l=map",
        "google": "https://www.google.com/maps/search/?api=1&query=54.849998,39.599998",
        "photo": "https://commons.wikimedia.org/wiki/Special:FilePath/Konstantinovo%2C%20Ryazan%20Oblast%2C%20Russia%20-%20panoramio%20%2812%29.jpg",
        "status": "enriched"
      }
    },
    {
      "type": "Feature",
      "geometry": {
        "type": "Point",
        "coordinates": [
          39.833737,
          54.791283
        ]
      },
      "properties": {
        "id": "ryazan-solotcha-monastery",
        "name_vi": "Tu viện Solotcha (Xô-lô-tchin-xki) — Tu viện Giáng Sinh Đức Mẹ",
        "name_ru": "Солотчинский монастырь",
        "name_en": "Solotcha Convent (Nativity of the Virgin Monastery)",
        "region": "Tỉnh Ryazan",
        "categories": [
          "church"
        ],
        "rating": 4.4,
        "reviews": 48,
        "short": "Tu viện Solotcha là tu viện nữ cổ kính do Đại công tước Oleg xứ Ryazan sáng lập năm 1390, nằm bên rìa rừng thông Meshchera. Quần thể nổi bật với các thánh đường gạch đỏ - trắng duyên dáng và khung cảnh thanh bình bên dòng sông Staritsa.",
        "yandex": "https://yandex.com/maps/?pt=39.833737,54.791283&z=17&l=map",
        "google": "https://www.google.com/maps/search/?api=1&query=54.791283,39.833737",
        "photo": null,
        "status": "enriched"
      }
    },
    {
      "type": "Feature",
      "geometry": {
        "type": "Point",
        "coordinates": [
          39.715546,
          54.817267
        ]
      },
      "properties": {
        "id": "ryazan-st-john-theologian-monastery-poshchupovo",
        "name_vi": "Tu viện Thánh Gioan Thần Học, làng Poshchupovo (I-ô-an-nô Bô-gô-xlốp-xki, Pô-shu-pô-vô)",
        "name_ru": "Иоанно-Богословский монастырь",
        "name_en": "St John the Theologian Monastery, Poshchupovo",
        "region": "Tỉnh Ryazan",
        "categories": [
          "church"
        ],
        "rating": 4.9,
        "reviews": 61,
        "short": "Tu viện nam Thánh Gioan Thần Học ở Poshchupovo là một trong những tu viện cổ nhất vùng Ryazan, tương truyền do các tu sĩ Hy Lạp lập nên từ khoảng thế kỷ 12–13. Quần thể nằm trên gò cao bên sông Oka, nổi bật với tháp chuông cao vút và nguồn nước thánh linh thiêng.",
        "yandex": "https://yandex.com/maps/?pt=39.715546,54.817267&z=17&l=map",
        "google": "https://www.google.com/maps/search/?api=1&query=54.817267,39.715546",
        "photo": "https://commons.wikimedia.org/wiki/Special:FilePath/%D0%92%D0%B8%D0%B4%20%D0%BD%D0%B0%20%D0%98%D0%BE%D0%B0%D0%BD%D0%BD%D0%BE-%D0%91%D0%BE%D0%B3%D0%BE%D1%81%D0%BB%D0%BE%D0%B2%D1%81%D0%BA%D0%B8%D0%B9%20%D0%BC%D0%BE%D0%BD%D0%B0%D1%81%D1%82%D1%8B%D1%80%D1%8C%20%D0%B2%20%D1%81%D0%B5%D0%BB%D0%B5%20%D0%9F%D0%BE%D1%89%D1%83%D0%BF%D0%BE%D0%B2%D0%BE.%20%D0%A0%D1%8F%D0%B7%D0%B0%D0%BD%D1%81%D0%BA%D0%B0%D1%8F%20%D0%BE%D0%B1%D0%BB%D0%B0%D1%81%D1%82%D1%8C.jpg",
        "status": "enriched"
      }
    },
    {
      "type": "Feature",
      "geometry": {
        "type": "Point",
        "coordinates": [
          41.400002,
          54.933334
        ]
      },
      "properties": {
        "id": "ryazan-kasimov",
        "name_vi": "Thị trấn cổ Kasimov (Ca-xi-mốp)",
        "name_ru": "Касимов",
        "name_en": "Kasimov historic town",
        "region": "Tỉnh Ryazan",
        "categories": [
          "square_street",
          "church",
          "museum"
        ],
        "rating": 4.3,
        "reviews": 56,
        "short": "Kasimov là thị trấn cổ độc đáo bên sông Oka, nơi văn hóa Nga và Tatar giao thoa suốt hàng thế kỷ. Từng là kinh đô của Hãn quốc Kasimov, nơi đây lưu giữ nhà thờ Hồi giáo Khan với tháp minaret bằng đá, các lăng mộ tekie và những quảng trường, phố cổ thương nhân xinh đẹp.",
        "yandex": "https://yandex.com/maps/?pt=41.400002,54.933334&z=17&l=map",
        "google": "https://www.google.com/maps/search/?api=1&query=54.933334,41.400002",
        "photo": "https://commons.wikimedia.org/wiki/Special:FilePath/Kasimov%20avgan%20sultan%20mausoleum.jpg",
        "status": "enriched"
      }
    },
    {
      "type": "Feature",
      "geometry": {
        "type": "Point",
        "coordinates": [
          40.166667,
          55.133333
        ]
      },
      "properties": {
        "id": "ryazan-meshchera-national-park",
        "name_vi": "Vườn quốc gia Meshchyorsky (Me-she-rơ-xki)",
        "name_ru": "Мещёрский национальный парк",
        "name_en": "Meshchyorsky National Park",
        "region": "Tỉnh Ryazan",
        "categories": [
          "park_garden"
        ],
        "rating": null,
        "reviews": null,
        "short": "Vườn quốc gia Meshchyorsky bảo tồn vùng đất trũng Meshchera đặc trưng ở phía bắc tỉnh Ryazan — thế giới của rừng thông, đầm lầy than bùn, hồ nước và những dòng sông lững lờ. Đây là thiên đường của các loài chim, gắn liền với tuổi thơ nhà thơ Yesenin và những trang văn của Paustovsky.",
        "yandex": "https://yandex.com/maps/?pt=40.166667,55.133333&z=17&l=map",
        "google": "https://www.google.com/maps/search/?api=1&query=55.133333,40.166667",
        "photo": "https://commons.wikimedia.org/wiki/Special:FilePath/Meshchersky%20park-1.jpg",
        "status": "enriched"
      }
    },
    {
      "type": "Feature",
      "geometry": {
        "type": "Point",
        "coordinates": [
          40.42216,
          54.396703
        ]
      },
      "properties": {
        "id": "ryazan-old-ryazan",
        "name_vi": "Di chỉ khảo cổ Cựu Ryazan (Xta-ra-ia Ri-a-dan)",
        "name_ru": "Старая Рязань",
        "name_en": "Old Ryazan (Staraya Ryazan) archaeological site",
        "region": "Tỉnh Ryazan",
        "categories": [
          "fortress",
          "monument"
        ],
        "rating": 4.5,
        "reviews": 12,
        "short": "Cựu Ryazan là di chỉ khảo cổ của kinh đô cổ công quốc Ryazan, thành phố hùng mạnh bị đại quân Mông Cổ của Batu Khan san phẳng năm 1237 và không bao giờ hồi sinh. Ngày nay chỉ còn cánh đồng rộng lớn bao quanh bởi những lũy đất khổng lồ — một chứng tích đầy ám ảnh của nước Nga cổ.",
        "yandex": "https://yandex.com/maps/?pt=40.42216,54.396703&z=17&l=map",
        "google": "https://www.google.com/maps/search/?api=1&query=54.396703,40.42216",
        "photo": "https://commons.wikimedia.org/wiki/Special:FilePath/Staraya%20Ryazan-1.jpg",
        "status": "enriched"
      }
    },
    {
      "type": "Feature",
      "geometry": {
        "type": "Point",
        "coordinates": [
          39.730182,
          54.631748
        ]
      },
      "properties": {
        "id": "ryazan-pavlov-museum-estate",
        "name_vi": "Bảo tàng - Điền trang tưởng niệm viện sĩ I.P. Pavlov, Ryazan (I-van Páp-lốp)",
        "name_ru": "Мемориальный музей-усадьба академика И.П. Павлова",
        "name_en": "Memorial Museum-Estate of Academician I.P. Pavlov",
        "region": "Tỉnh Ryazan",
        "categories": [
          "museum"
        ],
        "rating": 4.7,
        "reviews": 175,
        "short": "Đây là ngôi nhà gỗ nơi Ivan Pavlov — nhà sinh lý học lừng danh, người Nga đầu tiên đoạt giải Nobel Y học (1904) — chào đời và lớn lên. Bảo tàng - điền trang tái hiện sinh động cuộc sống gia đình Nga thế kỷ 19 cùng sự nghiệp khoa học vĩ đại của ông.",
        "yandex": "https://yandex.com/maps/?pt=39.730182,54.631748&z=17&l=map",
        "google": "https://www.google.com/maps/search/?api=1&query=54.631748,39.730182",
        "photo": "https://commons.wikimedia.org/wiki/Special:FilePath/Pavlov%20House%20Ryazan.JPG",
        "status": "enriched"
      }
    },
    {
      "type": "Feature",
      "geometry": {
        "type": "Point",
        "coordinates": [
          30.313611,
          59.940556
        ]
      },
      "properties": {
        "id": "saint-petersburg-hermitage",
        "name_vi": "Bảo tàng Ẩn Cung (Hermitage) – Cung điện Mùa Đông",
        "name_ru": "Государственный Эрмитаж",
        "name_en": "State Hermitage Museum",
        "region": "Saint Petersburg",
        "categories": [
          "museum",
          "palace"
        ],
        "rating": 4.7,
        "reviews": 26762,
        "short": "Bảo tàng nghệ thuật lớn bậc nhất thế giới, đặt trong Cung điện Mùa Đông lộng lẫy bên bờ sông Neva — nơi lưu giữ khoảng 3 triệu hiện vật, từ Da Vinci, Rembrandt đến chiếc Đồng hồ Công bằng vàng vẫn còn chạy.",
        "yandex": "https://yandex.com/maps/?pt=30.313611,59.940556&z=17&l=map",
        "google": "https://www.google.com/maps/search/?api=1&query=59.940556,30.313611",
        "photo": "https://commons.wikimedia.org/wiki/Special:FilePath/Winter_Palace_Panorama_4.jpg",
        "status": "enriched"
      }
    },
    {
      "type": "Feature",
      "geometry": {
        "type": "Point",
        "coordinates": [
          30.32861,
          59.94
        ]
      },
      "properties": {
        "id": "saint-petersburg-savior-on-blood",
        "name_vi": "Nhà thờ Chúa Cứu Thế trên Máu Đổ (Spas na Krovi)",
        "name_ru": "Спас на Крови",
        "name_en": "Church of the Savior on Spilled Blood",
        "region": "Saint Petersburg",
        "categories": [
          "church"
        ],
        "rating": 4.8,
        "reviews": 21728,
        "short": "Nhà thờ mái vòm củ hành sặc sỡ nhất Saint Petersburg, dựng ngay nơi Sa hoàng Aleksandr II bị ám sát, với nội thất phủ hơn 7.000 m² tranh khảm (mosaic) lấp lánh.",
        "yandex": "https://yandex.com/maps/?pt=30.32861,59.94&z=17&l=map",
        "google": "https://www.google.com/maps/search/?api=1&query=59.94,30.32861",
        "photo": "https://commons.wikimedia.org/wiki/Special:FilePath/The_Church_of_the_Savior_on_Spilled_Blood.jpg",
        "status": "enriched"
      }
    },
    {
      "type": "Feature",
      "geometry": {
        "type": "Point",
        "coordinates": [
          30.305969,
          59.933994
        ]
      },
      "properties": {
        "id": "saint-petersburg-st-isaacs",
        "name_vi": "Nhà thờ Thánh Isaac (Isaakievsky)",
        "name_ru": "Исаакиевский собор",
        "name_en": "Saint Isaac's Cathedral",
        "region": "Saint Petersburg",
        "categories": [
          "church"
        ],
        "rating": 4.7,
        "reviews": 10350,
        "short": "Một trong những thánh đường Chính thống giáo lớn nhất thế giới, với mái vòm dát vàng rực rỡ; leo lên hàng cột (colonnade) trên cao để ngắm toàn cảnh Saint Petersburg.",
        "yandex": "https://yandex.com/maps/?pt=30.305969,59.933994&z=17&l=map",
        "google": "https://www.google.com/maps/search/?api=1&query=59.933994,30.305969",
        "photo": "https://commons.wikimedia.org/wiki/Special:FilePath/Saint_Isaac%27s_Cathedral_Saint_Petersburg.jpg",
        "status": "enriched"
      }
    },
    {
      "type": "Feature",
      "geometry": {
        "type": "Point",
        "coordinates": [
          30.324432,
          59.934116
        ]
      },
      "properties": {
        "id": "saint-petersburg-kazan-cathedral",
        "name_vi": "Nhà thờ Kazan (Kazansky)",
        "name_ru": "Казанский собор",
        "name_en": "Kazan Cathedral",
        "region": "Saint Petersburg",
        "categories": [
          "church"
        ],
        "rating": 4.6,
        "reviews": 4185,
        "short": "Thánh đường đang hoạt động với hàng cột hình bán nguyệt 96 cột gợi nhớ Vương cung Thánh đường Thánh Peter ở Roma; nơi an nghỉ của Thống chế Kutuzov, vào cửa miễn phí.",
        "yandex": "https://yandex.com/maps/?pt=30.324432,59.934116&z=17&l=map",
        "google": "https://www.google.com/maps/search/?api=1&query=59.934116,30.324432",
        "photo": "https://commons.wikimedia.org/wiki/Special:FilePath/Kazan_Cathedral_Saint_Petersburg.jpg",
        "status": "enriched"
      }
    },
    {
      "type": "Feature",
      "geometry": {
        "type": "Point",
        "coordinates": [
          30.33222,
          59.93861
        ]
      },
      "properties": {
        "id": "saint-petersburg-russian-museum",
        "name_vi": "Bảo tàng Nga (Russkiy Muzey)",
        "name_ru": "Русский музей",
        "name_en": "State Russian Museum",
        "region": "Saint Petersburg",
        "categories": [
          "museum",
          "palace"
        ],
        "rating": 4.7,
        "reviews": 3306,
        "short": "Bảo tàng nghệ thuật Nga đầu tiên của nhà nước, đặt trong Cung điện Mikhailovsky tân cổ điển; yên tĩnh hơn Hermitage, với kiệt tác của Repin, Aivazovsky, Bryullov.",
        "yandex": "https://yandex.com/maps/?pt=30.33222,59.93861&z=17&l=map",
        "google": "https://www.google.com/maps/search/?api=1&query=59.93861,30.33222",
        "photo": "https://commons.wikimedia.org/wiki/Special:FilePath/Russian_museam.JPG",
        "status": "enriched"
      }
    },
    {
      "type": "Feature",
      "geometry": {
        "type": "Point",
        "coordinates": [
          30.315425,
          59.939305
        ]
      },
      "properties": {
        "id": "saint-petersburg-palace-square",
        "name_vi": "Quảng trường Cung điện (Dvortsovaya)",
        "name_ru": "Дворцовая площадь",
        "name_en": "Palace Square",
        "region": "Saint Petersburg",
        "categories": [
          "square_street",
          "monument"
        ],
        "rating": 4.7,
        "reviews": 5479,
        "short": "Quảng trường trung tâm hoành tráng với Cung điện Mùa Đông, Toà nhà Bộ Tổng tham mưu hình vòng cung và Cột Aleksandr cao 47,5 m — sân khấu của những biến cố lịch sử Nga.",
        "yandex": "https://yandex.com/maps/?pt=30.315425,59.939305&z=17&l=map",
        "google": "https://www.google.com/maps/search/?api=1&query=59.939305,30.315425",
        "photo": "https://commons.wikimedia.org/wiki/Special:FilePath/Palace_Square%2C_Saint_Petersburg%2C_Russia.JPG",
        "status": "enriched"
      }
    },
    {
      "type": "Feature",
      "geometry": {
        "type": "Point",
        "coordinates": [
          30.316346,
          59.950191
        ]
      },
      "properties": {
        "id": "saint-petersburg-peter-paul-fortress",
        "name_vi": "Pháo đài Petropavlovsk (Thánh Phêrô và Phaolô)",
        "name_ru": "Петропавловская крепость",
        "name_en": "Peter and Paul Fortress",
        "region": "Saint Petersburg",
        "categories": [
          "fortress",
          "church"
        ],
        "rating": 4.4,
        "reviews": 5155,
        "short": "Nơi khai sinh Saint Petersburg (1703), với thánh đường mũi nhọn dát vàng cao 122,5 m — lăng mộ các Sa hoàng — và khẩu đại bác bắn đúng trưa mỗi ngày.",
        "yandex": "https://yandex.com/maps/?pt=30.316346,59.950191&z=17&l=map",
        "google": "https://www.google.com/maps/search/?api=1&query=59.950191,30.316346",
        "photo": "https://commons.wikimedia.org/wiki/Special:FilePath/PeterandPaulFortress2.JPG",
        "status": "enriched"
      }
    },
    {
      "type": "Feature",
      "geometry": {
        "type": "Point",
        "coordinates": [
          30.308105,
          59.941149
        ]
      },
      "properties": {
        "id": "saint-petersburg-palace-bridge",
        "name_vi": "Cầu Cung điện (Dvortsovy Most)",
        "name_ru": "Дворцовый мост",
        "name_en": "Palace Bridge",
        "region": "Saint Petersburg",
        "categories": [
          "bridge"
        ],
        "rating": 4.7,
        "reviews": 1658,
        "short": "Cây cầu bập bênh biểu tượng của Đêm Trắng — khi các nhịp cầu nâng lên trong đêm, mũi nhọn Nhà thờ Petropavlovsk hiện ra giữa khung cầu như một tấm bưu thiếp.",
        "yandex": "https://yandex.com/maps/?pt=30.308105,59.941149&z=17&l=map",
        "google": "https://www.google.com/maps/search/?api=1&query=59.941149,30.308105",
        "photo": "https://commons.wikimedia.org/wiki/Special:FilePath/Saint%20Petersburg%20Palace%20Bridge%20IMG%205789%201280.jpg",
        "status": "enriched"
      }
    },
    {
      "type": "Feature",
      "geometry": {
        "type": "Point",
        "coordinates": [
          30.302245,
          59.936424
        ]
      },
      "properties": {
        "id": "saint-petersburg-bronze-horseman",
        "name_vi": "Kỵ sĩ Đồng (Medny Vsadnik)",
        "name_ru": "Медный всадник",
        "name_en": "The Bronze Horseman",
        "region": "Saint Petersburg",
        "categories": [
          "monument"
        ],
        "rating": 4.5,
        "reviews": 1394,
        "short": "Tượng đài Pyotr Đại đế cưỡi ngựa trên 'Tảng đá Sấm' khổng lồ — nguồn cảm hứng cho bài thơ nổi tiếng của Pushkin, đứng uy nghi trên Quảng trường Thượng viện.",
        "yandex": "https://yandex.com/maps/?pt=30.302245,59.936424&z=17&l=map",
        "google": "https://www.google.com/maps/search/?api=1&query=59.936424,30.302245",
        "photo": "https://commons.wikimedia.org/wiki/Special:FilePath/Bronze%20Horseman%20IMG%202908.JPG",
        "status": "enriched"
      }
    },
    {
      "type": "Feature",
      "geometry": {
        "type": "Point",
        "coordinates": [
          30.324097,
          59.935944
        ]
      },
      "properties": {
        "id": "saint-petersburg-nevsky-prospect",
        "name_vi": "Đại lộ Nevsky (Nevsky Prospekt)",
        "name_ru": "Невский проспект",
        "name_en": "Nevsky Prospect",
        "region": "Saint Petersburg",
        "categories": [
          "square_street"
        ],
        "rating": 4.5,
        "reviews": 4730,
        "short": "Đại lộ chính dài ~4,5 km — trái tim sôi động của thành phố với kiến trúc tráng lệ, nhà thờ, cửa hàng và quán cà phê; nơi tản bộ lý tưởng cả ngày lẫn đêm.",
        "yandex": "https://yandex.com/maps/?pt=30.324097,59.935944&z=17&l=map",
        "google": "https://www.google.com/maps/search/?api=1&query=59.935944,30.324097",
        "photo": "https://commons.wikimedia.org/wiki/Special:FilePath/Nevsky%20Prospect%2C%20St.%20Petersburg%2C%20Russia.jpg",
        "status": "enriched"
      }
    },
    {
      "type": "Feature",
      "geometry": {
        "type": "Point",
        "coordinates": [
          30.304488,
          59.941545
        ]
      },
      "properties": {
        "id": "saint-petersburg-kunstkamera",
        "name_vi": "Bảo tàng Kunstkamera (Nhân học & Dân tộc học)",
        "name_ru": "Кунсткамера",
        "name_en": "Kunstkamera",
        "region": "Saint Petersburg",
        "categories": [
          "museum"
        ],
        "rating": 3.7,
        "reviews": 835,
        "short": "Bảo tàng công cộng đầu tiên của Nga (1714), nổi tiếng với 'tủ kỳ vật' của Pyotr Đại đế và các tiêu bản giải phẫu — kỳ lạ nhưng đầy mê hoặc.",
        "yandex": "https://yandex.com/maps/?pt=30.304488,59.941545&z=17&l=map",
        "google": "https://www.google.com/maps/search/?api=1&query=59.941545,30.304488",
        "photo": "https://commons.wikimedia.org/wiki/Special:FilePath/Saint%20Petersburg%20Kunstkamera%20from%20Neva.jpg",
        "status": "enriched"
      }
    },
    {
      "type": "Feature",
      "geometry": {
        "type": "Point",
        "coordinates": [
          30.335553,
          59.944908
        ]
      },
      "properties": {
        "id": "saint-petersburg-summer-garden",
        "name_vi": "Vườn Mùa Hè (Letny Sad)",
        "name_ru": "Летний сад",
        "name_en": "Summer Garden",
        "region": "Saint Petersburg",
        "categories": [
          "park_garden"
        ],
        "rating": 4.5,
        "reviews": 886,
        "short": "Khu vườn cổ nhất Saint Petersburg (1704), do Pyotr Đại đế tự tay lên ý tưởng — những lối đi rợp bóng cây, đài phun nước, hồ thiên nga và hàng tượng cẩm thạch.",
        "yandex": "https://yandex.com/maps/?pt=30.335553,59.944908&z=17&l=map",
        "google": "https://www.google.com/maps/search/?api=1&query=59.944908,30.335553",
        "photo": "https://commons.wikimedia.org/wiki/Special:FilePath/Letniy%20Sad.jpg",
        "status": "enriched"
      }
    },
    {
      "type": "Feature",
      "geometry": {
        "type": "Point",
        "coordinates": [
          29.908889,
          59.884444
        ]
      },
      "properties": {
        "id": "saint-petersburg-peterhof",
        "name_vi": "Peterhof (Petergof) — Cung điện Lớn & đài phun nước",
        "name_ru": "Петергоф",
        "name_en": "Peterhof Grand Palace and Fountains",
        "region": "Saint Petersburg",
        "categories": [
          "palace",
          "park_garden"
        ],
        "rating": 4.7,
        "reviews": 12817,
        "short": "'Versailles của nước Nga' — quần thể cung điện và Công viên Hạ với hơn 60 đài phun nước mạ vàng chảy hoàn toàn bằng trọng lực; Di sản Thế giới UNESCO.",
        "yandex": "https://yandex.com/maps/?pt=29.908889,59.884444&z=17&l=map",
        "google": "https://www.google.com/maps/search/?api=1&query=59.884444,29.908889",
        "photo": "https://commons.wikimedia.org/wiki/Special:FilePath/Peterhof_-_Grand_Palace_and_Grand_Cascade.jpg",
        "status": "enriched"
      }
    },
    {
      "type": "Feature",
      "geometry": {
        "type": "Point",
        "coordinates": [
          30.395556,
          59.716111
        ]
      },
      "properties": {
        "id": "saint-petersburg-catherine-palace",
        "name_vi": "Cung điện Ekaterina & Phòng Hổ phách (Tsarskoye Selo)",
        "name_ru": "Екатерининский дворец",
        "name_en": "Catherine Palace (Amber Room)",
        "region": "Saint Petersburg",
        "categories": [
          "palace"
        ],
        "rating": 4.7,
        "reviews": 8689,
        "short": "Cung điện Rococo lộng lẫy ở Tsarskoye Selo với mặt tiền dài hơn 300 m và Phòng Hổ phách huyền thoại — từng bị Đức Quốc xã cướp phá và được phục dựng.",
        "yandex": "https://yandex.com/maps/?pt=30.395556,59.716111&z=17&l=map",
        "google": "https://www.google.com/maps/search/?api=1&query=59.716111,30.395556",
        "photo": "https://commons.wikimedia.org/wiki/Special:FilePath/Catherine_Palace_in_Tsarskoe_Selo.jpg",
        "status": "enriched"
      }
    },
    {
      "type": "Feature",
      "geometry": {
        "type": "Point",
        "coordinates": [
          30.453333,
          59.685833
        ]
      },
      "properties": {
        "id": "saint-petersburg-pavlovsk",
        "name_vi": "Cung điện & Công viên Pavlovsk",
        "name_ru": "Павловск",
        "name_en": "Pavlovsk Palace and Park",
        "region": "Saint Petersburg",
        "categories": [
          "palace",
          "park_garden"
        ],
        "rating": 4.7,
        "reviews": 1347,
        "short": "Cung điện Palladian thanh nhã của Hoàng đế Pavel I, nằm giữa một trong những công viên phong cảnh kiểu Anh lớn nhất châu Âu (~600 ha) — yên tĩnh hơn hẳn các cung điện lân cận.",
        "yandex": "https://yandex.com/maps/?pt=30.453333,59.685833&z=17&l=map",
        "google": "https://www.google.com/maps/search/?api=1&query=59.685833,30.453333",
        "photo": "https://commons.wikimedia.org/wiki/Special:FilePath/Pavlovsk_town_Pavlovsk_Palace_IMG_6257_1280.jpg",
        "status": "enriched"
      }
    },
    {
      "type": "Feature",
      "geometry": {
        "type": "Point",
        "coordinates": [
          30.296111,
          59.925556
        ]
      },
      "properties": {
        "id": "saint-petersburg-mariinsky-theatre",
        "name_vi": "Nhà hát Mariinsky",
        "name_ru": "Мариинский театр",
        "name_en": "Mariinsky Theatre",
        "region": "Saint Petersburg",
        "categories": [
          "theatre"
        ],
        "rating": 4.6,
        "reviews": 2164,
        "short": "Thánh đường của ballet và opera Nga, nơi ra mắt 'Kẹp hạt dẻ' và 'Người đẹp ngủ trong rừng' của Tchaikovsky — khán phòng dát vàng lộng lẫy, quê nhà của đoàn Mariinsky (Kirov).",
        "yandex": "https://yandex.com/maps/?pt=30.296111,59.925556&z=17&l=map",
        "google": "https://www.google.com/maps/search/?api=1&query=59.925556,30.296111",
        "photo": "https://commons.wikimedia.org/wiki/Special:FilePath/%D0%A1%D0%B0%D0%BD%D0%BA%D1%82-%D0%9F%D0%B5%D1%82%D0%B5%D1%80%D0%B1%D1%83%D1%80%D0%B3%2C_%D0%9C%D0%B0%D1%80%D0%B8%D0%B8%D0%BD%D1%81%D0%BA%D0%B8%D0%B9_%D1%82%D0%B5%D0%B0%D1%82%D1%80%2C_%D1%84%D0%B0%D1%81%D0%B0%D0%B4_%28edited_version%29.jpg",
        "status": "enriched"
      }
    },
    {
      "type": "Feature",
      "geometry": {
        "type": "Point",
        "coordinates": [
          30.388889,
          59.921111
        ]
      },
      "properties": {
        "id": "saint-petersburg-alexander-nevsky-lavra",
        "name_vi": "Tu viện Aleksandr Nevsky (Lavra)",
        "name_ru": "Александро-Невская лавра",
        "name_en": "Alexander Nevsky Lavra",
        "region": "Saint Petersburg",
        "categories": [
          "church"
        ],
        "rating": 4.6,
        "reviews": 413,
        "short": "Tu viện Chính thống giáo bậc 'lavra' do Pyotr Đại đế lập năm 1710, với thánh đường Chúa Ba Ngôi tân cổ điển và nghĩa trang nơi Dostoevsky, Tchaikovsky an nghỉ.",
        "yandex": "https://yandex.com/maps/?pt=30.388889,59.921111&z=17&l=map",
        "google": "https://www.google.com/maps/search/?api=1&query=59.921111,30.388889",
        "photo": "https://commons.wikimedia.org/wiki/Special:FilePath/%D0%A2%D1%80%D0%BE%D0%B8%D1%86%D0%BA%D0%B8%D0%B9_%D1%81%D0%BE%D0%B1%D0%BE%D1%80_%D0%90%D0%BB%D0%B5%D0%BA%D1%81%D0%B0%D0%BD%D0%B4%D1%80%D0%BE-%D0%9D%D0%B5%D0%B2%D1%81%D0%BA%D0%BE%D0%B9_%D0%9B%D0%B0%D0%B2%D1%80%D1%8B_06.jpg",
        "status": "enriched"
      }
    },
    {
      "type": "Feature",
      "geometry": {
        "type": "Point",
        "coordinates": [
          30.395,
          59.948611
        ]
      },
      "properties": {
        "id": "saint-petersburg-smolny-cathedral",
        "name_vi": "Nhà thờ Smolny",
        "name_ru": "Смольный собор",
        "name_en": "Smolny Cathedral",
        "region": "Saint Petersburg",
        "categories": [
          "church"
        ],
        "rating": 4.5,
        "reviews": 626,
        "short": "Kiệt tác Baroque xanh-trắng của Rastrelli, khởi công năm 1748 cho Nữ hoàng Elizaveta — mặt ngoài rực rỡ, nội thất sáng bừng, vào cửa miễn phí.",
        "yandex": "https://yandex.com/maps/?pt=30.395,59.948611&z=17&l=map",
        "google": "https://www.google.com/maps/search/?api=1&query=59.948611,30.395",
        "photo": "https://commons.wikimedia.org/wiki/Special:FilePath/Smolny_Convent.jpg",
        "status": "enriched"
      }
    },
    {
      "type": "Feature",
      "geometry": {
        "type": "Point",
        "coordinates": [
          30.2987,
          59.9295
        ]
      },
      "properties": {
        "id": "saint-petersburg-yusupov-palace",
        "name_vi": "Cung điện Yusupov (Iu-xu-pốp) bên sông Moika",
        "name_ru": "Юсуповский дворец (на Мойке)",
        "name_en": "Yusupov Palace on the Moika",
        "region": "Saint Petersburg",
        "categories": [
          "palace",
          "museum"
        ],
        "rating": 4.5,
        "reviews": 2816,
        "short": "Một dinh thự quý tộc lộng lẫy bên bờ sông Moika, nổi tiếng là nơi hoàng thân Felix Yusupov cùng đồng mưu sát hại 'nhà tiên tri' Rasputin trong đêm cuối năm 1916. Bên trong là chuỗi phòng khách xa hoa, phòng hòa nhạc mạ vàng và một nhà hát rococo tí hon đẹp như mơ.",
        "yandex": "https://yandex.com/maps/?pt=30.2987,59.9295&z=17&l=map",
        "google": "https://www.google.com/maps/search/?api=1&query=59.9295,30.2987",
        "photo": "https://commons.wikimedia.org/wiki/Special:FilePath/Yusupov%20Palace%20on%20the%20Moika%20River%2C%20Saint%20Petersburg.JPG",
        "status": "enriched"
      }
    },
    {
      "type": "Feature",
      "geometry": {
        "type": "Point",
        "coordinates": [
          30.337778,
          59.940278
        ]
      },
      "properties": {
        "id": "saint-petersburg-mikhailovsky-castle",
        "name_vi": "Lâu đài Mikhailovsky (Mi-khai-lốp-xki) – Lâu đài Kỹ sư",
        "name_ru": "Михайловский замок (Инженерный замок)",
        "name_en": "Saint Michael's Castle (Mikhailovsky / Engineers' Castle)",
        "region": "Saint Petersburg",
        "categories": [
          "palace",
          "museum"
        ],
        "rating": 4.4,
        "reviews": 376,
        "short": "Tòa lâu đài đỏ hồng độc đáo được Sa hoàng Pavel I xây làm nơi ở kiên cố vì luôn ám ảnh sợ bị mưu sát. Trớ trêu thay, chỉ 40 ngày sau khi dọn vào, chính ông bị sát hại ngay trong phòng ngủ tại đây năm 1801.",
        "yandex": "https://yandex.com/maps/?pt=30.337778,59.940278&z=17&l=map",
        "google": "https://www.google.com/maps/search/?api=1&query=59.940278,30.337778",
        "photo": "https://commons.wikimedia.org/wiki/Special:FilePath/Spb%2006-2017%20img20%20StMichael%20Castle%20%28cropped%29.jpg",
        "status": "enriched"
      }
    },
    {
      "type": "Feature",
      "geometry": {
        "type": "Point",
        "coordinates": [
          30.320672,
          59.935736
        ]
      },
      "properties": {
        "id": "saint-petersburg-stroganov-palace",
        "name_vi": "Cung điện Stroganov (Xtơ-rô-ga-nốp)",
        "name_ru": "Строгановский дворец",
        "name_en": "Stroganov Palace",
        "region": "Saint Petersburg",
        "categories": [
          "palace",
          "museum"
        ],
        "rating": 4.3,
        "reviews": 212,
        "short": "Kiệt tác Baroque màu xanh ngọc do kiến trúc sư Rastrelli thiết kế, tọa lạc ngay góc đại lộ Nevsky và sông Moika. Đây là dinh thự của dòng họ Stroganov quyền quý, cái tên gắn liền với món bò 'beef Stroganoff' trứ danh.",
        "yandex": "https://yandex.com/maps/?pt=30.320672,59.935736&z=17&l=map",
        "google": "https://www.google.com/maps/search/?api=1&query=59.935736,30.320672",
        "photo": "https://commons.wikimedia.org/wiki/Special:FilePath/Stroganov%20Palace.JPG",
        "status": "enriched"
      }
    },
    {
      "type": "Feature",
      "geometry": {
        "type": "Point",
        "coordinates": [
          30.34575,
          59.936632
        ]
      },
      "properties": {
        "id": "saint-petersburg-sheremetev-palace",
        "name_vi": "Cung điện Sheremetev (Sê-rê-mê-chép) – Nhà Đài Phun Nước (Fontanny Dom)",
        "name_ru": "Шереметевский дворец (Фонтанный дом)",
        "name_en": "Sheremetev Palace (Fountain House) – Museum of Music",
        "region": "Saint Petersburg",
        "categories": [
          "palace",
          "museum"
        ],
        "rating": 4.5,
        "reviews": 110,
        "short": "Dinh thự Baroque màu vàng của gia tộc bá tước Sheremetev bên bờ sông Fontanka, nay là Bảo tàng Âm nhạc với hơn 3.000 nhạc cụ quý. Trong khuôn viên còn có căn hộ - bảo tàng của nữ thi sĩ Anna Akhmatova, người từng sống nhiều năm tại đây.",
        "yandex": "https://yandex.com/maps/?pt=30.34575,59.936632&z=17&l=map",
        "google": "https://www.google.com/maps/search/?api=1&query=59.936632,30.34575",
        "photo": "https://commons.wikimedia.org/wiki/Special:FilePath/6509.1.%20St.%20Petersburg.%20Sheremetev%20Palace.jpg",
        "status": "enriched"
      }
    },
    {
      "type": "Feature",
      "geometry": {
        "type": "Point",
        "coordinates": [
          30.295545,
          59.939525
        ]
      },
      "properties": {
        "id": "saint-petersburg-menshikov-palace",
        "name_vi": "Cung điện Menshikov (Men-si-cốp)",
        "name_ru": "Меншиковский дворец",
        "name_en": "Menshikov Palace",
        "region": "Saint Petersburg",
        "categories": [
          "palace",
          "museum"
        ],
        "rating": 4.4,
        "reviews": 270,
        "short": "Tòa nhà đá đầu tiên của Saint Petersburg, xây cho Aleksandr Menshikov, người bạn thân và cánh tay phải của Pyotr Đại đế. Nổi bật với những căn phòng ốp gạch men Hà Lan xanh - trắng độc đáo, nay là chi nhánh của Bảo tàng Hermitage.",
        "yandex": "https://yandex.com/maps/?pt=30.295545,59.939525&z=17&l=map",
        "google": "https://www.google.com/maps/search/?api=1&query=59.939525,30.295545",
        "photo": "https://commons.wikimedia.org/wiki/Special:FilePath/The%20Menshikov%20Palace%20%28Grand%20Hall%29%20-%20panoramio.jpg",
        "status": "enriched"
      }
    },
    {
      "type": "Feature",
      "geometry": {
        "type": "Point",
        "coordinates": [
          30.326797,
          59.945178
        ]
      },
      "properties": {
        "id": "saint-petersburg-marble-palace",
        "name_vi": "Cung điện Cẩm Thạch (Marble / Mra-mor-nưi)",
        "name_ru": "Мраморный дворец",
        "name_en": "Marble Palace",
        "region": "Saint Petersburg",
        "categories": [
          "palace",
          "museum"
        ],
        "rating": 4.1,
        "reviews": 183,
        "short": "Cung điện tân cổ điển độc đáo được Nữ hoàng Ekaterina Đại đế ban tặng cho sủng thần Grigori Orlov, ốp bằng 32 loại đá cẩm thạch và đá quý khác nhau. Ngày nay là chi nhánh nghệ thuật đương đại của Bảo tàng Nga.",
        "yandex": "https://yandex.com/maps/?pt=30.326797,59.945178&z=17&l=map",
        "google": "https://www.google.com/maps/search/?api=1&query=59.945178,30.326797",
        "photo": "https://commons.wikimedia.org/wiki/Special:FilePath/Marble%20Palace%20and%20Service%20wing%20Saint%20Petersburg%20%28cropped%29.jpg",
        "status": "enriched"
      }
    },
    {
      "type": "Feature",
      "geometry": {
        "type": "Point",
        "coordinates": [
          30.342863,
          59.934711
        ]
      },
      "properties": {
        "id": "saint-petersburg-faberge-museum",
        "name_vi": "Bảo tàng Fabergé (Pha-be-giê), Cung điện Shuvalov (Su-va-lốp)",
        "name_ru": "Музей Фаберже (Шуваловский дворец)",
        "name_en": "Fabergé Museum (Shuvalov Palace)",
        "region": "Saint Petersburg",
        "categories": [
          "museum",
          "palace"
        ],
        "rating": 4.7,
        "reviews": 4810,
        "short": "Bảo tàng tư nhân lộng lẫy trong cung điện Shuvalov, trưng bày bộ sưu tập trứng Phục Sinh hoàng gia Fabergé danh giá nhất thế giới. Chín quả trứng vàng khảm ngọc từng thuộc về các Sa hoàng Nga là điểm nhấn không thể bỏ lỡ.",
        "yandex": "https://yandex.com/maps/?pt=30.342863,59.934711&z=17&l=map",
        "google": "https://www.google.com/maps/search/?api=1&query=59.934711,30.342863",
        "photo": "https://commons.wikimedia.org/wiki/Special:FilePath/Faberg%C3%A9%20Museum%20in%20St.%20Petersburg%2001.JPG",
        "status": "enriched"
      }
    },
    {
      "type": "Feature",
      "geometry": {
        "type": "Point",
        "coordinates": [
          30.300102,
          59.922499
        ]
      },
      "properties": {
        "id": "saint-petersburg-st-nicholas-naval-cathedral",
        "name_vi": "Nhà thờ Hải quân Thánh Nikolas (Nikolsky Morskoy Sobor)",
        "name_ru": "Никольский морской собор",
        "name_en": "St Nicholas Naval Cathedral",
        "region": "Saint Petersburg",
        "categories": [
          "church"
        ],
        "rating": 4.6,
        "reviews": 549,
        "short": "Nhà thờ Hải quân Thánh Nikolas là một trong những viên ngọc baroque thời Nữ hoàng Elizabeth đẹp nhất Saint Petersburg, nổi bật với tường xanh da trời, chi tiết trắng và năm mái vòm dát vàng. Đây là thánh đường chính của Hải quân Nga trong nhiều thế kỷ và là một trong số ít nhà thờ không bao giờ đóng cửa suốt thời Xô Viết lẫn cuộc phong tỏa Leningrad.",
        "yandex": "https://yandex.com/maps/?pt=30.300102,59.922499&z=17&l=map",
        "google": "https://www.google.com/maps/search/?api=1&query=59.922499,30.300102",
        "photo": "https://commons.wikimedia.org/wiki/Special:FilePath/Nikolsky%20Cathedral%20SPB%201.jpg",
        "status": "enriched"
      }
    },
    {
      "type": "Feature",
      "geometry": {
        "type": "Point",
        "coordinates": [
          30.305825,
          59.916451
        ]
      },
      "properties": {
        "id": "saint-petersburg-trinity-izmailovsky-cathedral",
        "name_vi": "Nhà thờ Chúa Ba Ngôi Trung đoàn Izmailovsky (Troitse-Izmailovsky Sobor)",
        "name_ru": "Троице-Измайловский собор",
        "name_en": "Trinity-Izmailovsky Cathedral",
        "region": "Saint Petersburg",
        "categories": [
          "church"
        ],
        "rating": 4.5,
        "reviews": 143,
        "short": "Nhà thờ Chúa Ba Ngôi của Trung đoàn Izmailovsky là một đại giáo đường tân cổ điển hùng vĩ, nổi bật với năm mái vòm xanh thẫm điểm những ngôi sao vàng. Khi hoàn thành năm 1835, đây từng là một trong những nhà thờ lớn nhất Đế quốc Nga.",
        "yandex": "https://yandex.com/maps/?pt=30.305825,59.916451&z=17&l=map",
        "google": "https://www.google.com/maps/search/?api=1&query=59.916451,30.305825",
        "photo": "https://commons.wikimedia.org/wiki/Special:FilePath/Spb%2006-2017%20img06%20Trinity%20Cathedral.jpg",
        "status": "enriched"
      }
    },
    {
      "type": "Feature",
      "geometry": {
        "type": "Point",
        "coordinates": [
          30.330942,
          59.856939
        ]
      },
      "properties": {
        "id": "saint-petersburg-chesme-church",
        "name_vi": "Nhà thờ Chesme (Chesmenskaya Tserkov)",
        "name_ru": "Чесменская церковь",
        "name_en": "Chesme Church",
        "region": "Saint Petersburg",
        "categories": [
          "church"
        ],
        "rating": 4.5,
        "reviews": 123,
        "short": "Nhà thờ Chesme là một viên kẹo kiến trúc hiếm có của Saint Petersburg: mặt tiền hồng - trắng theo phong cách Gothic giả với những sọc dọc và tháp nhọn trông như một chiếc bánh cưới. Công trình do Nữ hoàng Ekaterina II cho xây để mừng chiến thắng hải quân Chesme trước hạm đội Thổ năm 1770.",
        "yandex": "https://yandex.com/maps/?pt=30.330942,59.856939&z=17&l=map",
        "google": "https://www.google.com/maps/search/?api=1&query=59.856939,30.330942",
        "photo": "https://commons.wikimedia.org/wiki/Special:FilePath/6553.3.%20St.%20Petersburg.%20Chesme%20Church.jpg",
        "status": "enriched"
      }
    },
    {
      "type": "Feature",
      "geometry": {
        "type": "Point",
        "coordinates": [
          30.348459,
          59.928181
        ]
      },
      "properties": {
        "id": "saint-petersburg-vladimirsky-cathedral",
        "name_vi": "Nhà thờ Đức Mẹ Vladimir (Vladimirsky Sobor)",
        "name_ru": "Владимирский собор",
        "name_en": "Vladimirsky Cathedral (Cathedral of the Vladimir Icon of the Mother of God)",
        "region": "Saint Petersburg",
        "categories": [
          "church"
        ],
        "rating": 4.5,
        "reviews": 83,
        "short": "Nhà thờ Đức Mẹ Vladimir là một đại giáo đường năm vòm hai tầng chuyển tiếp giữa baroque và tân cổ điển, nổi tiếng với iconostasis baroque lộng lẫy. Đây từng là giáo xứ của văn hào Dostoevsky, và tháp chuông của nhà thờ có đài quan sát ngắm toàn cảnh thành phố.",
        "yandex": "https://yandex.com/maps/?pt=30.348459,59.928181&z=17&l=map",
        "google": "https://www.google.com/maps/search/?api=1&query=59.928181,30.348459",
        "photo": "https://commons.wikimedia.org/wiki/Special:FilePath/The%20Vladimirskaya%20Church%20in%20Saint%20Petersburg.jpg",
        "status": "enriched"
      }
    },
    {
      "type": "Feature",
      "geometry": {
        "type": "Point",
        "coordinates": [
          30.323926,
          59.955178
        ]
      },
      "properties": {
        "id": "saint-petersburg-saint-petersburg-cathedral-mosque",
        "name_vi": "Nhà thờ Hồi giáo lớn Saint Petersburg (Sankt-Peterburgskaya Sobornaya Mechet)",
        "name_ru": "Санкт-Петербургская соборная мечеть",
        "name_en": "Saint Petersburg Cathedral Mosque",
        "region": "Saint Petersburg",
        "categories": [
          "other"
        ],
        "rating": 4.2,
        "reviews": 211,
        "short": "Nhà thờ Hồi giáo lớn Saint Petersburg gây ấn tượng mạnh với mái vòm gốm sứ xanh da trời và hai tháp giáo đường cao 49 mét, lấy cảm hứng từ các thánh tích Trung Á. Khi khánh thành năm 1913, đây là nhà thờ Hồi giáo lớn nhất châu Âu bên ngoài Thổ Nhĩ Kỳ.",
        "yandex": "https://yandex.com/maps/?pt=30.323926,59.955178&z=17&l=map",
        "google": "https://www.google.com/maps/search/?api=1&query=59.955178,30.323926",
        "photo": "https://commons.wikimedia.org/wiki/Special:FilePath/Saint%20Petersburg%20Mosque%20-%2002.jpg",
        "status": "enriched"
      }
    },
    {
      "type": "Feature",
      "geometry": {
        "type": "Point",
        "coordinates": [
          30.291758,
          59.924727
        ]
      },
      "properties": {
        "id": "saint-petersburg-grand-choral-synagogue",
        "name_vi": "Đại Giáo đường Do Thái Hợp xướng (Bolshaya Khoralnaya Sinagoga)",
        "name_ru": "Большая хоральная синагога",
        "name_en": "Grand Choral Synagogue",
        "region": "Saint Petersburg",
        "categories": [
          "other"
        ],
        "rating": 4.5,
        "reviews": 168,
        "short": "Đại Giáo đường Do Thái Hợp xướng là hội đường Do Thái lớn nhất nước Nga và một trong những công trình lớn nhất châu Âu, nổi bật với kiến trúc Phục hưng Moorish tráng lệ. Khánh thành năm 1893, nơi đây còn nổi tiếng với căn phòng cưới có hiệu ứng vọng âm kỳ lạ.",
        "yandex": "https://yandex.com/maps/?pt=30.291758,59.924727&z=17&l=map",
        "google": "https://www.google.com/maps/search/?api=1&query=59.924727,30.291758",
        "photo": "https://commons.wikimedia.org/wiki/Special:FilePath/Grand%20Choral%20Synagogue%20of%20SPB.jpg",
        "status": "enriched"
      }
    },
    {
      "type": "Feature",
      "geometry": {
        "type": "Point",
        "coordinates": [
          30.36871,
          59.925945
        ]
      },
      "properties": {
        "id": "saint-petersburg-feodorovsky-cathedral",
        "name_vi": "Nhà thờ Feodorovsky (Feodorovsky Sobor)",
        "name_ru": "Феодоровский собор",
        "name_en": "Feodorovsky Cathedral (Cathedral of the Feodorovskaya Icon of the Mother of God)",
        "region": "Saint Petersburg",
        "categories": [
          "church"
        ],
        "rating": 4.8,
        "reviews": 71,
        "short": "Nhà thờ Feodorovsky là một đại giáo đường theo phong cách Tân-Nga được xây để mừng 300 năm vương triều Romanov, gợi nhớ kiến trúc cổ của vùng Rostov và Suzdal. Công trình có năm mái vòm mạ vàng, tường đá trắng chạm khắc và cả một bức tường thành kiểu điện Kremlin bao quanh.",
        "yandex": "https://yandex.com/maps/?pt=30.36871,59.925945&z=17&l=map",
        "google": "https://www.google.com/maps/search/?api=1&query=59.925945,30.36871",
        "photo": "https://commons.wikimedia.org/wiki/Special:FilePath/Fedorovsky%20cathedral%20in%20Saint-petersburg.JPG",
        "status": "enriched"
      }
    },
    {
      "type": "Feature",
      "geometry": {
        "type": "Point",
        "coordinates": [
          30.306862,
          59.943103
        ]
      },
      "properties": {
        "id": "saint-petersburg-spit-of-vasilievsky-island-rostral-columns",
        "name_vi": "Mũi đảo Vasilievsky và Cột Rostral (Strelka Vasilyevskogo ostrova)",
        "name_ru": "Стрелка Васильевского острова (Ростральные колонны)",
        "name_en": "Spit of Vasilievsky Island with the Rostral Columns",
        "region": "Saint Petersburg",
        "categories": [
          "monument",
          "square_street"
        ],
        "rating": 4.3,
        "reviews": 188,
        "short": "Mũi đất phía đông của đảo Vasilievsky, nơi sông Neva tách thành hai nhánh, là một trong những góc nhìn ngoạn mục nhất của Saint Petersburg. Tại đây, hai Cột Rostral màu đỏ gạch vươn cao, được trang trí bằng mũi tàu chiến và những pho tượng tượng trưng cho các dòng sông lớn của nước Nga.",
        "yandex": "https://yandex.com/maps/?pt=30.306862,59.943103&z=17&l=map",
        "google": "https://www.google.com/maps/search/?api=1&query=59.943103,30.306862",
        "photo": "https://commons.wikimedia.org/wiki/Special:FilePath/Rostral%20column%20Saint%20Petersburg.jpg",
        "status": "enriched"
      }
    },
    {
      "type": "Feature",
      "geometry": {
        "type": "Point",
        "coordinates": [
          30.343333,
          59.933333
        ]
      },
      "properties": {
        "id": "saint-petersburg-anichkov-bridge",
        "name_vi": "Cầu Anichkov (Anichkov most)",
        "name_ru": "Аничков мост",
        "name_en": "Anichkov Bridge",
        "region": "Saint Petersburg",
        "categories": [
          "bridge",
          "monument"
        ],
        "rating": 4.6,
        "reviews": 1339,
        "short": "Cầu Anichkov bắc qua sông Fontanka ngay trên đại lộ Nevsky sầm uất, nổi tiếng nhờ bốn cụm tượng đồng 'Người thuần ngựa' của nhà điêu khắc Pyotr Klodt. Đây là một trong những cây cầu được yêu thích và chụp ảnh nhiều nhất Saint Petersburg.",
        "yandex": "https://yandex.com/maps/?pt=30.343333,59.933333&z=17&l=map",
        "google": "https://www.google.com/maps/search/?api=1&query=59.933333,30.343333",
        "photo": "https://commons.wikimedia.org/wiki/Special:FilePath/Anichkov%20bridge%2C%20St.%20Petersburg%2C%20Russia%20%289537958502%29.jpg",
        "status": "enriched"
      }
    },
    {
      "type": "Feature",
      "geometry": {
        "type": "Point",
        "coordinates": [
          30.324722,
          59.931944
        ]
      },
      "properties": {
        "id": "saint-petersburg-bank-bridge",
        "name_vi": "Cầu Ngân Hàng với tượng griffin vàng (Bankovsky most)",
        "name_ru": "Банковский мост",
        "name_en": "Bank Bridge",
        "region": "Saint Petersburg",
        "categories": [
          "bridge",
          "monument"
        ],
        "rating": 4.6,
        "reviews": 166,
        "short": "Cầu Ngân Hàng là cây cầu treo dành cho người đi bộ nhỏ xinh bắc qua kênh Griboedov, nổi bật với bốn tượng griffin mạ vàng đôi cánh. Đây là một trong những cây cầu lãng mạn và được chụp ảnh nhiều nhất thành phố.",
        "yandex": "https://yandex.com/maps/?pt=30.324722,59.931944&z=17&l=map",
        "google": "https://www.google.com/maps/search/?api=1&query=59.931944,30.324722",
        "photo": "https://commons.wikimedia.org/wiki/Special:FilePath/%D0%91%D0%B0%D0%BD%D0%BA%D0%BE%D0%B2%D1%81%D0%BA%D0%B8%D0%B9%20%D0%BC%D0%BE%D1%81%D1%82%D0%B8%D0%BA.jpg",
        "status": "enriched"
      }
    },
    {
      "type": "Feature",
      "geometry": {
        "type": "Point",
        "coordinates": [
          30.325556,
          59.935833
        ]
      },
      "properties": {
        "id": "saint-petersburg-singer-house-house-of-books",
        "name_vi": "Nhà Singer / Nhà Sách (Dom Zingera / Dom Knigi)",
        "name_ru": "Дом Зингера (Дом книги)",
        "name_en": "Singer House (House of Books)",
        "region": "Saint Petersburg",
        "categories": [
          "other"
        ],
        "rating": 4.4,
        "reviews": 286,
        "short": "Nhà Singer là một kiệt tác kiến trúc Tân nghệ thuật (Art Nouveau) trên đại lộ Nevsky, nổi bật với mái vòm kính và quả cầu thủy tinh trên đỉnh. Ngày nay tòa nhà là Dom Knigi - hiệu sách lớn nhất thành phố - cùng một quán cà phê nhìn ra Nhà thờ Kazan.",
        "yandex": "https://yandex.com/maps/?pt=30.325556,59.935833&z=17&l=map",
        "google": "https://www.google.com/maps/search/?api=1&query=59.935833,30.325556",
        "photo": "https://commons.wikimedia.org/wiki/Special:FilePath/Singer%20House%20SPB%2001.jpg",
        "status": "enriched"
      }
    },
    {
      "type": "Feature",
      "geometry": {
        "type": "Point",
        "coordinates": [
          30.3375,
          59.934167
        ]
      },
      "properties": {
        "id": "saint-petersburg-eliseyev-emporium",
        "name_vi": "Cửa hàng Eliseyev (Yeliseyevsky magazin)",
        "name_ru": "Елисеевский магазин",
        "name_en": "Eliseyev Emporium",
        "region": "Saint Petersburg",
        "categories": [
          "other"
        ],
        "rating": 4.5,
        "reviews": 1242,
        "short": "Cửa hàng Eliseyev là một 'thánh đường ẩm thực' theo phong cách Art Nouveau lộng lẫy trên đại lộ Nevsky, mở cửa từ năm 1903. Bên trong bày bán đủ loại đặc sản cao cấp giữa không gian đèn chùm pha lê và trang trí xa hoa như một cung điện.",
        "yandex": "https://yandex.com/maps/?pt=30.3375,59.934167&z=17&l=map",
        "google": "https://www.google.com/maps/search/?api=1&query=59.934167,30.3375",
        "photo": "https://commons.wikimedia.org/wiki/Special:FilePath/Eliseyev%20shop%20boucherie.JPG",
        "status": "enriched"
      }
    },
    {
      "type": "Feature",
      "geometry": {
        "type": "Point",
        "coordinates": [
          30.331667,
          59.943611
        ]
      },
      "properties": {
        "id": "saint-petersburg-field-of-mars",
        "name_vi": "Cánh đồng Sao Hỏa (Marsovo pole)",
        "name_ru": "Марсово поле",
        "name_en": "Field of Mars",
        "region": "Saint Petersburg",
        "categories": [
          "park_garden",
          "monument"
        ],
        "rating": 4.0,
        "reviews": 192,
        "short": "Cánh đồng Sao Hỏa là một quảng trường - công viên rộng lớn ở trung tâm Saint Petersburg, từng là nơi duyệt binh thời Sa hoàng. Ngày nay đây là không gian xanh yên bình với đài tưởng niệm và Ngọn lửa Vĩnh cửu đầu tiên của nước Nga.",
        "yandex": "https://yandex.com/maps/?pt=30.331667,59.943611&z=17&l=map",
        "google": "https://www.google.com/maps/search/?api=1&query=59.943611,30.331667",
        "photo": "https://commons.wikimedia.org/wiki/Special:FilePath/Marsovo%20Pole%2C%20Fields%20of%20Mars%20pic2.JPG",
        "status": "enriched"
      }
    },
    {
      "type": "Feature",
      "geometry": {
        "type": "Point",
        "coordinates": [
          30.327406,
          59.948753
        ]
      },
      "properties": {
        "id": "saint-petersburg-trinity-bridge",
        "name_vi": "Cầu Trinity / Cầu Ba Ngôi (Troitsky most)",
        "name_ru": "Троицкий мост",
        "name_en": "Trinity Bridge",
        "region": "Saint Petersburg",
        "categories": [
          "bridge"
        ],
        "rating": 4.4,
        "reviews": 192,
        "short": "Cầu Trinity là một trong những cây cầu đẹp và dài nhất bắc qua sông Neva, khánh thành năm 1903 theo phong cách Tân nghệ thuật. Cầu nổi bật với những cột đèn hình nến, tháp trang trí và tầm nhìn tuyệt đẹp ra trung tâm lịch sử của Saint Petersburg.",
        "yandex": "https://yandex.com/maps/?pt=30.327406,59.948753&z=17&l=map",
        "google": "https://www.google.com/maps/search/?api=1&query=59.948753,30.327406",
        "photo": "https://commons.wikimedia.org/wiki/Special:FilePath/Trinity%20Bridge%20in%20Saint%20Petersburg.jpg",
        "status": "enriched"
      }
    },
    {
      "type": "Feature",
      "geometry": {
        "type": "Point",
        "coordinates": [
          30.336201,
          59.931801
        ]
      },
      "properties": {
        "id": "saint-petersburg-alexandrinsky-theatre",
        "name_vi": "Nhà hát Alexandrinsky (A-lếch-xan-đrin-xki)",
        "name_ru": "Александринский театр",
        "name_en": "Alexandrinsky Theatre",
        "region": "Saint Petersburg",
        "categories": [
          "theatre"
        ],
        "rating": 4.0,
        "reviews": 433,
        "short": "Nhà hát kịch quốc gia lâu đời nhất nước Nga, ra đời năm 1756, tọa lạc giữa Quảng trường Ostrovsky trên Đại lộ Nevsky. Tòa nhà tân cổ điển do kiến trúc sư Carlo Rossi thiết kế, nổi bật với cỗ xe thần Apollo trên nóc và tượng Nữ hoàng Ekaterina II phía trước.",
        "yandex": "https://yandex.com/maps/?pt=30.336201,59.931801&z=17&l=map",
        "google": "https://www.google.com/maps/search/?api=1&query=59.931801,30.336201",
        "photo": "https://commons.wikimedia.org/wiki/Special:FilePath/Alexandrinski-Theater%20St.%20Petersburg%20SAM%201085.JPG",
        "status": "enriched"
      }
    },
    {
      "type": "Feature",
      "geometry": {
        "type": "Point",
        "coordinates": [
          30.32944,
          59.93778
        ]
      },
      "properties": {
        "id": "saint-petersburg-mikhailovsky-theatre",
        "name_vi": "Nhà hát Mikhailovsky (Mi-khai-lốp-xki)",
        "name_ru": "Михайловский театр",
        "name_en": "Mikhailovsky Theatre",
        "region": "Saint Petersburg",
        "categories": [
          "theatre"
        ],
        "rating": 4.6,
        "reviews": 879,
        "short": "Một trong những nhà hát opera và ballet danh giá nhất Saint Petersburg, khánh thành năm 1833 bên Quảng trường Nghệ thuật. Mặt tiền giản dị hòa vào tổng thể quảng trường, nhưng bên trong là khán phòng dát vàng lộng lẫy nổi tiếng với âm học tuyệt vời.",
        "yandex": "https://yandex.com/maps/?pt=30.32944,59.93778&z=17&l=map",
        "google": "https://www.google.com/maps/search/?api=1&query=59.93778,30.32944",
        "photo": "https://commons.wikimedia.org/wiki/Special:FilePath/Spb%2006-2012%20MichaelTheatre.jpg",
        "status": "enriched"
      }
    },
    {
      "type": "Feature",
      "geometry": {
        "type": "Point",
        "coordinates": [
          30.251667,
          59.931944
        ]
      },
      "properties": {
        "id": "saint-petersburg-erarta-museum",
        "name_vi": "Bảo tàng Nghệ thuật Đương đại Erarta (Ê-rác-ta)",
        "name_ru": "Музей Эрарта",
        "name_en": "Erarta Museum of Contemporary Art",
        "region": "Saint Petersburg",
        "categories": [
          "museum"
        ],
        "rating": 4.6,
        "reviews": 1227,
        "short": "Bảo tàng nghệ thuật đương đại tư nhân lớn nhất nước Nga, khai trương năm 2010 trên Đảo Vasilyevsky. Năm tầng trưng bày với hơn 2.800 tác phẩm tranh, điêu khắc, video art và các dự án thể nghiệm độc đáo.",
        "yandex": "https://yandex.com/maps/?pt=30.251667,59.931944&z=17&l=map",
        "google": "https://www.google.com/maps/search/?api=1&query=59.931944,30.251667",
        "photo": "https://commons.wikimedia.org/wiki/Special:FilePath/Erarta%20Museum%20and%20Galleries%20of%20Contemporary%20Art.jpg",
        "status": "enriched"
      }
    },
    {
      "type": "Feature",
      "geometry": {
        "type": "Point",
        "coordinates": [
          30.29,
          59.928889
        ]
      },
      "properties": {
        "id": "saint-petersburg-new-holland-island",
        "name_vi": "Đảo Tân Hà Lan (Novaya Gollandiya)",
        "name_ru": "Новая Голландия",
        "name_en": "New Holland Island",
        "region": "Saint Petersburg",
        "categories": [
          "park_garden"
        ],
        "rating": 4.2,
        "reviews": 549,
        "short": "Hòn đảo nhân tạo hình tam giác giữa lòng Saint Petersburg, hình thành từ thời Pyotr Đại đế và từng là kho gỗ đóng tàu của hải quân. Sau nhiều thế kỷ đóng kín, đảo được cải tạo và mở cửa năm 2016 thành không gian công cộng hiện đại, vào cửa miễn phí.",
        "yandex": "https://yandex.com/maps/?pt=30.29,59.928889&z=17&l=map",
        "google": "https://www.google.com/maps/search/?api=1&query=59.928889,30.29",
        "photo": "https://commons.wikimedia.org/wiki/Special:FilePath/Spb%2006-2017%20img33%20New%20Holland.jpg",
        "status": "enriched"
      }
    },
    {
      "type": "Feature",
      "geometry": {
        "type": "Point",
        "coordinates": [
          30.338055,
          59.955276
        ]
      },
      "properties": {
        "id": "saint-petersburg-cruiser-aurora",
        "name_vi": "Tuần dương hạm Rạng Đông (Aurora / Av-rô-ra)",
        "name_ru": "Крейсер «Аврора»",
        "name_en": "Cruiser Aurora",
        "region": "Saint Petersburg",
        "categories": [
          "museum",
          "monument"
        ],
        "rating": 4.1,
        "reviews": 897,
        "short": "Con tàu chiến huyền thoại neo bên bờ kè Petrogradskaya, biểu tượng của Cách mạng Tháng Mười Nga 1917. Hạ thủy năm 1900, nay là tàu bảo tàng thuộc Bảo tàng Hải quân Trung ương.",
        "yandex": "https://yandex.com/maps/?pt=30.338055,59.955276&z=17&l=map",
        "google": "https://www.google.com/maps/search/?api=1&query=59.955276,30.338055",
        "photo": "https://commons.wikimedia.org/wiki/Special:FilePath/Aurora%20Cruiser%20Museum%20StPetersburg.JPG",
        "status": "enriched"
      }
    },
    {
      "type": "Feature",
      "geometry": {
        "type": "Point",
        "coordinates": [
          30.305456,
          59.942372
        ]
      },
      "properties": {
        "id": "saint-petersburg-zoological-museum",
        "name_vi": "Bảo tàng Động vật học (Zoologichesky)",
        "name_ru": "Зоологический музей",
        "name_en": "Zoological Museum",
        "region": "Saint Petersburg",
        "categories": [
          "museum"
        ],
        "rating": 4.3,
        "reviews": 332,
        "short": "Một trong những bảo tàng động vật lớn và lâu đời nhất thế giới, nằm trên bờ kè Universitetskaya cạnh Kunstkamera. Thuộc Viện Động vật học Viện Hàn lâm Khoa học Nga, nổi tiếng với bộ sưu tập voi ma mút bậc nhất hành tinh.",
        "yandex": "https://yandex.com/maps/?pt=30.305456,59.942372&z=17&l=map",
        "google": "https://www.google.com/maps/search/?api=1&query=59.942372,30.305456",
        "photo": "https://commons.wikimedia.org/wiki/Special:FilePath/Hall%20in%20Museum%20of%20Zoology%20%28Saint%20Petersburg%29.jpg",
        "status": "enriched"
      }
    },
    {
      "type": "Feature",
      "geometry": {
        "type": "Point",
        "coordinates": [
          30.334167,
          59.937778
        ]
      },
      "properties": {
        "id": "saint-petersburg-russian-museum-of-ethnography",
        "name_vi": "Bảo tàng Dân tộc học Nga (Rossiysky Etnografichesky)",
        "name_ru": "Российский этнографический музей",
        "name_en": "Russian Museum of Ethnography",
        "region": "Saint Petersburg",
        "categories": [
          "museum"
        ],
        "rating": 4.6,
        "reviews": 357,
        "short": "Kho tàng văn hóa của hơn 150 dân tộc từng sinh sống trên lãnh thổ Đế quốc Nga, đặt trong tòa nhà tân cổ điển cạnh Bảo tàng Nga. Được xây dựng giai đoạn 1902-1911, nơi đây lưu giữ gần nửa triệu hiện vật về đời sống và phong tục.",
        "yandex": "https://yandex.com/maps/?pt=30.334167,59.937778&z=17&l=map",
        "google": "https://www.google.com/maps/search/?api=1&query=59.937778,30.334167",
        "photo": "https://commons.wikimedia.org/wiki/Special:FilePath/Russian%20Ethnographic%20Museum%2016.jpg",
        "status": "enriched"
      }
    },
    {
      "type": "Feature",
      "geometry": {
        "type": "Point",
        "coordinates": [
          30.108056,
          59.563889
        ]
      },
      "properties": {
        "id": "saint-petersburg-gatchina-palace",
        "name_vi": "Cung điện và Công viên Gatchina (Gatchinsky dvorets)",
        "name_ru": "Гатчинский дворец",
        "name_en": "Gatchina Palace and Park",
        "region": "Saint Petersburg",
        "categories": [
          "palace",
          "park_garden"
        ],
        "rating": 4.6,
        "reviews": 728,
        "short": "Cung điện Gatchina là một trong những dinh thự hoàng gia ngoạn mục nhất ở ngoại ô phía nam Saint Petersburg, mang dáng dấp một lâu đài trung cổ bằng đá. Được kiến trúc sư Antonio Rinaldi xây dựng cho Bá tước Grigory Orlov, nơi đây sau này trở thành nơi ở yêu thích của Sa hoàng Pavel I.",
        "yandex": "https://yandex.com/maps/?pt=30.108056,59.563889&z=17&l=map",
        "google": "https://www.google.com/maps/search/?api=1&query=59.563889,30.108056",
        "photo": "https://commons.wikimedia.org/wiki/Special:FilePath/Gatchina%20Palace%2C%20Southern%20facade.jpg",
        "status": "enriched"
      }
    },
    {
      "type": "Feature",
      "geometry": {
        "type": "Point",
        "coordinates": [
          29.753956,
          59.914903
        ]
      },
      "properties": {
        "id": "saint-petersburg-oranienbaum-lomonosov",
        "name_vi": "Cung điện và Công viên Oranienbaum (Lomonosov)",
        "name_ru": "Ораниенбаум",
        "name_en": "Oranienbaum (Lomonosov) Palace and Park",
        "region": "Saint Petersburg",
        "categories": [
          "palace",
          "park_garden"
        ],
        "rating": 4.6,
        "reviews": 484,
        "short": "Oranienbaum là quần thể cung điện – công viên hoàng gia ở thị trấn Lomonosov bên bờ vịnh Phần Lan, nổi tiếng vì là dinh thự ngoại ô duy nhất quanh Saint Petersburg không bị Đức Quốc xã tàn phá trong Thế chiến. Nơi đây lưu giữ Cung điện Trung Hoa lộng lẫy và Cung điện Menshikov nguy nga.",
        "yandex": "https://yandex.com/maps/?pt=29.753956,59.914903&z=17&l=map",
        "google": "https://www.google.com/maps/search/?api=1&query=59.914903,29.753956",
        "photo": "https://commons.wikimedia.org/wiki/Special:FilePath/Oranienbaum%20St.%20Petersburg%20Russia%2001.JPG",
        "status": "enriched"
      }
    },
    {
      "type": "Feature",
      "geometry": {
        "type": "Point",
        "coordinates": [
          29.777778,
          59.991667
        ]
      },
      "properties": {
        "id": "saint-petersburg-kronstadt-naval-cathedral",
        "name_vi": "Nhà thờ Hải quân Thánh Nikolai ở Kronstadt (Morskoy Nikolsky sobor)",
        "name_ru": "Морской Никольский собор, Кронштадт",
        "name_en": "Naval Cathedral of Saint Nicholas in Kronstadt",
        "region": "Saint Petersburg",
        "categories": [
          "church"
        ],
        "rating": 4.8,
        "reviews": 2749,
        "short": "Tọa lạc trên đảo Kotlin, Nhà thờ Hải quân Kronstadt là thánh đường chính của Hải quân Nga và là công trình theo phong cách Tân Byzantine hùng vĩ nhất nước. Mái vòm khổng lồ cùng nội thất trang trí họa tiết mỏ neo và biển cả tưởng niệm những thủy thủ đã ngã xuống.",
        "yandex": "https://yandex.com/maps/?pt=29.777778,59.991667&z=17&l=map",
        "google": "https://www.google.com/maps/search/?api=1&query=59.991667,29.777778",
        "photo": "https://commons.wikimedia.org/wiki/Special:FilePath/Naval%20Cathedral%20of%20St%20Nicholas%20in%20Kronstadt%2001.jpg",
        "status": "enriched"
      }
    },
    {
      "type": "Feature",
      "geometry": {
        "type": "Point",
        "coordinates": [
          30.3289,
          59.9199
        ]
      },
      "properties": {
        "id": "saint-petersburg-vitebsky-railway-station",
        "name_vi": "Ga xe lửa Vitebsky (Vitebsky vokzal)",
        "name_ru": "Витебский вокзал",
        "name_en": "Vitebsky Railway Station",
        "region": "Saint Petersburg",
        "categories": [
          "other"
        ],
        "rating": 4.5,
        "reviews": 113,
        "short": "Vitebsky là nhà ga xe lửa đầu tiên của nước Nga và là một kiệt tác kiến trúc Art Nouveau (Modern) tuyệt đẹp. Bên trong là những cầu thang uốn lượn, kính màu, đèn chùm và sảnh chờ được ví như một trong những phòng chờ ga tàu đẹp nhất thế giới.",
        "yandex": "https://yandex.com/maps/?pt=30.3289,59.9199&z=17&l=map",
        "google": "https://www.google.com/maps/search/?api=1&query=59.9199,30.3289",
        "photo": "https://commons.wikimedia.org/wiki/Special:FilePath/Vitebsky%20railway%20station.JPG",
        "status": "enriched"
      }
    },
    {
      "type": "Feature",
      "geometry": {
        "type": "Point",
        "coordinates": [
          30.318333,
          59.926944
        ]
      },
      "properties": {
        "id": "saint-petersburg-sennaya-square",
        "name_vi": "Quảng trường Sennaya (Sennaya ploshchad)",
        "name_ru": "Сенная площадь",
        "name_en": "Sennaya Square (Haymarket Square)",
        "region": "Saint Petersburg",
        "categories": [
          "square_street"
        ],
        "rating": 3.7,
        "reviews": 121,
        "short": "Sennaya (Quảng trường Cỏ khô) là một trong những quảng trường lâu đời và sôi động nhất Saint Petersburg, đồng thời là trái tim của 'khu phố Dostoevsky'. Chính nơi đây cùng những con hẻm chật chội quanh nó đã trở thành bối cảnh cho tiểu thuyết 'Tội ác và Trừng phạt'.",
        "yandex": "https://yandex.com/maps/?pt=30.318333,59.926944&z=17&l=map",
        "google": "https://www.google.com/maps/search/?api=1&query=59.926944,30.318333",
        "photo": "https://commons.wikimedia.org/wiki/Special:FilePath/2570.%20St.%20Petersburg.%20Guardhouse%20on%20Sennaya%20square.jpg",
        "status": "enriched"
      }
    },
    {
      "type": "Feature",
      "geometry": {
        "type": "Point",
        "coordinates": [
          30.35083,
          59.92722
        ]
      },
      "properties": {
        "id": "saint-petersburg-dostoevsky-museum",
        "name_vi": "Bảo tàng Văn học – Tưởng niệm F.M. Dostoevsky (Muzey Dostoevskogo)",
        "name_ru": "Литературно-мемориальный музей Ф. М. Достоевского",
        "name_en": "F. M. Dostoevsky Literary Memorial Museum",
        "region": "Saint Petersburg",
        "categories": [
          "museum"
        ],
        "rating": 4.4,
        "reviews": 298,
        "short": "Đây là căn hộ nơi văn hào Fyodor Dostoevsky đã sống những năm cuối đời, viết nên kiệt tác 'Anh em nhà Karamazov' và trút hơi thở cuối cùng vào tháng 1 năm 1881. Bảo tàng tái hiện chân thực không gian sống và thế giới nội tâm của nhà văn.",
        "yandex": "https://yandex.com/maps/?pt=30.35083,59.92722&z=17&l=map",
        "google": "https://www.google.com/maps/search/?api=1&query=59.92722,30.35083",
        "photo": "https://commons.wikimedia.org/wiki/Special:FilePath/0320Fa.%20St.%20Petersburg.%20Dostoevsky%20Literary%20Memorial%20Museum.jpg",
        "status": "enriched"
      }
    },
    {
      "type": "Feature",
      "geometry": {
        "type": "Point",
        "coordinates": [
          30.321517,
          59.94101
        ]
      },
      "properties": {
        "id": "saint-petersburg-pushkin-apartment-museum",
        "name_vi": "Bảo tàng – Căn hộ A.S. Pushkin, Moika 12 (Muzey-kvartira A.S. Pushkina)",
        "name_ru": "Музей-квартира А. С. Пушкина",
        "name_en": "Pushkin Apartment Museum (Moika 12)",
        "region": "Saint Petersburg",
        "categories": [
          "museum"
        ],
        "rating": 4.5,
        "reviews": 626,
        "short": "Căn hộ tại số 12 kè sông Moika là nơi đại thi hào Aleksandr Pushkin sống những tháng cuối đời và qua đời sau cuộc đấu súng định mệnh năm 1837. Ngày nay, nơi đây là một trong những bảo tàng tưởng niệm thiêng liêng bậc nhất với người Nga.",
        "yandex": "https://yandex.com/maps/?pt=30.321517,59.94101&z=17&l=map",
        "google": "https://www.google.com/maps/search/?api=1&query=59.94101,30.321517",
        "photo": "https://commons.wikimedia.org/wiki/Special:FilePath/Pushkin%20Apartment%20Museum%20SPB%2005.jpg",
        "status": "enriched"
      }
    },
    {
      "type": "Feature",
      "geometry": {
        "type": "Point",
        "coordinates": [
          127.58471,
          61.14619
        ]
      },
      "properties": {
        "id": "sakha-lena-pillars",
        "name_vi": "Cột đá Lena (Len-xki-ê Xtôn-bư)",
        "name_ru": "Ленские столбы",
        "name_en": "Lena Pillars Nature Park",
        "region": "Cộng hoà Sakha (Yakutia)",
        "categories": [
          "park_garden"
        ],
        "rating": 4.9,
        "reviews": 110,
        "short": "Bức tường đá vôi khổng lồ cao 150–300 mét dựng đứng suốt hàng chục cây số bên bờ sông Lena, được UNESCO công nhận là Di sản Thế giới năm 2012. Kỳ quan địa chất nửa tỷ năm tuổi này chỉ có thể chiêm ngưỡng trọn vẹn từ boong tàu xuôi dòng Lena hùng vĩ.",
        "yandex": "https://yandex.com/maps/?pt=127.58471,61.14619&z=17&l=map",
        "google": "https://www.google.com/maps/search/?api=1&query=61.14619,127.58471",
        "photo": "https://commons.wikimedia.org/wiki/Special:FilePath/Lena%20Pillars.jpg",
        "status": "enriched"
      }
    },
    {
      "type": "Feature",
      "geometry": {
        "type": "Point",
        "coordinates": [
          129.62425,
          62.04405
        ]
      },
      "properties": {
        "id": "sakha-kingdom-of-permafrost-yakutsk",
        "name_vi": "Vương quốc Băng vĩnh cửu (Tsar-xtvô Vê-tsnôi Mer-lô-tư)",
        "name_ru": "Царство вечной мерзлоты",
        "name_en": "Permafrost Kingdom",
        "region": "Cộng hoà Sakha (Yakutia)",
        "categories": [
          "museum",
          "other"
        ],
        "rating": 4.6,
        "reviews": 246,
        "short": "Đường hầm khoét sâu vào lòng ngọn đồi băng vĩnh cửu, nơi nhiệt độ quanh năm dưới 0°C và trưng bày hàng loạt tác phẩm điêu khắc từ băng. Một thế giới mùa đông kỳ ảo ngay giữa mùa hè Yakutsk.",
        "yandex": "https://yandex.com/maps/?pt=129.62425,62.04405&z=17&l=map",
        "google": "https://www.google.com/maps/search/?api=1&query=62.04405,129.62425",
        "photo": "https://commons.wikimedia.org/wiki/Special:FilePath/Museum%20-%20Permafrost%20Kingdom%20%28Yakutsk%29%2005.jpg",
        "status": "enriched"
      }
    },
    {
      "type": "Feature",
      "geometry": {
        "type": "Point",
        "coordinates": [
          142.78583,
          63.46083
        ]
      },
      "properties": {
        "id": "sakha-oymyakon-pole-of-cold",
        "name_vi": "Làng Oymyakon – Cực lạnh (Ôi-mi-a-côn)",
        "name_ru": "Оймякон (Полюс холода)",
        "name_en": "Oymyakon (Pole of Cold)",
        "region": "Cộng hoà Sakha (Yakutia)",
        "categories": [
          "monument",
          "other"
        ],
        "rating": null,
        "reviews": null,
        "short": "Ngôi làng được mệnh danh là nơi có người ở lạnh nhất hành tinh, từng ghi nhận -67,7°C. Một tấm bia 'Cực lạnh' giữa làng đánh dấu kỷ lục băng giá huyền thoại của vùng Viễn Đông Siberia.",
        "yandex": "https://yandex.com/maps/?pt=142.78583,63.46083&z=17&l=map",
        "google": "https://www.google.com/maps/search/?api=1&query=63.46083,142.78583",
        "photo": "https://commons.wikimedia.org/wiki/Special:FilePath/Oymyakon%20-%20190228%20DSC%205614.jpg",
        "status": "enriched"
      }
    },
    {
      "type": "Feature",
      "geometry": {
        "type": "Point",
        "coordinates": [
          129.70418,
          62.016617
        ]
      },
      "properties": {
        "id": "sakha-mammoth-museum-yakutsk",
        "name_vi": "Bảo tàng Voi ma mút (Mu-dây Ma-môn-ta)",
        "name_ru": "Музей мамонта",
        "name_en": "Mammoth Museum",
        "region": "Cộng hoà Sakha (Yakutia)",
        "categories": [
          "museum"
        ],
        "rating": 4.7,
        "reviews": 127,
        "short": "Bảo tàng chuyên đề về voi ma mút duy nhất trên thế giới, lưu giữ hàng nghìn hóa thạch và xác động vật kỷ Băng Hà từ lớp băng vĩnh cửu Sakha. Nơi khoa học gặp gỡ những sinh vật khổng lồ đã tuyệt chủng.",
        "yandex": "https://yandex.com/maps/?pt=129.70418,62.016617&z=17&l=map",
        "google": "https://www.google.com/maps/search/?api=1&query=62.016617,129.70418",
        "photo": "https://commons.wikimedia.org/wiki/Special:FilePath/Skeleton%20of%20the%20mammoth%20in%20the%20Yakutsk%20Museum.jpg",
        "status": "enriched"
      }
    },
    {
      "type": "Feature",
      "geometry": {
        "type": "Point",
        "coordinates": [
          128.060302,
          61.208391
        ]
      },
      "properties": {
        "id": "sakha-tukulan-sands",
        "name_vi": "Đồi cát Tukulan Saamys Kumaga (Tu-cu-lan Xa-a-mứt Cu-ma-ga)",
        "name_ru": "Тукулан «Саамыс Кумага»",
        "name_en": "Tukulan Saamys Kumaga (Sand Dunes)",
        "region": "Cộng hoà Sakha (Yakutia)",
        "categories": [
          "park_garden"
        ],
        "rating": null,
        "reviews": null,
        "short": "Một 'sa mạc' cát vàng rộng lớn nằm lọt thỏm giữa rừng taiga và đất băng vĩnh cửu bên bờ sông Lena. Cảnh tượng đụn cát trải dài dưới nắng phương Bắc khiến du khách ngỡ như lạc sang một hành tinh khác.",
        "yandex": "https://yandex.com/maps/?pt=128.060302,61.208391&z=17&l=map",
        "google": "https://www.google.com/maps/search/?api=1&query=61.208391,128.060302",
        "photo": null,
        "status": "enriched"
      }
    },
    {
      "type": "Feature",
      "geometry": {
        "type": "Point",
        "coordinates": [
          129.73556,
          62.025699
        ]
      },
      "properties": {
        "id": "sakha-old-yakutsk-old-town",
        "name_vi": "Phố Cổ Yakutsk (Xta-rưi Gô-rôt)",
        "name_ru": "Старый город (Якутск)",
        "name_en": "Old Town (Yakutsk)",
        "region": "Cộng hoà Sakha (Yakutia)",
        "categories": [
          "square_street"
        ],
        "rating": null,
        "reviews": null,
        "short": "Quần thể phố đi bộ tái hiện diện mạo Yakutsk xưa với những ngôi nhà gỗ mái nhọn và tháp canh của pháo đài cổ. Không gian hoài niệm ấm cúng giữa lòng thành phố lạnh nhất thế giới.",
        "yandex": "https://yandex.com/maps/?pt=129.73556,62.025699&z=17&l=map",
        "google": "https://www.google.com/maps/search/?api=1&query=62.025699,129.73556",
        "photo": null,
        "status": "enriched"
      }
    },
    {
      "type": "Feature",
      "geometry": {
        "type": "Point",
        "coordinates": [
          130.036878,
          62.527183
        ]
      },
      "properties": {
        "id": "sakha-sottintsy-lena-friendship-park",
        "name_vi": "Bảo tàng ngoài trời 'Druzhba' ở Sottintsy (Xôt-tin-tsư, Đru-giơ-ba)",
        "name_ru": "Соттинцы, музей-заповедник «Дружба»",
        "name_en": "Druzhba Museum-Reserve (Sottintsy)",
        "region": "Cộng hoà Sakha (Yakutia)",
        "categories": [
          "museum",
          "park_garden"
        ],
        "rating": null,
        "reviews": null,
        "short": "Bảo tàng lịch sử - kiến trúc ngoài trời bên sông Lena, dựng ngay trên nền pháo đài Yakutsk đầu tiên năm 1632. Nơi lưu giữ nhà thờ gỗ cổ, tháp canh và câu chuyện gặp gỡ giữa người Nga với các dân tộc phương Bắc.",
        "yandex": "https://yandex.com/maps/?pt=130.036878,62.527183&z=17&l=map",
        "google": "https://www.google.com/maps/search/?api=1&query=62.527183,130.036878",
        "photo": null,
        "status": "enriched"
      }
    },
    {
      "type": "Feature",
      "geometry": {
        "type": "Point",
        "coordinates": [
          143.51583,
          46.63028
        ]
      },
      "properties": {
        "id": "sakhalin-cape-velikan-sakhalin",
        "name_vi": "Mũi Velikan (Mys Velikan)",
        "name_ru": "Мыс Великан",
        "name_en": "Cape Velikan (Cape Giant)",
        "region": "Tỉnh Sakhalin",
        "categories": [
          "park_garden"
        ],
        "rating": null,
        "reviews": null,
        "short": "Mũi Velikan là một trong những kỳ quan ven biển ngoạn mục nhất của đảo Sakhalin, nơi sóng và gió đã bào mòn những vách đá thành các vòm cổng, hang động và cột đá kỳ vĩ nhô lên từ biển Okhotsk. Nằm trên bán đảo hoang sơ Tonino-Aniva ở đông nam đảo, đây là điểm đến trong mơ của những ai yêu thiên nhiên nguyên bản và nhiếp ảnh.",
        "yandex": "https://yandex.com/maps/?pt=143.51583,46.63028&z=17&l=map",
        "google": "https://www.google.com/maps/search/?api=1&query=46.63028,143.51583",
        "photo": "https://commons.wikimedia.org/wiki/Special:FilePath/%D0%9C%D1%8B%D1%81%20%D0%92%D0%B5%D0%BB%D0%B8%D0%BA%D0%B0%D0%BD.jpg",
        "status": "enriched"
      }
    },
    {
      "type": "Feature",
      "geometry": {
        "type": "Point",
        "coordinates": [
          143.225,
          46.769444
        ]
      },
      "properties": {
        "id": "sakhalin-tunaicha-lake",
        "name_vi": "Hồ Tunaicha (Ozero Tunaycha)",
        "name_ru": "Озеро Тунайча",
        "name_en": "Lake Tunaicha",
        "region": "Tỉnh Sakhalin",
        "categories": [
          "park_garden"
        ],
        "rating": null,
        "reviews": null,
        "short": "Tunaicha là hồ nước lợ lớn thứ hai của đảo Sakhalin, một đầm phá rộng lớn nằm sát biển Okhotsk và chỉ ngăn cách với bãi biển bởi một dải cát hẹp. Nổi tiếng với làn nước trong, đàn thiên nga và nguồn cá dồi dào, đây là điểm nghỉ ngơi và câu cá yêu thích của người dân địa phương.",
        "yandex": "https://yandex.com/maps/?pt=143.225,46.769444&z=17&l=map",
        "google": "https://www.google.com/maps/search/?api=1&query=46.769444,143.225",
        "photo": null,
        "status": "enriched"
      }
    },
    {
      "type": "Feature",
      "geometry": {
        "type": "Point",
        "coordinates": [
          142.7444,
          46.959
        ]
      },
      "properties": {
        "id": "sakhalin-sakhalin-regional-museum",
        "name_vi": "Bảo tàng Địa phương học tỉnh Sakhalin (Sakhalinsky oblastnoy krayevedchesky muzey)",
        "name_ru": "Сахалинский областной краеведческий музей",
        "name_en": "Sakhalin Regional Museum",
        "region": "Tỉnh Sakhalin",
        "categories": [
          "museum",
          "monument"
        ],
        "rating": null,
        "reviews": null,
        "short": "Bảo tàng Địa phương học tỉnh Sakhalin nằm trong tòa nhà kiểu Nhật độc đáo xây năm 1937, thời kỳ nam đảo thuộc tỉnh Karafuto của Nhật Bản. Với kiến trúc 'teikan-zukuri' mái ngói cong đặc trưng, đây vừa là biểu tượng lịch sử vừa là kho tàng thiên nhiên và văn hóa bậc nhất của hòn đảo.",
        "yandex": "https://yandex.com/maps/?pt=142.7444,46.959&z=17&l=map",
        "google": "https://www.google.com/maps/search/?api=1&query=46.959,142.7444",
        "photo": "https://commons.wikimedia.org/wiki/Special:FilePath/Japanese%20building%20of%20Yuzhno-Sakhalinsk%20Regional%20Museum%20%2821469244223%29.jpg",
        "status": "enriched"
      }
    },
    {
      "type": "Feature",
      "geometry": {
        "type": "Point",
        "coordinates": [
          142.797042,
          46.94961
        ]
      },
      "properties": {
        "id": "sakhalin-mountain-air-resort",
        "name_vi": "Khu thể thao – du lịch Gorny Vozdukh (Gornyy Vozdukh, 'Không khí núi')",
        "name_ru": "СТК «Горный воздух»",
        "name_en": "Gorny Vozdukh (Mountain Air) Resort",
        "region": "Tỉnh Sakhalin",
        "categories": [
          "other"
        ],
        "rating": null,
        "reviews": null,
        "short": "Gorny Vozdukh ('Không khí núi') là khu nghỉ dưỡng trượt tuyết nằm ngay trên sườn núi Bolshevik, sát rìa thành phố Yuzhno-Sakhalinsk. Là một trong những khu trượt tuyết hiện đại nhất vùng Viễn Đông Nga, nơi đây hấp dẫn du khách quanh năm với cáp treo, đường trượt dài và tầm nhìn toàn cảnh thành phố.",
        "yandex": "https://yandex.com/maps/?pt=142.797042,46.94961&z=17&l=map",
        "google": "https://www.google.com/maps/search/?api=1&query=46.94961,142.797042",
        "photo": "https://commons.wikimedia.org/wiki/Special:FilePath/View%20of%20Yuzhno-Sakhalinsk%20from%20Gorny%20Vozduh.JPG",
        "status": "enriched"
      }
    },
    {
      "type": "Feature",
      "geometry": {
        "type": "Point",
        "coordinates": [
          147.616667,
          45.033333
        ]
      },
      "properties": {
        "id": "sakhalin-iturup-white-rocks",
        "name_vi": "Vách Đá Trắng đảo Iturup (Belye skaly)",
        "name_ru": "Белые скалы (Итуруп)",
        "name_en": "White Rocks of Iturup",
        "region": "Tỉnh Sakhalin",
        "categories": [
          "park_garden"
        ],
        "rating": null,
        "reviews": null,
        "short": "Vách Đá Trắng là một trong những kỳ quan thiên nhiên siêu thực nhất của quần đảo Kuril: những vách đá bọt núi lửa trắng xóa trải dài nhiều cây số bên vịnh Prostor trên đảo Iturup. Dưới chân vách là bãi cát pha hạt titan – magnetit đen nhánh có từ tính, tạo nên khung cảnh tương phản như trên hành tinh khác.",
        "yandex": "https://yandex.com/maps/?pt=147.616667,45.033333&z=17&l=map",
        "google": "https://www.google.com/maps/search/?api=1&query=45.033333,147.616667",
        "photo": "https://commons.wikimedia.org/wiki/Special:FilePath/Iturup%20White%20cliffs.jpg",
        "status": "enriched"
      }
    },
    {
      "type": "Feature",
      "geometry": {
        "type": "Point",
        "coordinates": [
          141.233,
          46.25
        ]
      },
      "properties": {
        "id": "sakhalin-moneron-island",
        "name_vi": "Đảo Moneron (Ostrov Moneron)",
        "name_ru": "Остров Монерон",
        "name_en": "Moneron Island",
        "region": "Tỉnh Sakhalin",
        "categories": [
          "park_garden"
        ],
        "rating": null,
        "reviews": null,
        "short": "Moneron là hòn đảo nhỏ giữa biển Nhật Bản, cách bờ tây nam Sakhalin vài chục cây số, và là công viên tự nhiên biển đầu tiên của nước Nga. Nổi tiếng với làn nước trong xanh nhờ dòng hải lưu ấm Tsushima, nơi đây được mệnh danh là thiên đường lặn biển và ngắm chim của vùng Viễn Đông.",
        "yandex": "https://yandex.com/maps/?pt=141.233,46.25&z=17&l=map",
        "google": "https://www.google.com/maps/search/?api=1&query=46.25,141.233",
        "photo": "https://commons.wikimedia.org/wiki/Special:FilePath/Moneron%20Island.jpg",
        "status": "enriched"
      }
    },
    {
      "type": "Feature",
      "geometry": {
        "type": "Point",
        "coordinates": [
          143.08426,
          52.04254
        ]
      },
      "properties": {
        "id": "sakhalin-dagi-hot-springs",
        "name_vi": "Suối nước nóng Dagi (Daginskiye termalnyye istochniki)",
        "name_ru": "Дагинские термальные источники",
        "name_en": "Daginskie Thermal Springs",
        "region": "Tỉnh Sakhalin",
        "categories": [
          "park_garden"
        ],
        "rating": null,
        "reviews": null,
        "short": "Suối nước nóng Dagi là một điểm nghỉ dưỡng thiên nhiên nổi tiếng ở phía bắc đảo Sakhalin, bên bờ vịnh Daginsky của biển Okhotsk. Dòng nước khoáng nóng 40–54°C giàu khoáng chất từ lâu đã được người dân địa phương tìm đến để ngâm mình chữa bệnh và thư giãn.",
        "yandex": "https://yandex.com/maps/?pt=143.08426,52.04254&z=17&l=map",
        "google": "https://www.google.com/maps/search/?api=1&query=52.04254,143.08426",
        "photo": null,
        "status": "enriched"
      }
    },
    {
      "type": "Feature",
      "geometry": {
        "type": "Point",
        "coordinates": [
          143.414077,
          46.018885
        ]
      },
      "properties": {
        "id": "sakhalin-cape-aniva-lighthouse",
        "name_vi": "Ngọn hải đăng Aniva (Mayak Aniva)",
        "name_ru": "Маяк Анива",
        "name_en": "Aniva Lighthouse",
        "region": "Tỉnh Sakhalin",
        "categories": [
          "monument"
        ],
        "rating": null,
        "reviews": null,
        "short": "Hải đăng Aniva là công trình bị bỏ hoang nổi tiếng bậc nhất Sakhalin, đứng chơ vơ trên một tảng đá giữa biển ở mũi cực nam bán đảo Tonino-Aniva. Được người Nhật xây dựng năm 1939, tòa tháp phủ rêu phong nay trở thành biểu tượng đầy ma mị và lãng mạn của hòn đảo.",
        "yandex": "https://yandex.com/maps/?pt=143.414077,46.018885&z=17&l=map",
        "google": "https://www.google.com/maps/search/?api=1&query=46.018885,143.414077",
        "photo": "https://commons.wikimedia.org/wiki/Special:FilePath/Aniva%20Lighthouse%20by%20Vyacheslav%20Ovchinnikov.jpg",
        "status": "enriched"
      }
    },
    {
      "type": "Feature",
      "geometry": {
        "type": "Point",
        "coordinates": [
          50.0894,
          53.2036
        ]
      },
      "properties": {
        "id": "samara-samara-embankment",
        "name_vi": "Bờ kè Samara bên sông Volga (Samarskaya Naberezhnaya)",
        "name_ru": "Самарская набережная",
        "name_en": "Samara Embankment",
        "region": "Tỉnh Samara",
        "categories": [
          "square_street",
          "park_garden"
        ],
        "rating": null,
        "reviews": null,
        "short": "Bờ kè Samara là dải đi bộ dài khoảng 5 km dọc sông Volga, được xem là một trong những bờ kè sông đẹp và dài nhất nước Nga. Nơi đây có bãi cát vàng, công viên, đài phun nước và tượng đài 'Ладья' (Con thuyền) biểu tượng của thành phố.",
        "yandex": "https://yandex.com/maps/?pt=50.0894,53.2036&z=17&l=map",
        "google": "https://www.google.com/maps/search/?api=1&query=53.2036,50.0894",
        "photo": "https://commons.wikimedia.org/wiki/Special:FilePath/Samara%20Embankment.jpg",
        "status": "enriched"
      }
    },
    {
      "type": "Feature",
      "geometry": {
        "type": "Point",
        "coordinates": [
          50.097785,
          53.196704
        ]
      },
      "properties": {
        "id": "samara-stalin-bunker-samara",
        "name_vi": "Hầm trú ẩn Stalin (Bunker Stalina)",
        "name_ru": "Бункер Сталина",
        "name_en": "Stalin's Bunker (Samara)",
        "region": "Tỉnh Samara",
        "categories": [
          "museum"
        ],
        "rating": null,
        "reviews": null,
        "short": "Hầm trú ẩn Stalin nằm sâu 37 mét dưới lòng Samara, được xây bí mật năm 1942 khi thành phố là 'thủ đô dự phòng' của Liên Xô. Ngày nay nơi đây là bảo tàng độc đáo tái hiện phòng làm việc của Stalin và không khí căng thẳng thời Thế chiến II.",
        "yandex": "https://yandex.com/maps/?pt=50.097785,53.196704&z=17&l=map",
        "google": "https://www.google.com/maps/search/?api=1&query=53.196704,50.097785",
        "photo": "https://commons.wikimedia.org/wiki/Special:FilePath/Stalin%27s%20Bunker%200009.JPG",
        "status": "enriched"
      }
    },
    {
      "type": "Feature",
      "geometry": {
        "type": "Point",
        "coordinates": [
          49.5,
          53.417
        ]
      },
      "properties": {
        "id": "samara-zhiguli-samarskaya-luka",
        "name_vi": "Dãy núi Zhiguli và Vườn quốc gia Samarskaya Luka (Zhigulyovskiye gory / Samarskaya Luka)",
        "name_ru": "Жигулёвские горы / Национальный парк «Самарская Лука»",
        "name_en": "Zhiguli Mountains / Samarskaya Luka National Park",
        "region": "Tỉnh Samara",
        "categories": [
          "park_garden"
        ],
        "rating": null,
        "reviews": null,
        "short": "Dãy núi Zhiguli và Vườn quốc gia Samarskaya Luka bao quanh khúc uốn khổng lồ của sông Volga, tạo nên rặng núi thật sự duy nhất của đồng bằng Đông Âu. Đây là thiên đường của những cung đường mòn, điểm ngắm cảnh và rừng nguyên sinh.",
        "yandex": "https://yandex.com/maps/?pt=49.5,53.417&z=17&l=map",
        "google": "https://www.google.com/maps/search/?api=1&query=53.417,49.5",
        "photo": "https://commons.wikimedia.org/wiki/Special:FilePath/Molodecky%20kurgan.jpg",
        "status": "enriched"
      }
    },
    {
      "type": "Feature",
      "geometry": {
        "type": "Point",
        "coordinates": [
          50.025,
          53.4083
        ]
      },
      "properties": {
        "id": "samara-shiryaevo",
        "name_vi": "Làng Shiryaevo (Shiryaevo)",
        "name_ru": "Село Ширяево",
        "name_en": "Shiryaevo (village)",
        "region": "Tỉnh Samara",
        "categories": [
          "other",
          "museum"
        ],
        "rating": null,
        "reviews": null,
        "short": "Shiryaevo là ngôi làng cổ bên sông Volga, nổi tiếng nhờ danh họa Ilya Repin từng đến đây vẽ nên kiệt tác 'Những người kéo thuyền trên sông Volga'. Làng quyến rũ du khách bằng nhà-bảo tàng, núi đá vôi và khung cảnh nên thơ.",
        "yandex": "https://yandex.com/maps/?pt=50.025,53.4083&z=17&l=map",
        "google": "https://www.google.com/maps/search/?api=1&query=53.4083,50.025",
        "photo": null,
        "status": "enriched"
      }
    },
    {
      "type": "Feature",
      "geometry": {
        "type": "Point",
        "coordinates": [
          50.1436,
          53.2111
        ]
      },
      "properties": {
        "id": "samara-samara-space-museum",
        "name_vi": "Bảo tàng 'Samara Vũ trụ' và đài tượng tên lửa Soyuz (Samara Kosmicheskaya)",
        "name_ru": "Музей «Самара Космическая» / Монумент «Ракета-носитель Союз»",
        "name_en": "Samara Space Museum & Soyuz Rocket Monument",
        "region": "Tỉnh Samara",
        "categories": [
          "museum",
          "monument"
        ],
        "rating": null,
        "reviews": null,
        "short": "Bảo tàng 'Samara Vũ trụ' nổi bật với quả tên lửa Soyuz thật cao gần 50 mét dựng trước cửa - biểu tượng của thành phố từng chế tạo tên lửa đưa Gagarin vào không gian. Bên trong là phần trưng bày sinh động về ngành công nghiệp vũ trụ Nga.",
        "yandex": "https://yandex.com/maps/?pt=50.1436,53.2111&z=17&l=map",
        "google": "https://www.google.com/maps/search/?api=1&query=53.2111,50.1436",
        "photo": "https://commons.wikimedia.org/wiki/Special:FilePath/R-7%20Rocket%20at%20the%20Samara%20Space%20Museum.jpg",
        "status": "enriched"
      }
    },
    {
      "type": "Feature",
      "geometry": {
        "type": "Point",
        "coordinates": [
          49.25028,
          53.55222
        ]
      },
      "properties": {
        "id": "samara-togliatti-technical-museum",
        "name_vi": "Bảo tàng Kỹ thuật Tolyatti mang tên Sakharov (Parkovy kompleks im. Sakharova)",
        "name_ru": "Технический музей им. К. Г. Сахарова (Парковый комплекс истории техники), Тольятти",
        "name_en": "AvtoVAZ Technical Museum (K. G. Sakharov Park Complex), Tolyatti",
        "region": "Tỉnh Samara",
        "categories": [
          "museum"
        ],
        "rating": null,
        "reviews": null,
        "short": "Bảo tàng Kỹ thuật Sakharov ở Tolyatti là công viên khí tài ngoài trời rộng khoảng 38 ha với hơn 450 hiện vật quân sự và dân sự. Ngôi sao của bảo tàng là chiếc tàu ngầm Б-307 dài 90 mét được dựng trên cạn cho khách vào tham quan.",
        "yandex": "https://yandex.com/maps/?pt=49.25028,53.55222&z=17&l=map",
        "google": "https://www.google.com/maps/search/?api=1&query=53.55222,49.25028",
        "photo": "https://commons.wikimedia.org/wiki/Special:FilePath/B-307%2C%20Togliatti.%20Russia-1.JPG",
        "status": "enriched"
      }
    },
    {
      "type": "Feature",
      "geometry": {
        "type": "Point",
        "coordinates": [
          48.4543,
          53.1469
        ]
      },
      "properties": {
        "id": "samara-syzran-kremlin",
        "name_vi": "Kremlin Syzran (Syzransky kreml)",
        "name_ru": "Сызранский кремль",
        "name_en": "Syzran Kremlin",
        "region": "Tỉnh Samara",
        "categories": [
          "fortress",
          "church"
        ],
        "rating": null,
        "reviews": null,
        "short": "Kremlin Syzran là pháo đài duy nhất còn lại ở tỉnh Samara, được lập năm 1683. Ngày nay chỉ còn tòa tháp đá Спасская cổ kính cùng một nhà thờ nhỏ nằm giữa công viên trung tâm thành phố.",
        "yandex": "https://yandex.com/maps/?pt=48.4543,53.1469&z=17&l=map",
        "google": "https://www.google.com/maps/search/?api=1&query=53.1469,48.4543",
        "photo": "https://commons.wikimedia.org/wiki/Special:FilePath/Syzran%20-%20Kreml.jpg",
        "status": "enriched"
      }
    },
    {
      "type": "Feature",
      "geometry": {
        "type": "Point",
        "coordinates": [
          50.1227,
          53.4233
        ]
      },
      "properties": {
        "id": "samara-tsarev-kurgan",
        "name_vi": "Gò Sa Hoàng - Tsarev Kurgan (Tsaryov kurgan)",
        "name_ru": "Царёв курган",
        "name_en": "Tsarev Kurgan",
        "region": "Tỉnh Samara",
        "categories": [
          "monument"
        ],
        "rating": null,
        "reviews": null,
        "short": "Царёв курган là ngọn gò lịch sử bên nơi sông Sok gặp sông Volga, gắn với nhiều truyền thuyết về vua chúa và thủ lĩnh cổ xưa. Trên đỉnh có cây thánh giá mạ vàng và tầm nhìn tuyệt đẹp ra sông núi.",
        "yandex": "https://yandex.com/maps/?pt=50.1227,53.4233&z=17&l=map",
        "google": "https://www.google.com/maps/search/?api=1&query=53.4233,50.1227",
        "photo": null,
        "status": "enriched"
      }
    },
    {
      "type": "Feature",
      "geometry": {
        "type": "Point",
        "coordinates": [
          46.0445,
          51.526
        ]
      },
      "properties": {
        "id": "saratov-saratov-embankment",
        "name_vi": "Bờ kè Các Nhà Du hành Vũ trụ (Na-bê-rê-giơ-nai-a Cô-xmô-náp-tốp)",
        "name_ru": "Набережная Космонавтов",
        "name_en": "Cosmonauts Embankment",
        "region": "Tỉnh Saratov",
        "categories": [
          "square_street",
          "park_garden"
        ],
        "rating": null,
        "reviews": null,
        "short": "Bờ kè Các Nhà Du hành Vũ trụ là dải đi bộ đẹp nhất Saratov, trải dài bên bờ sông Volga rộng lớn. Con đường mang tên các nhà du hành vũ trụ để tôn vinh mối liên hệ đặc biệt của vùng đất này với Yuri Gagarin, và là điểm dạo chơi, ngắm hoàng hôn, hóng gió sông được người dân yêu thích nhất.",
        "yandex": "https://yandex.com/maps/?pt=46.0445,51.526&z=17&l=map",
        "google": "https://www.google.com/maps/search/?api=1&query=51.526,46.0445",
        "photo": "https://commons.wikimedia.org/wiki/Special:FilePath/2018-10-08%20Bank%20of%20the%20Volga%20%28Saratov%29.JPG",
        "status": "enriched"
      }
    },
    {
      "type": "Feature",
      "geometry": {
        "type": "Point",
        "coordinates": [
          45.9975,
          51.2769
        ]
      },
      "properties": {
        "id": "saratov-gagarin-landing-site",
        "name_vi": "Nơi Gagarin Tiếp đất (Mê-xtô Pri-zem-lê-ni-a Ga-ga-ri-na)",
        "name_ru": "Место приземления Ю. А. Гагарина",
        "name_en": "Yuri Gagarin Landing Site",
        "region": "Tỉnh Saratov",
        "categories": [
          "monument"
        ],
        "rating": null,
        "reviews": null,
        "short": "Đây chính là cánh đồng gần Engels nơi Yuri Gagarin đáp xuống an toàn ngày 12/4/1961 sau chuyến bay đầu tiên của loài người vào vũ trụ. Một cột đài tưởng niệm cao 27 mét cùng tượng nhà du hành đánh dấu địa điểm lịch sử, nay nằm trong Công viên Những Người Chinh phục Vũ trụ.",
        "yandex": "https://yandex.com/maps/?pt=45.9975,51.2769&z=17&l=map",
        "google": "https://www.google.com/maps/search/?api=1&query=51.2769,45.9975",
        "photo": "https://commons.wikimedia.org/wiki/Special:FilePath/%D0%9C%D0%B5%D1%81%D1%82%D0%BE%20%D0%BF%D1%80%D0%B8%D0%B7%D0%B5%D0%BC%D0%BB%D0%B5%D0%BD%D0%B8%D1%8F%20%D0%93%D0%B0%D0%B3%D0%B0%D1%80%D0%B8%D0%BD%D0%B0%20%D0%AE.%D0%90.jpg",
        "status": "enriched"
      }
    },
    {
      "type": "Feature",
      "geometry": {
        "type": "Point",
        "coordinates": [
          46.053615,
          51.54432
        ]
      },
      "properties": {
        "id": "saratov-sokolovaya-gora-victory-park",
        "name_vi": "Công viên Chiến thắng trên núi Sokolovaya (Xô-cô-lô-vai-a)",
        "name_ru": "Парк Победы на Соколовой горе",
        "name_en": "Victory Park on Sokolovaya Gora",
        "region": "Tỉnh Saratov",
        "categories": [
          "park_garden",
          "monument"
        ],
        "rating": null,
        "reviews": null,
        "short": "Trên đỉnh núi Sokolovaya nhìn xuống sông Volga, Công viên Chiến thắng là đài tưởng niệm hoành tráng dành cho những người Saratov đã ngã xuống trong Thế chiến II. Biểu tượng của công viên là tượng đài 'Đàn Sếu' cao 40 mét, bên cạnh ngọn lửa vĩnh cửu và bảo tàng khí tài quân sự ngoài trời.",
        "yandex": "https://yandex.com/maps/?pt=46.053615,51.54432&z=17&l=map",
        "google": "https://www.google.com/maps/search/?api=1&query=51.54432,46.053615",
        "photo": "https://commons.wikimedia.org/wiki/Special:FilePath/Saratov.%20Memorial%20complex%20%C2%ABCranes%C2%BB%20in%20the%20Victory%20Park%20P8090846%202200.jpg",
        "status": "enriched"
      }
    },
    {
      "type": "Feature",
      "geometry": {
        "type": "Point",
        "coordinates": [
          46.02861,
          51.53306
        ]
      },
      "properties": {
        "id": "saratov-radishchev-art-museum",
        "name_vi": "Bảo tàng Mỹ thuật Radishchev (Ra-đi-sép)",
        "name_ru": "Саратовский художественный музей имени А. Н. Радищева",
        "name_en": "Radishchev Art Museum",
        "region": "Tỉnh Saratov",
        "categories": [
          "museum"
        ],
        "rating": null,
        "reviews": null,
        "short": "Khai trương năm 1885, Bảo tàng Mỹ thuật Radishchev là bảo tàng nghệ thuật công cộng đầu tiên ở Nga mở cửa cho mọi tầng lớp. Do họa sĩ Aleksei Bogolyubov sáng lập, nơi đây lưu giữ bộ sưu tập tranh Nga và châu Âu quý giá trong một tòa nhà lịch sử duyên dáng bên Quảng trường Nhà hát.",
        "yandex": "https://yandex.com/maps/?pt=46.02861,51.53306&z=17&l=map",
        "google": "https://www.google.com/maps/search/?api=1&query=51.53306,46.02861",
        "photo": "https://commons.wikimedia.org/wiki/Special:FilePath/%D0%A0%D0%B0%D0%B4%D0%B8%D1%89%D0%B5%D0%B2%D1%81%D0%BA%D0%B8%D0%B9%20%D0%BC%D1%83%D0%B7%D0%B5%D0%B9%20%D0%BB%D0%B5%D1%82%D0%BE%D0%BC.jpg",
        "status": "enriched"
      }
    },
    {
      "type": "Feature",
      "geometry": {
        "type": "Point",
        "coordinates": [
          48.09,
          52.48
        ]
      },
      "properties": {
        "id": "saratov-khvalynsk-national-park",
        "name_vi": "Vườn quốc gia Khvalynsky (Khơ-va-lưn-xki)",
        "name_ru": "Национальный парк «Хвалынский»",
        "name_en": "Khvalynsky National Park",
        "region": "Tỉnh Saratov",
        "categories": [
          "park_garden"
        ],
        "rating": null,
        "reviews": null,
        "short": "Vườn quốc gia Khvalynsky nổi tiếng với những dãy 'núi phấn' trắng độc đáo, rừng thông cổ thụ và suối trong bên bờ sông Volga. Được thành lập năm 1994, đây là điểm đến thiên nhiên đẹp nhất tỉnh Saratov với nhiều đường mòn, khu bảo tồn động vật và khu trượt tuyết.",
        "yandex": "https://yandex.com/maps/?pt=48.09,52.48&z=17&l=map",
        "google": "https://www.google.com/maps/search/?api=1&query=52.48,48.09",
        "photo": "https://commons.wikimedia.org/wiki/Special:FilePath/Khvalynsky%20national%20park%20%282020%29%201.jpg",
        "status": "enriched"
      }
    },
    {
      "type": "Feature",
      "geometry": {
        "type": "Point",
        "coordinates": [
          46.0081,
          51.5327
        ]
      },
      "properties": {
        "id": "saratov-saratov-conservatory",
        "name_vi": "Nhạc viện Quốc gia Saratov mang tên Sobinov (Xô-bi-nốp)",
        "name_ru": "Саратовская государственная консерватория имени Л. В. Собинова",
        "name_en": "Saratov State Conservatory named after L. V. Sobinov",
        "region": "Tỉnh Saratov",
        "categories": [
          "theatre",
          "other"
        ],
        "rating": null,
        "reviews": null,
        "short": "Nhạc viện Saratov mang tên Sobinov là nhạc viện thứ ba của nước Nga, thành lập năm 1912. Tòa nhà theo phong cách Gothic với những tòa tháp và tượng quái vật 'biết hát' trên mặt tiền là một trong những công trình kiến trúc đẹp và độc đáo nhất thành phố.",
        "yandex": "https://yandex.com/maps/?pt=46.0081,51.5327&z=17&l=map",
        "google": "https://www.google.com/maps/search/?api=1&query=51.5327,46.0081",
        "photo": "https://commons.wikimedia.org/wiki/Special:FilePath/Konserv%20saratov.jpg",
        "status": "enriched"
      }
    },
    {
      "type": "Feature",
      "geometry": {
        "type": "Point",
        "coordinates": [
          46.05,
          51.553
        ]
      },
      "properties": {
        "id": "saratov-limonarium-saratov",
        "name_vi": "Vườn Chanh Nhiệt đới Saratov (Li-mô-na-ri Xa-ra-tốp)",
        "name_ru": "Саратовский лимонарий",
        "name_en": "Saratov Limonarium",
        "region": "Tỉnh Saratov",
        "categories": [
          "park_garden",
          "other"
        ],
        "rating": null,
        "reviews": null,
        "short": "Giữa mùa đông giá lạnh của nước Nga, Vườn Chanh Nhiệt đới Saratov là 'một mảnh nhiệt đới' xanh mướt với hàng trăm cây chanh, quýt trĩu quả cùng nhiều loài cây nhiệt đới. Đây là điểm tham quan ấm áp, thơm hương cam chanh được các gia đình và du khách yêu thích.",
        "yandex": "https://yandex.com/maps/?pt=46.05,51.553&z=17&l=map",
        "google": "https://www.google.com/maps/search/?api=1&query=51.553,46.05",
        "photo": null,
        "status": "enriched"
      }
    },
    {
      "type": "Feature",
      "geometry": {
        "type": "Point",
        "coordinates": [
          33.49333,
          44.61167
        ]
      },
      "properties": {
        "id": "sevastopol-chersonesus",
        "name_vi": "Khu di tích khảo cổ Chersonesus Tauric (Khéc-xô-nê Táp-ri-tri-xki)",
        "name_ru": "Херсонес Таврический",
        "name_en": "Tauric Chersonesos",
        "region": "Sevastopol",
        "categories": [
          "monument",
          "museum",
          "park_garden"
        ],
        "rating": 4.7,
        "reviews": 1046,
        "short": "Trên bờ Biển Đen ở rìa tây Sevastopol, Chersonesus Tauric là tàn tích của một thành bang Hy Lạp cổ hơn 2.400 năm tuổi, được UNESCO ghi danh năm 2013. Đây cũng là nơi tương truyền Đại công Vladimir chịu phép rửa tội năm 988, khởi nguồn cho Chính thống giáo Nga, khiến di tích mang ý nghĩa thiêng liêng đặc biệt.",
        "yandex": "https://yandex.com/maps/?pt=33.49333,44.61167&z=17&l=map",
        "google": "https://www.google.com/maps/search/?api=1&query=44.61167,33.49333",
        "photo": "https://commons.wikimedia.org/wiki/Special:FilePath/Chersonesos%20ruins.jpg",
        "status": "enriched"
      }
    },
    {
      "type": "Feature",
      "geometry": {
        "type": "Point",
        "coordinates": [
          33.523392,
          44.595558
        ]
      },
      "properties": {
        "id": "sevastopol-panorama-defence-sevastopol",
        "name_vi": "Bảo tàng Panorama 'Cuộc phòng thủ Sevastopol 1854-1855' (Pa-nô-ra-ma ô-bô-rô-na Xê-vát-xtô-pôn)",
        "name_ru": "Панорама «Оборона Севастополя 1854—1855»",
        "name_en": "Panorama 'The Defence of Sevastopol 1854-1855'",
        "region": "Sevastopol",
        "categories": [
          "museum"
        ],
        "rating": 4.7,
        "reviews": 806,
        "short": "Tòa nhà tròn trên Đại lộ Lịch sử là nơi lưu giữ Panorama 'Cuộc phòng thủ Sevastopol 1854-1855', một trong những bức tranh toàn cảnh lớn nhất thế giới do họa sĩ Franz Roubaud thực hiện, khánh thành năm 1905. Đứng giữa sảnh tròn, bạn như bị cuốn vào trận đánh ngày 6 tháng 6 năm 1855 với khói súng, chiến hào và pháo đài hiện ra sống động quanh mình.",
        "yandex": "https://yandex.com/maps/?pt=33.523392,44.595558&z=17&l=map",
        "google": "https://www.google.com/maps/search/?api=1&query=44.595558,33.523392",
        "photo": "https://commons.wikimedia.org/wiki/Special:FilePath/Museum%20Panorama%20Defence%20of%20Sevastopol%201854-1855%20in%20Sevastopol.jpg",
        "status": "enriched"
      }
    },
    {
      "type": "Feature",
      "geometry": {
        "type": "Point",
        "coordinates": [
          33.545649,
          44.606516
        ]
      },
      "properties": {
        "id": "sevastopol-malakhov-kurgan",
        "name_vi": "Đồi Malakhov (Ma-la-khốp Kur-gan)",
        "name_ru": "Малахов курган",
        "name_en": "Malakhov Kurgan",
        "region": "Sevastopol",
        "categories": [
          "monument",
          "museum",
          "park_garden"
        ],
        "rating": 4.7,
        "reviews": 108,
        "short": "Ngọn đồi Malakhov ở khu Korabelnaya là điểm phòng thủ then chốt trong cả Chiến tranh Crimea lẫn Thế chiến thứ hai. Phó Đô đốc Kornilov đã ngã xuống tại đây năm 1854, và tòa tháp phòng thủ bằng đá nay trở thành bảo tàng nhỏ giữa một công viên tưởng niệm rợp bóng cây.",
        "yandex": "https://yandex.com/maps/?pt=33.545649,44.606516&z=17&l=map",
        "google": "https://www.google.com/maps/search/?api=1&query=44.606516,33.545649",
        "photo": "https://commons.wikimedia.org/wiki/Special:FilePath/Malakhov4.jpg",
        "status": "enriched"
      }
    },
    {
      "type": "Feature",
      "geometry": {
        "type": "Point",
        "coordinates": [
          33.524263,
          44.618388
        ]
      },
      "properties": {
        "id": "sevastopol-monument-sunken-ships",
        "name_vi": "Đài tưởng niệm Những con tàu bị đánh đắm (Pa-mi-át-nhic za-tô-plen-nưm ko-ráp-liam)",
        "name_ru": "Памятник затопленным кораблям",
        "name_en": "Monument to the Sunken Ships",
        "region": "Sevastopol",
        "categories": [
          "monument"
        ],
        "rating": 4.8,
        "reviews": 799,
        "short": "Vươn lên từ một tảng đá granite ngay giữa làn nước vịnh Sevastopol, Đài tưởng niệm Những con tàu bị đánh đắm là biểu tượng bất diệt của thành phố. Cột đá cao gần 17 mét, đỉnh là chú đại bàng hai đầu bằng đồng ngậm vòng nguyệt quế, tưởng nhớ những chiến hạm đã tự đánh đắm năm 1854-1855 để chặn hạm đội địch.",
        "yandex": "https://yandex.com/maps/?pt=33.524263,44.618388&z=17&l=map",
        "google": "https://www.google.com/maps/search/?api=1&query=44.618388,33.524263",
        "photo": "https://commons.wikimedia.org/wiki/Special:FilePath/%D0%9F%D0%B0%D0%BC%D1%8F%D1%82%D0%BD%D0%B8%D0%BA%20%D0%B7%D0%B0%D1%82%D0%BE%D0%BF%D0%BB%D0%B5%D0%BD%D0%BD%D1%8B%D0%BC%20%D0%BA%D0%BE%D1%80%D0%B0%D0%B1%D0%BB%D1%8F%D0%BC%20%D0%B2%20%D0%A1%D0%B5%D0%B2%D0%B0%D1%81%D1%82%D0%BE%D0%BF%D0%BE%D0%BB%D0%B5.JPG",
        "status": "enriched"
      }
    },
    {
      "type": "Feature",
      "geometry": {
        "type": "Point",
        "coordinates": [
          33.526667,
          44.616944
        ]
      },
      "properties": {
        "id": "sevastopol-grafskaya-pier",
        "name_vi": "Bến tàu Bá tước Grafskaya (Gráp-xka-ya pri-xtan)",
        "name_ru": "Графская пристань",
        "name_en": "Count's Wharf (Grafskaya Pier)",
        "region": "Sevastopol",
        "categories": [
          "monument",
          "square_street"
        ],
        "rating": 4.7,
        "reviews": 366,
        "short": "Bến Grafskaya với hàng cột trắng cổ điển và đôi sư tử cẩm thạch là cánh cổng biển trang trọng của Sevastopol, gắn liền với thành phố từ ngày lập nên năm 1783. Đây vừa là điểm khởi đầu lịch sử của Hạm đội Biển Đen, vừa là nơi người dân và du khách tụ họp ngắm tàu chiến ra vào vịnh.",
        "yandex": "https://yandex.com/maps/?pt=33.526667,44.616944&z=17&l=map",
        "google": "https://www.google.com/maps/search/?api=1&query=44.616944,33.526667",
        "photo": "https://commons.wikimedia.org/wiki/Special:FilePath/%D0%A1%D0%B5%D0%B2%D0%B0%D1%81%D1%82%D0%BE%D0%BF%D0%BE%D0%BB%D1%8C.%20%D0%93%D1%80%D0%B0%D1%84%D1%81%D1%8C%D0%BA%D0%B0%20%D0%BF%D1%80%D0%B8%D1%81%D1%82%D0%B0%D0%BD%D1%8C.%20%D0%A1%D1%82%D0%B0%D1%80%D0%B0%20%D0%BB%D0%B8%D1%81%D1%82%D1%96%D0%B2%D0%BA%D0%B0.jpg",
        "status": "enriched"
      }
    },
    {
      "type": "Feature",
      "geometry": {
        "type": "Point",
        "coordinates": [
          33.582861,
          44.553347
        ]
      },
      "properties": {
        "id": "sevastopol-sapun-gora",
        "name_vi": "Quần thể tưởng niệm Núi Sapun và bức Diorama (Xa-pun-gô-ra)",
        "name_ru": "Сапун-гора",
        "name_en": "Sapun Mountain Memorial & Diorama",
        "region": "Sevastopol",
        "categories": [
          "monument",
          "museum",
          "park_garden"
        ],
        "rating": 4.5,
        "reviews": 237,
        "short": "Núi Sapun ở đông nam Sevastopol là nơi diễn ra những trận đánh quyết định trong Thế chiến thứ hai, đỉnh điểm là cuộc tổng tấn công giải phóng thành phố ngày 7 tháng 5 năm 1944. Quần thể tưởng niệm gồm Đài Vinh quang, ngọn lửa vĩnh cửu, bảo tàng khí tài ngoài trời và đặc biệt là bức Diorama tái hiện trận đánh hào hùng.",
        "yandex": "https://yandex.com/maps/?pt=33.582861,44.553347&z=17&l=map",
        "google": "https://www.google.com/maps/search/?api=1&query=44.553347,33.582861",
        "photo": "https://commons.wikimedia.org/wiki/Special:FilePath/ISU-152%20model%201944%20at%20the%20Museum%20on%20Sapun%20Mountain%20Sevastopol%202.jpg",
        "status": "enriched"
      }
    },
    {
      "type": "Feature",
      "geometry": {
        "type": "Point",
        "coordinates": [
          33.406257,
          44.558806
        ]
      },
      "properties": {
        "id": "sevastopol-35th-coastal-battery",
        "name_vi": "Quần thể tưởng niệm Trận địa pháo Bờ biển số 35 (35-a-ya be-re-gô-va-ya ba-ta-rê-ya)",
        "name_ru": "35-я береговая батарея",
        "name_en": "35th Coastal Battery Memorial Complex",
        "region": "Sevastopol",
        "categories": [
          "museum",
          "monument",
          "fortress"
        ],
        "rating": 4.9,
        "reviews": 661,
        "short": "Trận địa pháo Bờ biển số 35 trên mũi Kazachy từng là pháo đài bọc thép cuối cùng che chở Sevastopol trong Thế chiến thứ hai, nơi hàng nghìn người bảo vệ đã chiến đấu đến hơi thở cuối cùng vào tháng 7 năm 1942. Nay là một quần thể tưởng niệm xúc động với các hầm ngầm và Điện Pantheon Ký ức chiếu tên, gương mặt những người đã ngã xuống.",
        "yandex": "https://yandex.com/maps/?pt=33.406257,44.558806&z=17&l=map",
        "google": "https://www.google.com/maps/search/?api=1&query=44.558806,33.406257",
        "photo": null,
        "status": "enriched"
      }
    },
    {
      "type": "Feature",
      "geometry": {
        "type": "Point",
        "coordinates": [
          33.59648,
          44.50104
        ]
      },
      "properties": {
        "id": "sevastopol-balaklava-submarine-base",
        "name_vi": "Balaklava và Bảo tàng căn cứ tàu ngầm trong lòng núi (Ba-la-kla-va)",
        "name_ru": "Балаклава (музей подземной базы подводных лодок, объект 825 ГТС)",
        "name_en": "Balaklava & the Underground Submarine Base Museum (Object 825 GTS)",
        "region": "Sevastopol",
        "categories": [
          "museum",
          "fortress"
        ],
        "rating": 4.4,
        "reviews": 407,
        "short": "Thị trấn Balaklava nép mình bên một vịnh biển hẹp quanh co, nổi tiếng với căn cứ tàu ngầm bí mật thời Chiến tranh Lạnh khoét sâu trong lòng núi Tavros. Được xây kiên cố để chịu được cả một vụ nổ hạt nhân, 'Đối tượng 825 GTS' nay là bảo tàng ngầm độc đáo cho những ai mê lịch sử quân sự.",
        "yandex": "https://yandex.com/maps/?pt=33.59648,44.50104&z=17&l=map",
        "google": "https://www.google.com/maps/search/?api=1&query=44.50104,33.59648",
        "photo": "https://commons.wikimedia.org/wiki/Special:FilePath/Balaklava%20Naval%20museum%20complex%20IMG%201012%201725.jpg",
        "status": "enriched"
      }
    },
    {
      "type": "Feature",
      "geometry": {
        "type": "Point",
        "coordinates": [
          33.523536,
          44.610447
        ]
      },
      "properties": {
        "id": "sevastopol-vladimir-cathedral-admirals",
        "name_vi": "Nhà thờ chính tòa Thánh Vladimir - Lăng mộ các Đô đốc (Vla-đi-mia-xki xô-bo)",
        "name_ru": "Владимирский собор — усыпальница адмиралов",
        "name_en": "St. Vladimir's Cathedral — Tomb of the Admirals",
        "region": "Sevastopol",
        "categories": [
          "church",
          "monument"
        ],
        "rating": 4.8,
        "reviews": 119,
        "short": "Trên Đồi Trung tâm của Sevastopol, Nhà thờ Thánh Vladimir mang phong cách tân Byzantine là nơi an nghỉ của bốn vị đô đốc huyền thoại: Lazarev, Kornilov, Istomin và Nakhimov. Đây vừa là một thánh đường Chính thống giáo, vừa là lăng mộ thiêng liêng tưởng nhớ những anh hùng bảo vệ thành phố.",
        "yandex": "https://yandex.com/maps/?pt=33.523536,44.610447&z=17&l=map",
        "google": "https://www.google.com/maps/search/?api=1&query=44.610447,33.523536",
        "photo": "https://commons.wikimedia.org/wiki/Special:FilePath/St.%20Vladimir%27s%20Cathedral%2C%20Sevastopol%2005.JPG",
        "status": "enriched"
      }
    },
    {
      "type": "Feature",
      "geometry": {
        "type": "Point",
        "coordinates": [
          33.48889,
          44.49861
        ]
      },
      "properties": {
        "id": "sevastopol-cape-fiolent",
        "name_vi": "Mũi Fiolent (Mưs Phi-ô-len)",
        "name_ru": "мыс Фиолент",
        "name_en": "Cape Fiolent",
        "region": "Sevastopol",
        "categories": [
          "park_garden",
          "other"
        ],
        "rating": 4.8,
        "reviews": 640,
        "short": "Mũi Fiolent ở cực nam Sevastopol mê hoặc du khách bằng những vách đá núi lửa dựng đứng, làn nước trong xanh như ngọc và bãi biển Ngọc Bích ẩn dưới chân. Trên đỉnh vách là Tu viện Thánh George cổ kính, còn phía dưới là hàng trăm bậc thang dẫn xuống một trong những bãi tắm đẹp nhất Crimea.",
        "yandex": "https://yandex.com/maps/?pt=33.48889,44.49861&z=17&l=map",
        "google": "https://www.google.com/maps/search/?api=1&query=44.49861,33.48889",
        "photo": "https://commons.wikimedia.org/wiki/Special:FilePath/Cape%20Fiolent%2C%20Crimea.jpg",
        "status": "enriched"
      }
    },
    {
      "type": "Feature",
      "geometry": {
        "type": "Point",
        "coordinates": [
          32.04395,
          54.77997
        ]
      },
      "properties": {
        "id": "smolensk-smolensk-fortress-wall",
        "name_vi": "Tường thành pháo đài Smolensk (Smolenskaya krepostnaya stena)",
        "name_ru": "Смоленская крепостная стена",
        "name_en": "Smolensk Fortress Wall",
        "region": "Tỉnh Smolensk",
        "categories": [
          "fortress",
          "monument"
        ],
        "rating": 4.5,
        "reviews": 444,
        "short": "Được kiến trúc sư Fyodor Kon xây dựng năm 1595-1602, Tường thành Smolensk từng dài 6,5 km với 38 tòa tháp, được mệnh danh là 'chuỗi ngọc của toàn nước Nga'. Là lá chắn trấn giữ biên cương phía tây, tường thành đã chống chọi quân Ba Lan, Napoléon và phát xít Đức. Nay còn khoảng một nửa cùng chừng mười tám tháp, trong đó tháp Gromovaya là bảo tàng pháo đài.",
        "yandex": "https://yandex.com/maps/?pt=32.04395,54.77997&z=17&l=map",
        "google": "https://www.google.com/maps/search/?api=1&query=54.77997,32.04395",
        "photo": "https://commons.wikimedia.org/wiki/Special:FilePath/Smolensk%20by%20Ginsburg%20-%2000036.%20Smolensk%20fortress%20wall.jpg",
        "status": "enriched"
      }
    },
    {
      "type": "Feature",
      "geometry": {
        "type": "Point",
        "coordinates": [
          32.05444,
          54.78889
        ]
      },
      "properties": {
        "id": "smolensk-assumption-cathedral-smolensk",
        "name_vi": "Nhà thờ chính tòa Đức Mẹ Lên Trời Smolensk (Uspensky sobor)",
        "name_ru": "Успенский собор (Смоленск)",
        "name_en": "Assumption Cathedral, Smolensk",
        "region": "Tỉnh Smolensk",
        "categories": [
          "church"
        ],
        "rating": 4.9,
        "reviews": 714,
        "short": "Nhà thờ chính tòa Đức Mẹ Lên Trời là biểu tượng của Smolensk, tọa lạc uy nghi trên Đồi Nhà thờ. Công trình Baroque trắng - lục với mái vòm vàng hiện nay được dựng từ cuối thế kỷ 17, nổi tiếng với bức tường thánh dát vàng cao 30 mét. Đây là một trong những nhà thờ lớn và đẹp nhất nước Nga, vẹn nguyên qua Thế chiến II.",
        "yandex": "https://yandex.com/maps/?pt=32.05444,54.78889&z=17&l=map",
        "google": "https://www.google.com/maps/search/?api=1&query=54.78889,32.05444",
        "photo": "https://commons.wikimedia.org/wiki/Special:FilePath/Uspensky%20cathedral.jpg",
        "status": "enriched"
      }
    },
    {
      "type": "Feature",
      "geometry": {
        "type": "Point",
        "coordinates": [
          32.209323,
          54.6597
        ]
      },
      "properties": {
        "id": "smolensk-talashkino-teremok-flyonovo",
        "name_vi": "Điền trang Talashkino và nhà gỗ Teremok ở Flyonovo (Talashkino, Teremok)",
        "name_ru": "Талашкино, историко-архитектурный комплекс «Теремок» (Флёново)",
        "name_en": "Talashkino Estate and Teremok, Flyonovo",
        "region": "Tỉnh Smolensk",
        "categories": [
          "museum",
          "church"
        ],
        "rating": 4.5,
        "reviews": 82,
        "short": "Talashkino ở Flyonovo là điền trang của nữ công tước Maria Tenisheva, một trung tâm hồi sinh nghệ thuật dân gian Nga đầu thế kỷ 20. Điểm nhấn là ngôi nhà gỗ Teremok chạm trổ như trong cổ tích và Nhà thờ Chúa Thánh Thần với tranh khảm của Nicholas Roerich. Nhiều danh họa Nga như Malyutin, Vrubel và Roerich từng sáng tác tại đây.",
        "yandex": "https://yandex.com/maps/?pt=32.209323,54.6597&z=17&l=map",
        "google": "https://www.google.com/maps/search/?api=1&query=54.6597,32.209323",
        "photo": "https://commons.wikimedia.org/wiki/Special:FilePath/Holy%20Spirit%20Church%20%28Talashkino%3B%202013-11-10%29%2014.JPG",
        "status": "enriched"
      }
    },
    {
      "type": "Feature",
      "geometry": {
        "type": "Point",
        "coordinates": [
          31.788507,
          54.7754
        ]
      },
      "properties": {
        "id": "smolensk-katyn-memorial",
        "name_vi": "Khu tưởng niệm Katyn (Memorial «Katyn»)",
        "name_ru": "Мемориал «Катынь»",
        "name_en": "Katyn Memorial",
        "region": "Tỉnh Smolensk",
        "categories": [
          "monument",
          "museum"
        ],
        "rating": 4.5,
        "reviews": 111,
        "short": "Khu tưởng niệm Katyn trong rừng Kozy Gory tưởng nhớ các nạn nhân của những cuộc đàn áp chính trị thập niên 1930-1940. Tại đây năm 1940, hơn bốn nghìn sĩ quan Ba Lan bị mật vụ NKVD hành quyết, cùng hàng nghìn công dân Xô Viết. Khánh thành năm 2000, đây là một trong những đài tưởng niệm bi tráng và lay động nhất nước Nga.",
        "yandex": "https://yandex.com/maps/?pt=31.788507,54.7754&z=17&l=map",
        "google": "https://www.google.com/maps/search/?api=1&query=54.7754,31.788507",
        "photo": "https://commons.wikimedia.org/wiki/Special:FilePath/%D0%A0%D0%B8%D1%82%D1%83%D0%B0%D0%BB%D1%8C%D0%BD%D0%B0%D1%8F%20%D0%BF%D0%BB%D0%BE%D1%89%D0%B0%D0%B4%D0%BA%D0%B0%20%D0%9C%D0%B5%D0%BC%D0%BE%D1%80%D0%B8%D0%B0%D0%BB%D0%B0%20%C2%AB%D0%9A%D0%B0%D1%82%D1%8B%D0%BD%D1%8C%C2%BB.JPG",
        "status": "enriched"
      }
    },
    {
      "type": "Feature",
      "geometry": {
        "type": "Point",
        "coordinates": [
          31.87944,
          54.78472
        ]
      },
      "properties": {
        "id": "smolensk-gnyozdovo-burial-mounds",
        "name_vi": "Quần thể gò mộ cổ Gnyozdovo (Gnyozdovskiye kurgany)",
        "name_ru": "Гнёздовские курганы (Гнёздовский археологический комплекс)",
        "name_en": "Gnyozdovo Burial Mounds",
        "region": "Tỉnh Smolensk",
        "categories": [
          "monument",
          "museum"
        ],
        "rating": 4.6,
        "reviews": 330,
        "short": "Quần thể gò mộ Gnyozdovo là một trong những di chỉ khảo cổ thời đại Viking lớn nhất châu Âu, có niên đại thế kỷ 10. Nơi đây từng là khu định cư Varangian - Slav sầm uất trên tuyến thương mại 'từ người Varangian đến người Hy Lạp'. Gần bốn nghìn gò mộ và vô số hiện vật quý gắn liền với nguồn gốc thành phố Smolensk.",
        "yandex": "https://yandex.com/maps/?pt=31.87944,54.78472&z=17&l=map",
        "google": "https://www.google.com/maps/search/?api=1&query=54.78472,31.87944",
        "photo": "https://commons.wikimedia.org/wiki/Special:FilePath/Gnezdovo%20complex%20-%20Forest%20kurgan%20group%20-%2020.jpg",
        "status": "enriched"
      }
    },
    {
      "type": "Feature",
      "geometry": {
        "type": "Point",
        "coordinates": [
          33.888706,
          55.40559
        ]
      },
      "properties": {
        "id": "smolensk-khmelita-griboyedov-estate",
        "name_vi": "Điền trang - bảo tàng Griboyedov ở Khmelita (Khmelita)",
        "name_ru": "Музей-заповедник А. С. Грибоедова «Хмелита»",
        "name_en": "Griboyedov Estate-Museum Khmelita",
        "region": "Tỉnh Smolensk",
        "categories": [
          "museum",
          "palace"
        ],
        "rating": 4.6,
        "reviews": 64,
        "short": "Điền trang Khmelita là một dinh thự Baroque giữa thế kỷ 18, thuộc dòng họ Griboyedov, nơi văn hào Aleksandr Griboyedov trải qua tuổi thơ. Sau nhiều năm hoang phế, điền trang được phục dựng công phu và trở thành bảo tàng - khu bảo tồn từ năm 1990. Quần thể còn có trung tâm bảo tàng Đô đốc Nakhimov và khu tưởng niệm chiến tranh.",
        "yandex": "https://yandex.com/maps/?pt=33.888706,55.40559&z=17&l=map",
        "google": "https://www.google.com/maps/search/?api=1&query=55.40559,33.888706",
        "photo": null,
        "status": "enriched"
      }
    },
    {
      "type": "Feature",
      "geometry": {
        "type": "Point",
        "coordinates": [
          31.867,
          55.517
        ]
      },
      "properties": {
        "id": "smolensk-smolensk-lakeland-national-park",
        "name_vi": "Vườn quốc gia Smolenskoye Poozerye - Vùng hồ Smolensk (Smolenskoye Poozyorye)",
        "name_ru": "Национальный парк «Смоленское Поозерье»",
        "name_en": "Smolenskoye Poozerye National Park (Smolensk Lakeland)",
        "region": "Tỉnh Smolensk",
        "categories": [
          "park_garden"
        ],
        "rating": null,
        "reviews": null,
        "short": "Vườn quốc gia Smolenskoye Poozerye - 'Vùng hồ Smolensk' - là khu dự trữ sinh quyển UNESCO rộng hơn 1.460 km² với 35 hồ băng hà. Nổi bật là hồ Sapsho thơ mộng và thị trấn nghỉ dưỡng Przhevalskoye. Đây là thiên đường cho những ai yêu rừng, hồ và các hoạt động ngoài trời.",
        "yandex": "https://yandex.com/maps/?pt=31.867,55.517&z=17&l=map",
        "google": "https://www.google.com/maps/search/?api=1&query=55.517,31.867",
        "photo": "https://commons.wikimedia.org/wiki/Special:FilePath/%D0%92%D0%B8%D0%B4%20%D0%BD%D0%B0%20%D0%B1%D0%B5%D1%80%D0%B5%D0%B3%20%D0%BE%D0%B7%D0%B5%D1%80%D0%B0.JPG",
        "status": "enriched"
      }
    },
    {
      "type": "Feature",
      "geometry": {
        "type": "Point",
        "coordinates": [
          34.2912,
          55.2107
        ]
      },
      "properties": {
        "id": "smolensk-vyazma",
        "name_vi": "Thành phố cổ Vyazma (Vyazma)",
        "name_ru": "Вязьма",
        "name_en": "Vyazma",
        "region": "Tỉnh Smolensk",
        "categories": [
          "square_street",
          "church",
          "monument"
        ],
        "rating": 4.9,
        "reviews": 80,
        "short": "Vyazma là thị trấn cổ gần 800 năm tuổi bên đường Moskva-Smolensk, giàu di sản kiến trúc và ký ức chiến tranh. Nổi bật là nhà thờ Odigitrievskaya ba chóp nhọn thế kỷ 17 trong Tu viện Thánh Gioan Tẩy Giả. Thị trấn còn nổi danh với món bánh gừng 'pryanik' trứ danh và những trang sử Thế chiến II bi hùng.",
        "yandex": "https://yandex.com/maps/?pt=34.2912,55.2107&z=17&l=map",
        "google": "https://www.google.com/maps/search/?api=1&query=55.2107,34.2912",
        "photo": "https://commons.wikimedia.org/wiki/Special:FilePath/Vazma-P1020923.JPG",
        "status": "enriched"
      }
    },
    {
      "type": "Feature",
      "geometry": {
        "type": "Point",
        "coordinates": [
          43.081353,
          44.043698
        ]
      },
      "properties": {
        "id": "stavropol-pyatigorsk-mashuk-proval",
        "name_vi": "Núi Mashuk và hồ Proval, Pyatigorsk (Ma-suc / Prô-van)",
        "name_ru": "Гора Машук и озеро Провал (Пятигорск)",
        "name_en": "Mount Mashuk & Lake Proval, Pyatigorsk",
        "region": "Vùng Stavropol",
        "categories": [
          "park_garden",
          "other"
        ],
        "rating": null,
        "reviews": null,
        "short": "Biểu tượng của thành phố suối khoáng Pyatigorsk, núi Mashuk cao gần 1.000 m cho tầm nhìn bao trọn dãy Kavkaz và đỉnh Elbrus tuyết phủ. Dưới sườn núi là Proval - hồ nước ngầm xanh biếc nằm trong lòng hang, nổi tiếng nhờ tiểu thuyết trào phúng 'Mười hai chiếc ghế'.",
        "yandex": "https://yandex.com/maps/?pt=43.081353,44.043698&z=17&l=map",
        "google": "https://www.google.com/maps/search/?api=1&query=44.043698,43.081353",
        "photo": "https://commons.wikimedia.org/wiki/Special:FilePath/Proval%20lake%20view.JPG",
        "status": "enriched"
      }
    },
    {
      "type": "Feature",
      "geometry": {
        "type": "Point",
        "coordinates": [
          42.7188,
          43.9053
        ]
      },
      "properties": {
        "id": "stavropol-kislovodsk-national-park",
        "name_vi": "Vườn quốc gia Kislovodsk (Ki-xlô-vôt-xcơ)",
        "name_ru": "Кисловодский национальный парк",
        "name_en": "Kislovodsk National Park",
        "region": "Vùng Stavropol",
        "categories": [
          "park_garden"
        ],
        "rating": null,
        "reviews": null,
        "short": "Được xem là một trong những công viên đô thị lớn nhất châu Âu, Vườn quốc gia Kislovodsk trải rộng gần 1.000 ha trên các sườn đồi ngập tràn thông, tùng và không khí trong lành. Đây là cái nôi của 'terrenkur' - liệu pháp đi bộ chữa bệnh theo những cung đường được đánh dấu tỉ mỉ.",
        "yandex": "https://yandex.com/maps/?pt=42.7188,43.9053&z=17&l=map",
        "google": "https://www.google.com/maps/search/?api=1&query=43.9053,42.7188",
        "photo": "https://commons.wikimedia.org/wiki/Special:FilePath/%D0%9A%D1%83%D1%80%D0%BE%D1%80%D1%82%D0%BD%D1%8B%D0%B9%20%D0%BF%D0%B0%D1%80%D0%BA.%20%D0%B3.%20%D0%9A%D0%B8%D1%81%D0%BB%D0%BE%D0%B2%D0%BE%D0%B4%D1%81%D0%BA.JPG",
        "status": "enriched"
      }
    },
    {
      "type": "Feature",
      "geometry": {
        "type": "Point",
        "coordinates": [
          42.7197,
          43.9049
        ]
      },
      "properties": {
        "id": "stavropol-narzan-gallery-kislovodsk",
        "name_vi": "Hành lang nước khoáng Narzan, Kislovodsk (Na-rơ-dan)",
        "name_ru": "Нарзанная галерея (Кисловодск)",
        "name_en": "Narzan Gallery, Kislovodsk",
        "region": "Vùng Stavropol",
        "categories": [
          "other",
          "monument"
        ],
        "rating": null,
        "reviews": null,
        "short": "Tòa nhà đá hình chiếc chìa khóa cong theo phong cách Gothic Anh là nơi du khách nếm thử nước khoáng Narzan trứ danh ngay tại nguồn. Được dựng giữa thế kỷ XIX bên miệng suối 'anh hùng', đây là biểu tượng gắn liền với danh xưng của cả thành phố Kislovodsk.",
        "yandex": "https://yandex.com/maps/?pt=42.7197,43.9049&z=17&l=map",
        "google": "https://www.google.com/maps/search/?api=1&query=43.9049,42.7197",
        "photo": "https://commons.wikimedia.org/wiki/Special:FilePath/%D0%9D%D0%B0%D1%80%D0%B7%D0%B0%D0%BD%D0%BD%D0%B0%D1%8F%20%D0%B3%D0%B0%D0%BB%D0%B5%D1%80%D0%B5%D1%8F%20%28%D0%9A%D0%B8%D1%81%D0%BB%D0%BE%D0%B2%D0%BE%D0%B4%D1%81%D0%BA%29.JPG",
        "status": "enriched"
      }
    },
    {
      "type": "Feature",
      "geometry": {
        "type": "Point",
        "coordinates": [
          42.8608,
          44.0447
        ]
      },
      "properties": {
        "id": "stavropol-essentuki-resort",
        "name_vi": "Công viên nghỉ dưỡng Essentuki (E-xen-tu-ki)",
        "name_ru": "Курортный парк (Ессентуки)",
        "name_en": "Essentuki Resort Park",
        "region": "Vùng Stavropol",
        "categories": [
          "park_garden"
        ],
        "rating": null,
        "reviews": null,
        "short": "Trái tim của thành phố suối khoáng Essentuki là công viên nghỉ dưỡng khai lập từ năm 1849, nơi hội tụ những nhà uống nước khoáng, cột đình nghỉ mát và công trình trị liệu độc đáo. Đây là nơi thưởng thức hai loại nước khoáng trứ danh mang tên Essentuki số 4 và số 17.",
        "yandex": "https://yandex.com/maps/?pt=42.8608,44.0447&z=17&l=map",
        "google": "https://www.google.com/maps/search/?api=1&query=44.0447,42.8608",
        "photo": "https://commons.wikimedia.org/wiki/Special:FilePath/%D0%93%D1%80%D1%8F%D0%B7%D0%B5%D0%BB%D0%B5%D1%87%D0%B5%D0%B1%D0%BD%D0%B8%D1%86%D0%B0%2C%20%D0%B3.%20%D0%95%D1%81%D1%81%D0%B5%D0%BD%D1%82%D1%83%D0%BA%D0%B8.jpg",
        "status": "enriched"
      }
    },
    {
      "type": "Feature",
      "geometry": {
        "type": "Point",
        "coordinates": [
          43.0295,
          44.1385
        ]
      },
      "properties": {
        "id": "stavropol-zheleznovodsk-resort",
        "name_vi": "Công viên nghỉ dưỡng Zheleznovodsk (Giê-lê-znô-vôt-xcơ)",
        "name_ru": "Курортный парк (Железноводск)",
        "name_en": "Zheleznovodsk Resort Park",
        "region": "Vùng Stavropol",
        "categories": [
          "park_garden"
        ],
        "rating": null,
        "reviews": null,
        "short": "Nhỏ nhắn và yên bình nhất trong bốn đô thị suối khoáng, Zheleznovodsk có công viên nghỉ dưỡng độc đáo mọc tự nhiên trên sườn núi rừng Zheleznaya. Nơi đây quy tụ Hành lang Pushkin bằng gang - kính, Cung điện Tiểu vương Bukhara và cầu thang thác nước dài bậc nhất nước Nga.",
        "yandex": "https://yandex.com/maps/?pt=43.0295,44.1385&z=17&l=map",
        "google": "https://www.google.com/maps/search/?api=1&query=44.1385,43.0295",
        "photo": "https://commons.wikimedia.org/wiki/Special:FilePath/%22%D0%9F%D1%83%D1%88%D0%BA%D0%B8%D0%BD%D1%81%D0%BA%D0%B0%D1%8F%22%20%D0%B3%D0%B0%D0%BB%D0%B5%D1%80%D0%B5%D1%8F%20%D0%B3.%D0%96%D0%B5%D0%BB%D0%B5%D0%B7%D0%BD%D0%BE%D0%B2%D0%BE%D0%B4%D1%81%D0%BA%20%D0%A1%D1%82%D0%B0%D0%B2%D1%80%D0%BE%D0%BF%D0%BE%D0%BB%D1%8C%D1%81%D0%BA%D0%B8%D0%B9%20%D0%BA%D1%80%D0%B0%D0%B9.JPG",
        "status": "enriched"
      }
    },
    {
      "type": "Feature",
      "geometry": {
        "type": "Point",
        "coordinates": [
          42.5086,
          43.8761
        ]
      },
      "properties": {
        "id": "stavropol-honey-waterfalls",
        "name_vi": "Thác Mật Ong (Medovye Vodopady / Mê-đô-vưi Vô-đô-pa-đư)",
        "name_ru": "Медовые водопады",
        "name_en": "Honey Waterfalls",
        "region": "Vùng Stavropol",
        "categories": [
          "park_garden",
          "other"
        ],
        "rating": null,
        "reviews": null,
        "short": "Nằm trong hẻm núi sông Alikonovka gần Kislovodsk, Thác Mật Ong là cụm năm ngọn thác đổ xuống giữa vách đá dựng đứng và đồng cỏ núi. Đây là điểm dã ngoại quen thuộc, thường được kết hợp cùng núi Vòng đá kỳ lạ trong một tour trong ngày.",
        "yandex": "https://yandex.com/maps/?pt=42.5086,43.8761&z=17&l=map",
        "google": "https://www.google.com/maps/search/?api=1&query=43.8761,42.5086",
        "photo": null,
        "status": "enriched"
      }
    },
    {
      "type": "Feature",
      "geometry": {
        "type": "Point",
        "coordinates": [
          41.969,
          45.0453
        ]
      },
      "properties": {
        "id": "stavropol-stavropol-kazan-cathedral",
        "name_vi": "Nhà thờ chính tòa Kazan, Stavropol (Ka-zan)",
        "name_ru": "Казанский кафедральный собор (Ставрополь)",
        "name_en": "Kazan Cathedral, Stavropol",
        "region": "Vùng Stavropol",
        "categories": [
          "church"
        ],
        "rating": null,
        "reviews": null,
        "short": "Vươn cao trên đồi Thành giữa lòng Stavropol, Nhà thờ chính tòa Kazan với năm mái vòm vàng và tháp chuông chọc trời là biểu tượng phục sinh của thành phố. Ngôi đền nguyên bản thế kỷ XIX từng bị phá hủy thời Xô Viết và được dựng lại nguyên dạng vào đầu thế kỷ XXI.",
        "yandex": "https://yandex.com/maps/?pt=41.969,45.0453&z=17&l=map",
        "google": "https://www.google.com/maps/search/?api=1&query=45.0453,41.969",
        "photo": "https://commons.wikimedia.org/wiki/Special:FilePath/%D0%9A%D0%B0%D0%B7%D0%B0%D0%BD%D1%81%D0%BA%D0%B8%D0%B9%20%D0%BA%D0%B0%D1%84%D0%B5%D0%B4%D1%80%D0%B0%D0%BB%D1%8C%D0%BD%D1%8B%D0%B9%20%D1%81%D0%BE%D0%B1%D0%BE%D1%80%20%D0%A1%D1%82%D0%B0%D0%B2%D1%80%D0%BE%D0%BF%D0%BE%D0%BB%D1%8F.jpg",
        "status": "enriched"
      }
    },
    {
      "type": "Feature",
      "geometry": {
        "type": "Point",
        "coordinates": [
          60.608877,
          56.844381
        ]
      },
      "properties": {
        "id": "sverdlovsk-church-on-blood-yekaterinburg",
        "name_vi": "Nhà thờ Trên Máu (Khram-na-Krovi)",
        "name_ru": "Храм-на-Крови во имя Всех святых, в земле Российской просиявших",
        "name_en": "Church on the Blood",
        "region": "Tỉnh Sverdlovsk",
        "categories": [
          "church",
          "monument"
        ],
        "rating": 4.4,
        "reviews": 1148,
        "short": "Nhà thờ Chính thống giáo năm mái vòm vàng dựng ngay trên nền ngôi nhà Ipatiev, nơi Sa hoàng Nikolai II và gia đình bị hành quyết năm 1918. Đây là đài tưởng niệm hoàng gia Romanov linh thiêng và là một biểu tượng của Yekaterinburg.",
        "yandex": "https://yandex.com/maps/?pt=60.608877,56.844381&z=17&l=map",
        "google": "https://www.google.com/maps/search/?api=1&query=56.844381,60.608877",
        "photo": "https://commons.wikimedia.org/wiki/Special:FilePath/Church%20on%20the%20Blood%2C%20Yekaterinburg%20%28110%29.jpg",
        "status": "enriched"
      }
    },
    {
      "type": "Feature",
      "geometry": {
        "type": "Point",
        "coordinates": [
          60.473417,
          56.941839
        ]
      },
      "properties": {
        "id": "sverdlovsk-ganina-yama-monastery",
        "name_vi": "Tu viện Ganina Yama (Ganina Yama)",
        "name_ru": "Ганина Яма (Монастырь Святых Царственных Страстотерпцев)",
        "name_en": "Ganina Yama (Monastery of the Holy Royal Martyrs)",
        "region": "Tỉnh Sverdlovsk",
        "categories": [
          "church",
          "monument"
        ],
        "rating": 4.9,
        "reviews": 1193,
        "short": "Tu viện nam Chính thống giáo lập năm 2000 tại khu mỏ bỏ hoang, nơi hài cốt gia đình Sa hoàng Nikolai II từng bị phi tang năm 1918. Quần thể bảy nhà thờ gỗ giữa rừng thông là điểm hành hương nổi tiếng gắn với các Thánh Tử đạo Hoàng gia.",
        "yandex": "https://yandex.com/maps/?pt=60.473417,56.941839&z=17&l=map",
        "google": "https://www.google.com/maps/search/?api=1&query=56.941839,60.473417",
        "photo": "https://commons.wikimedia.org/wiki/Special:FilePath/Ganina%20Jama%201.JPG",
        "status": "enriched"
      }
    },
    {
      "type": "Feature",
      "geometry": {
        "type": "Point",
        "coordinates": [
          60.614521,
          56.836022
        ]
      },
      "properties": {
        "id": "sverdlovsk-vysotsky-tower-observation",
        "name_vi": "Đài quan sát «Vysotsky» (Vysotsky)",
        "name_ru": "Смотровая площадка «Высоцкий»",
        "name_en": "Vysotsky Skyscraper Observation Deck",
        "region": "Tỉnh Sverdlovsk",
        "categories": [
          "other"
        ],
        "rating": 4.6,
        "reviews": 1589,
        "short": "Đài quan sát trên tầng 52 của tòa nhà chọc trời «Vysotsky» cao 188 mét — một trong những điểm ngắm toàn cảnh cao nhất nước Nga ngoài Moskva. Từ đây có thể phóng tầm mắt bao quát toàn bộ Yekaterinburg và vùng Ural xung quanh.",
        "yandex": "https://yandex.com/maps/?pt=60.614521,56.836022&z=17&l=map",
        "google": "https://www.google.com/maps/search/?api=1&query=56.836022,60.614521",
        "photo": "https://commons.wikimedia.org/wiki/Special:FilePath/Vysotsky%20skyscraper%20%28August%202022%29%20-%208.jpg",
        "status": "enriched"
      }
    },
    {
      "type": "Feature",
      "geometry": {
        "type": "Point",
        "coordinates": [
          60.350693,
          56.832136
        ]
      },
      "properties": {
        "id": "sverdlovsk-europe-asia-border-obelisk",
        "name_vi": "Đài kỷ niệm «Âu – Á» (Obelisk Evropa–Aziya)",
        "name_ru": "Обелиск «Европа — Азия»",
        "name_en": "Europe-Asia Border Obelisk",
        "region": "Tỉnh Sverdlovsk",
        "categories": [
          "monument"
        ],
        "rating": 4.8,
        "reviews": 148,
        "short": "Cột đài đánh dấu ranh giới tượng trưng giữa hai châu lục Âu và Á, dựng năm 2004 bên đường cao tốc phía tây Yekaterinburg. Điểm thú vị là du khách có thể đứng mỗi chân ở một châu lục để chụp ảnh.",
        "yandex": "https://yandex.com/maps/?pt=60.350693,56.832136&z=17&l=map",
        "google": "https://www.google.com/maps/search/?api=1&query=56.832136,60.350693",
        "photo": "https://commons.wikimedia.org/wiki/Special:FilePath/Yekaterinburg%20Border%20Asia%20Europe.jpg",
        "status": "enriched"
      }
    },
    {
      "type": "Feature",
      "geometry": {
        "type": "Point",
        "coordinates": [
          59.245134,
          56.517224
        ]
      },
      "properties": {
        "id": "sverdlovsk-deer-streams-park",
        "name_vi": "Công viên thiên nhiên «Suối Hươu» (Oleni Ruchi)",
        "name_ru": "Природный парк «Оленьи ручьи»",
        "name_en": "Deer Streams Nature Park",
        "region": "Tỉnh Sverdlovsk",
        "categories": [
          "park_garden"
        ],
        "rating": 4.7,
        "reviews": 399,
        "short": "Công viên thiên nhiên bên bờ sông Serga với vách đá vôi, hang động, rừng taiga và những cây thông cổ thụ. Hệ thống đường mòn có cầu treo, thang gỗ đưa du khách tới các điểm ngắm cảnh và tranh khắc đá thời tiền sử.",
        "yandex": "https://yandex.com/maps/?pt=59.245134,56.517224&z=17&l=map",
        "google": "https://www.google.com/maps/search/?api=1&query=56.517224,59.245134",
        "photo": "https://commons.wikimedia.org/wiki/Special:FilePath/%D0%9E%D0%BB%D0%B5%D0%BD%D1%8C%D0%B8%20%D1%80%D1%83%D1%87%D1%8C%D0%B8%20%D0%B1%D0%BE%D1%80%D1%82%D1%8C.JPG",
        "status": "enriched"
      }
    },
    {
      "type": "Feature",
      "geometry": {
        "type": "Point",
        "coordinates": [
          60.808585,
          58.860618
        ]
      },
      "properties": {
        "id": "sverdlovsk-verkhoturye-kremlin",
        "name_vi": "Điện Kremlin Verkhoturye (Verkhotursky Kreml)",
        "name_ru": "Верхотурский кремль",
        "name_en": "Verkhoturye Kremlin",
        "region": "Tỉnh Sverdlovsk",
        "categories": [
          "fortress",
          "church"
        ],
        "rating": 4.9,
        "reviews": 104,
        "short": "Điện Kremlin nhỏ nhất nước Nga và là kremlin bằng đá duy nhất ở vùng Ural, hoàn thành đầu thế kỷ 18. Bên trong nổi bật với Nhà thờ Chính Ba Ngôi lộng lẫy, nằm ở thị trấn hành hương cổ Verkhoturye.",
        "yandex": "https://yandex.com/maps/?pt=60.808585,58.860618&z=17&l=map",
        "google": "https://www.google.com/maps/search/?api=1&query=58.860618,60.808585",
        "photo": "https://commons.wikimedia.org/wiki/Special:FilePath/Verkhoturye%20TrinityCathedral%20DJI%200116.jpg",
        "status": "enriched"
      }
    },
    {
      "type": "Feature",
      "geometry": {
        "type": "Point",
        "coordinates": [
          60.223322,
          57.489878
        ]
      },
      "properties": {
        "id": "sverdlovsk-nevyansk-leaning-tower",
        "name_vi": "Tháp nghiêng Nevyansk (Nevyanskaya bashnya)",
        "name_ru": "Невьянская наклонная башня",
        "name_en": "Leaning Tower of Nevyansk",
        "region": "Tỉnh Sverdlovsk",
        "categories": [
          "monument",
          "museum"
        ],
        "rating": 4.8,
        "reviews": 148,
        "short": "Tháp nghiêng bằng đá do dòng họ công nghiệp Demidov xây dựng nửa đầu thế kỷ 18, cao khoảng 57,5 mét. Công trình nổi tiếng với độ nghiêng bí ẩn, «phòng nghe lén» và cột thu lôi ra đời trước phát minh của Franklin.",
        "yandex": "https://yandex.com/maps/?pt=60.223322,57.489878&z=17&l=map",
        "google": "https://www.google.com/maps/search/?api=1&query=57.489878,60.223322",
        "photo": "https://commons.wikimedia.org/wiki/Special:FilePath/Tower%20Nevyansk%20overview.jpg",
        "status": "enriched"
      }
    },
    {
      "type": "Feature",
      "geometry": {
        "type": "Point",
        "coordinates": [
          60.60417,
          56.836763
        ]
      },
      "properties": {
        "id": "sverdlovsk-yekaterinburg-plotinka",
        "name_vi": "Plotinka – Quảng trường Lịch sử (Plotinka, Istorichesky skver)",
        "name_ru": "Плотинка (Исторический сквер)",
        "name_en": "Plotinka (Historical Square)",
        "region": "Tỉnh Sverdlovsk",
        "categories": [
          "square_street",
          "park_garden"
        ],
        "rating": 4.9,
        "reviews": 9948,
        "short": "Con đập cổ trên sông Iset — nơi khai sinh Yekaterinburg năm 1723 — cùng công viên lịch sử bao quanh. Đây là trái tim của thành phố, điểm dạo chơi, gặp gỡ và tổ chức lễ hội quen thuộc của người dân.",
        "yandex": "https://yandex.com/maps/?pt=60.60417,56.836763&z=17&l=map",
        "google": "https://www.google.com/maps/search/?api=1&query=56.836763,60.60417",
        "photo": "https://commons.wikimedia.org/wiki/Special:FilePath/Water%20tower%20at%20the%20City%20Pond%2C%20Yekaterinburg.JPG",
        "status": "enriched"
      }
    },
    {
      "type": "Feature",
      "geometry": {
        "type": "Point",
        "coordinates": [
          41.477803,
          52.707106
        ]
      },
      "properties": {
        "id": "tambov-aseev-mansion",
        "name_vi": "Dinh thự Aseev (Usadba Aseevykh)",
        "name_ru": "Музейный комплекс «Усадьба Асеевых»",
        "name_en": "Aseev Mansion (Museum Estate)",
        "region": "Tỉnh Tambov",
        "categories": [
          "palace",
          "museum"
        ],
        "rating": 4.7,
        "reviews": 169,
        "short": "Dinh thự Aseev là công trình lộng lẫy nhất Tambov, một kiệt tác kiến trúc Art Nouveau bên bờ sông Tsna. Từng là tư dinh của nhà kỹ nghệ và mạnh thường quân Mikhail Aseev, ngày nay nơi đây là bảo tàng với nội thất được phục chế công phu.",
        "yandex": "https://yandex.com/maps/?pt=41.477803,52.707106&z=17&l=map",
        "google": "https://www.google.com/maps/search/?api=1&query=52.707106,41.477803",
        "photo": "https://commons.wikimedia.org/wiki/Special:FilePath/%D0%94%D0%BE%D0%BC%20%D0%90%D1%81%D0%B5%D0%B5%D0%B2%D0%B0.JPG",
        "status": "enriched"
      }
    },
    {
      "type": "Feature",
      "geometry": {
        "type": "Point",
        "coordinates": [
          42.003071,
          51.952171
        ]
      },
      "properties": {
        "id": "tambov-ivanovka-rachmaninoff-estate",
        "name_vi": "Điền trang - Bảo tàng Rachmaninov (Ivanovka)",
        "name_ru": "Музей-заповедник С. В. Рахманинова «Ивановка»",
        "name_en": "Rachmaninoff Estate-Museum «Ivanovka»",
        "region": "Tỉnh Tambov",
        "categories": [
          "museum",
          "park_garden"
        ],
        "rating": 4.3,
        "reviews": 33,
        "short": "Ivanovka là điền trang nơi nhà soạn nhạc thiên tài Sergei Rachmaninov trải qua gần ba mươi mùa hè và viết nên nhiều tác phẩm. Ngày nay đây là bảo tàng - khu bảo tồn duy nhất về Rachmaninov ở Nga, với những tòa nhà phục dựng và công viên rộng lớn.",
        "yandex": "https://yandex.com/maps/?pt=42.003071,51.952171&z=17&l=map",
        "google": "https://www.google.com/maps/search/?api=1&query=51.952171,42.003071",
        "photo": "https://commons.wikimedia.org/wiki/Special:FilePath/Tambov%20ivanovka%2002%2001.jpg",
        "status": "enriched"
      }
    },
    {
      "type": "Feature",
      "geometry": {
        "type": "Point",
        "coordinates": [
          40.52606,
          52.898352
        ]
      },
      "properties": {
        "id": "tambov-michurinsk",
        "name_vi": "Thành phố Michurinsk",
        "name_ru": "Мичуринск",
        "name_en": "Michurinsk",
        "region": "Tỉnh Tambov",
        "categories": [
          "other",
          "museum",
          "park_garden"
        ],
        "rating": 5.0,
        "reviews": 6,
        "short": "Michurinsk là 'thành phố khoa học' (naukograd) và thủ phủ nghề làm vườn của nước Nga, mang tên nhà chọn giống cây trồng Ivan Michurin. Từ pháo đài Kozlov xưa, nơi đây đã trở thành trung tâm nghiên cứu cây ăn quả nổi tiếng.",
        "yandex": "https://yandex.com/maps/?pt=40.52606,52.898352&z=17&l=map",
        "google": "https://www.google.com/maps/search/?api=1&query=52.898352,40.52606",
        "photo": "https://commons.wikimedia.org/wiki/Special:FilePath/Michurinsk.institut.JPG",
        "status": "enriched"
      }
    },
    {
      "type": "Feature",
      "geometry": {
        "type": "Point",
        "coordinates": [
          41.460123,
          52.720627
        ]
      },
      "properties": {
        "id": "tambov-kazan-monastery-tambov",
        "name_vi": "Tu viện Kazan (Tambov)",
        "name_ru": "Казанский Богородичный мужской монастырь",
        "name_en": "Kazan (Mother of God) Monastery",
        "region": "Tỉnh Tambov",
        "categories": [
          "church",
          "monument"
        ],
        "rating": 4.9,
        "reviews": 11,
        "short": "Tu viện Kazan là một trong những quần thể tôn giáo đẹp và cổ kính nhất Tambov, nổi bật với những mái vòm xanh và tháp chuông cao vút. Được lập từ thế kỷ 17, tu viện từng là trung tâm của giáo phận Tambov.",
        "yandex": "https://yandex.com/maps/?pt=41.460123,52.720627&z=17&l=map",
        "google": "https://www.google.com/maps/search/?api=1&query=52.720627,41.460123",
        "photo": "https://commons.wikimedia.org/wiki/Special:FilePath/Kazan%20Bogoroditsky%20Monastery%2008-2016%20img1.jpg",
        "status": "enriched"
      }
    },
    {
      "type": "Feature",
      "geometry": {
        "type": "Point",
        "coordinates": [
          41.822959,
          53.442363
        ]
      },
      "properties": {
        "id": "tambov-trinity-cathedral-morshansk",
        "name_vi": "Nhà thờ chính tòa Ba Ngôi Morshansk",
        "name_ru": "Троицкий собор (Моршанск)",
        "name_en": "Trinity Cathedral, Morshansk",
        "region": "Tỉnh Tambov",
        "categories": [
          "church"
        ],
        "rating": null,
        "reviews": null,
        "short": "Nhà thờ chính tòa Ba Ngôi là biểu tượng và công trình cao nhất của thị trấn thương nhân Morshansk. Kiến trúc tân cổ điển đồ sộ này có thể chứa tới 4.000 người.",
        "yandex": "https://yandex.com/maps/?pt=41.822959,53.442363&z=17&l=map",
        "google": "https://www.google.com/maps/search/?api=1&query=53.442363,41.822959",
        "photo": "https://commons.wikimedia.org/wiki/Special:FilePath/Morshansk%20%28Tambov%20Oblast%29%2003-2014%20img04%20Trinity%20Cathedral.jpg",
        "status": "enriched"
      }
    },
    {
      "type": "Feature",
      "geometry": {
        "type": "Point",
        "coordinates": [
          41.700947,
          53.228633
        ]
      },
      "properties": {
        "id": "tambov-mamontova-pustyn",
        "name_vi": "Tu viện Mamontova Pustyn",
        "name_ru": "Мамонтова Свято-Никольская пустынь",
        "name_en": "Mamontova Pustyn (St. Nicholas Hermitage)",
        "region": "Tỉnh Tambov",
        "categories": [
          "church",
          "park_garden"
        ],
        "rating": null,
        "reviews": null,
        "short": "Mamontova Pustyn là một tu viện ẩn mình giữa thiên nhiên Tambov, gắn với truyền thuyết và Hồ Thiêng nổi tiếng. Đây là điểm hành hương được người dân khắp vùng tìm về.",
        "yandex": "https://yandex.com/maps/?pt=41.700947,53.228633&z=17&l=map",
        "google": "https://www.google.com/maps/search/?api=1&query=53.228633,41.700947",
        "photo": null,
        "status": "enriched"
      }
    },
    {
      "type": "Feature",
      "geometry": {
        "type": "Point",
        "coordinates": [
          41.45862,
          52.727232
        ]
      },
      "properties": {
        "id": "tambov-transfiguration-cathedral-tambov",
        "name_vi": "Nhà thờ chính tòa Chúa Biến Hình Tambov",
        "name_ru": "Спасо-Преображенский кафедральный собор (Тамбов)",
        "name_en": "Transfiguration Cathedral (Tambov)",
        "region": "Tỉnh Tambov",
        "categories": [
          "church",
          "monument"
        ],
        "rating": 4.9,
        "reviews": 39,
        "short": "Đây là nhà thờ cổ nhất Tambov, khởi nguồn cùng pháo đài lập nên thành phố. Thánh đường gắn liền với Thánh Pitirim - vị thánh bảo trợ của vùng đất Tambov.",
        "yandex": "https://yandex.com/maps/?pt=41.45862,52.727232&z=17&l=map",
        "google": "https://www.google.com/maps/search/?api=1&query=52.727232,41.45862",
        "photo": "https://commons.wikimedia.org/wiki/Special:FilePath/Tambov%2CSpaso-Preobrazhenskiy.JPG",
        "status": "enriched"
      }
    },
    {
      "type": "Feature",
      "geometry": {
        "type": "Point",
        "coordinates": [
          41.453798,
          52.725195
        ]
      },
      "properties": {
        "id": "tambov-tambov-regional-local-lore-museum",
        "name_vi": "Bảo tàng Địa phương học tỉnh Tambov",
        "name_ru": "Тамбовский областной краеведческий музей",
        "name_en": "Tambov Regional Local Lore Museum",
        "region": "Tỉnh Tambov",
        "categories": [
          "museum"
        ],
        "rating": 4.4,
        "reviews": 51,
        "short": "Bảo tàng Địa phương học tỉnh Tambov là kho lưu giữ hơn 112.000 hiện vật về thiên nhiên, lịch sử và văn hóa của vùng. Đây là điểm đến lý tưởng để hiểu trọn vẹn về xứ Tambov.",
        "yandex": "https://yandex.com/maps/?pt=41.453798,52.725195&z=17&l=map",
        "google": "https://www.google.com/maps/search/?api=1&query=52.725195,41.453798",
        "photo": "https://commons.wikimedia.org/wiki/Special:FilePath/%D0%97%D0%B4%D0%B0%D0%BD%D0%B8%D0%B5%20%D0%9A%D1%80%D0%B0%D0%B5%D0%B2%D0%B5%D0%B4%D1%87%D0%B5%D1%81%D0%BA%D0%BE%D0%B3%D0%BE%20%D0%BC%D1%83%D0%B7%D0%B5%D1%8F.%20%D0%9E%D1%82%D1%80%D0%B0%D0%B6%D0%B5%D0%BD%D0%B8%D0%B5.jpg",
        "status": "enriched"
      }
    },
    {
      "type": "Feature",
      "geometry": {
        "type": "Point",
        "coordinates": [
          49.10556,
          55.79917
        ]
      },
      "properties": {
        "id": "tatarstan-kazan-kremlin",
        "name_vi": "Điện Kremlin Kazan và Nhà thờ Hồi giáo Kul-Sharif (Kazanskiy Kreml, Kul-Sharif)",
        "name_ru": "Казанский кремль и мечеть Кул-Шариф",
        "name_en": "Kazan Kremlin and Kul Sharif Mosque",
        "region": "Cộng hoà Tatarstan",
        "categories": [
          "fortress",
          "church",
          "museum"
        ],
        "rating": 4.8,
        "reviews": 3904,
        "short": "Điện Kremlin Kazan là quần thể pháo đài – tôn giáo bên sông Kazanka, được UNESCO công nhận là Di sản Thế giới năm 2000. Nơi đây nổi bật với Nhà thờ Hồi giáo Kul-Sharif tráng lệ và tháp nghiêng Söyembikä, biểu tượng cho sự chung sống hài hòa giữa văn hóa Hồi giáo Tatar và Chính thống giáo Nga.",
        "yandex": "https://yandex.com/maps/?pt=49.10556,55.79917&z=17&l=map",
        "google": "https://www.google.com/maps/search/?api=1&query=55.79917,49.10556",
        "photo": "https://commons.wikimedia.org/wiki/Special:FilePath/%D0%9A%D0%B0%D0%B7%D0%B0%D0%BD%D1%81%D0%BA%D0%B8%D0%B9%20%D0%BA%D1%80%D0%B5%D0%BC%D0%BB%D1%8C.%20%D0%9F%D0%B0%D0%BD%D0%BE%D1%80%D0%B0%D0%BC%D0%B0%20%D1%81%20%D0%BA%D0%BE%D0%BB%D0%B5%D1%81%D0%B0%20%D0%BE%D0%B1%D0%BE%D0%B7%D1%80%D0%B5%D0%BD%D0%B8%D1%8F.jpg",
        "status": "enriched"
      }
    },
    {
      "type": "Feature",
      "geometry": {
        "type": "Point",
        "coordinates": [
          48.65278,
          55.77028
        ]
      },
      "properties": {
        "id": "tatarstan-sviyazhsk",
        "name_vi": "Đảo–thị trấn Sviyazhsk (Ostrov-grad Sviyazhsk)",
        "name_ru": "Остров-град Свияжск",
        "name_en": "Island Town of Sviyazhsk",
        "region": "Cộng hoà Tatarstan",
        "categories": [
          "church",
          "museum",
          "fortress"
        ],
        "rating": 4.7,
        "reviews": 225,
        "short": "Sviyazhsk là đảo–thị trấn lịch sử nằm giữa nơi hợp lưu sông Volga và Sviyaga, do Ivan Bạo chúa lập năm 1551. Quần thể tu viện và nhà thờ cổ nơi đây, với những bích họa quý hiếm, đã được UNESCO ghi danh năm 2017.",
        "yandex": "https://yandex.com/maps/?pt=48.65278,55.77028&z=17&l=map",
        "google": "https://www.google.com/maps/search/?api=1&query=55.77028,48.65278",
        "photo": "https://commons.wikimedia.org/wiki/Special:FilePath/%D0%9F%D0%B0%D0%BD%D0%BE%D1%80%D0%B0%D0%BC%D0%B0%20%D0%90%D0%BD%D1%81%D0%B0%D0%BC%D0%B1%D0%BB%D1%8C%20%D0%A3%D1%81%D0%BF%D0%B5%D0%BD%D1%81%D0%BA%D0%BE%D0%B3%D0%BE%20%D0%BC%D0%BE%D0%BD%D0%B0%D1%81%D1%82%D1%8B%D1%80%D1%8F%20%D0%A1%D0%B2%D0%B8%D1%8F%D0%B6%D1%81%D0%BA%20%D0%A2%D0%B0%D1%82%D0%B0%D1%80%D1%81%D1%82%D0%B0%D0%BD.jpg",
        "status": "enriched"
      }
    },
    {
      "type": "Feature",
      "geometry": {
        "type": "Point",
        "coordinates": [
          49.05639,
          54.97889
        ]
      },
      "properties": {
        "id": "tatarstan-bolgar",
        "name_vi": "Khu bảo tồn lịch sử – kiến trúc Bolgar (Bolgar / Velikiy Bolgar)",
        "name_ru": "Болгарский историко-архитектурный музей-заповедник",
        "name_en": "Bolgar Historical and Archaeological Complex",
        "region": "Cộng hoà Tatarstan",
        "categories": [
          "museum",
          "monument",
          "church"
        ],
        "rating": 4.5,
        "reviews": 136,
        "short": "Bolgar là khu di tích khảo cổ bên sông Volga, kinh đô xưa của nền văn minh Volga Bulgaria và là nơi tổ tiên người Tatar tiếp nhận đạo Hồi. Được UNESCO công nhận năm 2014, nơi đây quy tụ những minaret, lăng mộ cổ và Nhà thờ Hồi giáo Trắng lộng lẫy.",
        "yandex": "https://yandex.com/maps/?pt=49.05639,54.97889&z=17&l=map",
        "google": "https://www.google.com/maps/search/?api=1&query=54.97889,49.05639",
        "photo": "https://commons.wikimedia.org/wiki/Special:FilePath/%D0%91%D1%83%D0%BB%D0%B3%D0%B0%D1%80%D1%81%D0%BA%D0%BE%D0%B5%20%D0%B3%D0%BE%D1%80%D0%BE%D0%B4%D0%B8%D1%89%D0%B5%209.jpg",
        "status": "enriched"
      }
    },
    {
      "type": "Feature",
      "geometry": {
        "type": "Point",
        "coordinates": [
          48.975,
          55.80056
        ]
      },
      "properties": {
        "id": "tatarstan-temple-all-religions",
        "name_vi": "Đền Mọi Tôn giáo (Khram vsekh religiy)",
        "name_ru": "Храм всех религий",
        "name_en": "Temple of All Religions",
        "region": "Cộng hoà Tatarstan",
        "categories": [
          "church",
          "monument"
        ],
        "rating": 3.8,
        "reviews": 840,
        "short": "Đền Mọi Tôn giáo là công trình kiến trúc độc đáo ở ngoại ô Kazan, kết hợp biểu tượng của nhiều tôn giáo dưới những mái vòm nhiều màu sắc. Được họa sĩ Ildar Khanov khởi công năm 1992, đây là biểu tượng cho khát vọng hòa hợp giữa các tín ngưỡng.",
        "yandex": "https://yandex.com/maps/?pt=48.975,55.80056&z=17&l=map",
        "google": "https://www.google.com/maps/search/?api=1&query=55.80056,48.975",
        "photo": "https://commons.wikimedia.org/wiki/Special:FilePath/Kazan%20temple%20of%20religions.jpg",
        "status": "enriched"
      }
    },
    {
      "type": "Feature",
      "geometry": {
        "type": "Point",
        "coordinates": [
          49.1115,
          55.7925
        ]
      },
      "properties": {
        "id": "tatarstan-bauman-street",
        "name_vi": "Phố Bauman (Ulitsa Baumana)",
        "name_ru": "Улица Баумана",
        "name_en": "Bauman Street",
        "region": "Cộng hoà Tatarstan",
        "categories": [
          "square_street",
          "monument"
        ],
        "rating": 4.6,
        "reviews": 2538,
        "short": "Phố Bauman là tuyến phố đi bộ nhộn nhịp bậc nhất Kazan, được ví như 'Arbat của Kazan'. Trải dài từ chân Kremlin tới quảng trường Tukay, phố đầy ắp cửa hàng, quán ăn, tượng đài và không khí lễ hội sôi động.",
        "yandex": "https://yandex.com/maps/?pt=49.1115,55.7925&z=17&l=map",
        "google": "https://www.google.com/maps/search/?api=1&query=55.7925,49.1115",
        "photo": "https://commons.wikimedia.org/wiki/Special:FilePath/%D0%A3%D0%BB%D0%B8%D1%86%D0%B0%20%D0%91%D0%B0%D1%83%D0%BC%D0%B0%D0%BD%D0%B0%20%28%D0%9A%D0%B0%D0%B7%D0%B0%D0%BD%D1%8C%29.JPG",
        "status": "enriched"
      }
    },
    {
      "type": "Feature",
      "geometry": {
        "type": "Point",
        "coordinates": [
          48.731667,
          55.903611
        ]
      },
      "properties": {
        "id": "tatarstan-raifa-monastery",
        "name_vi": "Tu viện Raifa (Raifskiy Bogoroditskiy monastyr)",
        "name_ru": "Раифский Богородицкий монастырь",
        "name_en": "Raifa Bogoroditsky Monastery",
        "region": "Cộng hoà Tatarstan",
        "categories": [
          "church",
          "park_garden"
        ],
        "rating": null,
        "reviews": null,
        "short": "Tu viện Raifa là một tu viện Chính thống giáo thanh bình bên hồ Sumskoye, giữa rừng thông của khu bảo tồn Volga–Kama, cách Kazan khoảng 30 km. Được lập từ năm 1613, nơi đây nổi tiếng với kiến trúc cổ kính và bức icon Đức Mẹ Gruzia linh thiêng.",
        "yandex": "https://yandex.com/maps/?pt=48.731667,55.903611&z=17&l=map",
        "google": "https://www.google.com/maps/search/?api=1&query=55.903611,48.731667",
        "photo": "https://commons.wikimedia.org/wiki/Special:FilePath/Sofia%20Church%20Raifa.JPG",
        "status": "enriched"
      }
    },
    {
      "type": "Feature",
      "geometry": {
        "type": "Point",
        "coordinates": [
          49.106389,
          55.815278
        ]
      },
      "properties": {
        "id": "tatarstan-kazan-family-center",
        "name_vi": "Trung tâm Gia đình 'Kazan' – 'Chiếc Chảo' (Tsentr semyi «Kazan» / Chasha)",
        "name_ru": "Центр семьи «Казан» (Чаша)",
        "name_en": "Kazan Family Center (Chasha)",
        "region": "Cộng hoà Tatarstan",
        "categories": [
          "palace",
          "monument"
        ],
        "rating": 4.5,
        "reviews": 751,
        "short": "Trung tâm Gia đình 'Kazan', hay 'Chiếc Chảo', là Cung điện Hôn lễ mang hình chiếc vạc khổng lồ bên sông Kazanka, khánh thành năm 2013. Trên nóc công trình là đài quan sát 360 độ ngắm toàn cảnh Kremlin và thành phố Kazan.",
        "yandex": "https://yandex.com/maps/?pt=49.106389,55.815278&z=17&l=map",
        "google": "https://www.google.com/maps/search/?api=1&query=55.815278,49.106389",
        "photo": "https://commons.wikimedia.org/wiki/Special:FilePath/Kazan%20Family%20Center%20-%2003.jpg",
        "status": "enriched"
      }
    },
    {
      "type": "Feature",
      "geometry": {
        "type": "Point",
        "coordinates": [
          52.0649,
          55.7613
        ]
      },
      "properties": {
        "id": "tatarstan-elabuga",
        "name_vi": "Thành phố cổ Elabuga (Yelabuga)",
        "name_ru": "Елабуга",
        "name_en": "Yelabuga (Elabuga)",
        "region": "Cộng hoà Tatarstan",
        "categories": [
          "museum",
          "fortress",
          "monument"
        ],
        "rating": null,
        "reviews": null,
        "short": "Elabuga là thị trấn cổ bên sông Kama, nổi tiếng với phố thương nhân thế kỷ 19 được bảo tồn nguyên vẹn và di tích 'Thành Quỷ'. Đây là quê hương danh họa Ivan Shishkin và nơi gắn với nữ thi sĩ Marina Tsvetaeva.",
        "yandex": "https://yandex.com/maps/?pt=52.0649,55.7613&z=17&l=map",
        "google": "https://www.google.com/maps/search/?api=1&query=55.7613,52.0649",
        "photo": "https://commons.wikimedia.org/wiki/Special:FilePath/Aerial%20photographs%20of%20Elabuga-10.jpg",
        "status": "enriched"
      }
    },
    {
      "type": "Feature",
      "geometry": {
        "type": "Point",
        "coordinates": [
          84.964759,
          56.471055
        ]
      },
      "properties": {
        "id": "tomsk-tomsk-wooden-architecture",
        "name_vi": "Nghệ thuật kiến trúc gỗ Tomsk (Tôm-xcơ)",
        "name_ru": "Деревянное зодчество Томска",
        "name_en": "Wooden Architecture of Tomsk",
        "region": "Tỉnh Tomsk",
        "categories": [
          "monument",
          "square_street"
        ],
        "rating": 4.5,
        "reviews": 36,
        "short": "Tomsk được mệnh danh là 'thủ đô kiến trúc gỗ' của nước Nga, với hàng trăm ngôi nhà chạm khắc tinh xảo tựa ren. Chỉ cần dạo qua vài con phố cổ là du khách đã lạc vào một bảo tàng lộ thiên độc nhất vô nhị của Siberia.",
        "yandex": "https://yandex.com/maps/?pt=84.964759,56.471055&z=17&l=map",
        "google": "https://www.google.com/maps/search/?api=1&query=56.471055,84.964759",
        "photo": null,
        "status": "enriched"
      }
    },
    {
      "type": "Feature",
      "geometry": {
        "type": "Point",
        "coordinates": [
          84.9475,
          56.4694
        ]
      },
      "properties": {
        "id": "tomsk-tomsk-imperial-university",
        "name_vi": "Đại học Tổng hợp Quốc gia Tomsk (Tôm-xcơ)",
        "name_ru": "Томский государственный университет",
        "name_en": "Tomsk State University (former Imperial Siberian University)",
        "region": "Tỉnh Tomsk",
        "categories": [
          "other",
          "monument",
          "park_garden"
        ],
        "rating": 4.9,
        "reviews": 55,
        "short": "Ngôi trường đại học đầu tiên của toàn vùng Siberia, thành lập theo sắc lệnh của Nga hoàng và mở cửa năm 1888. Tòa nhà chính tân cổ điển soi bóng giữa 'Vườn Đại học' xanh mát là niềm tự hào của cả thành phố.",
        "yandex": "https://yandex.com/maps/?pt=84.9475,56.4694&z=17&l=map",
        "google": "https://www.google.com/maps/search/?api=1&query=56.4694,84.9475",
        "photo": "https://commons.wikimedia.org/wiki/Special:FilePath/%D0%93%D0%BB%D0%B0%D0%B2%D0%BD%D1%8B%D0%B9%20%D0%BA%D0%BE%D1%80%D0%BF%D1%83%D1%81%20%D0%A2%D0%93%D0%A3%20%D0%B7%D0%B8%D0%BC%D0%BE%D0%B9.JPG",
        "status": "enriched"
      }
    },
    {
      "type": "Feature",
      "geometry": {
        "type": "Point",
        "coordinates": [
          84.945056,
          56.485528
        ]
      },
      "properties": {
        "id": "tomsk-chekhov-monument-tomsk",
        "name_vi": "Tượng đài Chekhov (Sê-khốp)",
        "name_ru": "Памятник А. П. Чехову",
        "name_en": "Monument to Anton Chekhov",
        "region": "Tỉnh Tomsk",
        "categories": [
          "monument"
        ],
        "rating": 4.7,
        "reviews": 417,
        "short": "Bức tượng châm biếm nổi tiếng nhất Tomsk, tạc nhà văn Chekhov qua con mắt hài hước của người dân địa phương. Đứng bên kè sông Tom, đây là điểm check-in được yêu thích số một thành phố.",
        "yandex": "https://yandex.com/maps/?pt=84.945056,56.485528&z=17&l=map",
        "google": "https://www.google.com/maps/search/?api=1&query=56.485528,84.945056",
        "photo": "https://commons.wikimedia.org/wiki/Special:FilePath/Anton%20Chekhov%20statue%2C%20Tomsk%2C%20Russia.jpg",
        "status": "enriched"
      }
    },
    {
      "type": "Feature",
      "geometry": {
        "type": "Point",
        "coordinates": [
          84.954834,
          56.493908
        ]
      },
      "properties": {
        "id": "tomsk-resurrection-church-tomsk",
        "name_vi": "Nhà thờ Phục Sinh (Vô-xcrê-xen-xca-ia)",
        "name_ru": "Воскресенская церковь",
        "name_en": "Resurrection Church",
        "region": "Tỉnh Tomsk",
        "categories": [
          "church",
          "monument"
        ],
        "rating": 4.9,
        "reviews": 49,
        "short": "Kiệt tác của phong cách 'baroque Siberia', xây dựng cuối thế kỷ 18 trên ngọn đồi khai sinh thành phố Tomsk. Ngôi nhà thờ trắng vươn cao là một trong những công trình đẹp và độc đáo nhất vùng.",
        "yandex": "https://yandex.com/maps/?pt=84.954834,56.493908&z=17&l=map",
        "google": "https://www.google.com/maps/search/?api=1&query=56.493908,84.954834",
        "photo": "https://commons.wikimedia.org/wiki/Special:FilePath/Resurrection%20Church%20Tomsk.jpg",
        "status": "enriched"
      }
    },
    {
      "type": "Feature",
      "geometry": {
        "type": "Point",
        "coordinates": [
          84.946944,
          56.488611
        ]
      },
      "properties": {
        "id": "tomsk-epiphany-cathedral-tomsk",
        "name_vi": "Nhà thờ Chính tòa Hiển Linh (Bô-gô-áp-len-xki)",
        "name_ru": "Богоявленский собор",
        "name_en": "Epiphany Cathedral",
        "region": "Tỉnh Tomsk",
        "categories": [
          "church",
          "monument"
        ],
        "rating": 4.8,
        "reviews": 30,
        "short": "Ngôi nhà thờ đá cổ nhất còn lại của Tomsk, khởi dựng từ năm 1777. Chính tại đây, sắc lệnh thành lập tỉnh Tomsk từng được long trọng công bố.",
        "yandex": "https://yandex.com/maps/?pt=84.946944,56.488611&z=17&l=map",
        "google": "https://www.google.com/maps/search/?api=1&query=56.488611,84.946944",
        "photo": null,
        "status": "enriched"
      }
    },
    {
      "type": "Feature",
      "geometry": {
        "type": "Point",
        "coordinates": [
          84.9505,
          56.4665
        ]
      },
      "properties": {
        "id": "tomsk-novosobornaya-square-tomsk",
        "name_vi": "Quảng trường Novosobornaya (Nô-vô-xô-boóc-na-ia)",
        "name_ru": "Ново-Соборная площадь",
        "name_en": "Novosobornaya Square",
        "region": "Tỉnh Tomsk",
        "categories": [
          "square_street",
          "park_garden"
        ],
        "rating": 4.8,
        "reviews": 55,
        "short": "Quảng trường trung tâm và cũng là 'trái tim' sinh hoạt của Tomsk, bao quanh bởi các trường đại học danh tiếng. Nơi đây có đài phun nước, tượng nữ thánh bảo trợ sinh viên và một khoảng xanh yên bình giữa lòng phố.",
        "yandex": "https://yandex.com/maps/?pt=84.9505,56.4665&z=17&l=map",
        "google": "https://www.google.com/maps/search/?api=1&query=56.4665,84.9505",
        "photo": null,
        "status": "enriched"
      }
    },
    {
      "type": "Feature",
      "geometry": {
        "type": "Point",
        "coordinates": [
          84.9487,
          56.4667
        ]
      },
      "properties": {
        "id": "tomsk-nkvd-remand-prison-museum-tomsk",
        "name_vi": "Bảo tàng 'Nhà tù điều tra NKVD' (En-Ka-Vê-Đê)",
        "name_ru": "Музей «Следственная тюрьма НКВД»",
        "name_en": "Memorial Museum 'NKVD Remand Prison'",
        "region": "Tỉnh Tomsk",
        "categories": [
          "museum",
          "monument"
        ],
        "rating": 4.4,
        "reviews": 136,
        "short": "Bảo tàng tưởng niệm nằm ngay trong tầng hầm nhà tù NKVD năm xưa, tái hiện những trang sử đau thương của thời đàn áp Stalin. Một điểm đến ám ảnh nhưng đầy ý nghĩa nhân văn.",
        "yandex": "https://yandex.com/maps/?pt=84.9487,56.4667&z=17&l=map",
        "google": "https://www.google.com/maps/search/?api=1&query=56.4667,84.9487",
        "photo": null,
        "status": "enriched"
      }
    },
    {
      "type": "Feature",
      "geometry": {
        "type": "Point",
        "coordinates": [
          37.62,
          54.195278
        ]
      },
      "properties": {
        "id": "tula-tula-kremlin",
        "name_vi": "Điện Kremlin Tula (Tulsky Kreml)",
        "name_ru": "Тульский кремль",
        "name_en": "Tula Kremlin",
        "region": "Tỉnh Tula",
        "categories": [
          "fortress",
          "museum",
          "church"
        ],
        "rating": 5.0,
        "reviews": 14522,
        "short": "Tòa thành đá trắng - đỏ nằm ngay trái tim Tula, được xây dựng đầu thế kỷ 16 để chặn các cuộc xâm lấn từ phương nam. Bên trong tường thành là hai nhà thờ chính tòa, dãy phố buôn bán cổ và nhiều gian trưng bày bảo tàng.",
        "yandex": "https://yandex.com/maps/?pt=37.62,54.195278&z=17&l=map",
        "google": "https://www.google.com/maps/search/?api=1&query=54.195278,37.62",
        "photo": "https://commons.wikimedia.org/wiki/Special:FilePath/Tula%20Kremlin%20view.JPG",
        "status": "enriched"
      }
    },
    {
      "type": "Feature",
      "geometry": {
        "type": "Point",
        "coordinates": [
          37.526111,
          54.076111
        ]
      },
      "properties": {
        "id": "tula-yasnaya-polyana",
        "name_vi": "Điền trang - Bảo tàng Lev Tolstoy “Yasnaya Polyana” (Yasnaya Polyana)",
        "name_ru": "Ясная Поляна",
        "name_en": "Yasnaya Polyana — Leo Tolstoy Estate-Museum",
        "region": "Tỉnh Tula",
        "categories": [
          "museum",
          "park_garden"
        ],
        "rating": 4.5,
        "reviews": 1082,
        "short": "Điền trang nơi đại văn hào Lev Tolstoy chào đời, sinh sống và viết nên “Chiến tranh và Hòa bình” cùng “Anna Karenina”. Ngôi nhà gỗ, thư viện, khu vườn và cánh rừng nơi ông an nghỉ vẫn được gìn giữ gần như nguyên vẹn.",
        "yandex": "https://yandex.com/maps/?pt=37.526111,54.076111&z=17&l=map",
        "google": "https://www.google.com/maps/search/?api=1&query=54.076111,37.526111",
        "photo": "https://commons.wikimedia.org/wiki/Special:FilePath/Tula%20YasnayaPolyana%20asv2019-09%20img11%20LNTolstoy%20House.jpg",
        "status": "enriched"
      }
    },
    {
      "type": "Feature",
      "geometry": {
        "type": "Point",
        "coordinates": [
          37.61633,
          54.204116
        ]
      },
      "properties": {
        "id": "tula-tula-state-museum-of-weapons",
        "name_vi": "Bảo tàng Vũ khí Quốc gia Tula (Tulsky muzey oruzhiya)",
        "name_ru": "Тульский государственный музей оружия",
        "name_en": "Tula State Museum of Weapons",
        "region": "Tỉnh Tula",
        "categories": [
          "museum"
        ],
        "rating": 4.9,
        "reviews": 1267,
        "short": "Một trong những bảo tàng vũ khí lâu đời nhất nước Nga, có nguồn gốc từ kho súng mẫu của xưởng vũ khí Tula thế kỷ 18. Tòa nhà mới hình chiếc mũ giáp khổng lồ bên sông Upa trưng bày kho súng ống trải dài từ thời trung cổ đến hiện đại.",
        "yandex": "https://yandex.com/maps/?pt=37.61633,54.204116&z=17&l=map",
        "google": "https://www.google.com/maps/search/?api=1&query=54.204116,37.61633",
        "photo": "https://commons.wikimedia.org/wiki/Special:FilePath/Tula%20State%20Museum%20of%20Weapons%203.JPG",
        "status": "enriched"
      }
    },
    {
      "type": "Feature",
      "geometry": {
        "type": "Point",
        "coordinates": [
          37.244436,
          54.749931
        ]
      },
      "properties": {
        "id": "tula-polenovo",
        "name_vi": "Khu bảo tồn - Bảo tàng Polenovo (Polenovo)",
        "name_ru": "Поленово",
        "name_en": "Polenovo — Vasily Polenov Museum-Reserve",
        "region": "Tỉnh Tula",
        "categories": [
          "museum",
          "park_garden"
        ],
        "rating": 5.0,
        "reviews": 9140,
        "short": "Điền trang bên sông Oka do chính danh họa Nga Vasily Polenov thiết kế và xây dựng cuối thế kỷ 19. Quần thể nhà cửa, xưởng vẽ và công viên hòa quyện với thiên nhiên thơ mộng, đúng như giấc mơ về một “ngôi làng nghệ thuật” của ông.",
        "yandex": "https://yandex.com/maps/?pt=37.244436,54.749931&z=17&l=map",
        "google": "https://www.google.com/maps/search/?api=1&query=54.749931,37.244436",
        "photo": "https://commons.wikimedia.org/wiki/Special:FilePath/Polenov%27s%20mansion.jpg",
        "status": "enriched"
      }
    },
    {
      "type": "Feature",
      "geometry": {
        "type": "Point",
        "coordinates": [
          38.667007,
          53.622684
        ]
      },
      "properties": {
        "id": "tula-kulikovo-field",
        "name_vi": "Khu tưởng niệm chiến trường Cánh đồng Kulikovo (Kulikovo pole)",
        "name_ru": "Куликово поле",
        "name_en": "Kulikovo Field battle memorial",
        "region": "Tỉnh Tula",
        "categories": [
          "monument",
          "museum"
        ],
        "rating": 5.0,
        "reviews": 779,
        "short": "Nơi diễn ra trận Kulikovo năm 1380, khi quân Nga do Đại công tước Dmitry Donskoy chỉ huy đánh bại đại quân Kim Trướng, mở đầu cho công cuộc giành lại độc lập. Cánh đồng lịch sử nay là khu bảo tồn với bảo tàng hiện đại, cột đài tưởng niệm và nhà thờ kỷ niệm.",
        "yandex": "https://yandex.com/maps/?pt=38.667007,53.622684&z=17&l=map",
        "google": "https://www.google.com/maps/search/?api=1&query=53.622684,38.667007",
        "photo": "https://commons.wikimedia.org/wiki/Special:FilePath/Kulikovo%20pole%20-%20monument.jpg",
        "status": "enriched"
      }
    },
    {
      "type": "Feature",
      "geometry": {
        "type": "Point",
        "coordinates": [
          38.141261,
          53.77173
        ]
      },
      "properties": {
        "id": "tula-bogoroditsk-palace-park",
        "name_vi": "Cung điện - Bảo tàng và Công viên Bogoroditsk (Bogoroditsky dvorets)",
        "name_ru": "Богородицкий дворец-музей и парк",
        "name_en": "Bogoroditsk Palace & Park",
        "region": "Tỉnh Tula",
        "categories": [
          "palace",
          "park_garden",
          "museum"
        ],
        "rating": 4.6,
        "reviews": 100,
        "short": "Cung điện tân cổ điển thanh lịch được xây từ thập niên 1770 cho Aleksey Bobrinsky - con trai ngoài giá thú của Nữ hoàng Ekaterina II. Công viên bao quanh do nhà bác học Andrey Bolotov thiết kế, được coi là một trong những công viên cảnh quan đầu tiên của nước Nga.",
        "yandex": "https://yandex.com/maps/?pt=38.141261,53.77173&z=17&l=map",
        "google": "https://www.google.com/maps/search/?api=1&query=53.77173,38.141261",
        "photo": "https://commons.wikimedia.org/wiki/Special:FilePath/Bogoroditsk%20Palace%20of%20the%20Bobrinsky%20family%20IMG%205175%201280.jpg",
        "status": "enriched"
      }
    },
    {
      "type": "Feature",
      "geometry": {
        "type": "Point",
        "coordinates": [
          37.622091,
          54.211387
        ]
      },
      "properties": {
        "id": "tula-tula-gingerbread-museum",
        "name_vi": "Bảo tàng “Bánh gừng Tula” (Muzey Tulsky pryanik)",
        "name_ru": "Музей «Тульский пряник»",
        "name_en": "Tula Gingerbread Museum",
        "region": "Tỉnh Tula",
        "categories": [
          "museum"
        ],
        "rating": 4.5,
        "reviews": 3129,
        "short": "Bảo tàng bánh gừng đầu tiên của nước Nga, mở cửa năm 1996, tôn vinh món bánh pryanik trứ danh của Tula. Nơi đây kể câu chuyện hơn ba thế kỷ của nghề làm bánh gừng qua gần 2.000 hiện vật, kèm phần thưởng trà bánh ngọt ngào.",
        "yandex": "https://yandex.com/maps/?pt=37.622091,54.211387&z=17&l=map",
        "google": "https://www.google.com/maps/search/?api=1&query=54.211387,37.622091",
        "photo": "https://commons.wikimedia.org/wiki/Special:FilePath/Big%20Tula%20Gingerbread.JPG",
        "status": "enriched"
      }
    },
    {
      "type": "Feature",
      "geometry": {
        "type": "Point",
        "coordinates": [
          36.715376,
          53.945041
        ]
      },
      "properties": {
        "id": "tula-anastasov-monastery",
        "name_vi": "Tu viện Anastasov (Anastasov monastyr)",
        "name_ru": "Богородице-Рождественский Анастасов монастырь",
        "name_en": "Anastasov Monastery",
        "region": "Tỉnh Tula",
        "categories": [
          "church",
          "monument"
        ],
        "rating": 5.0,
        "reviews": 655,
        "short": "Tu viện nam cổ kính nằm bên sông Upa gần thị trấn Odoev, phía tây tỉnh Tula. Trung tâm là nhà thờ Giáng Sinh Đức Mẹ xây năm 1673, một viên ngọc kiến trúc Nga thế kỷ 17 giữa khung cảnh làng quê thanh bình.",
        "yandex": "https://yandex.com/maps/?pt=36.715376,53.945041&z=17&l=map",
        "google": "https://www.google.com/maps/search/?api=1&query=53.945041,36.715376",
        "photo": "https://commons.wikimedia.org/wiki/Special:FilePath/%D0%91%D0%BE%D0%B3%D0%BE%D1%80%D0%BE%D0%B4%D0%B8%D1%86%D0%B5-%D0%A0%D0%BE%D0%B6%D0%B4%D0%B5%D1%81%D1%82%D0%B2%D0%B5%D0%BD%D1%81%D0%BA%D0%B8%D0%B9%20%D0%90%D0%BD%D0%B0%D1%81%D1%82%D0%B0%D1%81%D0%BE%D0%B2%20%D0%BC%D0%BE%D0%BD%D0%B0%D1%81%D1%82%D1%8B%D1%80%D1%8C%20%D1%84%D0%BE%D1%82%D0%BE%204.jpg",
        "status": "enriched"
      }
    },
    {
      "type": "Feature",
      "geometry": {
        "type": "Point",
        "coordinates": [
          37.618863,
          54.194385
        ]
      },
      "properties": {
        "id": "tula-tula-samovars-museum",
        "name_vi": "Bảo tàng “Ấm samovar Tula” (Muzey Tulskie samovary)",
        "name_ru": "Музей «Тульские самовары»",
        "name_en": "Museum \"Tula Samovars\"",
        "region": "Tỉnh Tula",
        "categories": [
          "museum"
        ],
        "rating": 4.0,
        "reviews": 554,
        "short": "Bảo tàng chuyên đề nằm sát Điện Kremlin, tôn vinh chiếc ấm samovar - biểu tượng của văn hóa trà và nghề thủ công Tula. Bộ sưu tập phong phú trải dài từ cuối thế kỷ 18 đến thời hiện đại, từ ấm tí hon đến những kiểu dáng cầu kỳ.",
        "yandex": "https://yandex.com/maps/?pt=37.618863,54.194385&z=17&l=map",
        "google": "https://www.google.com/maps/search/?api=1&query=54.194385,37.618863",
        "photo": "https://commons.wikimedia.org/wiki/Special:FilePath/Tula%20samovar%20Museum.JPG",
        "status": "enriched"
      }
    },
    {
      "type": "Feature",
      "geometry": {
        "type": "Point",
        "coordinates": [
          94.443588,
          51.724898
        ]
      },
      "properties": {
        "id": "tuva-center-of-asia-obelisk-kyzyl",
        "name_vi": "Đài tưởng niệm 'Trung tâm châu Á' (Obelisk Tsentr Azii)",
        "name_ru": "обелиск «Центр Азии»",
        "name_en": "Center of Asia Obelisk",
        "region": "Cộng hoà Tuva",
        "categories": [
          "monument"
        ],
        "rating": 4.9,
        "reviews": 60,
        "short": "Đài tưởng niệm đánh dấu điểm được xem là trung tâm địa lý của châu Á, dựng ngay trên bờ sông Yenisei ở Kyzyl. Phiên bản hiện nay (2014) là một cụm điêu khắc lộng lẫy gồm ba con sư tử nâng quả địa cầu và cột tháp vươn cao.",
        "yandex": "https://yandex.com/maps/?pt=94.443588,51.724898&z=17&l=map",
        "google": "https://www.google.com/maps/search/?api=1&query=51.724898,94.443588",
        "photo": "https://commons.wikimedia.org/wiki/Special:FilePath/%D0%A6%D0%B5%D0%BD%D1%82%D1%80%20%D0%90%D0%B7%D0%B8%D0%B8%20%D0%B0%D0%B2%D0%B3%D1%83%D1%81%D1%82%202015%D0%B3.jpg",
        "status": "enriched"
      }
    },
    {
      "type": "Feature",
      "geometry": {
        "type": "Point",
        "coordinates": [
          94.4294,
          51.719013
        ]
      },
      "properties": {
        "id": "tuva-tuva-national-museum-scythian-gold",
        "name_vi": "Bảo tàng Quốc gia Tuva mang tên Aldan-Maadyr (Natsionalny muzey Respubliki Tyva)",
        "name_ru": "Национальный музей имени Алдан-Маадыр Республики Тыва",
        "name_en": "National Museum of the Republic of Tuva (Aldan-Maadyr)",
        "region": "Cộng hoà Tuva",
        "categories": [
          "museum"
        ],
        "rating": 4.6,
        "reviews": 191,
        "short": "Bảo tàng lớn nhất Tuva, nổi tiếng khắp nước Nga nhờ kho báu 'vàng Scythia' khai quật từ gò mộ hoàng gia Arzhaan-2. Không gian nhiều tầng trưng bày lịch sử, khảo cổ, thiên nhiên và văn hóa du mục của vùng đất giữa châu Á.",
        "yandex": "https://yandex.com/maps/?pt=94.4294,51.719013&z=17&l=map",
        "google": "https://www.google.com/maps/search/?api=1&query=51.719013,94.4294",
        "photo": null,
        "status": "enriched"
      }
    },
    {
      "type": "Feature",
      "geometry": {
        "type": "Point",
        "coordinates": [
          94.423224,
          51.761635
        ]
      },
      "properties": {
        "id": "tuva-dogee-mountain",
        "name_vi": "Núi Dögee (gora Dogee)",
        "name_ru": "гора Догээ",
        "name_en": "Mount Dögee",
        "region": "Cộng hoà Tuva",
        "categories": [
          "monument"
        ],
        "rating": null,
        "reviews": null,
        "short": "Ngọn núi thiêng cao 1.002 m ngay sát Kyzyl, nổi bật với câu thần chú Phật giáo 'Om mani padme hum' xếp bằng đá trắng khổng lồ trên sườn núi. Đường lên đỉnh là cung leo nhẹ, đổi lại là tầm nhìn toàn cảnh thành phố và sông Yenisei.",
        "yandex": "https://yandex.com/maps/?pt=94.423224,51.761635&z=17&l=map",
        "google": "https://www.google.com/maps/search/?api=1&query=51.761635,94.423224",
        "photo": "https://commons.wikimedia.org/wiki/Special:FilePath/Om%20mani%20padme%20hum%20on%20Dogee%20Mountain%2C%20Kyzyl%2C%20Tuva%20Republic%2C%20Russia.jpg",
        "status": "enriched"
      }
    },
    {
      "type": "Feature",
      "geometry": {
        "type": "Point",
        "coordinates": [
          93.177212,
          50.66292
        ]
      },
      "properties": {
        "id": "tuva-ubsunur-hollow",
        "name_vi": "Lòng chảo Ubsunur (Ubsunurskaya kotlovina / Uvs Nuur)",
        "name_ru": "Убсунурская котловина",
        "name_en": "Uvs Nuur Basin (Ubsunur Hollow)",
        "region": "Cộng hoà Tuva",
        "categories": [
          "park_garden"
        ],
        "rating": null,
        "reviews": null,
        "short": "Di sản Thiên nhiên Thế giới UNESCO xuyên biên giới Nga - Mông Cổ, được xem là lòng chảo khép kín ở cực bắc Trung Á. Chỉ trong một khu vực, cảnh quan biến chuyển kỳ lạ từ sa mạc, thảo nguyên, hồ mặn cho tới rừng taiga và núi phủ tuyết.",
        "yandex": "https://yandex.com/maps/?pt=93.177212,50.66292&z=17&l=map",
        "google": "https://www.google.com/maps/search/?api=1&query=50.66292,93.177212",
        "photo": "https://commons.wikimedia.org/wiki/Special:FilePath/Uvs-Nuur%20Hollow%2C%20Mongolia%2C%20Russia%2C%20Landsat-7%20CROP.jpg",
        "status": "enriched"
      }
    },
    {
      "type": "Feature",
      "geometry": {
        "type": "Point",
        "coordinates": [
          91.656614,
          51.257401
        ]
      },
      "properties": {
        "id": "tuva-ustuu-huree-monastery",
        "name_vi": "Tu viện Ustuu-Khuree (Ustuu-Huree)",
        "name_ru": "Устуу-Хурээ (Верхне-Чаданский хурээ)",
        "name_en": "Ustuu-Huree Monastery (Upper Chadan Khuree)",
        "region": "Cộng hoà Tuva",
        "categories": [
          "church"
        ],
        "rating": 5.0,
        "reviews": 62,
        "short": "Một trong những tu viện Phật giáo quan trọng bậc nhất lịch sử Tuva, xây năm 1905-1907, bị phá hủy thời Xô-viết và nay được hồi sinh. Bên cạnh phế tích tường đất của ngôi chùa cổ là ngôi đền mới, cùng lễ hội âm nhạc 'Ustuu-Khuree' nổi tiếng.",
        "yandex": "https://yandex.com/maps/?pt=91.656614,51.257401&z=17&l=map",
        "google": "https://www.google.com/maps/search/?api=1&query=51.257401,91.656614",
        "photo": "https://commons.wikimedia.org/wiki/Special:FilePath/%D0%A3%D1%81%D1%82%D1%83%D1%83-%D0%A5%D1%83%D1%80%D1%8D%D1%8D%2001.JPG",
        "status": "enriched"
      }
    },
    {
      "type": "Feature",
      "geometry": {
        "type": "Point",
        "coordinates": [
          95.1,
          50.15
        ]
      },
      "properties": {
        "id": "tuva-tsugeer-els-sands",
        "name_vi": "Đồi cát Tsugeer-Els (peski Tsugeer-Els)",
        "name_ru": "пески Цугээр-Элс",
        "name_en": "Tsugeer-Els Sands",
        "region": "Cộng hoà Tuva",
        "categories": [
          "park_garden"
        ],
        "rating": null,
        "reviews": null,
        "short": "Dải đồi cát rộng lớn nằm giữa thảo nguyên và núi non nam Tuva - một 'sa mạc tí hon' đầy siêu thực. Đây là một cụm được bảo vệ của khu dự trữ sinh quyển Ubsunur, rộng khoảng 4.900 ha.",
        "yandex": "https://yandex.com/maps/?pt=95.1,50.15&z=17&l=map",
        "google": "https://www.google.com/maps/search/?api=1&query=50.15,95.1",
        "photo": null,
        "status": "enriched"
      }
    },
    {
      "type": "Feature",
      "geometry": {
        "type": "Point",
        "coordinates": [
          93.887395,
          51.553275
        ]
      },
      "properties": {
        "id": "tuva-aldyn-bulak-ethno-resort",
        "name_vi": "Khu nghỉ dưỡng văn hóa dân tộc Aldyn-Bulak (Aldyn-Bulak)",
        "name_ru": "Алдын-Булак",
        "name_en": "Aldyn-Bulak Ethno-cultural Resort",
        "region": "Cộng hoà Tuva",
        "categories": [
          "other"
        ],
        "rating": 4.4,
        "reviews": 57,
        "short": "Khu phức hợp văn hóa - du lịch mô phỏng một 'trại du mục' Tuva bên sông Yenisei, với những chiếc yurt (lều tròn) trắng xếp thành vòng quanh yurt trung tâm của 'khả hãn'. Là nơi nghỉ dưỡng và trải nghiệm văn hóa được yêu thích gần Kyzyl.",
        "yandex": "https://yandex.com/maps/?pt=93.887395,51.553275&z=17&l=map",
        "google": "https://www.google.com/maps/search/?api=1&query=51.553275,93.887395",
        "photo": null,
        "status": "enriched"
      }
    },
    {
      "type": "Feature",
      "geometry": {
        "type": "Point",
        "coordinates": [
          35.899722,
          56.861944
        ]
      },
      "properties": {
        "id": "tver-tver-imperial-travel-palace",
        "name_vi": "Hành cung Hoàng gia Tver (Tverskoy imperatorsky putevoy dvorets)",
        "name_ru": "Тверской императорский путевой дворец",
        "name_en": "Tver Imperial Travel Palace",
        "region": "Tỉnh Tver",
        "categories": [
          "palace",
          "museum"
        ],
        "rating": 4.4,
        "reviews": 259,
        "short": "Được xây dựng thập niên 1760 làm nơi nghỉ chân cho Nữ hoàng Ekaterina II trên đường giữa Moskva và Sankt-Peterburg, Hành cung Hoàng gia Tver là công trình tân cổ điển pha baroque tráng lệ bên sông Volga. Ngày nay cung điện là nơi đặt Phòng tranh vùng Tver với nhiều kiệt tác hội họa Nga.",
        "yandex": "https://yandex.com/maps/?pt=35.899722,56.861944&z=17&l=map",
        "google": "https://www.google.com/maps/search/?api=1&query=56.861944,35.899722",
        "photo": "https://commons.wikimedia.org/wiki/Special:FilePath/%D0%A2%D0%B2%D0%B5%D1%80%D1%8C.%20%D0%98%D0%BC%D0%BF%D0%B5%D1%80%D0%B0%D1%82%D0%BE%D1%80%D1%81%D0%BA%D0%B8%D0%B9%20%D0%BF%D1%83%D1%82%D0%B5%D0%B2%D0%BE%D0%B9%20%D0%B4%D0%B2%D0%BE%D1%80%D0%B5%D1%86%20%D0%BF%D0%BE%D0%B4%20%D0%BE%D1%82%D0%B1%D0%BB%D0%B5%D1%81%D0%BA%D0%BE%D0%BC%20%D1%84%D0%B0%D0%B2%D0%BE%D1%80%D1%81%D0%BA%D0%BE%D0%B3%D0%BE%20%D1%81%D0%B2%D0%B5%D1%82%D0%B0.jpg",
        "status": "enriched"
      }
    },
    {
      "type": "Feature",
      "geometry": {
        "type": "Point",
        "coordinates": [
          33.07222,
          57.19194
        ]
      },
      "properties": {
        "id": "tver-lake-seliger-ostashkov",
        "name_vi": "Hồ Seliger và thị trấn Ostashkov (Ozero Seliger, Ostashkov)",
        "name_ru": "Озеро Селигер, Осташков",
        "name_en": "Lake Seliger & Ostashkov",
        "region": "Tỉnh Tver",
        "categories": [
          "park_garden",
          "other"
        ],
        "rating": 4.8,
        "reviews": 209,
        "short": "Trải rộng hơn 200 km² với khoảng 160 hòn đảo lớn nhỏ nối nhau bằng eo nước, Seliger là một trong những hồ đẹp và nổi tiếng nhất miền trung nước Nga. Thị trấn cổ Ostashkov bên bờ hồ là cửa ngõ để khám phá vùng nghỉ dưỡng thiên nhiên này.",
        "yandex": "https://yandex.com/maps/?pt=33.07222,57.19194&z=17&l=map",
        "google": "https://www.google.com/maps/search/?api=1&query=57.19194,33.07222",
        "photo": "https://commons.wikimedia.org/wiki/Special:FilePath/Ostashkov%20from%20lake.JPG",
        "status": "enriched"
      }
    },
    {
      "type": "Feature",
      "geometry": {
        "type": "Point",
        "coordinates": [
          33.063611,
          57.234722
        ]
      },
      "properties": {
        "id": "tver-nilov-monastery-stolobny",
        "name_vi": "Tu viện Nilova Pustyn trên đảo Stolobny (Nilo-Stolobenskaya pustyn)",
        "name_ru": "Нилова пустынь (Нило-Столобенская пустынь)",
        "name_en": "Nilov Monastery (Nilo-Stolobensky Monastery)",
        "region": "Tỉnh Tver",
        "categories": [
          "church",
          "monument"
        ],
        "rating": 4.8,
        "reviews": 220,
        "short": "Tọa lạc trên đảo Stolobny giữa hồ Seliger, Nilova Pustyn là một trong những tu viện chính thống giáo tráng lệ và linh thiêng nhất nước Nga. Quần thể nhà thờ mái vòm mạ vàng soi bóng xuống mặt hồ tạo nên khung cảnh tựa cổ tích.",
        "yandex": "https://yandex.com/maps/?pt=33.063611,57.234722&z=17&l=map",
        "google": "https://www.google.com/maps/search/?api=1&query=57.234722,33.063611",
        "photo": "https://commons.wikimedia.org/wiki/Special:FilePath/%D0%9D%D0%B8%D0%BB%D0%BE%D0%B2%D0%B0%20%D0%BF%D1%83%D1%81%D1%82%D1%8B%D0%BD%D1%8C%20Nilov%20monastery%20Seliger%20lake%20Russia%20%2834349892646%29.jpg",
        "status": "enriched"
      }
    },
    {
      "type": "Feature",
      "geometry": {
        "type": "Point",
        "coordinates": [
          34.956667,
          57.033611
        ]
      },
      "properties": {
        "id": "tver-torzhok-borisoglebsky-monastery",
        "name_vi": "Thị trấn Torzhok và Tu viện Borisoglebsky (Novotorzhsky Borisoglebsky monastyr)",
        "name_ru": "Торжок, Борисоглебский монастырь",
        "name_en": "Torzhok & Borisoglebsky Monastery",
        "region": "Tỉnh Tver",
        "categories": [
          "church",
          "monument"
        ],
        "rating": 4.5,
        "reviews": 226,
        "short": "Torzhok là thị trấn cổ bên sông Tvertsa, nổi tiếng với nghề thêu chỉ vàng truyền thống và kiến trúc thế kỷ 18. Trái tim của thị trấn là tu viện Borisoglebsky, tương truyền lập từ năm 1038, mang dáng vẻ tân cổ điển do kiến trúc sư Nikolay Lvov thiết kế.",
        "yandex": "https://yandex.com/maps/?pt=34.956667,57.033611&z=17&l=map",
        "google": "https://www.google.com/maps/search/?api=1&query=57.033611,34.956667",
        "photo": "https://commons.wikimedia.org/wiki/Special:FilePath/Borisogleb%20monastery.jpg",
        "status": "enriched"
      }
    },
    {
      "type": "Feature",
      "geometry": {
        "type": "Point",
        "coordinates": [
          37.857306,
          57.243628
        ]
      },
      "properties": {
        "id": "tver-kalyazin-bell-tower",
        "name_vi": "Tháp chuông ngập nước Kalyazin (Kalyazinskaya kolokolnya)",
        "name_ru": "Калязинская колокольня",
        "name_en": "Kalyazin Flooded Bell Tower",
        "region": "Tỉnh Tver",
        "categories": [
          "church",
          "monument"
        ],
        "rating": 4.6,
        "reviews": 275,
        "short": "Vươn cao 74,5 mét giữa mặt nước sông Volga, tháp chuông Kalyazin là tàn tích duy nhất còn sót lại của một tu viện bị nhấn chìm khi xây đập Uglich năm 1939-1940. Hình ảnh tháp chuông cô đơn giữa hồ đã trở thành biểu tượng nao lòng của vùng thượng Volga.",
        "yandex": "https://yandex.com/maps/?pt=37.857306,57.243628&z=17&l=map",
        "google": "https://www.google.com/maps/search/?api=1&query=57.243628,37.857306",
        "photo": "https://commons.wikimedia.org/wiki/Special:FilePath/Kalyazin%20bell%20tower.jpg",
        "status": "enriched"
      }
    },
    {
      "type": "Feature",
      "geometry": {
        "type": "Point",
        "coordinates": [
          34.262778,
          56.218611
        ]
      },
      "properties": {
        "id": "tver-rzhev-memorial-soviet-soldier",
        "name_vi": "Đài tưởng niệm Người lính Xô Viết ở Rzhev (Rzhevsky memorial Sovetskomu soldatu)",
        "name_ru": "Ржевский мемориал Советскому солдату",
        "name_en": "Rzhev Memorial to the Soviet Soldier",
        "region": "Tỉnh Tver",
        "categories": [
          "monument"
        ],
        "rating": 4.5,
        "reviews": 85,
        "short": "Khánh thành năm 2020, đài tưởng niệm cao 25 mét khắc họa người lính Hồng quân đang tan dần thành đàn sếu bay lên trời. Công trình tưởng nhớ hàng trăm nghìn binh sĩ Xô Viết ngã xuống trong các trận đánh khốc liệt quanh Rzhev những năm 1942-1943.",
        "yandex": "https://yandex.com/maps/?pt=34.262778,56.218611&z=17&l=map",
        "google": "https://www.google.com/maps/search/?api=1&query=56.218611,34.262778",
        "photo": "https://commons.wikimedia.org/wiki/Special:FilePath/Rzhev%20Memorial%20to%20the%20Soviet%20Soldier%20show%20to%20pay%20respect.jpg",
        "status": "enriched"
      }
    },
    {
      "type": "Feature",
      "geometry": {
        "type": "Point",
        "coordinates": [
          34.931161,
          56.513442
        ]
      },
      "properties": {
        "id": "tver-staritsa-dormition-monastery",
        "name_vi": "Thị trấn Staritsa và Tu viện Uspensky (Staritsky Svyato-Uspensky monastyr)",
        "name_ru": "Старица, Успенский монастырь",
        "name_en": "Staritsa & Holy Dormition Monastery",
        "region": "Tỉnh Tver",
        "categories": [
          "church",
          "monument"
        ],
        "rating": 4.8,
        "reviews": 101,
        "short": "Bên khúc sông Volga uốn lượn, thị trấn cổ Staritsa lưu giữ quần thể tu viện Uspensky bằng đá trắng với lịch sử gần một thiên niên kỷ. Nơi đây gắn liền với thời hoàng kim của công quốc Staritsa và những câu chuyện từ thời Ivan Bạo chúa.",
        "yandex": "https://yandex.com/maps/?pt=34.931161,56.513442&z=17&l=map",
        "google": "https://www.google.com/maps/search/?api=1&query=56.513442,34.931161",
        "photo": "https://commons.wikimedia.org/wiki/Special:FilePath/%D0%A1%D1%82%D0%B0%D1%80%D0%B8%D1%86%D0%BA%D0%B8%D0%B9%20%D0%A1%D0%B2%D1%8F%D1%82%D0%BE-%D0%A3%D1%81%D0%BF%D0%B5%D0%BD%D1%81%D0%BA%D0%B8%D0%B9%20%D0%BC%D0%BE%D0%BD%D0%B0%D1%81%D1%82%D1%8B%D1%80%D1%8C.jpg",
        "status": "enriched"
      }
    },
    {
      "type": "Feature",
      "geometry": {
        "type": "Point",
        "coordinates": [
          34.566667,
          57.583333
        ]
      },
      "properties": {
        "id": "tver-vyshny-volochyok",
        "name_vi": "Thành phố Vyshny Volochyok - 'Venice của nước Nga' (Vyshny Volochyok)",
        "name_ru": "Вышний Волочёк",
        "name_en": "Vyshny Volochyok (Russian Venice)",
        "region": "Tỉnh Tver",
        "categories": [
          "square_street",
          "bridge"
        ],
        "rating": 4.1,
        "reviews": 39,
        "short": "Được mệnh danh là 'Venice của nước Nga', Vyshny Volochyok nổi tiếng với mạng lưới kênh đào và cầu cống chằng chịt giữa lòng thành phố. Đây là nơi ra đời hệ thống thủy lộ nhân tạo đầu tiên của nước Nga, khởi công dưới thời Pyotr Đại đế.",
        "yandex": "https://yandex.com/maps/?pt=34.566667,57.583333&z=17&l=map",
        "google": "https://www.google.com/maps/search/?api=1&query=57.583333,34.566667",
        "photo": "https://commons.wikimedia.org/wiki/Special:FilePath/Vyshny%20Volochek%20railstation.jpg",
        "status": "enriched"
      }
    },
    {
      "type": "Feature",
      "geometry": {
        "type": "Point",
        "coordinates": [
          35.904444,
          56.865556
        ]
      },
      "properties": {
        "id": "tver-tver-embankment-afanasy-nikitin",
        "name_vi": "Bờ kè Tver và Tượng đài Afanasy Nikitin (Naberezhnaya Tveri, pamyatnik Afanasiyu Nikitinu)",
        "name_ru": "Набережная Твери, памятник Афанасию Никитину",
        "name_en": "Tver Embankment & Monument to Afanasy Nikitin",
        "region": "Tỉnh Tver",
        "categories": [
          "monument",
          "square_street"
        ],
        "rating": 4.7,
        "reviews": 208,
        "short": "Trên bờ kè bên sông Volga ở Tver sừng sững tượng đài Afanasy Nikitin - thương nhân người Tver được xem là người Nga và người châu Âu đầu tiên đặt chân tới Ấn Độ. Bờ kè mang tên ông là nơi dạo bộ, ngắm sông yêu thích của người dân và du khách.",
        "yandex": "https://yandex.com/maps/?pt=35.904444,56.865556&z=17&l=map",
        "google": "https://www.google.com/maps/search/?api=1&query=56.865556,35.904444",
        "photo": "https://commons.wikimedia.org/wiki/Special:FilePath/%D0%9F%D0%B0%D0%BC%D1%8F%D1%82%D0%BD%D0%B8%D0%BA%20%D0%90%D1%84%D0%B0%D0%BD%D0%B0%D1%81%D0%B8%D1%8E%20%D0%9D%D0%B8%D0%BA%D0%B8%D1%82%D0%B8%D0%BD%D1%83%20%D0%B2%20%D0%B3%D0%BE%D1%80%D0%BE%D0%B4%D0%B5%20%D0%A2%D0%B2%D0%B5%D1%80%D1%8C.jpg",
        "status": "enriched"
      }
    },
    {
      "type": "Feature",
      "geometry": {
        "type": "Point",
        "coordinates": [
          68.252778,
          58.198889
        ]
      },
      "properties": {
        "id": "tyumen-tobolsk-kremlin",
        "name_vi": "Thành Kremlin Tobolsk (Tô-bôn-xcơ)",
        "name_ru": "Тобольский кремль",
        "name_en": "Tobolsk Kremlin",
        "region": "Tỉnh Tyumen",
        "categories": [
          "fortress",
          "museum"
        ],
        "rating": 4.9,
        "reviews": 264,
        "short": "Kremlin Tobolsk là tòa thành bằng đá duy nhất ở toàn Siberia, sừng sững trên mũi đất Troitsky nhìn xuống sông Irtysh. Quần thể trắng muốt gồm nhà thờ Sofia-Uspensky, tháp chuông, Gostiny Dvor và dinh Toàn quyền được xây từ cuối thế kỷ 17 đến thế kỷ 18, là biểu tượng của 'thủ phủ lịch sử Siberia'.",
        "yandex": "https://yandex.com/maps/?pt=68.252778,58.198889&z=17&l=map",
        "google": "https://www.google.com/maps/search/?api=1&query=58.198889,68.252778",
        "photo": "https://commons.wikimedia.org/wiki/Special:FilePath/Tobolsk%20Kremlin%20by%20Dmitry%20Medvedev.jpg",
        "status": "enriched"
      }
    },
    {
      "type": "Feature",
      "geometry": {
        "type": "Point",
        "coordinates": [
          68.59,
          58.129167
        ]
      },
      "properties": {
        "id": "tyumen-abalak-monastery",
        "name_vi": "Tu viện Znamensky Abalak (A-ba-lắc)",
        "name_ru": "Абалакский Знаменский монастырь",
        "name_en": "Abalak (Znamensky) Monastery",
        "region": "Tỉnh Tyumen",
        "categories": [
          "church",
          "monument"
        ],
        "rating": 4.9,
        "reviews": 93,
        "short": "Tu viện Znamensky Abalak là một trong những trung tâm hành hương Chính thống giáo linh thiêng nhất Siberia, tọa lạc trên vách cao bên bờ phải sông Irtysh, cách Tobolsk chừng 20 km. Nổi tiếng với biểu tượng thánh Đức Mẹ Abalak, quần thể mái vòm vàng óng nổi bật giữa khung cảnh đồng bằng và dòng sông.",
        "yandex": "https://yandex.com/maps/?pt=68.59,58.129167&z=17&l=map",
        "google": "https://www.google.com/maps/search/?api=1&query=58.129167,68.59",
        "photo": "https://commons.wikimedia.org/wiki/Special:FilePath/%D0%9D%D0%B8%D0%BA%D0%BE%D0%BB%D1%8C%D1%81%D0%BA%D0%B0%D1%8F%20%D1%86%D0%B5%D1%80%D0%BA%D0%BE%D0%B2%D1%8C%20%D1%81.%D0%90%D0%B1%D0%B0%D0%BB%D0%B0%D0%BA.JPG",
        "status": "enriched"
      }
    },
    {
      "type": "Feature",
      "geometry": {
        "type": "Point",
        "coordinates": [
          65.440925,
          57.234622
        ]
      },
      "properties": {
        "id": "tyumen-tyumen-hot-springs",
        "name_vi": "Suối nước nóng Tyumen (Tiu-men)",
        "name_ru": "Горячие источники Тюмени",
        "name_en": "Tyumen Hot Springs (Thermal Springs)",
        "region": "Tỉnh Tyumen",
        "categories": [
          "other"
        ],
        "rating": 4.1,
        "reviews": 44,
        "short": "Tyumen được mệnh danh là 'thủ phủ suối nước nóng' của nước Nga, với hàng loạt khu tắm khoáng nóng lộ thiên quanh thành phố. Dòng nước khoáng ấm 38–45°C phun lên từ lòng đất cho phép ngâm mình thư giãn ngay giữa trời tuyết - một trải nghiệm rất đặc trưng của Siberia.",
        "yandex": "https://yandex.com/maps/?pt=65.440925,57.234622&z=17&l=map",
        "google": "https://www.google.com/maps/search/?api=1&query=57.234622,65.440925",
        "photo": null,
        "status": "enriched"
      }
    },
    {
      "type": "Feature",
      "geometry": {
        "type": "Point",
        "coordinates": [
          65.52194,
          57.164197
        ]
      },
      "properties": {
        "id": "tyumen-tyumen-embankment",
        "name_vi": "Bờ kè sông Tura, Tyumen (Tu-ra, Tiu-men)",
        "name_ru": "Набережная реки Туры",
        "name_en": "Tyumen Embankment (Tura River Embankment)",
        "region": "Tỉnh Tyumen",
        "categories": [
          "square_street",
          "monument"
        ],
        "rating": 4.7,
        "reviews": 664,
        "short": "Bờ kè sông Tura ở Tyumen là bờ kè bốn tầng bằng đá granite độc đáo bậc nhất nước Nga, trải dài khoảng 3 km dọc hữu ngạn dòng sông. Với những bậc thang, đài phun nước, tượng đài và Cầu Tình Yêu rực sáng về đêm, đây là không gian dạo chơi được yêu thích nhất thành phố.",
        "yandex": "https://yandex.com/maps/?pt=65.52194,57.164197&z=17&l=map",
        "google": "https://www.google.com/maps/search/?api=1&query=57.164197,65.52194",
        "photo": "https://commons.wikimedia.org/wiki/Special:FilePath/Tura%20River%20embankment%20013.JPG",
        "status": "enriched"
      }
    },
    {
      "type": "Feature",
      "geometry": {
        "type": "Point",
        "coordinates": [
          65.531974,
          57.158821
        ]
      },
      "properties": {
        "id": "tyumen-znamensky-cathedral-tyumen",
        "name_vi": "Nhà thờ Chính tòa Znamensky, Tyumen (Zna-men-xki, Tiu-men)",
        "name_ru": "Знаменский собор (Тюмень)",
        "name_en": "Znamensky Cathedral (Tyumen)",
        "region": "Tỉnh Tyumen",
        "categories": [
          "church"
        ],
        "rating": 4.8,
        "reviews": 70,
        "short": "Nhà thờ Chính tòa Znamensky là ngôi thánh đường Chính thống giáo chính và cổ kính bậc nhất Tyumen, nổi bật với tường trắng, mái vòm dát vàng và lối kiến trúc baroque Siberia. Nơi đây lưu giữ biểu tượng thánh Đức Mẹ 'Znamenie' (Điềm Lành) được tôn kính là vị hộ mệnh của thành phố.",
        "yandex": "https://yandex.com/maps/?pt=65.531974,57.158821&z=17&l=map",
        "google": "https://www.google.com/maps/search/?api=1&query=57.158821,65.531974",
        "photo": "https://commons.wikimedia.org/wiki/Special:FilePath/Cathedral%20of%20the%20Theotokos%20of%20the%20Sign%20%28Tyumen%29%2002.jpg",
        "status": "enriched"
      }
    },
    {
      "type": "Feature",
      "geometry": {
        "type": "Point",
        "coordinates": [
          66.312206,
          56.654689
        ]
      },
      "properties": {
        "id": "tyumen-yalutorovsk-ostrog",
        "name_vi": "Thành gỗ Yalutorovsk Ostrog (Ya-lu-tô-rốp, Ô-xtơ-rốc)",
        "name_ru": "Ялуторовский острог",
        "name_en": "Yalutorovsk Ostrog",
        "region": "Tỉnh Tyumen",
        "categories": [
          "fortress",
          "museum"
        ],
        "rating": 4.5,
        "reviews": 52,
        "short": "Ostrog Yalutorovsk là bản phục dựng công phu của pháo đài gỗ Siberia thế kỷ 17, dựng lại năm 2009 ngay trên nền thành cổ. Với tường gỗ, tháp canh, nhà xưởng thủ công và nhiều hoạt động trải nghiệm, nơi đây đưa du khách ngược dòng thời gian về thuở người Nga khai phá Siberia.",
        "yandex": "https://yandex.com/maps/?pt=66.312206,56.654689&z=17&l=map",
        "google": "https://www.google.com/maps/search/?api=1&query=56.654689,66.312206",
        "photo": "https://commons.wikimedia.org/wiki/Special:FilePath/Y-ostrog.jpg",
        "status": "enriched"
      }
    },
    {
      "type": "Feature",
      "geometry": {
        "type": "Point",
        "coordinates": [
          68.251,
          58.197
        ]
      },
      "properties": {
        "id": "tyumen-tobolsk-prison-castle-museum",
        "name_vi": "Lâu đài nhà tù Tobolsk (Tô-bôn-xcơ)",
        "name_ru": "Тюремный замок (Тобольск)",
        "name_en": "Tobolsk Prison Castle (Museum of Siberian Penal Servitude and Exile)",
        "region": "Tỉnh Tyumen",
        "categories": [
          "museum",
          "monument"
        ],
        "rating": 4.5,
        "reviews": 82,
        "short": "Lâu đài nhà tù Tobolsk là bảo tàng độc đáo về lao tù và lưu đày Siberia, đặt trong một nhà tù đá xây năm 1855 từng hoạt động đến tận năm 1989. Những phòng giam u ám, xà lim tối tăm và câu chuyện về các tù nhân nổi tiếng khiến nơi đây trở thành điểm 'du lịch bóng tối' đầy ám ảnh.",
        "yandex": "https://yandex.com/maps/?pt=68.251,58.197&z=17&l=map",
        "google": "https://www.google.com/maps/search/?api=1&query=58.197,68.251",
        "photo": "https://commons.wikimedia.org/wiki/Special:FilePath/Turemniy%20zamok.JPG",
        "status": "enriched"
      }
    },
    {
      "type": "Feature",
      "geometry": {
        "type": "Point",
        "coordinates": [
          53.2069,
          56.8516
        ]
      },
      "properties": {
        "id": "udmurtia-kalashnikov-museum-izhevsk",
        "name_vi": "Tổ hợp Bảo tàng - Triển lãm mang tên M.T. Kalashnikov (Muzey Kalashnikova)",
        "name_ru": "Музейно-выставочный комплекс им. М.Т. Калашникова",
        "name_en": "M.T. Kalashnikov Museum and Exhibition Complex of Small Arms",
        "region": "Cộng hoà Udmurtia",
        "categories": [
          "museum"
        ],
        "rating": 4.3,
        "reviews": 387,
        "short": "Tổ hợp bảo tàng - triển lãm mang tên Mikhail Kalashnikov là điểm đến biểu tượng của Izhevsk, thành phố quê hương khẩu súng trường AK-47 huyền thoại. Nơi đây tôn vinh cuộc đời nhà thiết kế vũ khí lừng danh và hơn hai thế kỷ lịch sử chế tạo vũ khí của vùng Udmurtia.",
        "yandex": "https://yandex.com/maps/?pt=53.2069,56.8516&z=17&l=map",
        "google": "https://www.google.com/maps/search/?api=1&query=56.8516,53.2069",
        "photo": "https://commons.wikimedia.org/wiki/Special:FilePath/Kalashnikov%20Museum%20and%20Exhibition%20Complex%20of%20Small%20Arms.jpg",
        "status": "enriched"
      }
    },
    {
      "type": "Feature",
      "geometry": {
        "type": "Point",
        "coordinates": [
          53.985,
          57.0553
        ]
      },
      "properties": {
        "id": "udmurtia-votkinsk-tchaikovsky-estate",
        "name_vi": "Nhà - Điền trang Tchaikovsky (Muzey-usadba Chaykovskogo)",
        "name_ru": "Музей-усадьба П. И. Чайковского",
        "name_en": "Tchaikovsky Estate Museum (Votkinsk)",
        "region": "Cộng hoà Udmurtia",
        "categories": [
          "museum",
          "park_garden"
        ],
        "rating": 4.7,
        "reviews": 93,
        "short": "Điền trang - bảo tàng bên hồ Votkinsk là nơi nhà soạn nhạc vĩ đại Pyotr Ilyich Tchaikovsky chào đời năm 1840 và sống những năm đầu đời. Ngôi nhà gỗ được gìn giữ nguyên vẹn cùng nội thất thế kỷ 19 đưa du khách trở về không gian tuổi thơ của thiên tài âm nhạc Nga.",
        "yandex": "https://yandex.com/maps/?pt=53.985,57.0553&z=17&l=map",
        "google": "https://www.google.com/maps/search/?api=1&query=57.0553,53.985",
        "photo": "https://commons.wikimedia.org/wiki/Special:FilePath/Muzej%204alkovskogo.jpg",
        "status": "enriched"
      }
    },
    {
      "type": "Feature",
      "geometry": {
        "type": "Point",
        "coordinates": [
          53.035,
          56.7717
        ]
      },
      "properties": {
        "id": "udmurtia-ludorvai-open-air-museum",
        "name_vi": "Bảo tàng ngoài trời Ludorvai (Ludorvay)",
        "name_ru": "Архитектурно-этнографический музей-заповедник «Лудорвай»",
        "name_en": "Ludorvai Architectural-Ethnographic Museum-Reserve",
        "region": "Cộng hoà Udmurtia",
        "categories": [
          "museum",
          "park_garden"
        ],
        "rating": null,
        "reviews": null,
        "short": "Bảo tàng ngoài trời Ludorvai trải rộng gần 60 ha giữa vùng đồi rừng cách Izhevsk 17 km, tái hiện sống động kiến trúc gỗ và đời sống truyền thống của người Udmurt cùng cư dân Nga. Đây là nơi lý tưởng để tìm hiểu văn hóa bản địa qua các trang trại cổ, cối xay gió và những màn trình diễn dân gian.",
        "yandex": "https://yandex.com/maps/?pt=53.035,56.7717&z=17&l=map",
        "google": "https://www.google.com/maps/search/?api=1&query=56.7717,53.035",
        "photo": null,
        "status": "enriched"
      }
    },
    {
      "type": "Feature",
      "geometry": {
        "type": "Point",
        "coordinates": [
          53.8078,
          56.4636
        ]
      },
      "properties": {
        "id": "udmurtia-sarapul-historic-town",
        "name_vi": "Thị trấn cổ Sarapul",
        "name_ru": "Сарапул",
        "name_en": "Sarapul (historic town)",
        "region": "Cộng hoà Udmurtia",
        "categories": [
          "other",
          "monument",
          "museum"
        ],
        "rating": null,
        "reviews": null,
        "short": "Sarapul là một trong những đô thị cổ nhất Udmurtia, thành phố thương nhân sầm uất một thời bên bờ cao sông Kama. Trung tâm lịch sử còn lưu giữ nhiều dinh thự, nhà thờ và công trình theo phong cách chiết trung, Art Nouveau từ cuối thế kỷ 19 đến đầu thế kỷ 20.",
        "yandex": "https://yandex.com/maps/?pt=53.8078,56.4636&z=17&l=map",
        "google": "https://www.google.com/maps/search/?api=1&query=56.4636,53.8078",
        "photo": "https://commons.wikimedia.org/wiki/Special:FilePath/Sarapul%20-%20Sedelnikov%20street.jpg",
        "status": "enriched"
      }
    },
    {
      "type": "Feature",
      "geometry": {
        "type": "Point",
        "coordinates": [
          53.1999,
          56.8562
        ]
      },
      "properties": {
        "id": "udmurtia-izhevsk-mikhailovsky-cathedral",
        "name_vi": "Nhà thờ chính tòa Thánh Mikhail (Svyato-Mikhaylovsky sobor)",
        "name_ru": "Свято-Михайловский собор",
        "name_en": "St. Michael's Cathedral (Izhevsk)",
        "region": "Cộng hoà Udmurtia",
        "categories": [
          "church"
        ],
        "rating": null,
        "reviews": null,
        "short": "Nhà thờ chính tòa Thánh Mikhail là công trình tôn giáo cao lớn và tráng lệ nhất Izhevsk, nổi bật với kiến trúc gạch đỏ theo phong cách phục hưng Nga. Vươn cao trên ngọn đồi giữa thành phố, đây là biểu tượng tâm linh và điểm nhấn kiến trúc dễ nhận biết của thủ phủ Udmurtia.",
        "yandex": "https://yandex.com/maps/?pt=53.1999,56.8562&z=17&l=map",
        "google": "https://www.google.com/maps/search/?api=1&query=56.8562,53.1999",
        "photo": "https://commons.wikimedia.org/wiki/Special:FilePath/Svyato%20Mihailovsky%20Cathedral%20Izhevsk%20Russia%20Richard%20Bartz.jpg",
        "status": "enriched"
      }
    },
    {
      "type": "Feature",
      "geometry": {
        "type": "Point",
        "coordinates": [
          52.9553,
          56.5236
        ]
      },
      "properties": {
        "id": "udmurtia-buranovo-village",
        "name_vi": "Làng Buranovo (Các bà lão Buranovo - Buranovskiye Babushki)",
        "name_ru": "Бураново (Бурановские бабушки)",
        "name_en": "Buranovo village (Buranovskiye Babushki)",
        "region": "Cộng hoà Udmurtia",
        "categories": [
          "other",
          "museum"
        ],
        "rating": null,
        "reviews": null,
        "short": "Buranovo là ngôi làng Udmurt nhỏ bé bỗng nổi tiếng khắp thế giới nhờ nhóm 'Các bà lão Buranovo' (Buranovskiye Babushki) - những cụ bà hát dân ca đại diện nước Nga tại Eurovision 2012. Du khách đến đây để nghe hát Udmurt, thưởng thức ẩm thực dân tộc và cảm nhận đời sống làng quê ấm áp.",
        "yandex": "https://yandex.com/maps/?pt=52.9553,56.5236&z=17&l=map",
        "google": "https://www.google.com/maps/search/?api=1&query=56.5236,52.9553",
        "photo": "https://commons.wikimedia.org/wiki/Special:FilePath/Buranovskiye%20Babushki%202011.jpg",
        "status": "enriched"
      }
    },
    {
      "type": "Feature",
      "geometry": {
        "type": "Point",
        "coordinates": [
          53.2036,
          56.8503
        ]
      },
      "properties": {
        "id": "udmurtia-national-museum-udmurtia",
        "name_vi": "Bảo tàng Quốc gia Cộng hòa Udmurtia mang tên Kuzebay Gerd (Natsionalny muzey UR)",
        "name_ru": "Национальный музей Удмуртской Республики имени Кузебая Герда",
        "name_en": "National Museum of the Udmurt Republic named after Kuzebay Gerd",
        "region": "Cộng hoà Udmurtia",
        "categories": [
          "museum"
        ],
        "rating": null,
        "reviews": null,
        "short": "Bảo tàng Quốc gia Udmurtia mang tên nhà thơ Kuzebay Gerd là bảo tàng lớn và lâu đời nhất vùng, đặt trong tòa nhà Kho vũ khí (Arsenal) cổ kính đầu thế kỷ 19. Đây là nơi lý tưởng để tìm hiểu thiên nhiên, lịch sử và văn hóa độc đáo của người Udmurt.",
        "yandex": "https://yandex.com/maps/?pt=53.2036,56.8503&z=17&l=map",
        "google": "https://www.google.com/maps/search/?api=1&query=56.8503,53.2036",
        "photo": "https://commons.wikimedia.org/wiki/Special:FilePath/Izhevsk%20Arsenal.jpg",
        "status": "enriched"
      }
    },
    {
      "type": "Feature",
      "geometry": {
        "type": "Point",
        "coordinates": [
          48.3945,
          54.3181
        ]
      },
      "properties": {
        "id": "ulyanovsk-lenin-memorial-ulyanovsk",
        "name_vi": "Đài tưởng niệm Lenin (Leninsky memorial)",
        "name_ru": "Ленинский мемориал",
        "name_en": "Lenin Memorial",
        "region": "Tỉnh Ulyanovsk",
        "categories": [
          "museum",
          "monument"
        ],
        "rating": null,
        "reviews": null,
        "short": "Đài tưởng niệm Lenin là quần thể kiến trúc đồ sộ được khánh thành năm 1970 nhân kỷ niệm 100 năm ngày sinh V.I. Lenin, người con nổi tiếng nhất của thành phố. Công trình khối vuông màu trắng nằm trên đồi Venets nhìn ra sông Volga, vừa là bảo tàng vừa là trung tâm văn hóa lớn nhất Ulyanovsk.",
        "yandex": "https://yandex.com/maps/?pt=48.3945,54.3181&z=17&l=map",
        "google": "https://www.google.com/maps/search/?api=1&query=54.3181,48.3945",
        "photo": null,
        "status": "enriched"
      }
    },
    {
      "type": "Feature",
      "geometry": {
        "type": "Point",
        "coordinates": [
          48.403,
          54.317
        ]
      },
      "properties": {
        "id": "ulyanovsk-simbirsk-museum-reserve",
        "name_vi": "Khu bảo tồn – Bảo tàng “Quê hương V.I. Lenin” (Muzey-zapovednik Rodina V.I. Lenina)",
        "name_ru": "Музей-заповедник «Родина В. И. Ленина»",
        "name_en": "State Historical-Memorial Museum-Reserve “Homeland of V.I. Lenin”",
        "region": "Tỉnh Ulyanovsk",
        "categories": [
          "museum",
          "monument"
        ],
        "rating": null,
        "reviews": null,
        "short": "Đây là khu bảo tồn lịch sử ngoài trời tái hiện cả một khu phố cổ của Simbirsk cuối thế kỷ 19, nơi gia đình Lenin từng sinh sống. Quần thể gồm gần hai chục bảo tàng chuyên đề nằm trong những ngôi nhà gỗ và biệt thự được gìn giữ nguyên vẹn.",
        "yandex": "https://yandex.com/maps/?pt=48.403,54.317&z=17&l=map",
        "google": "https://www.google.com/maps/search/?api=1&query=54.317,48.403",
        "photo": null,
        "status": "enriched"
      }
    },
    {
      "type": "Feature",
      "geometry": {
        "type": "Point",
        "coordinates": [
          48.234795,
          54.289702
        ]
      },
      "properties": {
        "id": "ulyanovsk-ulyanovsk-aviation-museum",
        "name_vi": "Bảo tàng Lịch sử Hàng không Dân dụng (Muzey istorii grazhdanskoy aviatsii)",
        "name_ru": "Музей истории гражданской авиации",
        "name_en": "Museum of Civil Aviation History",
        "region": "Tỉnh Ulyanovsk",
        "categories": [
          "museum",
          "other"
        ],
        "rating": null,
        "reviews": null,
        "short": "Bảo tàng ngoài trời nằm cạnh học viện hàng không Ulyanovsk, trưng bày khoảng 36 máy bay và trực thăng dân dụng từ đầu thế kỷ 20 đến nay. Nổi bật là những huyền thoại hàng không Xô Viết như Tu-114 và máy bay chở khách siêu thanh Tu-144.",
        "yandex": "https://yandex.com/maps/?pt=48.234795,54.289702&z=17&l=map",
        "google": "https://www.google.com/maps/search/?api=1&query=54.289702,48.234795",
        "photo": "https://commons.wikimedia.org/wiki/Special:FilePath/Ulyanovsk%20Aircraft%20Museum.%20Russia.%20%D0%9C%D1%83%D0%B7%D0%B5%D0%B9%20%D0%98%D1%81%D1%82%D0%BE%D1%80%D0%B8%D0%B8%20%D0%93%D1%80%D0%B0%D0%B6%D0%B4%D0%B0%D0%BD%D1%81%D0%BA%D0%BE%D0%B9%20%D0%90%D0%B2%D0%B8%D0%B0%D1%86%D0%B8%D0%B8.%20%D0%A3%D0%BB%D1%8C%D1%8F%D0%BD%D0%BE%D0%B2%D1%81%D0%BA.%20%D0%A0%D0%BE%D1%81%D1%81%D0%B8%D1%8F%20-%20panoramio%20%281%29.jpg",
        "status": "enriched"
      }
    },
    {
      "type": "Feature",
      "geometry": {
        "type": "Point",
        "coordinates": [
          48.6,
          54.617
        ]
      },
      "properties": {
        "id": "ulyanovsk-undory-geopark",
        "name_vi": "Bảo tàng Cổ sinh vật học Undory (Undorovsky paleontologichesky muzey)",
        "name_ru": "Ундоровский палеонтологический музей",
        "name_en": "Undory Paleontological Museum (Geopark)",
        "region": "Tỉnh Ulyanovsk",
        "categories": [
          "museum",
          "park_garden"
        ],
        "rating": null,
        "reviews": null,
        "short": "Nằm ở làng Undory bên bờ phải sông Volga, bảo tàng cổ sinh vật học này trưng bày hóa thạch các loài bò sát biển kỷ Jura và Phấn trắng như ngư long và thương long. Cả dải bờ sông quanh đây là một “công viên địa chất” nổi tiếng với hóa thạch và đá simbirtsite quý.",
        "yandex": "https://yandex.com/maps/?pt=48.6,54.617&z=17&l=map",
        "google": "https://www.google.com/maps/search/?api=1&query=54.617,48.6",
        "photo": null,
        "status": "enriched"
      }
    },
    {
      "type": "Feature",
      "geometry": {
        "type": "Point",
        "coordinates": [
          48.417,
          54.36
        ]
      },
      "properties": {
        "id": "ulyanovsk-imperial-bridge-ulyanovsk",
        "name_vi": "Cầu Hoàng gia (Imperatorsky most)",
        "name_ru": "Императорский мост",
        "name_en": "Imperial Bridge",
        "region": "Tỉnh Ulyanovsk",
        "categories": [
          "bridge",
          "monument"
        ],
        "rating": null,
        "reviews": null,
        "short": "Cầu Hoàng gia là cây cầu đường sắt lịch sử bắc qua sông Volga tại Ulyanovsk, được khánh thành năm 1916. Vào thời điểm hoàn thành, đây là một trong những cây cầu dài nhất châu Âu với chiều dài khoảng 2 km.",
        "yandex": "https://yandex.com/maps/?pt=48.417,54.36&z=17&l=map",
        "google": "https://www.google.com/maps/search/?api=1&query=54.36,48.417",
        "photo": "https://commons.wikimedia.org/wiki/Special:FilePath/Imperat%20most%20Uliyanovsk.JPG",
        "status": "enriched"
      }
    },
    {
      "type": "Feature",
      "geometry": {
        "type": "Point",
        "coordinates": [
          48.403,
          54.313
        ]
      },
      "properties": {
        "id": "ulyanovsk-ulyanovsk-local-lore-museum",
        "name_vi": "Bảo tàng Địa phương chí Ulyanovsk mang tên I.A. Goncharov (Ulyanovsky oblastnoy krayevedchesky muzey)",
        "name_ru": "Ульяновский областной краеведческий музей имени И. А. Гончарова",
        "name_en": "Ulyanovsk Regional Local Lore Museum named after I.A. Goncharov",
        "region": "Tỉnh Ulyanovsk",
        "categories": [
          "museum",
          "monument"
        ],
        "rating": null,
        "reviews": null,
        "short": "Bảo tàng địa phương chí lâu đời của tỉnh Ulyanovsk, mang tên nhà văn Ivan Goncharov, người con của Simbirsk. Bộ sưu tập trải rộng từ thiên nhiên, hóa thạch, khảo cổ đến lịch sử và dân tộc học của vùng đất bên sông Volga.",
        "yandex": "https://yandex.com/maps/?pt=48.403,54.313&z=17&l=map",
        "google": "https://www.google.com/maps/search/?api=1&query=54.313,48.403",
        "photo": null,
        "status": "enriched"
      }
    },
    {
      "type": "Feature",
      "geometry": {
        "type": "Point",
        "coordinates": [
          48.401,
          54.3165
        ]
      },
      "properties": {
        "id": "ulyanovsk-museum-simbirsk-classical-gymnasium",
        "name_vi": "Bảo tàng “Trường Trung học Cổ điển Simbirsk” (Simbirskaya klassicheskaya gimnaziya)",
        "name_ru": "Музей «Симбирская классическая гимназия»",
        "name_en": "Museum “Simbirsk Classical Gymnasium”",
        "region": "Tỉnh Ulyanovsk",
        "categories": [
          "museum",
          "monument"
        ],
        "rating": null,
        "reviews": null,
        "short": "Bảo tàng tái hiện sống động một trường trung học cổ điển Nga thập niên 1880, từ lớp học, hội trường đến phòng thí nghiệm vật lý. Đây chính là ngôi trường nơi Vladimir Ulyanov (Lenin) từng theo học và tốt nghiệp với huy chương vàng.",
        "yandex": "https://yandex.com/maps/?pt=48.401,54.3165&z=17&l=map",
        "google": "https://www.google.com/maps/search/?api=1&query=54.3165,48.401",
        "photo": null,
        "status": "enriched"
      }
    },
    {
      "type": "Feature",
      "geometry": {
        "type": "Point",
        "coordinates": [
          40.396944,
          56.126944
        ]
      },
      "properties": {
        "id": "vladimir-golden-gate-vladimir",
        "name_vi": "Cổng Vàng Vladimir (Zolotye Vorota)",
        "name_ru": "Золотые ворота",
        "name_en": "Golden Gate of Vladimir",
        "region": "Tỉnh Vladimir",
        "categories": [
          "monument",
          "fortress"
        ],
        "rating": 4.5,
        "reviews": 780,
        "short": "Cổng Vàng Vladimir là cổng thành khải hoàn bằng đá trắng được Đại công Andrei Bogolyubsky cho xây dựng năm 1158-1164, một trong số rất ít cổng thành thời trung cổ của Nga còn tồn tại. Vừa là công trình phòng thủ vừa là khải hoàn môn, cổng gắn liền với thời hoàng kim của công quốc Vladimir và nay là biểu tượng của thành phố.",
        "yandex": "https://yandex.com/maps/?pt=40.396944,56.126944&z=17&l=map",
        "google": "https://www.google.com/maps/search/?api=1&query=56.126944,40.396944",
        "photo": "https://commons.wikimedia.org/wiki/Special:FilePath/Golden%20Gate%20in%20Vladimir%2010.jpg",
        "status": "enriched"
      }
    },
    {
      "type": "Feature",
      "geometry": {
        "type": "Point",
        "coordinates": [
          40.409167,
          56.126944
        ]
      },
      "properties": {
        "id": "vladimir-dormition-cathedral-vladimir",
        "name_vi": "Nhà thờ chính tòa Đức Mẹ An Giấc Vladimir (Uspensky Sobor)",
        "name_ru": "Успенский собор",
        "name_en": "Dormition (Assumption) Cathedral, Vladimir",
        "region": "Tỉnh Vladimir",
        "categories": [
          "church"
        ],
        "rating": 4.8,
        "reviews": 75,
        "short": "Nhà thờ chính tòa Đức Mẹ An Giấc là ngôi thánh đường đá trắng nguy nga được xây từ năm 1158, từng là nhà thờ mẹ của cả nước Nga cổ và nơi tấn phong các đại công. Bên trong còn lưu giữ những bích họa vô giá do danh họa Andrei Rublev thực hiện năm 1408.",
        "yandex": "https://yandex.com/maps/?pt=40.409167,56.126944&z=17&l=map",
        "google": "https://www.google.com/maps/search/?api=1&query=56.126944,40.409167",
        "photo": "https://commons.wikimedia.org/wiki/Special:FilePath/Dormition%20Cathedral%2C%20Vladimir%2C%20Russia%20-%2050398767551.jpg",
        "status": "enriched"
      }
    },
    {
      "type": "Feature",
      "geometry": {
        "type": "Point",
        "coordinates": [
          40.410833,
          56.129167
        ]
      },
      "properties": {
        "id": "vladimir-cathedral-saint-demetrius-vladimir",
        "name_vi": "Nhà thờ Thánh Demetrius Vladimir (Dmitrievsky Sobor)",
        "name_ru": "Дмитриевский собор",
        "name_en": "Cathedral of Saint Demetrius, Vladimir",
        "region": "Tỉnh Vladimir",
        "categories": [
          "church"
        ],
        "rating": 4.7,
        "reviews": 587,
        "short": "Nhà thờ Thánh Demetrius là ngôi nhà thờ cung đình do Đại công Vsevolod 'Tổ Lớn' xây năm 1194-1197, nổi tiếng khắp thế giới nhờ hàng trăm phù điêu chạm khắc tinh xảo phủ kín mặt ngoài. Đây được coi là đỉnh cao của nghệ thuật điêu khắc đá trắng Nga thế kỷ 12.",
        "yandex": "https://yandex.com/maps/?pt=40.410833,56.129167&z=17&l=map",
        "google": "https://www.google.com/maps/search/?api=1&query=56.129167,40.410833",
        "photo": "https://commons.wikimedia.org/wiki/Special:FilePath/Cathedral%20of%20Saint%20Demetrius%2C%20Vladimir%2C%20Russia%20-%2050401840073.jpg",
        "status": "enriched"
      }
    },
    {
      "type": "Feature",
      "geometry": {
        "type": "Point",
        "coordinates": [
          40.561389,
          56.19625
        ]
      },
      "properties": {
        "id": "vladimir-church-intercession-nerl",
        "name_vi": "Nhà thờ Đức Mẹ Che Chở bên sông Nerl (Tserkov Pokrova na Nerli)",
        "name_ru": "Церковь Покрова на Нерли",
        "name_en": "Church of the Intercession on the Nerl",
        "region": "Tỉnh Vladimir",
        "categories": [
          "church"
        ],
        "rating": 4.9,
        "reviews": 464,
        "short": "Nhà thờ Đức Mẹ Che Chở bên sông Nerl là một ngôi thánh đường đá trắng đơn độc giữa đồng cỏ ngập nước, được xây năm 1165 và thường được ca ngợi là ngôi nhà thờ đẹp nhất nước Nga cổ. Vẻ thanh thoát, cân đối hoàn hảo của nó soi bóng xuống mặt nước đã trở thành hình ảnh kinh điển của kiến trúc Nga.",
        "yandex": "https://yandex.com/maps/?pt=40.561389,56.19625&z=17&l=map",
        "google": "https://www.google.com/maps/search/?api=1&query=56.19625,40.561389",
        "photo": "https://commons.wikimedia.org/wiki/Special:FilePath/Church%20Of%20The%20Intercession%20On%20The%20Nerl%20%28218455893%29.jpeg",
        "status": "enriched"
      }
    },
    {
      "type": "Feature",
      "geometry": {
        "type": "Point",
        "coordinates": [
          40.4425,
          56.41667
        ]
      },
      "properties": {
        "id": "vladimir-suzdal-kremlin-nativity-cathedral",
        "name_vi": "Thành Kremlin Suzdal và Nhà thờ Giáng Sinh Đức Mẹ (Suzdalsky Kreml)",
        "name_ru": "Суздальский кремль (Собор Рождества Богородицы)",
        "name_en": "Suzdal Kremlin and Nativity Cathedral",
        "region": "Tỉnh Vladimir",
        "categories": [
          "fortress",
          "church",
          "museum"
        ],
        "rating": 4.5,
        "reviews": 1129,
        "short": "Thành Kremlin Suzdal là phần cổ xưa nhất của thành phố bảo tàng Suzdal, với những lũy đất ngàn năm và Nhà thờ Giáng Sinh Đức Mẹ nổi bật bởi các vòm mái xanh điểm sao vàng. Nơi đây lưu giữ 'Cửa Vàng' và bích họa thế kỷ 13 quý giá, là một phần của Di sản Thế giới UNESCO.",
        "yandex": "https://yandex.com/maps/?pt=40.4425,56.41667&z=17&l=map",
        "google": "https://www.google.com/maps/search/?api=1&query=56.41667,40.4425",
        "photo": "https://commons.wikimedia.org/wiki/Special:FilePath/Golden%20Doors%20-%20Cathedral%20of%20the%20Nativity%20-%20Suzdal%20-%20Russia.JPG",
        "status": "enriched"
      }
    },
    {
      "type": "Feature",
      "geometry": {
        "type": "Point",
        "coordinates": [
          40.440278,
          56.433333
        ]
      },
      "properties": {
        "id": "vladimir-saviour-monastery-st-euthymius-suzdal",
        "name_vi": "Tu viện Cứu Thế Thánh Euthymius, Suzdal (Spaso-Evfimiev Monastyr)",
        "name_ru": "Спасо-Евфимиев монастырь",
        "name_en": "Saviour Monastery of St Euthymius, Suzdal",
        "region": "Tỉnh Vladimir",
        "categories": [
          "fortress",
          "church",
          "museum"
        ],
        "rating": 4.7,
        "reviews": 990,
        "short": "Tu viện Cứu Thế Thánh Euthymius là một tu viện - pháo đài hùng vĩ ở Suzdal, nổi bật với những bức tường gạch đỏ dài hơn một cây số và 12 tháp canh. Nay là quần thể bảo tàng với nhà thờ Biến Hình, tháp chuông ngân nhạc và cả bảo tàng nhà tù từng giam giữ nhiều nhân vật lịch sử.",
        "yandex": "https://yandex.com/maps/?pt=40.440278,56.433333&z=17&l=map",
        "google": "https://www.google.com/maps/search/?api=1&query=56.433333,40.440278",
        "photo": "https://commons.wikimedia.org/wiki/Special:FilePath/Suzdal%20asv2019-01%20img03%20Spaso-Evfimiev%20Monastery.jpg",
        "status": "enriched"
      }
    },
    {
      "type": "Feature",
      "geometry": {
        "type": "Point",
        "coordinates": [
          40.440352,
          56.41275
        ]
      },
      "properties": {
        "id": "vladimir-museum-wooden-architecture-suzdal",
        "name_vi": "Bảo tàng Kiến trúc Gỗ Suzdal (Muzey Derevyannogo Zodchestva)",
        "name_ru": "Музей деревянного зодчества",
        "name_en": "Museum of Wooden Architecture, Suzdal",
        "region": "Tỉnh Vladimir",
        "categories": [
          "museum",
          "church"
        ],
        "rating": 4.5,
        "reviews": 1165,
        "short": "Bảo tàng Kiến trúc Gỗ Suzdal là một bảo tàng ngoài trời tái hiện ngôi làng Nga xưa, quy tụ những nhà thờ, nhà nông dân và cối xay gió bằng gỗ được di dời về từ khắp vùng. Nhiều công trình được dựng hoàn toàn không dùng một chiếc đinh, cho thấy tài nghệ của thợ mộc Nga truyền thống.",
        "yandex": "https://yandex.com/maps/?pt=40.440352,56.41275&z=17&l=map",
        "google": "https://www.google.com/maps/search/?api=1&query=56.41275,40.440352",
        "photo": "https://commons.wikimedia.org/wiki/Special:FilePath/Russia-Suzdal-MWAPL-Windmill-2.jpg",
        "status": "enriched"
      }
    },
    {
      "type": "Feature",
      "geometry": {
        "type": "Point",
        "coordinates": [
          40.53503,
          56.19617
        ]
      },
      "properties": {
        "id": "vladimir-holy-bogolyubovo-monastery",
        "name_vi": "Tu viện Thánh Bogolyubovo (Svyato-Bogolyubsky Monastyr)",
        "name_ru": "Свято-Боголюбский монастырь",
        "name_en": "Holy Bogolyubovo Monastery",
        "region": "Tỉnh Vladimir",
        "categories": [
          "church",
          "monument"
        ],
        "rating": 4.4,
        "reviews": 117,
        "short": "Tu viện Thánh Bogolyubovo là một nữ tu viện đang hoạt động, dựng trên nền dinh thự của Đại công Andrei Bogolyubsky thế kỷ 12 — nơi ông bị ám sát năm 1174. Trong khuôn viên vẫn còn tháp cầu thang bằng đá trắng nguyên bản, phần di tích được UNESCO công nhận, bên cạnh nhà thờ Bogolyubsky nguy nga xây thế kỷ 19.",
        "yandex": "https://yandex.com/maps/?pt=40.53503,56.19617&z=17&l=map",
        "google": "https://www.google.com/maps/search/?api=1&query=56.19617,40.53503",
        "photo": "https://commons.wikimedia.org/wiki/Special:FilePath/Remains%20of%20Castle%20of%20Andrey%20Bogolyubsky%20%28Andrei%20the%20Pious%29%2C%20Bogolyubovo%2C%20Russia%20-%2050406506698.jpg",
        "status": "enriched"
      }
    },
    {
      "type": "Feature",
      "geometry": {
        "type": "Point",
        "coordinates": [
          40.657929,
          55.619897
        ]
      },
      "properties": {
        "id": "vladimir-gus-khrustalny-crystal-museum",
        "name_vi": "Bảo tàng Pha lê Gus-Khrustalny (Muzey Khrustalya)",
        "name_ru": "Музей хрусталя имени Мальцовых",
        "name_en": "Gus-Khrustalny Crystal Museum",
        "region": "Tỉnh Vladimir",
        "categories": [
          "museum",
          "church"
        ],
        "rating": 4.7,
        "reviews": 138,
        "short": "Bảo tàng Pha lê Gus-Khrustalny nằm trong ngôi nhà thờ Thánh George tráng lệ do kiến trúc sư Leonty Benois thiết kế, trưng bày khoảng 2.000 tác phẩm thủy tinh và pha lê từ thị trấn nổi tiếng về nghề thổi thủy tinh này. Không gian nhà thờ với các cột đá labradorit và bức tranh khổng lồ của Vasnetsov khiến đây là một bảo tàng độc đáo bậc nhất vùng.",
        "yandex": "https://yandex.com/maps/?pt=40.657929,55.619897&z=17&l=map",
        "google": "https://www.google.com/maps/search/?api=1&query=55.619897,40.657929",
        "photo": "https://commons.wikimedia.org/wiki/Special:FilePath/Gus-Khrustalny%20Crystal%20Museum%20The%20museum%20exposition%20IMG%209442%201725.jpg",
        "status": "enriched"
      }
    },
    {
      "type": "Feature",
      "geometry": {
        "type": "Point",
        "coordinates": [
          40.404261,
          56.129426
        ]
      },
      "properties": {
        "id": "vladimir-cathedral-square-vladimir",
        "name_vi": "Quảng trường Nhà thờ Vladimir (Sobornaya Ploshchad)",
        "name_ru": "Соборная площадь",
        "name_en": "Cathedral Square, Vladimir",
        "region": "Tỉnh Vladimir",
        "categories": [
          "square_street",
          "monument"
        ],
        "rating": 4.4,
        "reviews": 71,
        "short": "Quảng trường Nhà thờ là trung tâm lịch sử của Vladimir, nơi tọa lạc hai kiệt tác đá trắng được UNESCO công nhận là Nhà thờ Đức Mẹ An Giấc và Nhà thờ Thánh Demetrius. Từ công viên và đài quan sát bên rìa quảng trường, du khách có thể phóng tầm mắt xuống thung lũng sông Klyazma.",
        "yandex": "https://yandex.com/maps/?pt=40.404261,56.129426&z=17&l=map",
        "google": "https://www.google.com/maps/search/?api=1&query=56.129426,40.404261",
        "photo": "https://commons.wikimedia.org/wiki/Special:FilePath/%D0%92%D0%BB%D0%B0%D0%B4%D0%B8%D0%BC%D0%B8%D1%80%2C%20%D0%B2%D0%B8%D0%B4%20%D0%BD%D0%B0%20%D0%A3%D1%81%D0%BF%D0%B5%D0%BD%D1%81%D0%BA%D0%B8%D0%B9%20%D1%81%D0%BE%D0%B1%D0%BE%D1%80.JPG",
        "status": "enriched"
      }
    },
    {
      "type": "Feature",
      "geometry": {
        "type": "Point",
        "coordinates": [
          44.53694,
          48.7425
        ]
      },
      "properties": {
        "id": "volgograd-mamayev-kurgan-motherland-calls",
        "name_vi": "Đồi Mamayev Kurgan và tượng đài «Tổ quốc vẫy gọi» (phiên âm: Ma-ma-ép Kur-gan, Rô-đi-na Mát Dốp)",
        "name_ru": "Мамаев курган, «Родина-мать зовёт!»",
        "name_en": "Mamayev Kurgan – The Motherland Calls",
        "region": "Tỉnh Volgograd",
        "categories": [
          "monument",
          "park_garden"
        ],
        "rating": 5.0,
        "reviews": 496,
        "short": "Mamayev Kurgan là ngọn đồi tưởng niệm nổi tiếng nhất nước Nga, nơi diễn ra những trận đánh khốc liệt nhất của Trận Stalingrad. Trên đỉnh đồi sừng sững bức tượng «Tổ quốc vẫy gọi» cao 85 m – một trong những pho tượng cao nhất thế giới. Đây là biểu tượng thiêng liêng của lòng quả cảm và sự hy sinh trong Thế chiến II.",
        "yandex": "https://yandex.com/maps/?pt=44.53694,48.7425&z=17&l=map",
        "google": "https://www.google.com/maps/search/?api=1&query=48.7425,44.53694",
        "photo": "https://commons.wikimedia.org/wiki/Special:FilePath/Mamayev%20Kurgan%20Volgograd.jpg",
        "status": "enriched"
      }
    },
    {
      "type": "Feature",
      "geometry": {
        "type": "Point",
        "coordinates": [
          44.533337,
          48.715061
        ]
      },
      "properties": {
        "id": "volgograd-panorama-stalingrad-battle",
        "name_vi": "Bảo tàng-Panorama «Trận Stalingrad» (phiên âm: Mu-dây Pa-na-ra-ma «Xta-lin-grát-xkaia bít-va»)",
        "name_ru": "Музей-панорама «Сталинградская битва»",
        "name_en": "The Battle of Stalingrad Panorama Museum",
        "region": "Tỉnh Volgograd",
        "categories": [
          "museum"
        ],
        "rating": 4.9,
        "reviews": 3623,
        "short": "Bảo tàng-Panorama «Trận Stalingrad» là bảo tàng quân sự lớn nhất Volgograd, tái hiện toàn cảnh trận đánh mang tính bước ngoặt của Thế chiến II. Điểm nhấn là bức tranh panorama tròn khổng lồ đưa người xem vào giữa chiến trường. Xung quanh là hàng nghìn hiện vật, vũ khí và khí tài đặt ngoài trời.",
        "yandex": "https://yandex.com/maps/?pt=44.533337,48.715061&z=17&l=map",
        "google": "https://www.google.com/maps/search/?api=1&query=48.715061,44.533337",
        "photo": "https://commons.wikimedia.org/wiki/Special:FilePath/Volgograd%20panorama%20museum.JPG",
        "status": "enriched"
      }
    },
    {
      "type": "Feature",
      "geometry": {
        "type": "Point",
        "coordinates": [
          44.533078,
          48.71549
        ]
      },
      "properties": {
        "id": "volgograd-gerhardt-mill-ruins",
        "name_vi": "Di tích nhà máy xay Gergardt (phiên âm: Mel-nhi-txa Ghéc-gác-ta)",
        "name_ru": "Мельница Гергардта",
        "name_en": "Gerhardt Mill (ruins)",
        "region": "Tỉnh Volgograd",
        "categories": [
          "monument"
        ],
        "rating": 5.0,
        "reviews": 74,
        "short": "Nhà máy xay Gergardt là tòa nhà đổ nát được cố ý giữ nguyên hiện trạng sau Trận Stalingrad như một chứng tích chiến tranh. Những bức tường loang lổ vết đạn và bom đứng sừng sững ngay cạnh Bảo tàng-Panorama. Đây là một trong những hình ảnh gây ám ảnh nhất về sự tàn khốc của cuộc chiến.",
        "yandex": "https://yandex.com/maps/?pt=44.533078,48.71549&z=17&l=map",
        "google": "https://www.google.com/maps/search/?api=1&query=48.71549,44.533078",
        "photo": "https://commons.wikimedia.org/wiki/Special:FilePath/Gerhardt%27s%20Mill%20-%202024-02-17a.jpg",
        "status": "enriched"
      }
    },
    {
      "type": "Feature",
      "geometry": {
        "type": "Point",
        "coordinates": [
          44.550847,
          48.512275
        ]
      },
      "properties": {
        "id": "volgograd-old-sarepta",
        "name_vi": "Khu bảo tồn – bảo tàng «Sarepta cổ» (phiên âm: Xta-ra-ia Xa-rép-ta)",
        "name_ru": "Старая Сарепта",
        "name_en": "Old Sarepta",
        "region": "Tỉnh Volgograd",
        "categories": [
          "museum"
        ],
        "rating": 4.7,
        "reviews": 341,
        "short": "«Sarepta cổ» là khu bảo tồn kiến trúc – dân tộc học tái hiện một thuộc địa của người Đức theo đạo Tin Lành, được lập từ năm 1765. Quần thể gồm 26 tòa nhà thế kỷ 18–19 quanh quảng trường lát đá cổ kính. Đây cũng là nơi khai sinh loại mù tạt Sarepta trứ danh của nước Nga.",
        "yandex": "https://yandex.com/maps/?pt=44.550847,48.512275&z=17&l=map",
        "google": "https://www.google.com/maps/search/?api=1&query=48.512275,44.550847",
        "photo": "https://commons.wikimedia.org/wiki/Special:FilePath/Distillery%20Old%20Sarepta%20Volgograd%202023-07-13%206389.jpg",
        "status": "enriched"
      }
    },
    {
      "type": "Feature",
      "geometry": {
        "type": "Point",
        "coordinates": [
          44.521389,
          48.703889
        ]
      },
      "properties": {
        "id": "volgograd-central-embankment-volgograd",
        "name_vi": "Bến sông trung tâm Volgograd – Kè Tập đoàn quân 62 (phiên âm: Na-be-rê-giơ-na-ia)",
        "name_ru": "Центральная набережная (Набережная 62-й Армии)",
        "name_en": "Central Embankment (62nd Army Embankment)",
        "region": "Tỉnh Volgograd",
        "categories": [
          "square_street",
          "park_garden"
        ],
        "rating": 4.9,
        "reviews": 2617,
        "short": "Bến sông trung tâm là dải bờ Volga đẹp và sầm uất nhất Volgograd, được xem là «cửa ngõ» của thành phố nhìn từ mặt nước. Công trình nổi bật với hàng cột trắng kiểu cổ điển và bậc thang lớn dẫn xuống sông. Đây là nơi người dân dạo bộ, ngắm hoàng hôn và lên tàu du ngoạn sông Volga.",
        "yandex": "https://yandex.com/maps/?pt=44.521389,48.703889&z=17&l=map",
        "google": "https://www.google.com/maps/search/?api=1&query=48.703889,44.521389",
        "photo": "https://commons.wikimedia.org/wiki/Special:FilePath/The%20central%20embankment%20of%20Volgograd%20006.jpg",
        "status": "enriched"
      }
    },
    {
      "type": "Feature",
      "geometry": {
        "type": "Point",
        "coordinates": [
          44.558888,
          48.527686
        ]
      },
      "properties": {
        "id": "volgograd-volga-don-canal-lenin",
        "name_vi": "Kênh đào Volga–Don, âu tàu số 1 và tượng đài Lenin (phiên âm: kênh Vôn-ga–Đôn, tượng Lê-nin)",
        "name_ru": "Волго-Донской канал, шлюз №1, статуя Ленина",
        "name_en": "Volga–Don Canal – Lock No. 1 and Lenin Monument",
        "region": "Tỉnh Volgograd",
        "categories": [
          "monument"
        ],
        "rating": 4.3,
        "reviews": 42,
        "short": "Đây là điểm khởi đầu của kênh đào Volga–Don nối hai con sông lớn nhất châu Âu, khánh thành năm 1952. Lối vào kênh được đánh dấu bằng âu tàu số 1 với cổng khải hoàn bề thế và pho tượng Lenin cao 57 m. Đó là tượng đài lớn nhất thế giới dựng cho một nhân vật lịch sử có thật.",
        "yandex": "https://yandex.com/maps/?pt=44.558888,48.527686&z=17&l=map",
        "google": "https://www.google.com/maps/search/?api=1&query=48.527686,44.558888",
        "photo": "https://commons.wikimedia.org/wiki/Special:FilePath/Volga-Don%20Canal%20-a.jpg",
        "status": "enriched"
      }
    },
    {
      "type": "Feature",
      "geometry": {
        "type": "Point",
        "coordinates": [
          44.67667,
          48.82444
        ]
      },
      "properties": {
        "id": "volgograd-volzhskaya-hydro-station",
        "name_vi": "Nhà máy thủy điện Volzhskaya (phiên âm: Vôn-giơ-xkaia GES)",
        "name_ru": "Волжская ГЭС",
        "name_en": "Volzhskaya Hydroelectric Station",
        "region": "Tỉnh Volgograd",
        "categories": [
          "other"
        ],
        "rating": null,
        "reviews": null,
        "short": "Nhà máy thủy điện Volzhskaya là công trình thủy điện lớn nhất châu Âu khi hoàn thành năm 1961, chắn ngang dòng Volga hùng vĩ. Con đập dài nhiều ki-lô-mét còn là tuyến đường bộ và đường sắt nối Volgograd với thành phố Volzhsky. Đây là biểu tượng cho sức mạnh công nghiệp thời Xô Viết.",
        "yandex": "https://yandex.com/maps/?pt=44.67667,48.82444&z=17&l=map",
        "google": "https://www.google.com/maps/search/?api=1&query=48.82444,44.67667",
        "photo": "https://commons.wikimedia.org/wiki/Special:FilePath/Volga%20Hydroelectric%20Station%20002.JPG",
        "status": "enriched"
      }
    },
    {
      "type": "Feature",
      "geometry": {
        "type": "Point",
        "coordinates": [
          39.8825,
          59.22444
        ]
      },
      "properties": {
        "id": "vologda-vologda-kremlin",
        "name_vi": "Điện Kremlin Vologda và Nhà thờ Thánh Sophia (Vologodsky Kremlin)",
        "name_ru": "Вологодский кремль (Софийский собор)",
        "name_en": "Vologda Kremlin & Saint Sophia Cathedral",
        "region": "Tỉnh Vologda",
        "categories": [
          "church",
          "fortress",
          "museum"
        ],
        "rating": 3.5,
        "reviews": 404,
        "short": "Nhà thờ Thánh Sophia là công trình đá cổ nhất Vologda, được Sa hoàng Ivan Hung Đế cho khởi dựng năm 1568. Cùng tháp chuông cao 78 m và Sân Giám mục có tường bao, quần thể tạo nên 'điện Kremlin' biểu tượng bên bờ sông Vologda.",
        "yandex": "https://yandex.com/maps/?pt=39.8825,59.22444&z=17&l=map",
        "google": "https://www.google.com/maps/search/?api=1&query=59.22444,39.8825",
        "photo": "https://commons.wikimedia.org/wiki/Special:FilePath/Saint%20Sophia%20Cathedral%207.JPG",
        "status": "enriched"
      }
    },
    {
      "type": "Feature",
      "geometry": {
        "type": "Point",
        "coordinates": [
          38.36861,
          59.85722
        ]
      },
      "properties": {
        "id": "vologda-kirillo-belozersky-monastery",
        "name_vi": "Tu viện Kirillo-Belozersky (Kirillo-Belozersky)",
        "name_ru": "Кирилло-Белозерский монастырь",
        "name_en": "Kirillo-Belozersky Monastery",
        "region": "Tỉnh Vologda",
        "categories": [
          "church",
          "fortress",
          "museum"
        ],
        "rating": 4.5,
        "reviews": 33,
        "short": "Được Thánh Kirill lập năm 1397 bên hồ Siverskoye, Kirillo-Belozersky từng là một trong những tu viện lớn và kiên cố nhất miền Bắc nước Nga. Vòng tường thành dài 732 m ôm lấy cả một 'thành phố bằng đá' rộng khoảng 20 ha.",
        "yandex": "https://yandex.com/maps/?pt=38.36861,59.85722&z=17&l=map",
        "google": "https://www.google.com/maps/search/?api=1&query=59.85722,38.36861",
        "photo": "https://commons.wikimedia.org/wiki/Special:FilePath/%D0%9A%D0%B8%D1%80%D0%B8%D0%BB%D0%BB%D0%BE-%D0%91%D0%B5%D0%BB%D0%BE%D0%B7%D0%B5%D1%80%D1%81%D0%BA%D0%B8%D0%B9%20%D0%BC%D1%83%D0%B6%D1%81%D0%BA%D0%BE%D0%B9%20%D0%BC%D0%BE%D0%BD%D0%B0%D1%81%D1%82%D1%8B%D1%80%D1%8C.JPG",
        "status": "enriched"
      }
    },
    {
      "type": "Feature",
      "geometry": {
        "type": "Point",
        "coordinates": [
          38.5675,
          59.95639
        ]
      },
      "properties": {
        "id": "vologda-ferapontov-monastery",
        "name_vi": "Tu viện Ferapontov – bích họa của Dionisy (Ferapontov)",
        "name_ru": "Ферапонтов монастырь",
        "name_en": "Ferapontov Monastery (Museum of Dionisy's Frescoes)",
        "region": "Tỉnh Vologda",
        "categories": [
          "church",
          "museum"
        ],
        "rating": 4.8,
        "reviews": 155,
        "short": "Được lập năm 1398, Ferapontov nổi danh nhờ toàn bộ nội thất Nhà thờ Giáng Sinh Đức Mẹ được danh họa Dionisy vẽ bích họa năm 1502 và còn gần như nguyên vẹn đến nay. Đây là di sản duy nhất còn giữ trọn chu trình bích họa Nga thời trung cổ, được UNESCO ghi danh năm 2000.",
        "yandex": "https://yandex.com/maps/?pt=38.5675,59.95639&z=17&l=map",
        "google": "https://www.google.com/maps/search/?api=1&query=59.95639,38.5675",
        "photo": "https://commons.wikimedia.org/wiki/Special:FilePath/Ferapontov%20Monastery%20Russia%20view.jpg",
        "status": "enriched"
      }
    },
    {
      "type": "Feature",
      "geometry": {
        "type": "Point",
        "coordinates": [
          46.3,
          60.766666
        ]
      },
      "properties": {
        "id": "vologda-veliky-ustyug",
        "name_vi": "Veliky Ustyug – quê hương Ông già Tuyết (Veliky Ustyug)",
        "name_ru": "Великий Устюг",
        "name_en": "Veliky Ustyug (home of Ded Moroz)",
        "region": "Tỉnh Vologda",
        "categories": [
          "other",
          "church"
        ],
        "rating": 4.3,
        "reviews": 121,
        "short": "Thành phố cổ bên sông Sukhona, Veliky Ustyug được nhắc đến từ năm 1207 và nổi tiếng với Sân Nhà thờ (Sobornoye Dvorishche) cùng những mái vòm thế kỷ 17. Từ năm 1998, nơi đây được tôn vinh là quê hương chính thức của Ông già Tuyết Ded Moroz.",
        "yandex": "https://yandex.com/maps/?pt=46.3,60.766666&z=17&l=map",
        "google": "https://www.google.com/maps/search/?api=1&query=60.766666,46.3",
        "photo": "https://commons.wikimedia.org/wiki/Special:FilePath/House%20of%20Ded%20Moroz%2C%20Veliky%20Ustyug%20%282008-01-06%29.jpg",
        "status": "enriched"
      }
    },
    {
      "type": "Feature",
      "geometry": {
        "type": "Point",
        "coordinates": [
          42.75,
          59.966667
        ]
      },
      "properties": {
        "id": "vologda-totma",
        "name_vi": "Thị trấn cổ Totma (Totma)",
        "name_ru": "Тотьма",
        "name_en": "Totma",
        "region": "Tỉnh Vologda",
        "categories": [
          "other",
          "church",
          "museum"
        ],
        "rating": null,
        "reviews": null,
        "short": "Thị trấn nhỏ bên sông Sukhona, Totma từng giàu lên nhờ muối rồi nhờ những đoàn thương thuyền săn rái cá biển tận Thái Bình Dương và châu Mỹ. Di sản ấy để lại phong cách 'Baroque Totma' độc nhất, với những nhà thờ vươn cao như cánh buồm.",
        "yandex": "https://yandex.com/maps/?pt=42.75,59.966667&z=17&l=map",
        "google": "https://www.google.com/maps/search/?api=1&query=59.966667,42.75",
        "photo": "https://commons.wikimedia.org/wiki/Special:FilePath/%D0%A5%D1%80%D0%B8%D1%81%D1%82%D0%BE%D1%80%D0%BE%D0%B6%D0%B4%D0%B5%D1%81%D1%82%D0%B2%D0%B5%D0%BD%D1%81%D0%BA%D0%B0%D1%8F%20%D1%86%D0%B5%D1%80%D0%BA%D0%BE%D0%B2%D1%8C.%20%D0%A2%D0%BE%D1%82%D1%8C%D0%BC%D0%B0.jpg",
        "status": "enriched"
      }
    },
    {
      "type": "Feature",
      "geometry": {
        "type": "Point",
        "coordinates": [
          39.889446,
          59.262222
        ]
      },
      "properties": {
        "id": "vologda-spaso-prilutsky-monastery",
        "name_vi": "Tu viện Spaso-Prilutsky (Spaso-Prilutsky)",
        "name_ru": "Спасо-Прилуцкий монастырь",
        "name_en": "Spaso-Prilutsky Monastery",
        "region": "Tỉnh Vologda",
        "categories": [
          "church",
          "fortress"
        ],
        "rating": null,
        "reviews": null,
        "short": "Nằm ở ngoại ô phía bắc Vologda, Spaso-Prilutsky do Thánh Dimitry Prilutsky — môn đồ của Thánh Sergiy Radonezh — lập vào cuối thế kỷ 14. Đây được xem là một trong những tu viện có tường thành đẹp và quan trọng bậc nhất miền Bắc nước Nga.",
        "yandex": "https://yandex.com/maps/?pt=39.889446,59.262222&z=17&l=map",
        "google": "https://www.google.com/maps/search/?api=1&query=59.262222,39.889446",
        "photo": "https://commons.wikimedia.org/wiki/Special:FilePath/%D0%9F%D1%80%D0%B8%D0%BB%D1%83%D0%BA%D0%B8%20%D0%BD%D0%B0%20%D0%B7%D0%B0%D0%BA%D0%B0%D1%82%D0%B5.jpg",
        "status": "enriched"
      }
    },
    {
      "type": "Feature",
      "geometry": {
        "type": "Point",
        "coordinates": [
          39.715111,
          59.278459
        ]
      },
      "properties": {
        "id": "vologda-semyonkovo-museum",
        "name_vi": "Bảo tàng ngoài trời Semyonkovo (Semyonkovo)",
        "name_ru": "Семёнково",
        "name_en": "Semyonkovo Open-Air Museum of Architecture and Ethnography",
        "region": "Tỉnh Vologda",
        "categories": [
          "museum"
        ],
        "rating": null,
        "reviews": null,
        "short": "Cách trung tâm Vologda không xa, Semyonkovo là bảo tàng ngoài trời tái hiện một ngôi làng miền Bắc nước Nga cuối thế kỷ 19 - đầu thế kỷ 20. Những ngôi nhà gỗ izba, nhà nguyện và nhà kho được di dời về đây từ khắp lưu vực sông Sukhona.",
        "yandex": "https://yandex.com/maps/?pt=39.715111,59.278459&z=17&l=map",
        "google": "https://www.google.com/maps/search/?api=1&query=59.278459,39.715111",
        "photo": "https://commons.wikimedia.org/wiki/Special:FilePath/%D0%9C%D1%83%D0%B7%D0%B5%D0%B9%201%20%D0%92%D0%BE%D0%BB%D0%BE%D0%B3%D0%B4%D0%B0%2C%20%D0%B4%D0%B5%D1%80%D0%B5%D0%B2%D0%BD%D1%8F%20%D0%A1%D0%B5%D0%BC%D0%B5%D0%BD%D0%BA%D0%BE%D0%B2%D0%BE.JPG",
        "status": "enriched"
      }
    },
    {
      "type": "Feature",
      "geometry": {
        "type": "Point",
        "coordinates": [
          38.25861,
          59.864166
        ]
      },
      "properties": {
        "id": "vologda-goritsky-convent",
        "name_vi": "Tu viện nữ Phục Sinh Goritsky (Goritsky)",
        "name_ru": "Горицкий Воскресенский монастырь",
        "name_en": "Goritsky Resurrection Convent",
        "region": "Tỉnh Vologda",
        "categories": [
          "church"
        ],
        "rating": null,
        "reviews": null,
        "short": "Bên dòng Sheksna gần Kirillov, tu viện nữ Phục Sinh Goritsky do nữ công tước Euphrosinia Staritskaya lập năm 1544. Vẻ ngoài thanh bình của nó che giấu một quá khứ bi thương gắn với những phụ nữ quý tộc bị lưu đày.",
        "yandex": "https://yandex.com/maps/?pt=38.25861,59.864166&z=17&l=map",
        "google": "https://www.google.com/maps/search/?api=1&query=59.864166,38.25861",
        "photo": "https://commons.wikimedia.org/wiki/Special:FilePath/Goritsky%20Monastery.jpg",
        "status": "enriched"
      }
    },
    {
      "type": "Feature",
      "geometry": {
        "type": "Point",
        "coordinates": [
          39.216025,
          51.656024
        ]
      },
      "properties": {
        "id": "voronezh-goto-predestinatsia",
        "name_vi": "Tàu bảo tàng Goto Predestinatsia (Gô-tô Prê-đe-xti-na-xia)",
        "name_ru": "Корабль-музей «Гото Предестинация»",
        "name_en": "Ship-Museum Goto Predestinatsia",
        "region": "Tỉnh Voronezh",
        "categories": [
          "museum",
          "monument"
        ],
        "rating": 4.3,
        "reviews": 433,
        "short": "Goto Predestinatsia là bản phục dựng nguyên kích thước chiến hạm 58 khẩu pháo đầu tiên do người Nga tự đóng năm 1700 dưới thời Pyotr Đại đế. Con tàu neo ngay bên quảng trường Bộ Hải quân, nay là bảo tàng nổi kể về buổi bình minh của Hải quân Nga.",
        "yandex": "https://yandex.com/maps/?pt=39.216025,51.656024&z=17&l=map",
        "google": "https://www.google.com/maps/search/?api=1&query=51.656024,39.216025",
        "photo": "https://commons.wikimedia.org/wiki/Special:FilePath/%D0%93%D0%BE%D1%82%D0%BE%20%D0%9F%D1%80%D0%B5%D0%B4%D0%B5%D1%81%D1%82%D0%B8%D0%BD%D0%B0%D1%86%D0%B8%D1%8F%20%D1%83%20%D0%90%D0%B4%D0%BC%D0%B8%D1%80%D0%B0%D0%BB%D1%82%D0%B5%D0%B9%D1%81%D0%BA%D0%BE%D0%B9%20%D0%BF%D0%BB%D0%BE%D1%89%D0%B0%D0%B4%D0%B8.JPG",
        "status": "enriched"
      }
    },
    {
      "type": "Feature",
      "geometry": {
        "type": "Point",
        "coordinates": [
          39.313056,
          50.968611
        ]
      },
      "properties": {
        "id": "voronezh-divnogorye-museum-reserve",
        "name_vi": "Khu bảo tồn - bảo tàng Divnogorie (Điv-nô-gô-ri-e)",
        "name_ru": "Музей-заповедник «Дивногорье»",
        "name_en": "Divnogorye Museum-Reserve",
        "region": "Tỉnh Voronezh",
        "categories": [
          "park_garden",
          "church",
          "museum"
        ],
        "rating": 4.6,
        "reviews": 245,
        "short": "Divnogorye là cao nguyên đá phấn trắng bên sông Tikhaya Sosna, nổi tiếng với các 'divy' – những cột đá vôi kỳ vĩ mọc lên giữa thảo nguyên. Điểm nhấn là nhà thờ Đức Mẹ Sicilia được đục thẳng vào lòng núi đá phấn từ thế kỷ XIX.",
        "yandex": "https://yandex.com/maps/?pt=39.313056,50.968611&z=17&l=map",
        "google": "https://www.google.com/maps/search/?api=1&query=50.968611,39.313056",
        "photo": "https://commons.wikimedia.org/wiki/Special:FilePath/Rendzic%20Leptosol%20in%20Divnogorye.JPG",
        "status": "enriched"
      }
    },
    {
      "type": "Feature",
      "geometry": {
        "type": "Point",
        "coordinates": [
          39.047434,
          51.391149
        ]
      },
      "properties": {
        "id": "voronezh-kostenki-museum-reserve",
        "name_vi": "Khu bảo tồn - bảo tàng khảo cổ Kostenki (Kôx-ten-ki)",
        "name_ru": "Государственный археологический музей-заповедник «Костёнки»",
        "name_en": "Kostenki State Archaeological Museum-Reserve",
        "region": "Tỉnh Voronezh",
        "categories": [
          "museum"
        ],
        "rating": 4.2,
        "reviews": 31,
        "short": "Kostenki được mệnh danh là 'thủ đô của thời đồ đá cũ', nơi phát lộ hàng chục khu cư trú của người tiền sử có niên đại tới hơn 40.000 năm. Bảo tàng được dựng ngay trên một di chỉ, bao quanh túp lều cổ làm từ xương voi ma mút còn nguyên vị trí.",
        "yandex": "https://yandex.com/maps/?pt=39.047434,51.391149&z=17&l=map",
        "google": "https://www.google.com/maps/search/?api=1&query=51.391149,39.047434",
        "photo": "https://commons.wikimedia.org/wiki/Special:FilePath/DSC%200205%20Kostenki%20Museum.jpg",
        "status": "enriched"
      }
    },
    {
      "type": "Feature",
      "geometry": {
        "type": "Point",
        "coordinates": [
          39.340281,
          51.908206
        ]
      },
      "properties": {
        "id": "voronezh-oldenburg-palace-ramon",
        "name_vi": "Cung điện Oldenburg ở Ramon (Ôn-đen-bua, Ra-môn)",
        "name_ru": "Дворец Ольденбургских (Рамонь)",
        "name_en": "Oldenburg Palace, Ramon",
        "region": "Tỉnh Voronezh",
        "categories": [
          "palace",
          "museum"
        ],
        "rating": 4.1,
        "reviews": 148,
        "short": "Tòa lâu đài gạch đỏ theo phong cách tân Gothic kiểu Anh này được vợ chồng Công tước Oldenburg xây dựng cuối thế kỷ XIX tại thị trấn Ramon. Với tháp nhọn, đồng hồ cổ và nhiều truyền thuyết ly kỳ, đây là một trong những dinh thự lãng mạn nhất vùng Voronezh.",
        "yandex": "https://yandex.com/maps/?pt=39.340281,51.908206&z=17&l=map",
        "google": "https://www.google.com/maps/search/?api=1&query=51.908206,39.340281",
        "photo": "https://commons.wikimedia.org/wiki/Special:FilePath/%D0%94%D0%B2%D0%BE%D1%80%D0%B5%D1%86%20%D0%9E%D0%BB%D1%8C%D0%B4%D0%B5%D0%BD%D0%B1%D1%83%D1%80%D0%B3%D1%81%D0%BA%D0%B8%D1%85.JPG",
        "status": "enriched"
      }
    },
    {
      "type": "Feature",
      "geometry": {
        "type": "Point",
        "coordinates": [
          39.21083,
          51.67611
        ]
      },
      "properties": {
        "id": "voronezh-annunciation-cathedral-voronezh",
        "name_vi": "Nhà thờ chính tòa Truyền Tin, Voronezh (Bla-gô-vê-sen-xki)",
        "name_ru": "Благовещенский кафедральный собор",
        "name_en": "Annunciation Cathedral, Voronezh",
        "region": "Tỉnh Voronezh",
        "categories": [
          "church",
          "monument"
        ],
        "rating": 4.6,
        "reviews": 188,
        "short": "Với năm mái vòm vàng và tháp chuông cao vút, Nhà thờ Truyền Tin là biểu tượng tâm linh mới của Voronezh và một trong những thánh đường Chính thống giáo cao nhất thế giới. Công trình theo phong cách Nga–Byzantine được dựng trong các năm 1998–2009.",
        "yandex": "https://yandex.com/maps/?pt=39.21083,51.67611&z=17&l=map",
        "google": "https://www.google.com/maps/search/?api=1&query=51.67611,39.21083",
        "photo": "https://commons.wikimedia.org/wiki/Special:FilePath/%D0%91%D0%BB%D0%B0%D0%B3%D0%BE%D0%B2%D0%B5%D1%89%D0%B5%D0%BD%D1%81%D0%BA%D0%B8%D0%B9%20%D0%BA%D0%B0%D1%84%D0%B5%D0%B4%D1%80%D0%B0%D0%BB%D1%8C%D0%BD%D1%8B%D0%B9%20%D1%81%D0%BE%D0%B1%D0%BE%D1%80.JPG",
        "status": "enriched"
      }
    },
    {
      "type": "Feature",
      "geometry": {
        "type": "Point",
        "coordinates": [
          39.569167,
          51.735556
        ]
      },
      "properties": {
        "id": "voronezh-voronezh-biosphere-reserve",
        "name_vi": "Khu dự trữ sinh quyển Voronezh (mang tên V. Peskov)",
        "name_ru": "Воронежский государственный природный биосферный заповедник имени В. М. Пескова",
        "name_en": "Voronezh Biosphere Reserve (Bobrovy Gorodok)",
        "region": "Tỉnh Voronezh",
        "categories": [
          "park_garden",
          "museum"
        ],
        "rating": 4.8,
        "reviews": 105,
        "short": "Được lập năm 1923 để cứu loài hải ly sông khỏi tuyệt chủng, đây là khu bảo tồn lâu đời nổi tiếng với trại nuôi hải ly thực nghiệm đầu tiên trên thế giới. Điểm nhấn 'Thành phố hải ly' cho phép quan sát hải ly qua bể kính cùng bảo tàng thiên nhiên và các cung đường sinh thái.",
        "yandex": "https://yandex.com/maps/?pt=39.569167,51.735556&z=17&l=map",
        "google": "https://www.google.com/maps/search/?api=1&query=51.735556,39.569167",
        "photo": "https://commons.wikimedia.org/wiki/Special:FilePath/Usmanka%20River%2C%20Voronezh%20Nature%20Reserve.jpg",
        "status": "enriched"
      }
    },
    {
      "type": "Feature",
      "geometry": {
        "type": "Point",
        "coordinates": [
          39.214671,
          51.656647
        ]
      },
      "properties": {
        "id": "voronezh-admiralty-square-voronezh",
        "name_vi": "Quảng trường Bộ Hải quân, Voronezh (Admiralteyskaya)",
        "name_ru": "Адмиралтейская площадь",
        "name_en": "Admiralty Square, Voronezh",
        "region": "Tỉnh Voronezh",
        "categories": [
          "square_street",
          "monument"
        ],
        "rating": 4.3,
        "reviews": 144,
        "short": "Trải bên hồ chứa Voronezh, Quảng trường Bộ Hải quân là nơi khai sinh hạm đội Nga dưới thời Pyotr Đại đế năm 1696. Ngày nay đây là điểm dạo chơi ven sông nổi tiếng với cột Rostral, nhà thờ Uspensky cổ và tàu bảo tàng Goto Predestinatsia.",
        "yandex": "https://yandex.com/maps/?pt=39.214671,51.656647&z=17&l=map",
        "google": "https://www.google.com/maps/search/?api=1&query=51.656647,39.214671",
        "photo": "https://commons.wikimedia.org/wiki/Special:FilePath/%D0%93%D0%BE%D1%82%D0%BE%20%D0%9F%D1%80%D0%B5%D0%B4%D0%B5%D1%81%D1%82%D0%B8%D0%BD%D0%B0%D1%86%D0%B8%D1%8F%20%D1%83%20%D0%90%D0%B4%D0%BC%D0%B8%D1%80%D0%B0%D0%BB%D1%82%D0%B5%D0%B9%D1%81%D0%BA%D0%BE%D0%B9%20%D0%BF%D0%BB%D0%BE%D1%89%D0%B0%D0%B4%D0%B8.JPG",
        "status": "enriched"
      }
    },
    {
      "type": "Feature",
      "geometry": {
        "type": "Point",
        "coordinates": [
          40.035556,
          50.471389
        ]
      },
      "properties": {
        "id": "voronezh-belogorsky-caves-monastery",
        "name_vi": "Tu viện hang động Voskresensky Belogorsky (Vôx-krê-xen-xki Bê-lô-gôr-xki)",
        "name_ru": "Белогорский Воскресенский монастырь",
        "name_en": "Belogorsky Resurrection Cave Monastery",
        "region": "Tỉnh Voronezh",
        "categories": [
          "church",
          "monument"
        ],
        "rating": 4.8,
        "reviews": 21,
        "short": "Ẩn trong lòng những ngọn đồi đá phấn trắng bên sông Don, tu viện Belogorsky nổi tiếng với hệ thống hang động đục tay dài tới khoảng 2 km. Khởi nguồn từ cuối thế kỷ XVIII do nữ tín đồ Maria Sherstyukova khởi xướng, nơi đây là điểm hành hương kỳ vĩ của vùng Voronezh.",
        "yandex": "https://yandex.com/maps/?pt=40.035556,50.471389&z=17&l=map",
        "google": "https://www.google.com/maps/search/?api=1&query=50.471389,40.035556",
        "photo": "https://commons.wikimedia.org/wiki/Special:FilePath/Belogorski%20monastery.PNG",
        "status": "enriched"
      }
    },
    {
      "type": "Feature",
      "geometry": {
        "type": "Point",
        "coordinates": [
          66.62621,
          66.55105
        ]
      },
      "properties": {
        "id": "yamalo-nenets-salekhard-polar-circle-stele",
        "name_vi": "Đài \"Vĩ tuyến 66\" - Vòng Bắc Cực (Xtê-la '66 pa-ra-len')",
        "name_ru": "Стела «66-я параллель» («Полярный круг»)",
        "name_en": "\"66th Parallel\" Stele (Arctic Circle Monument)",
        "region": "Khu tự trị Yamalo-Nenets",
        "categories": [
          "monument"
        ],
        "rating": 4.6,
        "reviews": 47,
        "short": "Đây là tấm bia đánh dấu Vòng Bắc Cực (vĩ tuyến 66°33') ngay tại Salekhard - thành phố duy nhất trên thế giới nằm đúng trên đường ranh giới này. Công trình gồm hai khối hình kim tự tháp tách nhau bởi một vòng cung phát sáng, trở thành nơi ai đến Salekhard cũng dừng chân chụp ảnh 'một chân ở Bắc Cực'.",
        "yandex": "https://yandex.com/maps/?pt=66.62621,66.55105&z=17&l=map",
        "google": "https://www.google.com/maps/search/?api=1&query=66.55105,66.62621",
        "photo": "https://commons.wikimedia.org/wiki/Special:FilePath/Polar%20circle%20monument%20%2808%29.jpg",
        "status": "enriched"
      }
    },
    {
      "type": "Feature",
      "geometry": {
        "type": "Point",
        "coordinates": [
          66.58922,
          66.52227
        ]
      },
      "properties": {
        "id": "yamalo-nenets-obdorsky-ostrog-salekhard",
        "name_vi": "Pháo đài gỗ Obdorsk (Ốp-đo-rơ-xki ô-xtrốc)",
        "name_ru": "Историко-архитектурный комплекс «Обдорский острог»",
        "name_en": "Obdorsky Ostrog (Obdorsk Fort)",
        "region": "Khu tự trị Yamalo-Nenets",
        "categories": [
          "fortress",
          "museum",
          "monument"
        ],
        "rating": 4.6,
        "reviews": 47,
        "short": "Obdorsky Ostrog là bản phục dựng pháo đài gỗ mà những người Cossack dựng năm 1595 - khởi nguồn của thành phố Salekhard ngày nay. Quần thể gồm tháp canh, nhà nguyện gỗ và tường thành bằng cọc gỗ, tái hiện tiền đồn xa xôi nhất của nước Nga bên kia Vòng Bắc Cực.",
        "yandex": "https://yandex.com/maps/?pt=66.58922,66.52227&z=17&l=map",
        "google": "https://www.google.com/maps/search/?api=1&query=66.52227,66.58922",
        "photo": "https://commons.wikimedia.org/wiki/Special:FilePath/Obdorsky%20ostrog%20%2827%29.jpg",
        "status": "enriched"
      }
    },
    {
      "type": "Feature",
      "geometry": {
        "type": "Point",
        "coordinates": [
          66.5603,
          66.62329
        ]
      },
      "properties": {
        "id": "yamalo-nenets-salekhard-mammoth-monument",
        "name_vi": "Tượng đài Voi ma mút 'Mitya' (Pa-mi-át-nhic ma-môn-tu)",
        "name_ru": "Памятник мамонту («Митя»)",
        "name_en": "Mammoth Monument (\"Mitya\")",
        "region": "Khu tự trị Yamalo-Nenets",
        "categories": [
          "monument"
        ],
        "rating": 4.6,
        "reviews": 33,
        "short": "Chú voi ma mút khổng lồ cao khoảng 10 mét đứng sừng sững ở cửa ngõ Salekhard, bên bờ sông Ob. Được dựng giữa thập niên 2000, tượng nhắc nhớ rằng vùng đất Yamal từng là nơi voi ma mút sinh sống và đến nay vẫn liên tục phát lộ ngà, xương hóa thạch.",
        "yandex": "https://yandex.com/maps/?pt=66.5603,66.62329&z=17&l=map",
        "google": "https://www.google.com/maps/search/?api=1&query=66.62329,66.5603",
        "photo": "https://commons.wikimedia.org/wiki/Special:FilePath/Salekhard%20-%20Mammoth.jpg",
        "status": "enriched"
      }
    },
    {
      "type": "Feature",
      "geometry": {
        "type": "Point",
        "coordinates": [
          66.856819,
          66.59151
        ]
      },
      "properties": {
        "id": "yamalo-nenets-gornoknyazevsk-nature-ethnographic-complex",
        "name_vi": "Làng bảo tàng Gornoknyazevsk (Goóc-nô-cnhi-a-giép-xcơ)",
        "name_ru": "Природно-этнографический комплекс «Горнокнязевск»",
        "name_en": "Gornoknyazevsk Nature-Ethnographic Complex",
        "region": "Khu tự trị Yamalo-Nenets",
        "categories": [
          "museum",
          "other"
        ],
        "rating": 4.9,
        "reviews": 483,
        "short": "Cách Salekhard khoảng 15 km, Gornoknyazevsk là bảo tàng ngoài trời tái hiện đời sống các dân tộc bản địa phương Bắc - người Nenets và Khanty. Du khách được chui vào lều chum, thử áo lông, cho tuần lộc ăn và thưởng thức ẩm thực lãnh nguyên ngay giữa khung cảnh vùng cực.",
        "yandex": "https://yandex.com/maps/?pt=66.856819,66.59151&z=17&l=map",
        "google": "https://www.google.com/maps/search/?api=1&query=66.59151,66.856819",
        "photo": null,
        "status": "enriched"
      }
    },
    {
      "type": "Feature",
      "geometry": {
        "type": "Point",
        "coordinates": [
          70.833056,
          66.851944
        ]
      },
      "properties": {
        "id": "yamalo-nenets-yamal-tundra-nomad-camps",
        "name_vi": "Trại du mục của người chăn tuần lộc (Xtôi-bi-sê), lãnh nguyên Yamal",
        "name_ru": "Стойбища оленеводов (тундра Ямала)",
        "name_en": "Reindeer Herders' Nomad Camps (Yamal Tundra)",
        "region": "Khu tự trị Yamalo-Nenets",
        "categories": [
          "other"
        ],
        "rating": null,
        "reviews": null,
        "short": "Sâu trong lãnh nguyên Yamal, người Nenets vẫn duy trì lối sống du mục chăn tuần lộc hàng nghìn năm, theo đàn gia súc di cư qua những quãng đường dài bậc nhất hành tinh. Các tour từ Salekhard đưa du khách vào tận stойбища (trại du mục) để ở trong lều chum, đi xe tuần lộc và sống cùng gia đình người chăn.",
        "yandex": "https://yandex.com/maps/?pt=70.833056,66.851944&z=17&l=map",
        "google": "https://www.google.com/maps/search/?api=1&query=66.851944,70.833056",
        "photo": null,
        "status": "enriched"
      }
    },
    {
      "type": "Feature",
      "geometry": {
        "type": "Point",
        "coordinates": [
          66.607923,
          66.53592
        ]
      },
      "properties": {
        "id": "yamalo-nenets-shemanovsky-museum-salekhard",
        "name_vi": "Bảo tàng - Triển lãm Shemanovsky (Sê-ma-nốp-xki)",
        "name_ru": "Ямало-Ненецкий окружной музейно-выставочный комплекс им. И. С. Шемановского",
        "name_en": "Shemanovsky Yamalo-Nenets Regional Museum and Exhibition Complex",
        "region": "Khu tự trị Yamalo-Nenets",
        "categories": [
          "museum"
        ],
        "rating": 5.0,
        "reviews": 138,
        "short": "Đây là bảo tàng lớn và lâu đời nhất Yamal (khởi nguồn từ năm 1906), mang tên nhà truyền giáo Ivan Shemanovsky. Bảo vật trứ danh là 'Lyuba' - xác voi con ma mút khoảng 42.000 năm tuổi còn gần như nguyên vẹn, bên cạnh kho cổ vật khảo cổ và di sản văn hóa Nenets.",
        "yandex": "https://yandex.com/maps/?pt=66.607923,66.53592&z=17&l=map",
        "google": "https://www.google.com/maps/search/?api=1&query=66.53592,66.607923",
        "photo": "https://commons.wikimedia.org/wiki/Special:FilePath/Shemanovsky%20museum%20and%20exhibition%20complex%20%283%29.jpg",
        "status": "enriched"
      }
    },
    {
      "type": "Feature",
      "geometry": {
        "type": "Point",
        "coordinates": [
          39.9003,
          57.6207
        ]
      },
      "properties": {
        "id": "yaroslavl-yaroslavl-historic-centre-strelka",
        "name_vi": "Trung tâm lịch sử Yaroslavl và mũi đất Strelka (Strelka)",
        "name_ru": "Исторический центр Ярославля, Стрелка",
        "name_en": "Historic Centre of Yaroslavl / Strelka Embankment",
        "region": "Tỉnh Yaroslavl",
        "categories": [
          "park_garden",
          "square_street",
          "monument"
        ],
        "rating": 4.6,
        "reviews": 692,
        "short": "Strelka là dải đất hình mũi tên nơi sông Kotorosl đổ vào sông Volga, cũng là nơi hoàng thân Yaroslav Nhà Thông Thái khai sinh thành phố năm 1010. Cả trung tâm lịch sử Yaroslavl trải quanh đây đã được UNESCO công nhận là Di sản Thế giới năm 2005.",
        "yandex": "https://yandex.com/maps/?pt=39.9003,57.6207&z=17&l=map",
        "google": "https://www.google.com/maps/search/?api=1&query=57.6207,39.9003",
        "photo": "https://commons.wikimedia.org/wiki/Special:FilePath/Strelka%20Park%2C%20Yaroslavl%20%D0%BF%D0%B0%D1%80%D0%BA%20%D0%A1%D1%82%D1%80%D0%B5%D0%BB%D0%BA%D0%B0%2C%20%D0%AF%D1%80%D0%BE%D1%81%D0%BB%D0%B0%D0%B2%D0%BB%D1%8C.jpg",
        "status": "enriched"
      }
    },
    {
      "type": "Feature",
      "geometry": {
        "type": "Point",
        "coordinates": [
          39.89441,
          57.626777
        ]
      },
      "properties": {
        "id": "yaroslavl-church-of-elijah-the-prophet",
        "name_vi": "Nhà thờ Ilya Nhà Tiên Tri (Tserkov Ilyi Proroka)",
        "name_ru": "Церковь Ильи Пророка",
        "name_en": "Church of Elijah the Prophet",
        "region": "Tỉnh Yaroslavl",
        "categories": [
          "church",
          "museum"
        ],
        "rating": 4.7,
        "reviews": 665,
        "short": "Nhà thờ Ilya Nhà Tiên Tri là viên ngọc nằm ngay giữa quảng trường trung tâm Yaroslavl, nổi tiếng với những bức bích họa rực rỡ gần như nguyên bản từ thế kỷ 17. Đây được xem là công trình biểu tượng của trường phái kiến trúc và hội họa Yaroslavl.",
        "yandex": "https://yandex.com/maps/?pt=39.89441,57.626777&z=17&l=map",
        "google": "https://www.google.com/maps/search/?api=1&query=57.626777,39.89441",
        "photo": "https://commons.wikimedia.org/wiki/Special:FilePath/%D0%A6%D0%B5%D1%80%D0%BA%D0%BE%D0%B2%D1%8C%20%D0%BD%D0%B0%20%D0%A1%D0%BE%D0%B2%D0%B5%D1%82%D1%81%D0%BA%D0%BE%D0%B9%20%D0%BF%D0%BB%D0%BE%D1%89%D0%B0%D0%B4%D0%B8%20%28%D0%98%D0%BB%D1%8C%D0%B8%20%D0%9F%D1%80%D0%BE%D1%80%D0%BE%D0%BA%D0%B0%29.JPG",
        "status": "enriched"
      }
    },
    {
      "type": "Feature",
      "geometry": {
        "type": "Point",
        "coordinates": [
          39.8881,
          57.6211
        ]
      },
      "properties": {
        "id": "yaroslavl-spaso-preobrazhensky-monastery",
        "name_vi": "Tu viện Spaso-Preobrazhensky (Cứu Thế Hiển Dung)",
        "name_ru": "Спасо-Преображенский монастырь",
        "name_en": "Spaso-Preobrazhensky (Transfiguration) Monastery",
        "region": "Tỉnh Yaroslavl",
        "categories": [
          "church",
          "museum",
          "fortress"
        ],
        "rating": 4.4,
        "reviews": 463,
        "short": "Tu viện Spaso-Preobrazhensky, nay là Bảo tàng - Khu bảo tồn Yaroslavl, là quần thể cổ kính bậc nhất thành phố với tường thành trắng kiểu pháo đài. Chính tại đây bản chép tay duy nhất của thiên anh hùng ca 'Bài ca về cuộc chinh chiến của Igor' đã được tìm thấy.",
        "yandex": "https://yandex.com/maps/?pt=39.8881,57.6211&z=17&l=map",
        "google": "https://www.google.com/maps/search/?api=1&query=57.6211,39.8881",
        "photo": "https://commons.wikimedia.org/wiki/Special:FilePath/Yaroslavl%20Spaso-Preobrazhensky%20Monastery%20The%20Church%20of%20Yaroslavl%20Miracle-Workers%20and%20Transfiguration%20Cathedral%20IMG%200837%201725.jpg",
        "status": "enriched"
      }
    },
    {
      "type": "Feature",
      "geometry": {
        "type": "Point",
        "coordinates": [
          39.4156,
          57.1847
        ]
      },
      "properties": {
        "id": "yaroslavl-rostov-veliky-kremlin",
        "name_vi": "Điện Kremlin Rostov Veliky (Rostovsky kreml)",
        "name_ru": "Ростовский кремль",
        "name_en": "Rostov Veliky Kremlin",
        "region": "Tỉnh Yaroslavl",
        "categories": [
          "fortress",
          "church",
          "museum"
        ],
        "rating": 4.8,
        "reviews": 1084,
        "short": "Điện Kremlin Rostov không phải pháo đài quân sự mà là dinh thự lộng lẫy của các Giáo trưởng, xây dựng cuối thế kỷ 17 bên hồ Nero. Quần thể tường trắng, mái vòm bạc và tháp chuông trứ danh này là một trong những khung cảnh biểu tượng nhất của Vành đai Vàng.",
        "yandex": "https://yandex.com/maps/?pt=39.4156,57.1847&z=17&l=map",
        "google": "https://www.google.com/maps/search/?api=1&query=57.1847,39.4156",
        "photo": "https://commons.wikimedia.org/wiki/Special:FilePath/Rostov%20Kremlin%20Panorama%20S69.jpg",
        "status": "enriched"
      }
    },
    {
      "type": "Feature",
      "geometry": {
        "type": "Point",
        "coordinates": [
          39.3194,
          57.5258
        ]
      },
      "properties": {
        "id": "yaroslavl-uglich-church-of-st-dmitry-on-the-blood",
        "name_vi": "Nhà thờ Hoàng tử Dmitry trên Máu (Tserkov Dimitriya na Krovi)",
        "name_ru": "Церковь Димитрия на Крови",
        "name_en": "Church of St Dmitry on the Blood, Uglich",
        "region": "Tỉnh Yaroslavl",
        "categories": [
          "church",
          "museum"
        ],
        "rating": 4.7,
        "reviews": 338,
        "short": "Nhà thờ tường đỏ mái vòm xanh này đánh dấu nơi hoàng tử Dmitry, con út của Ivan Bạo Chúa, tử nạn bí ẩn năm 1591. Cái chết ấy đã châm ngòi cho Thời kỳ Loạn lạc chấn động lịch sử Nga.",
        "yandex": "https://yandex.com/maps/?pt=39.3194,57.5258&z=17&l=map",
        "google": "https://www.google.com/maps/search/?api=1&query=57.5258,39.3194",
        "photo": "https://commons.wikimedia.org/wiki/Special:FilePath/Dimitrij%20church%20Uglich%20bell.jpg",
        "status": "enriched"
      }
    },
    {
      "type": "Feature",
      "geometry": {
        "type": "Point",
        "coordinates": [
          38.823898,
          56.7206
        ]
      },
      "properties": {
        "id": "yaroslavl-goritsky-monastery-pleshcheyevo",
        "name_vi": "Tu viện Goritsky và hồ Pleshcheyevo (Goritsky monastyr)",
        "name_ru": "Горицкий монастырь, Плещеево озеро",
        "name_en": "Goritsky Monastery & Lake Pleshcheyevo, Pereslavl-Zalessky",
        "region": "Tỉnh Yaroslavl",
        "categories": [
          "church",
          "museum",
          "park_garden"
        ],
        "rating": 4.1,
        "reviews": 115,
        "short": "Tu viện Goritsky tọa lạc trên ngọn đồi nhìn xuống hồ Pleshcheyevo, nay là Bảo tàng - Khu bảo tồn Pereslavl-Zalessky. Từ tháp chuông, du khách phóng tầm mắt ra mặt hồ nơi Pyotr Đại đế từng đóng đội 'thuyền đồ chơi' khai sinh hải quân Nga.",
        "yandex": "https://yandex.com/maps/?pt=38.823898,56.7206&z=17&l=map",
        "google": "https://www.google.com/maps/search/?api=1&query=56.7206,38.823898",
        "photo": "https://commons.wikimedia.org/wiki/Special:FilePath/%D0%93%D0%BE%D1%80%D0%B8%D1%86%D0%BA%D0%B8%D0%B9%20%D0%A3%D1%81%D0%BF%D0%B5%D0%BD%D1%81%D0%BA%D0%B8%D0%B9%20%D0%BC%D1%83%D0%B6%D1%81%D0%BA%D0%BE%D0%B9%20%D0%BC%D0%BE%D0%BD%D0%B0%D1%81%D1%82%D1%8B%D1%80%D1%8C%20%D0%B2%20%D0%9F%D0%B5%D1%80%D0%B5%D1%81%D0%BB%D0%B0%D0%B2%D0%BB%D0%B5-%D0%97%D0%B0%D0%BB%D0%B5%D1%81%D1%81%D0%BA%D0%BE%D0%BC.jpg",
        "status": "enriched"
      }
    },
    {
      "type": "Feature",
      "geometry": {
        "type": "Point",
        "coordinates": [
          39.756856,
          57.509191
        ]
      },
      "properties": {
        "id": "yaroslavl-karabikha-nekrasov-estate",
        "name_vi": "Điền trang - Bảo tàng Nekrasov ở Karabikha (Karabikha)",
        "name_ru": "Музей-усадьба Н. А. Некрасова «Карабиха»",
        "name_en": "Nekrasov Estate-Museum, Karabikha",
        "region": "Tỉnh Yaroslavl",
        "categories": [
          "museum",
          "palace",
          "park_garden"
        ],
        "rating": 4.6,
        "reviews": 63,
        "short": "Karabikha là điền trang quý tộc thế kỷ 18 mà đại thi hào Nga Nikolai Nekrasov mua lại và về nghỉ hè, sáng tác nhiều tác phẩm quan trọng. Nay nơi đây là bảo tàng tưởng niệm với ngôi nhà chính, công viên và những ao hồ thơ mộng.",
        "yandex": "https://yandex.com/maps/?pt=39.756856,57.509191&z=17&l=map",
        "google": "https://www.google.com/maps/search/?api=1&query=57.509191,39.756856",
        "photo": "https://commons.wikimedia.org/wiki/Special:FilePath/%D0%A3%D1%81%D0%B0%D0%B4%D1%8C%D0%B1%D0%B0%20%D0%9D.%20%D0%90.%20%D0%9D%D0%B5%D0%BA%D1%80%D0%B0%D1%81%D0%BE%D0%B2%D0%B0%20%D0%B2%20%D0%9A%D0%B0%D1%80%D0%B0%D0%B1%D0%B8%D1%85%D0%B5%20%282%29.jpg",
        "status": "enriched"
      }
    },
    {
      "type": "Feature",
      "geometry": {
        "type": "Point",
        "coordinates": [
          38.449444,
          57.782776
        ]
      },
      "properties": {
        "id": "yaroslavl-myshkin",
        "name_vi": "Myshkin - thị trấn Chuột (Myshkin)",
        "name_ru": "Мышкин",
        "name_en": "Myshkin, the Town of the Mouse",
        "region": "Tỉnh Yaroslavl",
        "categories": [
          "museum",
          "square_street",
          "other"
        ],
        "rating": 4.2,
        "reviews": 330,
        "short": "Myshkin là thị trấn nhỏ xíu bên sông Volga đã biến cái tên 'chuột' của mình thành cả một thương hiệu du lịch độc đáo. Nơi đây có Bảo tàng Chuột, Cung điện Chuột cùng hàng loạt bảo tàng dân gian nhỏ đáng yêu.",
        "yandex": "https://yandex.com/maps/?pt=38.449444,57.782776&z=17&l=map",
        "google": "https://www.google.com/maps/search/?api=1&query=57.782776,38.449444",
        "photo": "https://commons.wikimedia.org/wiki/Special:FilePath/%D0%9C%D1%83%D0%B7%D0%B5%D0%B9%20%D0%BC%D1%8B%D1%88%D0%B8%20-%20panoramio.jpg",
        "status": "enriched"
      }
    },
    {
      "type": "Feature",
      "geometry": {
        "type": "Point",
        "coordinates": [
          39.549999,
          57.883335
        ]
      },
      "properties": {
        "id": "yaroslavl-tutaev",
        "name_vi": "Tutaev (Romanov-Borisoglebsk)",
        "name_ru": "Тутаев (Романов-Борисоглебск)",
        "name_en": "Tutaev (Romanov-Borisoglebsk)",
        "region": "Tỉnh Yaroslavl",
        "categories": [
          "church",
          "square_street",
          "other"
        ],
        "rating": 4.9,
        "reviews": 98,
        "short": "Tutaev là thị trấn nên thơ nằm vắt ngang hai bờ sông Volga, không có cầu nối mà chỉ có phà. Bờ Borisoglebsk tự hào với Nhà thờ chính tòa Phục Sinh thế kỷ 17 và bức icon Đấng Cứu Thế khổng lồ cao ba mét.",
        "yandex": "https://yandex.com/maps/?pt=39.549999,57.883335&z=17&l=map",
        "google": "https://www.google.com/maps/search/?api=1&query=57.883335,39.549999",
        "photo": "https://commons.wikimedia.org/wiki/Special:FilePath/%D0%A2%D1%83%D1%82%D0%B0%D0%B5%D0%B2.jpg",
        "status": "enriched"
      }
    },
    {
      "type": "Feature",
      "geometry": {
        "type": "Point",
        "coordinates": [
          39.857018,
          57.610821
        ]
      },
      "properties": {
        "id": "yaroslavl-church-of-st-john-the-baptist-tolchkovo",
        "name_vi": "Nhà thờ Thánh Gioan Tẩy Giả ở Tolchkovo (Tserkov Ioanna Predtechi)",
        "name_ru": "Церковь Иоанна Предтечи в Толчкове",
        "name_en": "Church of St John the Baptist at Tolchkovo",
        "region": "Tỉnh Yaroslavl",
        "categories": [
          "church",
          "museum"
        ],
        "rating": 4.8,
        "reviews": 386,
        "short": "Nhà thờ Thánh Gioan Tẩy Giả ở Tolchkovo là đỉnh cao của kiến trúc gạch Yaroslavl với 15 mái vòm độc nhất vô nhị. Chính công trình này được in trên tờ tiền 1000 rúp của Nga.",
        "yandex": "https://yandex.com/maps/?pt=39.857018,57.610821&z=17&l=map",
        "google": "https://www.google.com/maps/search/?api=1&query=57.610821,39.857018",
        "photo": "https://commons.wikimedia.org/wiki/Special:FilePath/Yaroslavl%20StJohnBaptistChurch%207918.jpg",
        "status": "enriched"
      }
    },
    {
      "type": "Feature",
      "geometry": {
        "type": "Point",
        "coordinates": [
          113.2322,
          50.9109
        ]
      },
      "properties": {
        "id": "zabaykalsky-vd-alkhanay-national-park",
        "name_vi": "Vườn quốc gia Alkhanay (Al-kha-nai)",
        "name_ru": "Национальный парк «Алханай»",
        "name_en": "Alkhanay National Park",
        "region": "Vùng Zabaykalsky",
        "categories": [
          "park_garden"
        ],
        "rating": 4.6,
        "reviews": 30,
        "short": "Alkhanay là ngọn núi thiêng của Phật giáo Buryat, đồng thời là vườn quốc gia rộng lớn với đỉnh cao 1.662 m, rừng taiga, thác nước và suối khoáng chữa bệnh. Đây vừa là điểm hành hương, vừa là thiên đường trekking và du lịch dưỡng sinh của vùng Ngoại Baikal.",
        "yandex": "https://yandex.com/maps/?pt=113.2322,50.9109&z=17&l=map",
        "google": "https://www.google.com/maps/search/?api=1&query=50.9109,113.2322",
        "photo": null,
        "status": "enriched"
      }
    },
    {
      "type": "Feature",
      "geometry": {
        "type": "Point",
        "coordinates": [
          118.062,
          56.793
        ]
      },
      "properties": {
        "id": "zabaykalsky-vd-charskiye-peski",
        "name_vi": "Cồn cát Chara (Trác-xki-ê Pex-ki)",
        "name_ru": "Чарские пески",
        "name_en": "Charskiye Peski (Chara Sands)",
        "region": "Vùng Zabaykalsky",
        "categories": [
          "park_garden"
        ],
        "rating": 4.7,
        "reviews": 28,
        "short": "Chara là một sa mạc cát thực thụ nằm lọt thỏm giữa rừng taiga và dãy núi tuyết Kodar ở cực bắc Ngoại Baikal - nơi những đụn cát cao tới 80 m mọc ngay cạnh sông băng và băng vĩnh cửu. Sự tương phản kỳ lạ này biến nơi đây thành một trong những kỳ quan thiên nhiên độc đáo nhất nước Nga.",
        "yandex": "https://yandex.com/maps/?pt=118.062,56.793&z=17&l=map",
        "google": "https://www.google.com/maps/search/?api=1&query=56.793,118.062",
        "photo": "https://commons.wikimedia.org/wiki/Special:FilePath/Chara%20Sands%20before%20it%20rains%20-%20Kalarsky%20District%2C%20Zabaykalsky%20Krai%2C%20Siberia.jpg",
        "status": "enriched"
      }
    },
    {
      "type": "Feature",
      "geometry": {
        "type": "Point",
        "coordinates": [
          114.4852,
          51.083
        ]
      },
      "properties": {
        "id": "zabaykalsky-vd-aginsky-datsan",
        "name_vi": "Chùa Aginsky Datsan (A-ghin-xki Đa-txan)",
        "name_ru": "Агинский дацан",
        "name_en": "Aginsky Datsan",
        "region": "Vùng Zabaykalsky",
        "categories": [
          "church"
        ],
        "rating": 5.0,
        "reviews": 126,
        "short": "Aginsky Datsan là một trong những tu viện Phật giáo lớn và uyên bác nhất nước Nga, được lập từ năm 1811 giữa thảo nguyên Buryat. Nổi tiếng với học viện Phật giáo và nhà in kinh văn, quần thể chùa tháp rực rỡ này là trái tim tâm linh của Khu tự trị Buryat Aginsky.",
        "yandex": "https://yandex.com/maps/?pt=114.4852,51.083&z=17&l=map",
        "google": "https://www.google.com/maps/search/?api=1&query=51.083,114.4852",
        "photo": "https://commons.wikimedia.org/wiki/Special:FilePath/%D0%90%D0%B3%D0%B8%D0%BD%D1%81%D0%BA%D0%B8%D0%B9%20%D0%B4%D0%B0%D1%86%D0%B0%D0%BD.%20%D0%9C%D0%B0%D0%BD%D0%B4%D0%B0%D0%BB%20%D0%A8%D0%B8%D0%B2%D0%B0.jpg",
        "status": "enriched"
      }
    },
    {
      "type": "Feature",
      "geometry": {
        "type": "Point",
        "coordinates": [
          115.627,
          51.0457
        ]
      },
      "properties": {
        "id": "zabaykalsky-vd-tsugolsky-datsan",
        "name_vi": "Chùa Tsugol Datsan (Txu-gôn-xki Đa-txan)",
        "name_ru": "Цугольский дацан",
        "name_en": "Tsugolsky Datsan",
        "region": "Vùng Zabaykalsky",
        "categories": [
          "church"
        ],
        "rating": 5.0,
        "reviews": 96,
        "short": "Tsugol Datsan là tu viện Phật giáo lâu đời nhất tỉnh Ngoại Baikal, lập năm 1801, nổi bật với chính điện bằng đá trang trí men majolica độc đáo. Đây là cái nôi của triết học Phật giáo và y học Tạng trên đất Buryat.",
        "yandex": "https://yandex.com/maps/?pt=115.627,51.0457&z=17&l=map",
        "google": "https://www.google.com/maps/search/?api=1&query=51.0457,115.627",
        "photo": null,
        "status": "enriched"
      }
    },
    {
      "type": "Feature",
      "geometry": {
        "type": "Point",
        "coordinates": [
          113.4968,
          52.0301
        ]
      },
      "properties": {
        "id": "zabaykalsky-vd-kazan-cathedral-chita",
        "name_vi": "Nhà thờ chính tòa Kazan, Chita (Ka-dan-xki Xa-bo)",
        "name_ru": "Казанский кафедральный собор",
        "name_en": "Kazan Cathedral (Chita)",
        "region": "Vùng Zabaykalsky",
        "categories": [
          "church"
        ],
        "rating": 4.7,
        "reviews": 450,
        "short": "Nhà thờ chính tòa Kazan là ngôi thánh đường Chính Thống giáo lớn nhất Chita, khoác màu xanh da trời với năm vòm dát vàng rực rỡ. Dù mới xây dựng đầu thế kỷ 21, công trình đã trở thành biểu tượng và điểm nhấn kiến trúc của thủ phủ Ngoại Baikal.",
        "yandex": "https://yandex.com/maps/?pt=113.4968,52.0301&z=17&l=map",
        "google": "https://www.google.com/maps/search/?api=1&query=52.0301,113.4968",
        "photo": "https://commons.wikimedia.org/wiki/Special:FilePath/Kazansky%20cathedral%20Chita.jpg",
        "status": "enriched"
      }
    },
    {
      "type": "Feature",
      "geometry": {
        "type": "Point",
        "coordinates": [
          113.5129,
          52.0215
        ]
      },
      "properties": {
        "id": "zabaykalsky-vd-decembrist-church-chita",
        "name_vi": "Nhà thờ & Bảo tàng Tháng Chạp, Chita (Txer-kốp Đê-ka-bri-xtốp)",
        "name_ru": "Церковь декабристов (Михайло-Архангельская церковь)",
        "name_en": "Church of the Decembrists (Decembrist Museum)",
        "region": "Vùng Zabaykalsky",
        "categories": [
          "museum",
          "church"
        ],
        "rating": null,
        "reviews": null,
        "short": "Đây là ngôi nhà thờ gỗ Mikhailo-Arkhangelsk dựng từ năm 1776, một trong những công trình cổ nhất Chita, nay là Bảo tàng những người Tháng Chạp. Nơi đây lưu giữ ký ức cảm động về các nhà cách mạng quý tộc bị lưu đày và những người vợ trung trinh theo chồng lên Siberia.",
        "yandex": "https://yandex.com/maps/?pt=113.5129,52.0215&z=17&l=map",
        "google": "https://www.google.com/maps/search/?api=1&query=52.0215,113.5129",
        "photo": "https://commons.wikimedia.org/wiki/Special:FilePath/Decabrists%20church.jpg",
        "status": "enriched"
      }
    },
    {
      "type": "Feature",
      "geometry": {
        "type": "Point",
        "coordinates": [
          116.5831,
          51.9784
        ]
      },
      "properties": {
        "id": "zabaykalsky-vd-butin-palace-nerchinsk",
        "name_vi": "Cung điện Butin, Nerchinsk (Bu-tin-xki Đvo-rêts)",
        "name_ru": "Бутинский дворец",
        "name_en": "Butin Palace (Nerchinsk)",
        "region": "Vùng Zabaykalsky",
        "categories": [
          "palace",
          "museum"
        ],
        "rating": 5.0,
        "reviews": 52,
        "short": "Cung điện Butin là dinh thự tráng lệ theo phong cách Moorish - Gothic của ông trùm khai mỏ vàng Mikhail Butin, được mệnh danh là 'Versailles của Nerchinsk'. Nơi đây lừng danh với những tấm gương Venice khổng lồ mua từ Hội chợ Thế giới Paris 1878, nay là bảo tàng địa phương.",
        "yandex": "https://yandex.com/maps/?pt=116.5831,51.9784&z=17&l=map",
        "google": "https://www.google.com/maps/search/?api=1&query=51.9784,116.5831",
        "photo": null,
        "status": "enriched"
      }
    },
    {
      "type": "Feature",
      "geometry": {
        "type": "Point",
        "coordinates": [
          113.4583,
          51.9972
        ]
      },
      "properties": {
        "id": "zabaykalsky-vd-titovskaya-sopka",
        "name_vi": "Đồi núi lửa Titovskaya, Chita (Ti-tốp-xkai-a Xốp-ka)",
        "name_ru": "Титовская сопка",
        "name_en": "Titovskaya Sopka",
        "region": "Vùng Zabaykalsky",
        "categories": [
          "park_garden"
        ],
        "rating": 4.9,
        "reviews": 24,
        "short": "Titovskaya Sopka là một núi lửa cổ đã tắt sừng sững ở rìa tây nam Chita, vừa là đài quan sát toàn cảnh thành phố, vừa là di tích thiên nhiên - khảo cổ quý giá. Trên đỉnh đồi có nhà nguyện Thánh Alexander Nevsky, nơi thu hút du khách tới ngắm cảnh và tìm hiểu lịch sử.",
        "yandex": "https://yandex.com/maps/?pt=113.4583,51.9972&z=17&l=map",
        "google": "https://www.google.com/maps/search/?api=1&query=51.9972,113.4583",
        "photo": null,
        "status": "enriched"
      }
    },
    {
      "type": "Feature",
      "geometry": {
        "type": "Point",
        "coordinates": [
          112.434,
          50.967
        ]
      },
      "properties": {
        "id": "zabaykalsky-vd-lake-arey",
        "name_vi": "Hồ Arey (A-rêi)",
        "name_ru": "Озеро Арей",
        "name_en": "Lake Arey",
        "region": "Vùng Zabaykalsky",
        "categories": [
          "park_garden"
        ],
        "rating": null,
        "reviews": null,
        "short": "Hồ Arey là hồ nước ngọt trên núi cao gần 1.000 m, nổi tiếng khắp Ngoại Baikal nhờ nước và bùn khoáng được tin là có công năng chữa bệnh. Được xếp hạng di tích thiên nhiên, đây là điểm nghỉ dưỡng - trị liệu và tắm hồ được yêu thích của vùng.",
        "yandex": "https://yandex.com/maps/?pt=112.434,50.967&z=17&l=map",
        "google": "https://www.google.com/maps/search/?api=1&query=50.967,112.434",
        "photo": null,
        "status": "enriched"
      }
    },
    {
      "type": "Feature",
      "geometry": {
        "type": "Point",
        "coordinates": [
          110.9994,
          49.7194
        ]
      },
      "properties": {
        "id": "zabaykalsky-vd-sokhondinsky-reserve",
        "name_vi": "Khu bảo tồn thiên nhiên Sokhondinsky (Xa-khôn-đin-xki)",
        "name_ru": "Сохондинский заповедник",
        "name_en": "Sokhondinsky Nature Reserve",
        "region": "Vùng Zabaykalsky",
        "categories": [
          "park_garden"
        ],
        "rating": null,
        "reviews": null,
        "short": "Sokhondinsky là khu dự trữ sinh quyển rộng lớn ở phía nam Ngoại Baikal, ôm trọn khối núi trọc Sokhondo cao khoảng 2.500 m - đỉnh cao nhất của cao nguyên Khentey-Daur. Đây là thiên đường hoang dã của hươu xạ, chồn nâu, gấu và hàng chục loài thú giữa rừng taiga nguyên sinh.",
        "yandex": "https://yandex.com/maps/?pt=110.9994,49.7194&z=17&l=map",
        "google": "https://www.google.com/maps/search/?api=1&query=49.7194,110.9994",
        "photo": null,
        "status": "enriched"
      }
    }
  ]
}